3300 0 2 0           
15 SolidWorks 2025 14 ACIS 33.0.1 NT 24 Thu Dec 11 19:58:08 2025 
1 9.9999999999999995e-07 1e-10 
T @77 3J6FA_U7M_MWBSV6TB6EZFCQ34NKME559A_CQGN8YDFVQ6PBUCR3Q66WPAVMK8PAF8PUEP6WTA3VS 
-0 body $2 -1 -1 $-1 0 $3 $-1 $-1 F #
-1 body $4 -1 -1 $-1 0 $5 $-1 $-1 F #
-2 name_attrib-gen-attrib $-1 -1 $-1 $-1 $0 2 1 1 1 1 1 1 1 1 1 1 1 1 1 0 1 1 1 @4 Coil #
-3 lump $6 -1 -1 $-1 $-1 $7 $0 F #
-4 name_attrib-gen-attrib $-1 -1 $-1 $-1 $1 2 1 1 1 1 1 1 1 1 1 1 1 1 1 0 1 1 1 @4 Coil #
-5 lump $8 -1 -1 $-1 $-1 $9 $1 F #
-6 rgb_color-st-attrib $-1 -1 $-1 $-1 $3 2 1 2 1 1 1 1 1 1 1 1 1 1 1 0 1 1 1 0.83921568627450982 0.46666666666666667 0.36862745098039218 #
-7 shell $-1 -1 -1 $-1 $-1 $-1 $10 $-1 $3 F #
-8 rgb_color-st-attrib $-1 -1 $-1 $-1 $5 2 1 2 1 1 1 1 1 1 1 1 1 1 1 0 1 1 1 0.83921568627450982 0.46666666666666667 0.36862745098039218 #
-9 shell $-1 -1 -1 $-1 $-1 $-1 $11 $-1 $5 F #
-10 face $12 -1 -1 $-1 $13 $14 $7 $-1 $15 forward single F F #
-11 face $16 -1 -1 $-1 $17 $18 $9 $-1 $19 forward single F F #
-12 integer_attrib-name_attrib-gen-attrib $-1 -1 $-1 $-1 $10 2 1 2 1 1 1 1 1 1 1 1 1 1 1 0 1 1 1 @6 Sweep1 0 #
-13 face $20 -1 -1 $-1 $21 $22 $7 $-1 $23 forward single F F #
-14 loop $-1 -1 -1 $-1 $-1 $24 $10 F unknown #
-15 spline-surface $-1 -1 -1 $-1 forward { exactsur 0 full nurbs 3 3 both periodic open none none 5 129 
	0 3 0.25 2 0.5 2 0.75 2 1 3 
	0 3 0.0078125 2 0.015625 2 0.0234375 2 0.03125 2 
	0.0390625 2 0.046875 2 0.0546875 2 0.0625 2 0.0703125 2 
	0.078125 2 0.0859375 2 0.09375 2 0.1015625 2 0.109375 2 
	0.1171875 2 0.125 2 0.1328125 2 0.140625 2 0.1484375 2 
	0.15625 2 0.1640625 2 0.171875 2 0.1796875 2 0.1875 2 
	0.1953125 2 0.203125 2 0.2109375 2 0.21875 2 0.2265625 2 
	0.234375 2 0.2421875 2 0.25 2 0.2578125 2 0.265625 2 
	0.2734375 2 0.28125 2 0.2890625 2 0.296875 2 0.3046875 2 
	0.3125 2 0.3203125 2 0.328125 2 0.3359375 2 0.34375 2 
	0.3515625 2 0.359375 2 0.3671875 2 0.375 2 0.3828125 2 
	0.390625 2 0.3984375 2 0.40625 2 0.4140625 2 0.421875 2 
	0.4296875 2 0.4375 2 0.4453125 2 0.453125 2 0.4609375 2 
	0.46875 2 0.4765625 2 0.484375 2 0.4921875 2 0.5 2 
	0.5078125 2 0.515625 2 0.5234375 2 0.53125 2 0.5390625 2 
	0.546875 2 0.5546875 2 0.5625 2 0.5703125 2 0.578125 2 
	0.5859375 2 0.59375 2 0.6015625 2 0.609375 2 0.6171875 2 
	0.625 2 0.6328125 2 0.640625 2 0.6484375 2 0.65625 2 
	0.6640625 2 0.671875 2 0.6796875 2 0.6875 2 0.6953125 2 
	0.703125 2 0.7109375 2 0.71875 2 0.7265625 2 0.734375 2 
	0.7421875 2 0.75 2 0.7578125 2 0.765625 2 0.7734375 2 
	0.78125 2 0.7890625 2 0.796875 2 0.8046875 2 0.8125 2 
	0.8203125 2 0.828125 2 0.8359375 2 0.84375 2 0.8515625 2 
	0.859375 2 0.8671875 2 0.875 2 0.8828125 2 0.890625 2 
	0.8984375 2 0.90625 2 0.9140625 2 0.921875 2 0.9296875 2 
	0.9375 2 0.9453125 2 0.953125 2 0.9609375 2 0.96875 2 
	0.9765625 2 0.984375 2 0.9921875 2 1 3 
	19.561349668946129 0.021702353989648718 0 1 
	19.561349668946129 0.021702353989648718 0.13388089127600367 1 
	19.484405822417475 0.01843675571883828 0.51181000000000054 0.68211091687932002 
	18.61559417758253 -0.018436755718838273 0.51181000000000054 0.68211091687932002 
	18.538650331053887 -0.021702353989648718 0.13388089127600372 1 
	18.538650331053887 -0.021702353989648721 -0.13388089127600361 1 
	18.61559417758253 -0.01843675571883828 -0.51181000000000054 0.68211091687932002 
	19.484405822417475 0.018436755718838276 -0.51181000000000054 0.68211091687932002 
	19.561349668946129 0.021702353989648718 -0.13388089127600367 1 
	19.561349668946129 0.021702353989648718 0 1 
	19.642855242213763 -1.8986405641945738 0 1 
	19.642855242213763 -1.8986405641945738 0.13388089127600367 1 
	19.565587975844107 -1.894285762126489 0.51181000000000054 0.68211091687932002 
	18.693124435190349 -1.8451135031596275 0.51181000000000054 0.68211091687932002 
	18.615857168817833 -1.8407587010935826 0.13388089127600372 1 
	18.615857168817833 -1.8407587010935826 -0.13388089127600361 1 
	18.693124435190349 -1.8451135031596275 -0.51181000000000054 0.68211091687932002 
	19.565587975844107 -1.894285762126489 -0.51181000000000054 0.68211091687932002 
	19.642855242213763 -1.8986405641945738 -0.13388089127600367 1 
	19.642855242213763 -1.8986405641945738 0 1 
	19.439503917398575 -3.8427712583409717 0 1 
	19.439503917398575 -3.8427712583409717 0.13388089127600367 1 
	19.363028455915586 -3.830909298941612 0.51181000000000054 0.68211091687932002 
	18.499505582068366 -3.6969699532784199 0.51181000000000054 0.68211091687932002 
	18.423030120582009 -3.6851079938790634 0.13388089127600372 1 
	18.423030120582009 -3.6851079938790634 -0.13388089127600361 1 
	18.499505582068366 -3.6969699532784199 -0.51181000000000054 0.68211091687932002 
	19.363028455915586 -3.830909298941612 -0.51181000000000054 0.68211091687932002 
	19.439503917398575 -3.8427712583409717 -0.13388089127600367 1 
	19.439503917398575 -3.8427712583409717 0 1 
	18.467080777149942 -7.6101555449983058 0 1 
	18.467080777149942 -7.6101555449983058 0.13388089127600367 1 
	18.394418076743115 -7.5835222154535531 0.51181000000000054 0.68211091687932002 
	17.573947004551986 -7.2827919050646983 0.51181000000000054 0.68211091687932002 
	17.501284304148545 -7.2561585755199474 0.13388089127600372 1 
	17.501284304148545 -7.2561585755199474 -0.13388089127600361 1 
	17.573947004551986 -7.2827919050646983 -0.51181000000000054 0.68211091687932002 
	18.394418076743115 -7.5835222154535531 -0.51181000000000054 0.68211091687932002 
	18.467080777149942 -7.6101555449983058 -0.13388089127600367 1 
	18.467080777149942 -7.6101555449983058 0 1 
	17.698054618719922 -9.4329159710643609 0 1 
	17.698054618719922 -9.4329159710643609 0.13388089127600367 1 
	17.62833193052213 -9.3993310872771332 0.51181000000000054 0.68211091687932002 
	16.841058013916697 -9.0201072839211598 0.51181000000000054 0.68211091687932002 
	16.771335325715498 -8.986522400133941 0.13388089127600372 1 
	16.771335325715498 -8.986522400133941 -0.13388089127600361 1 
	16.841058013916697 -9.0201072839211598 -0.51181000000000054 0.68211091687932002 
	17.62833193052213 -9.3993310872771332 -0.51181000000000054 0.68211091687932002 
	17.698054618719922 -9.4329159710643609 -0.13388089127600367 1 
	17.698054618719922 -9.4329159710643609 0 1 
	15.64795681352026 -12.794703185502385 0 1 
	15.64795681352026 -12.794703185502385 0.13388089127600367 1 
	15.586176608288197 -12.748094131723599 0.51181000000000054 0.68211091687932002 
	14.888585258912936 -12.221807878774136 0.51181000000000054 0.68211091687932002 
	14.826805053684293 -12.175198824995356 0.13388089127600372 1 
	14.826805053684293 -12.175198824995356 -0.13388089127600361 1 
	14.888585258912936 -12.221807878774136 -0.51181000000000054 0.68211091687932002 
	15.586176608288197 -12.748094131723599 -0.51181000000000054 0.68211091687932002 
	15.64795681352026 -12.794703185502385 -0.13388089127600367 1 
	15.64795681352026 -12.794703185502385 0 1 
	14.367075258735291 -14.333266449107278 0 1 
	14.367075258735291 -14.333266449107278 0.13388089127600367 1 
	14.310128988752192 -14.280861148380893 0.51181000000000054 0.68211091687932002 
	13.667120031925174 -13.689126557797156 0.51181000000000054 0.68211091687932002 
	13.610173761942081 -13.636721257070775 0.13388089127600372 1 
	13.610173761942081 -13.636721257070775 -0.13388089127600361 1 
	13.667120031925174 -13.689126557797156 -0.51181000000000054 0.68211091687932002 
	14.310128988752192 -14.280861148380893 -0.51181000000000054 0.68211091687932002 
	14.367075258735291 -14.333266449107278 -0.13388089127600367 1 
	14.367075258735291 -14.333266449107278 0 1 
	11.393268919060333 -16.984885859351394 0 1 
	11.393268919060333 -16.984885859351394 0.13388089127600367 1 
	11.347708216555699 -16.922328560967607 0.51181000000000054 0.68211091687932002 
	10.833259424751081 -16.215962662252167 0.51181000000000054 0.68211091687932002 
	10.787698722246454 -16.153405363868391 0.13388089127600372 1 
	10.787698722246454 -16.153405363868391 -0.13388089127600361 1 
	10.833259424751081 -16.215962662252167 -0.51181000000000054 0.68211091687932002 
	11.347708216555699 -16.922328560967607 -0.51181000000000054 0.68211091687932002 
	11.393268919060333 -16.984885859351394 -0.13388089127600367 1 
	11.393268919060333 -16.984885859351394 0 1 
	9.700665104549941 -18.097549911193152 0 1 
	9.700665104549941 -18.097549911193152 0.13388089127600367 1 
	9.6614144538371232 -18.03085227013699 0.51181000000000054 0.68211091687932002 
	9.2182156283806442 -17.277735681230993 0.51181000000000054 0.68211091687932002 
	9.1789649776669524 -17.211038040171349 0.13388089127600372 1 
	9.1789649776669524 -17.211038040171349 -0.13388089127600361 1 
	9.2182156283806442 -17.277735681230993 -0.51181000000000054 0.68211091687932002 
	9.6614144538371232 -18.03085227013699 -0.51181000000000054 0.68211091687932002 
	9.700665104549941 -18.097549911193152 -0.13388089127600367 1 
	9.700665104549941 -18.097549911193152 0 1 
	6.0420085943537778 -19.789681624971987 0 1 
	6.0420085943537778 -19.789681624971987 0.13388089127600367 1 
	6.0166026702908297 -19.716580818465122 0.51181000000000054 0.68211091687932002 
	5.7297316121288535 -18.891162870143781 0.51181000000000054 0.68211091687932002 
	5.7043256880667821 -18.818062063640422 0.13388089127600372 1 
	5.7043256880667821 -18.818062063640422 -0.13388089127600361 1 
	5.7297316121288535 -18.891162870143781 -0.51181000000000054 0.68211091687932002 
	6.0166026702908297 -19.716580818465122 -0.51181000000000054 0.68211091687932002 
	6.0420085943537778 -19.789681624971987 -0.13388089127600367 1 
	6.0420085943537778 -19.789681624971987 0 1 
	4.0763822595793924 -20.368865007175224 0 1 
	4.0763822595793924 -20.368865007175224 0.13388089127600367 1 
	4.0582172698562831 -20.293637233749362 0.51181000000000054 0.68211091687932002 
	3.8531072407686424 -19.444202632839115 0.51181000000000054 0.68211091687932002 
	3.8349422510459767 -19.368974859409729 0.13388089127600372 1 
	3.8349422510459767 -19.368974859409729 -0.13388089127600361 1 
	3.8531072407686424 -19.444202632839115 -0.51181000000000054 0.68211091687932002 
	4.0582172698562831 -20.293637233749362 -0.51181000000000054 0.68211091687932002 
	4.0763822595793924 -20.368865007175224 -0.13388089127600367 1 
	4.0763822595793924 -20.368865007175224 0 1 
	0.037540882304032755 -20.930716657336287 0 1 
	0.037540882304032755 -20.930716657336287 0.13388089127600367 1 
	0.034483621421999004 -20.853387245805099 0.51181000000000054 0.68211091687932002 
	-3.7447845810173117e-05 -19.980221992748337 0.51181000000000054 0.68211091687932002 
	-0.0030947087282860546 -19.902892581220701 0.13388089127600372 1 
	-0.0030947087282860546 -19.902892581220701 -0.13388089127600361 1 
	-3.7447845810173117e-05 -19.980221992748337 -0.51181000000000054 0.68211091687932002 
	0.034483621421999004 -20.853387245805099 -0.51181000000000054 0.68211091687932002 
	0.037540882304032755 -20.930716657336287 -0.13388089127600367 1 
	0.037540882304032755 -20.930716657336287 0 1 
	-2.0351778254953445 -20.913236073211284 0 1 
	-2.0351778254953445 -20.913236073211284 0.13388089127600367 1 
	-2.0306888094403011 -20.835976578882267 0.51181000000000054 0.68211091687932002 
	-1.980001072873445 -19.963600796060252 0.51181000000000054 0.68211091687932002 
	-1.9755120568175077 -19.886341301734824 0.13388089127600372 1 
	-1.9755120568175077 -19.886341301734824 -0.13388089127600361 1 
	-1.980001072873445 -19.963600796060252 -0.51181000000000054 0.68211091687932002 
	-2.0306888094403011 -20.835976578882267 -0.51181000000000054 0.68211091687932002 
	-2.0351778254953445 -20.913236073211284 -0.13388089127600367 1 
	-2.0351778254953445 -20.913236073211284 0 1 
	-6.1090724018359328 -20.269410105202649 0 1 
	-6.1090724018359328 -20.269410105202649 0.13388089127600367 1 
	-6.0895176869502832 -20.194531577968295 0.51181000000000054 0.68211091687932002 
	-5.8687155725545406 -19.349040491382059 0.51181000000000054 0.68211091687932002 
	-5.8491608576697889 -19.274161964144135 0.13388089127600372 1 
	-5.8491608576697889 -19.274161964144135 -0.13388089127600361 1 
	-5.8687155725545406 -19.349040491382059 -0.51181000000000054 0.68211091687932002 
	-6.0895176869502832 -20.194531577968295 -0.51181000000000054 0.68211091687932002 
	-6.1090724018359328 -20.269410105202649 -0.13388089127600367 1 
	-6.1090724018359328 -20.269410105202649 0 1 
	-8.1097243695175631 -19.643067489451699 0 1 
	-8.1097243695175631 -19.643067489451699 0.13388089127600367 1 
	-8.0829698395184764 -19.570449502894402 0.51181000000000054 0.68211091687932002 
	-7.7808709938770146 -18.750483317320271 0.51181000000000054 0.68211091687932002 
	-7.7541164638779332 -18.67786533076298 0.13388089127600372 1 
	-7.7541164638779332 -18.67786533076298 -0.13388089127600361 1 
	-7.7808709938770146 -18.750483317320271 -0.51181000000000054 0.68211091687932002 
	-8.0829698395184764 -19.570449502894402 -0.51181000000000054 0.68211091687932002 
	-8.1097243695175631 -19.643067489451699 -0.13388089127600367 1 
	-8.1097243695175631 -19.643067489451699 0 1 
	-11.862564903772197 -17.822380540322214 0 1 
	-11.862564903772197 -17.822380540322214 0.13388089127600367 1 
	-11.822087886342834 -17.756420037808731 0.51181000000000054 0.68211091687932002 
	-11.365041537906235 -17.011626850669476 0.51181000000000054 0.68211091687932002 
	-11.324564520476876 -16.945666348155996 0.13388089127600372 1 
	-11.324564520476876 -16.945666348155996 -0.13388089127600361 1 
	-11.365041537906235 -17.011626850669476 -0.51181000000000054 0.68211091687932002 
	-11.822087886342834 -17.756420037808731 -0.51181000000000054 0.68211091687932002 
	-11.862564903772197 -17.822380540322214 -0.13388089127600367 1 
	-11.862564903772197 -17.822380540322214 0 1 
	-13.614247778729698 -16.628193682831057 0 1 
	-13.614247778729698 -16.628193682831057 0.13388089127600367 1 
	-13.567539183816217 -16.566488899764046 0.51181000000000054 0.68211091687932002 
	-13.040128961888321 -15.869749179956194 0.51181000000000054 0.68211091687932002 
	-12.99342036697667 -15.808044396887363 0.13388089127600372 1 
	-12.99342036697667 -15.808044396887363 -0.13388089127600361 1 
	-13.040128961888321 -15.869749179956194 -0.51181000000000054 0.68211091687932002 
	-13.567539183816217 -16.566488899764046 -0.51181000000000054 0.68211091687932002 
	-13.614247778729698 -16.628193682831057 -0.13388089127600367 1 
	-13.614247778729698 -16.628193682831057 0 1 
	-16.710072692629893 -13.763488202658184 0 1 
	-16.710072692629893 -13.763488202658184 0.13388089127600367 1 
	-16.652169792219222 -13.712142051855503 0.51181000000000054 0.68211091687932002 
	-15.998359040389657 -13.132366855439626 0.51181000000000054 0.68211091687932002 
	-15.940456139977163 -13.08102070463878 0.13388089127600372 1 
	-15.940456139977163 -13.08102070463878 -0.13388089127600361 1 
	-15.998359040389657 -13.132366855439626 -0.51181000000000054 0.68211091687932002 
	-16.652169792219222 -13.712142051855503 -0.51181000000000054 0.68211091687932002 
	-16.710072692629893 -13.763488202658184 -0.13388089127600367 1 
	-16.710072692629893 -13.763488202658184 0 1 
	-18.053772393593558 -12.093271193729803 0 1 
	-18.053772393593558 -12.093271193729803 0.13388089127600367 1 
	-17.991144216568969 -12.047808231841691 0.51181000000000054 0.68211091687932002 
	-17.283977991506529 -11.534463078483157 0.51181000000000054 0.68211091687932002 
	-17.221349814485638 -11.489000116596893 0.13388089127600372 1 
	-17.221349814485638 -11.489000116596893 -0.13388089127600361 1 
	-17.283977991506529 -11.534463078483157 -0.51181000000000054 0.68211091687932002 
	-17.991144216568969 -12.047808231841691 -0.51181000000000054 0.68211091687932002 
	-18.053772393593558 -12.093271193729803 -0.13388089127600367 1 
	-18.053772393593558 -12.093271193729803 0 1 
	-20.206798255591565 -8.4120380356635334 0 1 
	-20.206798255591565 -8.4120380356635334 0.13388089127600367 1 
	-20.136470420631639 -8.3797399695238663 0.51181000000000054 0.68211091687932002 
	-19.342363487743143 -8.015046271007245 0.51181000000000054 0.68211091687932002 
	-19.272035652779529 -7.982748204865735 0.13388089127600372 1 
	-19.272035652779529 -7.982748204865735 -0.13388089127600361 1 
	-19.342363487743143 -8.015046271007245 -0.51181000000000054 0.68211091687932002 
	-20.136470420631639 -8.3797399695238663 -0.51181000000000054 0.68211091687932002 
	-20.206798255591565 -8.4120380356635334 -0.13388089127600367 1 
	-20.206798255591565 -8.4120380356635334 0 1 
	-21.0157859205286 -6.4014440635204259 0 1 
	-21.0157859205286 -6.4014440635204259 0.13388089127600367 1 
	-20.942647019281157 -6.3761484696276876 0.51181000000000054 0.68211091687932002 
	-20.116798924022657 -6.0905232048573454 0.51181000000000054 0.68211091687932002 
	-20.043660022775221 -6.0652276109646079 0.13388089127600372 1 
	-20.043660022775221 -6.0652276109646079 -0.13388089127600361 1 
	-20.116798924022657 -6.0905232048573454 -0.51181000000000054 0.68211091687932002 
	-20.942647019281157 -6.3761484696276876 -0.51181000000000054 0.68211091687932002 
	-21.0157859205286 -6.4014440635204259 -0.13388089127600367 1 
	-21.0157859205286 -6.4014440635204259 0 1 
	-22.016670094822054 -2.2078859639602233 0 1 
	-22.016670094822054 -2.2078859639602233 0.13388089127600367 1 
	-21.939990743168263 -2.1974244648449126 0.51181000000000054 0.68211091687932002 
	-21.07416564294974 -2.0792984201551694 0.51181000000000054 0.68211091687932002 
	-20.997486291295953 -2.0688369210398601 0.13388089127600372 1 
	-20.997486291295953 -2.0688369210398601 -0.13388089127600361 1 
	-21.07416564294974 -2.0792984201551694 -0.51181000000000054 0.68211091687932002 
	-21.939990743168263 -2.1974244648449126 -0.51181000000000054 0.68211091687932002 
	-22.016670094822054 -2.2078859639602233 -0.13388089127600367 1 
	-22.016670094822054 -2.2078859639602233 0 1 
	-22.208364089048096 -0.025429820924569198 0 1 
	-22.208364089048096 -0.025429820924569198 0.13388089127600367 1 
	-22.131030445216805 -0.022485321476211143 0.51181000000000054 0.68211091687932002 
	-21.257817403130236 0.010762501762947695 0.51181000000000054 0.68211091687932002 
	-21.180483759302732 0.013707001211306184 0.13388089127600372 1 
	-21.180483759302732 0.013707001211306184 -0.13388089127600361 1 
	-21.257817403130236 0.010762501762947695 -0.51181000000000054 0.68211091687932002 
	-22.131030445216805 -0.022485321476211143 -0.51181000000000054 0.68211091687932002 
	-22.208364089048096 -0.025429820924569198 -0.13388089127600367 1 
	-22.208364089048096 -0.025429820924569198 0 1 
	-21.944293630317802 4.3246320629137243 0 1 
	-21.944293630317802 4.3246320629137243 0.13388089127600367 1 
	-21.867884083740439 4.3123542893489066 0.51181000000000054 0.68211091687932002 
	-21.005105488193259 4.1737197769507199 0.51181000000000054 0.68211091687932002 
	-20.928695941612133 4.1614420033859059 0.13388089127600372 1 
	-20.928695941612133 4.1614420033859059 -0.13388089127600361 1 
	-21.005105488193259 4.1737197769507199 -0.51181000000000054 0.68211091687932002 
	-21.867884083740439 4.3123542893489066 -0.51181000000000054 0.68211091687932002 
	-21.944293630317802 4.3246320629137243 -0.13388089127600367 1 
	-21.944293630317802 4.3246320629137243 0 1 
	-21.488483407988213 6.491687093844825 0 1 
	-21.488483407988213 6.491687093844825 0.13388089127600367 1 
	-21.413632653139697 6.4720268865684796 0.51181000000000054 0.68211091687932002 
	-20.568455158505824 6.2500336045807252 0.51181000000000054 0.68211091687932002 
	-20.493604403661134 6.2303733973082025 0.13388089127600372 1 
	-20.493604403661134 6.2303733973082025 -0.13388089127600361 1 
	-20.568455158505824 6.2500336045807252 -0.51181000000000054 0.68211091687932002 
	-21.413632653139697 6.4720268865684796 -0.51181000000000054 0.68211091687932002 
	-21.488483407988213 6.491687093844825 -0.13388089127600367 1 
	-21.488483407988213 6.491687093844825 0 1 
	-19.955182715335443 10.620997656080295 0 1 
	-19.955182715335443 10.620997656080295 0.13388089127600367 1 
	-19.885640436946197 10.587041349527736 0.51181000000000054 0.68211091687932002 
	-19.10040361815885 10.203623625027019 0.51181000000000054 0.68211091687932002 
	-19.030861339765792 10.169667318470641 0.13388089127600372 1 
	-19.030861339765792 10.169667318470641 -0.13388089127600361 1 
	-19.10040361815885 10.203623625027019 -0.51181000000000054 0.68211091687932002 
	-19.885640436946197 10.587041349527736 -0.51181000000000054 0.68211091687932002 
	-19.955182715335443 10.620997656080295 -0.13388089127600367 1 
	-19.955182715335443 10.620997656080295 0 1 
	-18.877810537349578 12.582707507063986 0 1 
	-18.877810537349578 12.582707507063986 0.13388089127600367 1 
	-18.811905365948224 12.542140717153083 0.51181000000000054 0.68211091687932002 
	-18.067736950286001 12.084080702499254 0.51181000000000054 0.68211091687932002 
	-18.001831778888516 12.043513912588361 0.13388089127600372 1 
	-18.001831778888516 12.043513912588361 -0.13388089127600361 1 
	-18.067736950286001 12.084080702499254 -0.51181000000000054 0.68211091687932002 
	-18.811905365948224 12.542140717153083 -0.51181000000000054 0.68211091687932002 
	-18.877810537349578 12.582707507063986 -0.13388089127600367 1 
	-18.877810537349578 12.582707507063986 0 1 
	-16.182236266857625 16.125293203443203 0 1 
	-16.182236266857625 16.125293203443203 0.13388089127600367 1 
	-16.125565270570466 16.072590696597004 0.51181000000000054 0.68211091687932002 
	-15.485664567367428 15.477500202353978 0.51181000000000054 0.68211091687932002 
	-15.42899357107642 15.424797695507781 0.13388089127600372 1 
	-15.42899357107642 15.424797695507781 -0.13388089127600361 1 
	-15.485664567367428 15.477500202353978 -0.51181000000000054 0.68211091687932002 
	-16.125565270570466 16.072590696597004 -0.51181000000000054 0.68211091687932002 
	-16.182236266857625 16.125293203443203 -0.13388089127600367 1 
	-16.182236266857625 16.125293203443203 0 1 
	-14.564309474857913 17.70567668535163 0 1 
	-14.564309474857913 17.70567668535163 0.13388089127600367 1 
	-14.513039724667243 17.647706299081491 0.51181000000000054 0.68211091687932002 
	-13.93412720592754 16.993133530484073 0.51181000000000054 0.68211091687932002 
	-13.882857455734928 16.935163144217846 0.13388089127600372 1 
	-13.882857455734928 16.935163144217846 -0.13388089127600361 1 
	-13.93412720592754 16.993133530484073 -0.51181000000000054 0.68211091687932002 
	-14.513039724667243 17.647706299081491 -0.51181000000000054 0.68211091687932002 
	-14.564309474857913 17.70567668535163 -0.13388089127600367 1 
	-14.564309474857913 17.70567668535163 0 1 
	-10.917600252762032 20.339255133248695 0 1 
	-10.917600252762032 20.339255133248695 0.13388089127600367 1 
	-10.878692851451419 20.27235694881395 0.51181000000000054 0.68211091687932002 
	-10.439369827558313 19.516975923875755 0.51181000000000054 0.68211091687932002 
	-10.400462426249659 19.450077739437123 0.13388089127600372 1 
	-10.400462426249659 19.450077739437123 -0.13388089127600361 1 
	-10.439369827558313 19.516975923875755 -0.51181000000000054 0.68211091687932002 
	-10.878692851451419 20.27235694881395 -0.51181000000000054 0.68211091687932002 
	-10.917600252762032 20.339255133248695 -0.13388089127600367 1 
	-10.917600252762032 20.339255133248695 0 1 
	-8.8892290459026597 21.392055602235875 0 1 
	-8.8892290459026597 21.392055602235875 0.13388089127600367 1 
	-8.8570206003584104 21.321686816478554 0.51181000000000054 0.68211091687932002 
	-8.4933388530336238 20.527117487642439 0.51181000000000054 0.68211091687932002 
	-8.4611304074903657 20.456748701885129 0.13388089127600372 1 
	-8.4611304074903657 20.456748701885129 -0.13388089127600361 1 
	-8.4933388530336238 20.527117487642439 -0.51181000000000054 0.68211091687932002 
	-8.8570206003584104 21.321686816478554 -0.51181000000000054 0.68211091687932002 
	-8.8892290459026597 21.392055602235875 -0.13388089127600367 1 
	-8.8892290459026597 21.392055602235875 0 1 
	-4.5903310661895746 22.86727134134572 0 1 
	-4.5903310661895746 22.86727134134572 0.13388089127600367 1 
	-4.5725456801251907 22.791953149634725 0.51181000000000054 0.68211091687932002 
	-4.3717219467508635 21.941497590377391 0.51181000000000054 0.68211091687932002 
	-4.3539365606854972 21.866179398666404 0.13388089127600372 1 
	-4.3539365606854972 21.866179398666404 -0.13388089127600361 1 
	-4.3717219467508635 21.941497590377391 -0.51181000000000054 0.68211091687932002 
	-4.5725456801251907 22.791953149634725 -0.51181000000000054 0.68211091687932002 
	-4.5903310661895746 22.86727134134572 -0.13388089127600367 1 
	-4.5903310661895746 22.86727134134572 0 1 
	-2.3203179119055837 23.289426771436069 0 1 
	-2.3203179119055837 23.289426771436069 0.13388089127600367 1 
	-2.3099507980614526 23.212734724800491 0.51181000000000054 0.68211091687932002 
	-2.1928905049066323 22.346766279065719 0.51181000000000054 0.68211091687932002 
	-2.1825233910624711 22.270074232430147 0.13388089127600372 1 
	-2.1825233910624711 22.270074232430147 -0.13388089127600361 1 
	-2.1928905049066323 22.346766279065719 -0.51181000000000054 0.68211091687932002 
	-2.3099507980614526 23.212734724800491 -0.51181000000000054 0.68211091687932002 
	-2.3203179119055837 23.289426771436069 -0.13388089127600367 1 
	-2.3203179119055837 23.289426771436069 0 1 
	2.2684591944420975 23.453267876804059 0 1 
	2.2684591944420975 23.453267876804059 0.13388089127600367 1 
	2.263587750544616 23.376031770671524 0.51181000000000054 0.68211091687932002 
	2.2085818290027435 22.50392007580578 0.51181000000000054 0.68211091687932002 
	2.2037103851052318 22.426683969673263 0.13388089127600372 1 
	2.2037103851052318 22.426683969673263 -0.13388089127600361 1 
	2.2085818290027435 22.50392007580578 -0.51181000000000054 0.68211091687932002 
	2.263587750544616 23.376031770671524 -0.51181000000000054 0.68211091687932002 
	2.2684591944420975 23.453267876804059 -0.13388089127600367 1 
	2.2684591944420975 23.453267876804059 0 1 
	4.5866503770879419 23.194853989361494 0 1 
	4.5866503770879419 23.194853989361494 0.13388089127600367 1 
	4.5742817574266397 23.118459215347034 0.51181000000000054 0.68211091687932002 
	4.4346214560898165 22.255847424231135 0.51181000000000054 0.68211091687932002 
	4.4222528364275124 22.179452650216696 0.13388089127600372 1 
	4.4222528364275124 22.179452650216696 -0.13388089127600361 1 
	4.4346214560898165 22.255847424231135 -0.51181000000000054 0.68211091687932002 
	4.5742817574266397 23.118459215347034 -0.51181000000000054 0.68211091687932002 
	4.5866503770879419 23.194853989361494 -0.13388089127600367 1 
	4.5866503770879419 23.194853989361494 0 1 
	9.0701543229220984 22.006065645163812 0 1 
	9.0701543229220984 22.006065645163812 0.13388089127600367 1 
	9.043047098886877 21.933578800543824 0.51181000000000054 0.68211091687932002 
	8.7369658076136414 21.115093404462129 0.51181000000000054 0.68211091687932002 
	8.7098585835794253 21.042606559842142 0.13388089127600372 1 
	8.7098585835794253 21.042606559842142 -0.13388089127600361 1 
	8.7369658076136414 21.115093404462129 -0.51181000000000054 0.68211091687932002 
	9.043047098886877 21.933578800543824 -0.51181000000000054 0.68211091687932002 
	9.0701543229220984 22.006065645163812 -0.13388089127600367 1 
	9.0701543229220984 22.006065645163812 0 1 
	11.234884488337242 21.07576386750312 0 1 
	11.234884488337242 21.07576386750312 0.13388089127600367 1 
	11.200848331730487 21.006260762840263 0.51181000000000054 0.68211091687932002 
	10.816528980171569 20.221466274220987 0.51181000000000054 0.68211091687932002 
	10.782492823564818 20.151963169550012 0.13388089127600372 1 
	10.782492823564818 20.151963169550012 -0.13388089127600361 1 
	10.816528980171569 20.221466274220987 -0.51181000000000054 0.68211091687932002 
	11.200848331730487 21.006260762840263 -0.51181000000000054 0.68211091687932002 
	11.234884488337242 21.07576386750312 -0.13388089127600367 1 
	11.234884488337242 21.07576386750312 0 1 
	15.219147986419514 18.610738907198307 0 1 
	15.219147986419514 18.610738907198307 0.13388089127600367 1 
	15.172145321092891 18.54925808940342 0.51181000000000054 0.68211091687932002 
	14.64141460229688 17.855047274134435 0.51181000000000054 0.68211091687932002 
	14.594411936970264 17.793566456347683 0.13388089127600372 1 
	14.594411936970264 17.793566456347683 -0.13388089127600361 1 
	14.64141460229688 17.855047274134435 -0.51181000000000054 0.68211091687932002 
	15.172145321092891 18.54925808940342 -0.51181000000000054 0.68211091687932002 
	15.219147986419514 18.610738907198307 -0.13388089127600367 1 
	15.219147986419514 18.610738907198307 0 1 
	17.038140046183763 17.076257631820326 0 1 
	17.038140046183763 17.076257631820326 0.13388089127600367 1 
	16.985374716737574 17.019645275656689 0.51181000000000054 0.68211091687932002 
	16.389574860970004 16.380406707591025 0.51181000000000054 0.68211091687932002 
	16.336809531523823 16.323794351425338 0.13388089127600372 1 
	16.336809531523823 16.323794351425338 -0.13388089127600361 1 
	16.389574860970004 16.380406707591025 -0.51181000000000054 0.68211091687932002 
	16.985374716737574 17.019645275656689 -0.51181000000000054 0.68211091687932002 
	17.038140046183763 17.076257631820326 -0.13388089127600367 1 
	17.038140046183763 17.076257631820326 0 1 
	20.164985124907805 13.524695433922567 0 1 
	20.164985124907805 13.524695433922567 0.13388089127600367 1 
	20.102144428189757 13.479527019224118 0.51181000000000054 0.68211091687932002 
	19.392578536390047 12.9695077462183 0.51181000000000054 0.68211091687932002 
	19.32973783967201 12.92433933152191 0.13388089127600372 1 
	19.32973783967201 12.92433933152191 -0.13388089127600361 1 
	19.392578536390047 12.9695077462183 -0.51181000000000054 0.68211091687932002 
	20.102144428189757 13.479527019224118 -0.51181000000000054 0.68211091687932002 
	20.164985124907805 13.524695433922567 -0.13388089127600367 1 
	20.164985124907805 13.524695433922567 0 1 
	21.472386690102791 11.508007635084338 0 1 
	21.472386690102791 11.508007635084338 0.13388089127600367 1 
	21.40544689687755 11.469172079607475 0.51181000000000054 0.68211091687932002 
	20.649596046187906 11.030660303093539 0.51181000000000054 0.68211091687932002 
	20.582656252966821 10.991824747616679 0.13388089127600372 1 
	20.582656252966821 10.991824747616679 -0.13388089127600361 1 
	20.649596046187906 11.030660303093539 -0.51181000000000054 0.68211091687932002 
	21.40544689687755 11.469172079607475 -0.51181000000000054 0.68211091687932002 
	21.472386690102791 11.508007635084338 -0.13388089127600367 1 
	21.472386690102791 11.508007635084338 0 1 
	23.451567341758079 7.15852251011931 0 1 
	23.451567341758079 7.15852251011931 0.13388089127600367 1 
	23.378312719166569 7.133564614705314 0.51181000000000054 0.68211091687932002 
	22.551157956053583 6.8517524732104382 0.51181000000000054 0.68211091687932002 
	22.477903333457931 6.8267945777964414 0.13388089127600372 1 
	22.477903333457931 6.8267945777964414 -0.13388089127600361 1 
	22.551157956053583 6.8517524732104382 -0.51181000000000054 0.68211091687932002 
	23.378312719166569 7.133564614705314 -0.51181000000000054 0.68211091687932002 
	23.451567341758079 7.15852251011931 -0.13388089127600367 1 
	23.451567341758079 7.15852251011931 0 1 
	24.123026290619503 4.8262378223776023 0 1 
	24.123026290619503 4.8262378223776023 0.13388089127600367 1 
	24.047689810216404 4.8085305214879392 0.51181000000000054 0.68211091687932002 
	23.197027744191153 4.6085884870585243 0.51181000000000054 0.68211091687932002 
	23.121691263788072 4.5908811861683354 0.13388089127600372 1 
	23.121691263788072 4.5908811861683354 -0.13388089127600361 1 
	23.197027744191153 4.6085884870585243 -0.51181000000000054 0.68211091687932002 
	24.047689810216404 4.8085305214879392 -0.51181000000000054 0.68211091687932002 
	24.123026290619503 4.8262378223776023 -0.13388089127600367 1 
	24.123026290619503 4.8262378223776023 0 1 
	24.759029686230015 0.042988770268569731 0 1 
	24.759029686230015 0.042988770268569731 0.13388089127600367 1 
	24.681683671206738 0.040394982686397553 0.51181000000000054 0.68211091687932002 
	23.808330939771988 0.011107223404001243 0.51181000000000054 0.68211091687932002 
	23.730984924748721 0.0085134358223538237 0.13388089127600372 1 
	23.730984924748721 0.0085134358223538237 -0.13388089127600361 1 
	23.808330939771988 0.011107223404001243 -0.51181000000000054 0.68211091687932002 
	24.681683671206738 0.040394982686397553 -0.51181000000000054 0.68211091687932002 
	24.759029686230015 0.042988770268569731 -0.13388089127600367 1 
	24.759029686230015 0.042988770268569731 0 1 
	24.72341601225305 -2.4073862880146817 0 1 
	24.72341601225305 -2.4073862880146817 0.13388089127600367 1 
	24.646184921609692 -2.4024375514560266 0.51181000000000054 0.68211091687932002 
	23.774129859154613 -2.3465588796239918 0.51181000000000054 0.68211091687932002 
	23.696898768515485 -2.3416101430653393 0.13388089127600372 1 
	23.696898768515485 -2.3416101430653393 -0.13388089127600361 1 
	23.774129859154613 -2.3465588796239918 -0.51181000000000054 0.68211091687932002 
	24.646184921609692 -2.4024375514560266 -0.51181000000000054 0.68211091687932002 
	24.72341601225305 -2.4073862880146817 -0.13388089127600367 1 
	24.72341601225305 -2.4073862880146817 0 1 
	23.934458698724306 -7.2151597101112781 0 1 
	23.934458698724306 -7.2151597101112781 0.13388089127600367 1 
	23.859696523341775 -7.1951659992048373 0.51181000000000054 0.68211091687932002 
	23.015519223919661 -6.96940696008246 0.51181000000000054 0.68211091687932002 
	22.940757048532916 -6.949413249176021 0.13388089127600372 1 
	22.940757048532916 -6.949413249176021 -0.13388089127600361 1 
	23.015519223919661 -6.96940696008246 -0.51181000000000054 0.68211091687932002 
	23.859696523341775 -7.1951659992048373 -0.51181000000000054 0.68211091687932002 
	23.934458698724306 -7.2151597101112781 -0.13388089127600367 1 
	23.934458698724306 -7.2151597101112781 0 1 
	23.181135946107073 -9.5719425145002113 0 1 
	23.181135946107073 -9.5719425145002113 0.13388089127600367 1 
	23.108675425001305 -9.544765283673911 0.51181000000000054 0.68211091687932002 
	22.290487260939724 -9.2378935105741729 0.51181000000000054 0.68211091687932002 
	22.218026739838237 -9.2107162797500095 0.13388089127600372 1 
	22.218026739838237 -9.2107162797500095 -0.13388089127600361 1 
	22.290487260939724 -9.2378935105741729 -0.51181000000000054 0.68211091687932002 
	23.108675425001305 -9.544765283673911 -0.51181000000000054 0.68211091687932002 
	23.181135946107073 -9.5719425145002113 -0.13388089127600367 1 
	23.181135946107073 -9.5719425145002113 0 1 
	21.008533174581295 -13.984931911983843 0 1 
	21.008533174581295 -13.984931911983843 0.13388089127600367 1 
	20.942806683648154 -13.944076589524796 0.51181000000000054 0.68211091687932002 
	20.200655838928277 -13.482758608812956 0.51181000000000054 0.68211091687932002 
	20.13492934799088 -13.44190328635178 0.13388089127600372 1 
	20.13492934799088 -13.44190328635178 -0.13388089127600361 1 
	20.200655838928277 -13.482758608812956 -0.51181000000000054 0.68211091687932002 
	20.942806683648154 -13.944076589524796 -0.51181000000000054 0.68211091687932002 
	21.008533174581295 -13.984931911983843 -0.13388089127600367 1 
	21.008533174581295 -13.984931911983843 0 1 
	19.589454577328262 -16.040550361380486 0 1 
	19.589454577328262 -16.040550361380486 0.13388089127600367 1 
	19.528017716804015 -15.993490411636532 0.51181000000000054 0.68211091687932002 
	18.83430324516571 -15.462112865769495 0.51181000000000054 0.68211091687932002 
	18.772866384650087 -15.415052916034158 0.13388089127600372 1 
	18.772866384650087 -15.415052916034158 -0.13388089127600361 1 
	18.83430324516571 -15.462112865769495 -0.51181000000000054 0.68211091687932002 
	19.528017716804015 -15.993490411636532 -0.51181000000000054 0.68211091687932002 
	19.589454577328262 -16.040550361380486 -0.13388089127600367 1 
	19.589454577328262 -16.040550361380486 0 1 
	16.196355552152124 -19.665942579101284 0 1 
	16.196355552152124 -19.665942579101284 0.13388089127600367 1 
	16.145336474666593 -19.607751682724615 0.51181000000000054 0.68211091687932002 
	15.569254427393604 -18.950689023639402 0.51181000000000054 0.68211091687932002 
	15.518235349899465 -18.892498127254125 0.13388089127600372 1 
	15.518235349899465 -18.892498127254125 -0.13388089127600361 1 
	15.569254427393604 -18.950689023639402 -0.51181000000000054 0.68211091687932002 
	16.145336474666593 -19.607751682724615 -0.51181000000000054 0.68211091687932002 
	16.196355552152124 -19.665942579101284 -0.13388089127600367 1 
	16.196355552152124 -19.665942579101284 0 1 
	14.222702726179374 -21.235207864667174 0 1 
	14.222702726179374 -21.235207864667174 0.13388089127600367 1 
	14.177590976142936 -21.17232659178913 0.51181000000000054 0.68211091687932002 
	13.668211532335507 -20.46230253425162 0.51181000000000054 0.68211091687932002 
	13.623099782299072 -20.399421261373583 0.13388089127600372 1 
	13.623099782299072 -20.399421261373583 -0.13388089127600361 1 
	13.668211532335507 -20.46230253425162 -0.51181000000000054 0.68211091687932002 
	14.177590976142936 -21.17232659178913 -0.51181000000000054 0.68211091687932002 
	14.222702726179374 -21.235207864667174 -0.13388089127600367 1 
	14.222702726179374 -21.235207864667174 0 1 
	9.882103197874466 -23.741613490464527 0 1 
	9.882103197874466 -23.741613490464527 0.13388089127600367 1 
	9.8501938086568241 -23.671108771908806 0.51181000000000054 0.68211091687932002 
	9.4898888566174637 -22.875004557416744 0.51181000000000054 0.68211091687932002 
	9.4579794673998254 -22.804499838861034 0.13388089127600372 1 
	9.4579794673998254 -22.804499838861034 -0.13388089127600361 1 
	9.4898888566174637 -22.875004557416744 -0.51181000000000054 0.68211091687932002 
	9.8501938086568241 -23.671108771908806 -0.51181000000000054 0.68211091687932002 
	9.882103197874466 -23.741613490464527 -0.13388089127600367 1 
	9.882103197874466 -23.741613490464527 0 1 
	7.5156610201787126 -24.678371193469815 0 1 
	7.5156610201787126 -24.678371193469815 0.13388089127600367 1 
	7.4907668236628995 -24.605094994880705 0.51181000000000054 0.68211091687932002 
	7.2096739384195079 -23.777696606311878 0.51181000000000054 0.68211091687932002 
	7.1847797419025996 -23.704420407718395 0.13388089127600372 1 
	7.1847797419025996 -23.704420407718395 -0.13388089127600361 1 
	7.2096739384195079 -23.777696606311878 -0.51181000000000054 0.68211091687932002 
	7.4907668236628995 -24.605094994880705 -0.51181000000000054 0.68211091687932002 
	7.5156610201787126 -24.678371193469815 -0.13388089127600367 1 
	7.5156610201787126 -24.678371193469815 0 1 
	2.5885479142215742 -25.826014763579064 0 1 
	2.5885479142215742 -25.826014763579064 0.13388089127600367 1 
	2.5785012946397816 -25.749280235974339 0.51181000000000054 0.68211091687932002 
	2.4650598632977538 -24.8828321163782 0.51181000000000054 0.68211091687932002 
	2.4550132437170604 -24.806097588777885 0.13388089127600372 1 
	2.4550132437170604 -24.806097588777885 -0.13388089127600361 1 
	2.4650598632977538 -24.8828321163782 -0.51181000000000054 0.68211091687932002 
	2.5785012946397816 -25.749280235974339 -0.51181000000000054 0.68211091687932002 
	2.5885479142215742 -25.826014763579064 -0.13388089127600367 1 
	2.5885479142215742 -25.826014763579064 0 1 
	0.028476585628853072 -26.036679779460602 0 1 
	0.028476585628853072 -26.036679779460602 0.13388089127600367 1 
	0.025947647157066336 -25.959331704753794 0.51181000000000054 0.68211091687932002 
	-0.0026078682357406381 -25.085955716346088 0.51181000000000054 0.68211091687932002 
	-0.0051368067075265034 -25.008607641639294 0.13388089127600372 1 
	-0.0051368067075265034 -25.008607641639294 -0.13388089127600361 1 
	-0.0026078682357406381 -25.085955716346088 -0.51181000000000054 0.68211091687932002 
	0.025947647157066336 -25.959331704753794 -0.51181000000000054 0.68211091687932002 
	0.028476585628853072 -26.036679779460602 -0.13388089127600367 1 
	0.028476585628853072 -26.036679779460602 0 1 
	-5.0661556761451383 -25.700109527911231 0 1 
	-5.0661556761451383 -25.700109527911231 0.13388089127600367 1 
	-5.0534730337363394 -25.623766415820857 0.51181000000000054 0.68211091687932002 
	-4.9102669437144417 -24.7617379655102 0.51181000000000054 0.68211091687932002 
	-4.8975843013056446 -24.68539485341983 0.13388089127600372 1 
	-4.8975843013056446 -24.68539485341983 -0.13388089127600361 1 
	-4.9102669437144417 -24.7617379655102 -0.51181000000000054 0.68211091687932002 
	-5.0534730337363394 -25.623766415820857 -0.51181000000000054 0.68211091687932002 
	-5.0661556761451383 -25.700109527911231 -0.13388089127600367 1 
	-5.0661556761451383 -25.700109527911231 0 1 
	-7.6000729064375632 -25.1528375391974 0 1 
	-7.6000729064375632 -25.1528375391974 0.13388089127600367 1 
	-7.5800187727115134 -25.078091637239819 0.51181000000000054 0.68211091687932002 
	-7.3535774691653009 -24.234098089304521 0.51181000000000054 0.68211091687932002 
	-7.3335233354414919 -24.159352187342488 0.13388089127600372 1 
	-7.3335233354414919 -24.159352187342488 -0.13388089127600361 1 
	-7.3535774691653009 -24.234098089304521 -0.51181000000000054 0.68211091687932002 
	-7.5800187727115134 -25.078091637239819 -0.51181000000000054 0.68211091687932002 
	-7.6000729064375632 -25.1528375391974 -0.13388089127600367 1 
	-7.6000729064375632 -25.1528375391974 0 1 
	-12.420847317127292 -23.334021498555284 0 1 
	-12.420847317127292 -23.334021498555284 0.13388089127600367 1 
	-12.386530103017838 -23.264656904235462 0.51181000000000054 0.68211091687932002 
	-11.999037189910783 -22.481426405578375 0.51181000000000054 0.68211091687932002 
	-11.964719975799097 -22.41206181126303 0.13388089127600372 1 
	-11.964719975799097 -22.41206181126303 -0.13388089127600361 1 
	-11.999037189910783 -22.481426405578375 -0.51181000000000054 0.68211091687932002 
	-12.386530103017838 -23.264656904235462 -0.51181000000000054 0.68211091687932002 
	-12.420847317127292 -23.334021498555284 -0.13388089127600367 1 
	-12.420847317127292 -23.334021498555284 0 1 
	-14.707072455025044 -22.062631392041158 0 1 
	-14.707072455025044 -22.062631392041158 0.13388089127600367 1 
	-14.666165947839113 -21.996936842710848 0.51181000000000054 0.68211091687932002 
	-14.204270014625319 -21.255146666737925 0.51181000000000054 0.68211091687932002 
	-14.163363507434886 -21.189452117412134 0.13388089127600372 1 
	-14.163363507434886 -21.189452117412134 -0.13388089127600361 1 
	-14.204270014625319 -21.255146666737925 -0.51181000000000054 0.68211091687932002 
	-14.666165947839113 -21.996936842710848 -0.51181000000000054 0.68211091687932002 
	-14.707072455025044 -22.062631392041158 -0.13388089127600367 1 
	-14.707072455025044 -22.062631392041158 0 1 
	-18.828467068021169 -18.893114608481007 0 1 
	-18.828467068021169 -18.893114608481007 0.13388089127600367 1 
	-18.775476537205371 -18.836713192041486 0.51181000000000054 0.68211091687932002 
	-18.177133819612525 -18.199856450373101 0.51181000000000054 0.68211091687932002 
	-18.124143288801243 -18.143455033929072 0.13388089127600372 1 
	-18.124143288801243 -18.143455033929072 -0.13388089127600361 1 
	-18.177133819612525 -18.199856450373101 -0.51181000000000054 0.68211091687932002 
	-18.775476537205371 -18.836713192041486 -0.51181000000000054 0.68211091687932002 
	-18.828467068021169 -18.893114608481007 -0.13388089127600367 1 
	-18.828467068021169 -18.893114608481007 0 1 
	-20.663071885812084 -16.995322419513535 0 1 
	-20.663071885812084 -16.995322419513535 0.13388089127600367 1 
	-20.604842729427567 -16.944347135848187 0.51181000000000054 0.68211091687932002 
	-19.947348057463586 -16.368759586679825 0.51181000000000054 0.68211091687932002 
	-19.889118901074539 -16.317784303016758 0.13388089127600372 1 
	-19.889118901074539 -16.317784303016758 -0.13388089127600361 1 
	-19.947348057463586 -16.368759586679825 -0.51181000000000054 0.68211091687932002 
	-20.604842729427567 -16.944347135848187 -0.51181000000000054 0.68211091687932002 
	-20.663071885812084 -16.995322419513535 -0.13388089127600367 1 
	-20.663071885812084 -16.995322419513535 0 1 
	-23.712957683211304 -12.72705913027287 0 1 
	-23.712957683211304 -12.72705913027287 0.13388089127600367 1 
	-23.645866014609474 -12.688486832019406 0.51181000000000054 0.68211091687932002 
	-22.888300262632868 -12.252947625146122 0.51181000000000054 0.68211091687932002 
	-22.8212085940356 -12.214375326890384 0.13388089127600372 1 
	-22.8212085940356 -12.214375326890384 -0.13388089127600361 1 
	-22.888300262632868 -12.252947625146122 -0.51181000000000054 0.68211091687932002 
	-23.645866014609474 -12.688486832019406 -0.51181000000000054 0.68211091687932002 
	-23.712957683211304 -12.72705913027287 -0.13388089127600367 1 
	-23.712957683211304 -12.72705913027287 0 1 
	-24.927792166316479 -10.357076878063895 0 1 
	-24.927792166316479 -10.357076878063895 0.13388089127600367 1 
	-24.85726443509137 -10.32521857564149 0.51181000000000054 0.68211091687932002 
	-24.060900373046 -9.9654904702667135 0.51181000000000054 0.68211091687932002 
	-23.990372641816307 -9.9336321678420152 0.13388089127600372 1 
	-23.990372641816307 -9.9336321678420152 -0.13388089127600361 1 
	-24.060900373046 -9.9654904702667135 -0.51181000000000054 0.68211091687932002 
	-24.85726443509137 -10.32521857564149 -0.51181000000000054 0.68211091687932002 
	-24.927792166316479 -10.357076878063895 -0.13388089127600367 1 
	-24.927792166316479 -10.357076878063895 0 1 
	-26.620961578412651 -5.3425410960473201 0 1 
	-26.620961578412651 -5.3425410960473201 0.13388089127600367 1 
	-26.545557288682271 -5.3251254310770779 0.51181000000000054 0.68211091687932002 
	-25.694129553456225 -5.1284764044350553 0.51181000000000054 0.68211091687932002 
	-25.618725263730447 -5.111060739467109 0.13388089127600372 1 
	-25.618725263730447 -5.111060739467109 -0.13388089127600361 1 
	-25.694129553456225 -5.1284764044350553 -0.51181000000000054 0.68211091687932002 
	-26.545557288682271 -5.3251254310770779 -0.51181000000000054 0.68211091687932002 
	-26.620961578412651 -5.3425410960473201 -0.13388089127600367 1 
	-26.620961578412651 -5.3425410960473201 0 1 
	-27.099009440363712 -2.6985905618517307 0 1 
	-27.099009440363712 -2.6985905618517307 0.13388089127600367 1 
	-27.022268001414833 -2.6885974637111798 0.51181000000000054 0.68211091687932002 
	-26.155741842338013 -2.5757603698540574 0.51181000000000054 0.68211091687932002 
	-26.079000403389152 -2.5657672717135425 0.13388089127600372 1 
	-26.079000403389152 -2.5657672717135065 -0.13388089127600361 1 
	-26.155741842338013 -2.5757603698540574 -0.51181000000000054 0.68211091687932002 
	-27.022268001414833 -2.6885974637111798 -0.51181000000000054 0.68211091687932002 
	-27.099009440363712 -2.6985905618517307 -0.13388089127600367 1 
	-27.099009440363712 -2.6985905618517307 0 1 
	-27.263680518224323 2.6382778349040534 0 1 
	-27.263680518224323 2.6382778349040534 0.13388089127600367 1 
	-27.186468989422902 2.633034718199156 0.51181000000000054 0.68211091687932002 
	-26.314634809462685 2.5738320521777918 0.51181000000000054 0.68211091687932002 
	-26.237423280661268 2.5685889354729312 0.13388089127600372 1 
	-26.237423280661268 2.5685889354728948 -0.13388089127600361 1 
	-26.314634809462685 2.5738320521777918 -0.51181000000000054 0.68211091687932002 
	-27.186468989422902 2.633034718199156 -0.51181000000000054 0.68211091687932002 
	-27.263680518224323 2.6382778349040534 -0.13388089127600367 1 
	-27.263680518224323 2.6382778349040534 0 1 
	-26.950204061698255 5.3305294959809117 0 1 
	-26.950204061698255 5.3305294959809117 0.13388089127600367 1 
	-26.873869554768142 5.3177956152453039 0.51181000000000054 0.68211091687932002 
	-26.01193826962821 5.1740109675179635 0.51181000000000054 0.68211091687932002 
	-25.935603762707451 5.1612770867811903 0.13388089127600372 1 
	-25.935603762707451 5.1612770867811903 -0.13388089127600361 1 
	-26.01193826962821 5.1740109675179635 -0.51181000000000054 0.68211091687932002 
	-26.873869554768142 5.3177956152453039 -0.51181000000000054 0.68211091687932002 
	-26.950204061698255 5.3305294959809117 -0.13388089127600367 1 
	-26.950204061698255 5.3305294959809117 0 1 
	-25.545050512803819 10.530153100699946 0 1 
	-25.545050512803819 10.530153100699946 0.13388089127600367 1 
	-25.472692734320336 10.502703864816182 0.51181000000000054 0.68211091687932002 
	-24.655664688822334 10.192760745870569 0.51181000000000054 0.68211091687932002 
	-24.583306910329508 10.165311509987973 0.13388089127600372 1 
	-24.583306910329508 10.165311509987973 -0.13388089127600361 1 
	-24.655664688822334 10.192760745870569 -0.51181000000000054 0.68211091687932002 
	-25.472692734320336 10.502703864816182 -0.51181000000000054 0.68211091687932002 
	-25.545050512803819 10.530153100699946 -0.13388089127600367 1 
	-25.545050512803819 10.530153100699946 0 1 
	-24.453473116573171 13.036853005848167 0 1 
	-24.453473116573171 13.036853005848167 0.13388089127600367 1 
	-24.38413077295424 13.00249101669626 0.51181000000000054 0.68211091687932002 
	-23.601151518134671 12.614492526085945 0.51181000000000054 0.68211091687932002 
	-23.531809174511039 12.580130536934041 0.13388089127600372 1 
	-23.531809174511039 12.580130536934041 -0.13388089127600361 1 
	-23.601151518134671 12.614492526085945 -0.51181000000000054 0.68211091687932002 
	-24.38413077295424 13.00249101669626 -0.51181000000000054 0.68211091687932002 
	-24.453473116573171 13.036853005848167 -0.13388089127600367 1 
	-24.453473116573171 13.036853005848167 0 1 
	-21.573521000589519 17.643592787098623 0 1 
	-21.573521000589519 17.643592787098623 0.13388089127600367 1 
	-21.51225894808271 17.59630570818851 0.51181000000000054 0.68211091687932002 
	-20.820518321586984 17.062363532682156 0.51181000000000054 0.68211091687932002 
	-20.759256269084904 17.015076453772057 0.13388089127600372 1 
	-20.759256269084904 17.015076453772057 -0.13388089127600361 1 
	-20.820518321586984 17.062363532682156 -0.51181000000000054 0.68211091687932002 
	-21.51225894808271 17.59630570818851 -0.51181000000000054 0.68211091687932002 
	-21.573521000589519 17.643592787098623 -0.13388089127600367 1 
	-21.573521000589519 17.643592787098623 0 1 
	-19.785440005112413 19.743013643558005 0 1 
	-19.785440005112413 19.743013643558005 0.13388089127600367 1 
	-19.729071581629267 19.689988120959558 0.51181000000000054 0.68211091687932002 
	-19.092587380024145 19.091250293547745 0.51181000000000054 0.68211091687932002 
	-19.036218956541006 19.038224770954056 0.13388089127600372 1 
	-19.036218956541006 19.038224770954056 -0.13388089127600361 1 
	-19.092587380024145 19.091250293547745 -0.51181000000000054 0.68211091687932002 
	-19.729071581629267 19.689988120959558 -0.51181000000000054 0.68211091687932002 
	-19.785440005112413 19.743013643558005 -0.13388089127600367 1 
	-19.785440005112413 19.743013643558005 0 1 
	-15.656121948577725 23.345084390166509 0 1 
	-15.656121948577725 23.345084390166509 0.13388089127600367 1 
	-15.611240167185858 23.282038923213165 0.51181000000000054 0.68211091687932002 
	-15.104457414953716 22.570160867747823 0.51181000000000054 0.68211091687932002 
	-15.059575633561854 22.507115400789729 0.13388089127600372 1 
	-15.059575633561854 22.507115400789729 -0.13388089127600361 1 
	-15.104457414953716 22.570160867747823 -0.51181000000000054 0.68211091687932002 
	-15.611240167185858 23.282038923213165 -0.51181000000000054 0.68211091687932002 
	-15.656121948577725 23.345084390166509 -0.13388089127600367 1 
	-15.656121948577725 23.345084390166509 0 1 
	-13.315350165718456 24.847223469353427 0 1 
	-13.315350165718456 24.847223469353427 0.13388089127600367 1 
	-13.276817993009411 24.780108827009006 0.51181000000000054 0.68211091687932002 
	-12.841731863851752 24.022283666927841 0.51181000000000054 0.68211091687932002 
	-12.80319969114511 23.955169024583423 0.13388089127600372 1 
	-12.80319969114511 23.955169024583423 -0.13388089127600361 1 
	-12.841731863851752 24.022283666927841 -0.51181000000000054 0.68211091687932002 
	-13.276817993009411 24.780108827009006 -0.51181000000000054 0.68211091687932002 
	-13.315350165718456 24.847223469353427 -0.13388089127600367 1 
	-13.315350165718456 24.847223469353427 0 1 
	-8.275036425785105 27.113453058203167 0 1 
	-8.275036425785105 27.113453058203167 0.13388089127600367 1 
	-8.2504062542380829 27.040087819885471 0.51181000000000054 0.68211091687932002 
	-7.972294607608581 26.211684039114012 0.51181000000000054 0.68211091687932002 
	-7.9476644360591662 26.138318800796327 0.13388089127600372 1 
	-7.9476644360591662 26.138318800796327 -0.13388089127600361 1 
	-7.972294607608581 26.211684039114012 -0.51181000000000054 0.68211091687932002 
	-8.2504062542380829 27.040087819885471 -0.51181000000000054 0.68211091687932002 
	-8.275036425785105 27.113453058203167 -0.13388089127600367 1 
	-8.275036425785105 27.113453058203167 0 1 
	-5.5760933851811965 27.87718757441494 0 1 
	-5.5760933851811965 27.87718757441494 0.13388089127600367 1 
	-5.5587210267865057 27.80177336425059 0.51181000000000054 0.68211091687932002 
	-5.3625609964226175 26.950233612384825 0.51181000000000054 0.68211091687932002 
	-5.3451886380279285 26.874819402220485 0.13388089127600372 1 
	-5.3451886380279285 26.874819402220485 -0.13388089127600361 1 
	-5.3625609964226175 26.950233612384825 -0.51181000000000054 0.68211091687932002 
	-5.5587210267865057 27.80177336425059 -0.51181000000000054 0.68211091687932002 
	-5.5760933851811965 27.87718757441494 -0.13388089127600367 1 
	-5.5760933851811965 27.87718757441494 0 1 
	-0.048436658227747703 28.587342714772586 0 1 
	-0.048436658227747703 28.587342714772586 0.13388089127600367 1 
	-0.046182395442424098 28.509986265634108 0.51181000000000054 0.68211091687932002 
	-0.020728381288660603 27.636515717397664 0.51181000000000054 0.68211091687932002 
	-0.018474118503337446 27.559159268259197 0.13388089127600372 1 
	-0.018474118503337446 27.559159268259197 -0.13388089127600361 1 
	-0.020728381288660603 27.636515717397664 -0.51181000000000054 0.68211091687932002 
	-0.046182395442424098 28.509986265634108 -0.51181000000000054 0.68211091687932002 
	-0.048436658227747703 28.587342714772586 -0.13388089127600367 1 
	-0.048436658227747703 28.587342714772586 0 1 
	2.7795947506269076 28.533595951609826 0 1 
	2.7795947506269076 28.533595951609826 0.13388089127600367 1 
	2.7743090714536551 28.456387390248487 0.51181000000000054 0.68211091687932002 
	2.7146258111961945 27.584586717184845 0.51181000000000054 0.68211091687932002 
	2.7093401320229438 27.507378155818635 0.13388089127600372 1 
	2.7093401320229438 27.507378155818635 -0.13388089127600361 1 
	2.7146258111961945 27.584586717184845 -0.51181000000000054 0.68211091687932002 
	2.7743090714536551 28.456387390248487 -0.51181000000000054 0.68211091687932002 
	2.7795947506269076 28.533595951609826 -0.13388089127600367 1 
	2.7795947506269076 28.533595951609826 0 1 
	8.321247018293672 27.599507291931005 0 1 
	8.321247018293672 27.599507291931005 0.13388089127600367 1 
	8.3009312257811363 27.524832202920461 0.51181000000000054 0.68211091687932002 
	8.0715354013681715 26.681638239551589 0.51181000000000054 0.68211091687932002 
	8.0512196088556394 26.606963150545933 0.13388089127600372 1 
	8.0512196088556394 26.606963150545933 -0.13388089127600361 1 
	8.0715354013681715 26.681638239551589 -0.51181000000000054 0.68211091687932002 
	8.3009312257811363 27.524832202920461 -0.51181000000000054 0.68211091687932002 
	8.321247018293672 27.599507291931005 -0.13388089127600367 1 
	8.321247018293672 27.599507291931005 0 1 
	11.0341606596599 26.71920440306025 0 1 
	11.0341606596599 26.71920440306025 0.13388089127600367 1 
	11.006673164702221 26.646861217945197 0.51181000000000054 0.68211091687932002 
	10.696298043307348 25.829997953555534 0.51181000000000054 0.68211091687932002 
	10.668810548349672 25.757654768440482 0.13388089127600372 1 
	10.668810548349672 25.757654768440482 -0.13388089127600361 1 
	10.696298043307348 25.829997953555534 -0.51181000000000054 0.68211091687932002 
	11.006673164702221 26.646861217945197 -0.51181000000000054 0.68211091687932002 
	11.0341606596599 26.71920440306025 -0.13388089127600367 1 
	11.0341606596599 26.71920440306025 0 1 
	16.107298920018426 24.194685808542609 0 1 
	16.107298920018426 24.194685808542609 0.13388089127600367 1 
	16.066165694914414 24.129133107638619 0.51181000000000054 0.68211091687932002 
	15.60170977580036 23.388944613463369 0.51181000000000054 0.68211091687932002 
	15.560576550696352 23.323391912559387 0.13388089127600372 1 
	15.560576550696352 23.323391912559387 -0.13388089127600361 1 
	15.60170977580036 23.388944613463369 -0.51181000000000054 0.68211091687932002 
	16.066165694914414 24.129133107638619 -0.51181000000000054 0.68211091687932002 
	16.107298920018426 24.194685808542609 -0.13388089127600367 1 
	16.107298920018426 24.194685808542609 0 1 
	18.466852944245488 22.550715472021295 0 1 
	18.466852944245488 22.550715472021295 0.13388089127600367 1 
	18.419534820614441 22.489477473322186 0.51181000000000054 0.68211091687932002 
	17.885242103628997 21.798008450413349 0.51181000000000054 0.68211091687932002 
	17.837923980002913 21.736770451704338 0.13388089127600372 1 
	17.837923980002913 21.736770451704338 -0.13388089127600361 1 
	17.885242103628997 21.798008450413349 -0.51181000000000054 0.68211091687932002 
	18.419534820614441 22.489477473322186 -0.51181000000000054 0.68211091687932002 
	18.466852944245488 22.550715472021295 -0.13388089127600367 1 
	18.466852944245488 22.550715472021295 0 1 
	22.621812465358428 18.629222901450291 0 1 
	22.621812465358428 18.629222901450291 0.13388089127600367 1 
	22.563409907329838 18.578446543604425 0.51181000000000054 0.68211091687932002 
	21.90395727014225 18.005105165869537 0.51181000000000054 0.68211091687932002 
	21.845554712108711 17.954328808033587 0.13388089127600372 1 
	21.845554712108711 17.954328808033587 -0.13388089127600361 1 
	21.90395727014225 18.005105165869537 -0.51181000000000054 0.68211091687932002 
	22.563409907329838 18.578446543604425 -0.51181000000000054 0.68211091687932002 
	22.621812465358428 18.629222901450291 -0.13388089127600367 1 
	22.621812465358428 18.629222901450291 0 1 
	24.416643336003808 16.352134258747245 0 1 
	24.416643336003808 16.352134258747245 0.13388089127600367 1 
	24.353576096807522 16.307283180922294 0.51181000000000054 0.68211091687932002 
	23.641452200068716 15.800847118030058 0.51181000000000054 0.68211091687932002 
	23.578384960872445 15.755996040202611 0.13388089127600372 1 
	23.578384960872445 15.755996040202611 -0.13388089127600361 1 
	23.641452200068716 15.800847118030058 -0.51181000000000054 0.68211091687932002 
	24.353576096807522 16.307283180922294 -0.51181000000000054 0.68211091687932002 
	24.416643336003808 16.352134258747245 -0.13388089127600367 1 
	24.416643336003808 16.352134258747245 0 1 
	27.276428725074499 11.352168359967107 0 1 
	27.276428725074499 11.352168359967107 0.13388089127600367 1 
	27.205794276974498 11.320547629804448 0.51181000000000054 0.68211091687932002 
	26.408225221024381 10.963502072285683 0.51181000000000054 0.68211091687932002 
	26.337590772924401 10.931881342125529 0.13388089127600372 1 
	26.337590772924401 10.931881342125529 -0.13388089127600361 1 
	26.408225221024381 10.963502072285683 -0.51181000000000054 0.68211091687932002 
	27.205794276974498 11.320547629804448 -0.51181000000000054 0.68211091687932002 
	27.276428725074499 11.352168359967107 -0.13388089127600367 1 
	27.276428725074499 11.352168359967107 0 1 
	28.340956466712722 8.6298779768742815 0 1 
	28.340956466712722 8.6298779768742815 0.13388089127600367 1 
	28.26757982001531 8.6052819989371336 0.51181000000000054 0.68211091687932002 
	27.439047221475132 8.3275564495591077 0.51181000000000054 0.68211091687932002 
	27.365670574777724 8.3029604716219598 0.13388089127600372 1 
	27.365670574777724 8.3029604716219598 -0.13388089127600361 1 
	27.439047221475132 8.3275564495591077 -0.51181000000000054 0.68211091687932002 
	28.26757982001531 8.6052819989371336 -0.51181000000000054 0.68211091687932002 
	28.340956466712722 8.6298779768742815 -0.13388089127600367 1 
	28.340956466712722 8.6298779768742815 0 1 
	29.635359432034427 2.9692098644455958 0 1 
	29.635359432034427 2.9692098644455958 0.13388089127600367 1 
	29.558585324127794 2.959471755900053 0.51181000000000054 0.68211091687932002 
	28.691690283341824 2.8495138777303648 0.51181000000000054 0.68211091687932002 
	28.614916175435201 2.8397757691848251 0.13388089127600372 1 
	28.614916175435201 2.8397757691848251 -0.13388089127600361 1 
	28.691690283341824 2.8495138777303648 -0.51181000000000054 0.68211091687932002 
	29.558585324127794 2.959471755900053 -0.51181000000000054 0.68211091687932002 
	29.635359432034427 2.9692098644455958 -0.13388089127600367 1 
	29.635359432034427 2.9692098644455958 0 1 
	29.864995470175391 0.031523350283110554 0 1 
	29.864995470175391 0.031523350283110554 0.13388089127600367 1 
	29.787638081540855 0.029303567165810899 0.51181000000000054 0.68211091687932002 
	28.914156924911651 0.0042388802771278246 0.51181000000000054 0.68211091687932002 
	28.836799536266973 0.0020190971610966821 0.13388089127600372 1 
	28.836799536266973 0.0020190971610966821 -0.13388089127600361 1 
	28.914156924911651 0.0042388802771278246 -0.51181000000000054 0.68211091687932002 
	29.787638081540855 0.029303567165810899 -0.51181000000000054 0.68211091687932002 
	29.864995470175391 0.031523350283110554 -0.13388089127600367 1 
	29.864995470175391 0.031523350283110554 0 1 
	29.455925425202381 -5.8076792893265434 0 1 
	29.455925425202381 -5.8076792893265434 0.13388089127600367 1 
	29.379633188069825 -5.7946951620862146 0.51181000000000054 0.68211091687932002 
	28.518179192460888 -5.6480848553068919 0.51181000000000054 0.68211091687932002 
	28.441886955338504 -5.6351007280678367 0.13388089127600372 1 
	28.441886955338504 -5.6351007280678367 -0.13388089127600361 1 
	28.518179192460888 -5.6480848553068919 -0.51181000000000054 0.68211091687932002 
	29.379633188069825 -5.7946951620862146 -0.51181000000000054 0.68211091687932002 
	29.455925425202381 -5.8076792893265434 -0.13388089127600367 1 
	29.455925425202381 -5.8076792893265434 0 1 
	28.817191670657664 -8.708458719159891 0 1 
	28.817191670657664 -8.708458719159891 0.13388089127600367 1 
	28.742525299299707 -8.6881111237689641 0.51181000000000054 0.68211091687932002 
	27.899429771333693 -8.4583561970471042 0.51181000000000054 0.68211091687932002 
	27.824763399970628 -8.4380086016587406 0.13388089127600372 1 
	27.824763399970628 -8.4380086016587406 -0.13388089127600361 1 
	27.899429771333693 -8.4583561970471042 -0.51181000000000054 0.68211091687932002 
	28.742525299299707 -8.6881111237689641 -0.51181000000000054 0.68211091687932002 
	28.817191670657664 -8.708458719159891 -0.13388089127600367 1 
	28.817191670657664 -8.708458719159891 0 1 
	26.712860281524069 -14.220696978044682 0 1 
	26.712860281524069 -14.220696978044682 0.13388089127600367 1 
	26.643629655223048 -14.186110679822487 0.51181000000000054 0.68211091687932002 
	25.861911856806309 -13.795579402768077 0.51181000000000054 0.68211091687932002 
	25.792681230510407 -13.760993104543324 0.13388089127600372 1 
	25.792681230510407 -13.760993104543324 -0.13388089127600361 1 
	25.861911856806309 -13.795579402768077 -0.51181000000000054 0.68211091687932002 
	26.643629655223048 -14.186110679822487 -0.51181000000000054 0.68211091687932002 
	26.712860281524069 -14.220696978044682 -0.13388089127600367 1 
	26.712860281524069 -14.220696978044682 0 1 
	25.247452246936923 -16.831437403182527 0 1 
	25.247452246936923 -16.831437403182527 0.13388089127600367 1 
	25.181916338400406 -16.790277531818944 0.51181000000000054 0.68211091687932002 
	24.441917455317252 -16.325520736436282 0.51181000000000054 0.68211091687932002 
	24.376381546780738 -16.284360865083013 0.13388089127600372 1 
	24.376381546780738 -16.284360865083013 -0.13388089127600361 1 
	24.441917455317252 -16.325520736436282 -0.51181000000000054 0.68211091687932002 
	25.181916338400406 -16.790277531818944 -0.51181000000000054 0.68211091687932002 
	25.247452246936923 -16.831437403182527 -0.13388089127600367 1 
	25.247452246936923 -16.831437403182527 0 1 
	21.603992949900242 -21.531640932402748 0 1 
	21.603992949900242 -21.531640932402748 0.13388089127600367 1 
	21.54779444353338 -21.478435498537678 0.51181000000000054 0.68211091687932002 
	20.913228861531806 -20.877666202492964 0.51181000000000054 0.68211091687932002 
	20.857030355164955 -20.82446076861758 0.13388089127600372 1 
	20.857030355164955 -20.82446076861758 -0.13388089127600361 1 
	20.913228861531806 -20.877666202492964 -0.51181000000000054 0.68211091687932002 
	21.54779444353338 -21.478435498537678 -0.51181000000000054 0.68211091687932002 
	21.603992949900242 -21.531640932402748 -0.13388089127600367 1 
	21.603992949900242 -21.531640932402748 0 1 
	19.426335364311011 -23.620467086502675 0 1 
	19.426335364311011 -23.620467086502675 0.13388089127600367 1 
	19.375581724049081 -23.562044855995733 0.51181000000000054 0.68211091687932002 
	18.802496861903375 -22.902370087069961 0.51181000000000054 0.68211091687932002 
	18.751743221641448 -22.843947856563034 0.13388089127600372 1 
	18.751743221641448 -22.843947856563034 -0.13388089127600361 1 
	18.802496861903375 -22.902370087069961 -0.51181000000000054 0.68211091687932002 
	19.375581724049081 -23.562044855995733 -0.51181000000000054 0.68211091687932002 
	19.426335364311011 -23.620467086502675 -0.13388089127600367 1 
	19.426335364311011 -23.620467086502675 0 1 
	14.536518007641861 -27.0866602329438 0 1 
	14.536518007641861 -27.0866602329438 0.13388089127600367 1 
	14.498198042722024 -27.019424310262469 0.51181000000000054 0.68211091687932002 
	14.065508058395331 -26.260229712971036 0.51181000000000054 0.68211091687932002 
	14.0271880934755 -26.192993790289705 0.13388089127600372 1 
	14.0271880934755 -26.192993790289705 -0.13388089127600361 1 
	14.065508058395331 -26.260229712971036 -0.51181000000000054 0.68211091687932002 
	14.498198042722024 -27.019424310262469 -0.51181000000000054 0.68211091687932002 
	14.536518007641861 -27.0866602329438 -0.13388089127600367 1 
	14.536518007641861 -27.0866602329438 0 1 
	11.824924710275967 -28.463528730660077 0 1 
	11.824924710275967 -28.463528730660077 0.13388089127600367 1 
	11.793330144809559 -28.392882632542477 0.51181000000000054 0.68211091687932002 
	11.436580025988542 -27.595182030377291 0.51181000000000054 0.68211091687932002 
	11.404985460519518 -27.524535932259699 0.13388089127600372 1 
	11.404985460519518 -27.524535932259699 -0.13388089127600361 1 
	11.436580025988542 -27.595182030377291 -0.51181000000000054 0.68211091687932002 
	11.793330144809559 -28.392882632542477 -0.51181000000000054 0.68211091687932002 
	11.824924710275967 -28.463528730660077 -0.13388089127600367 1 
	11.824924710275967 -28.463528730660077 0 1 
	6.0947511258541951 -30.374651815216556 0 1 
	6.0947511258541951 -30.374651815216556 0.13388089127600367 1 
	6.0776141563180968 -30.299183861651699 0.51181000000000054 0.68211091687932002 
	5.8841120198779402 -29.447037266114567 0.51181000000000054 0.68211091687932002 
	5.8669750503444611 -29.37156931254972 0.13388089127600372 1 
	5.8669750503444611 -29.37156931254972 -0.13388089127600361 1 
	5.8841120198779402 -29.447037266114567 -0.51181000000000054 0.68211091687932002 
	6.0776141563180968 -30.299183861651699 -0.51181000000000054 0.68211091687932002 
	6.0947511258541951 -30.374651815216556 -0.13388089127600367 1 
	6.0947511258541951 -30.374651815216556 0 1 
	3.0768632117768457 -30.908592109541715 0 1 
	3.0768632117768457 -30.908592109541715 0.13388089127600367 1 
	3.0671521573469227 -30.831814626333049 0.51181000000000054 0.68211091687932002 
	2.9574997607874631 -29.964881473436289 0.51181000000000054 0.68211091687932002 
	2.947788706357541 -29.888103990227638 0.13388089127600372 1 
	2.947788706357541 -29.888103990227638 -0.13388089127600361 1 
	2.9574997607875462 -29.964881473436289 -0.51181000000000054 0.68211091687932002 
	3.0671521573470057 -30.831814626333049 -0.51181000000000054 0.68211091687932002 
	3.0768632117768457 -30.908592109541715 -0.13388089127600367 1 
	3.0768632117768457 -30.908592109541715 0 1 
	-3.0080964753449733 -31.07409315939417 0 1 
	-3.0080964753449733 -31.07409315939417 0.13388089127600367 1 
	-3.0025728412233645 -30.996901346592466 0.51181000000000054 0.68211091687932002 
	-2.9402027120551955 -30.125289789860943 0.51181000000000054 0.68211091687932002 
	-2.9346790779335876 -30.048097977059246 0.13388089127600372 1 
	-2.9346790779335876 -30.048097977059246 -0.13388089127600361 1 
	-2.9402027120552781 -30.125289789860943 -0.51181000000000054 0.68211091687932002 
	-3.002572841223448 -30.996901346592466 -0.51181000000000054 0.68211091687932002 
	-3.0080964753449733 -31.07409315939417 -0.13388089127600367 1 
	-3.0080964753449733 -31.07409315939417 0 1 
	-6.0744086149706717 -30.705554134234156 0 1 
	-6.0744086149706717 -30.705554134234156 0.13388089127600367 1 
	-6.0613989455910078 -30.629266299072928 0.51181000000000054 0.68211091687932002 
	-5.914500229667361 -29.767862008246436 0.51181000000000054 0.68211091687932002 
	-5.9014905602850343 -29.691574173085218 0.13388089127600372 1 
	-5.9014905602850343 -29.691574173085218 -0.13388089127600361 1 
	-5.914500229667361 -29.767862008246436 -0.51181000000000054 0.68211091687932002 
	-6.0613989455910078 -30.629266299072928 -0.51181000000000054 0.68211091687932002 
	-6.0744086149706717 -30.705554134234156 -0.13388089127600367 1 
	-6.0744086149706717 -30.705554134234156 0 1 
	-11.990151878380946 -29.08403538024471 0 1 
	-11.990151878380946 -29.08403538024471 0.13388089127600367 1 
	-11.962444201619066 -29.011776332820155 0.51181000000000054 0.68211091687932002 
	-11.649582896819343 -28.195863109420237 0.51181000000000054 0.68211091687932002 
	-11.621875220060128 -28.123604061995689 0.13388089127600372 1 
	-11.621875220060128 -28.123604061995689 -0.13388089127600361 1 
	-11.649582896819343 -28.195863109420237 -0.51181000000000054 0.68211091687932002 
	-11.962444201619066 -29.011776332820155 -0.51181000000000054 0.68211091687932002 
	-11.990151878380946 -29.08403538024471 -0.13388089127600367 1 
	-11.990151878380946 -29.08403538024471 0 1 
	-14.838821523518614 -27.831182365840277 0 1 
	-14.838821523518614 -27.831182365840277 0.13388089127600367 1 
	-14.804213238122642 -27.761962782725284 0.51181000000000054 0.68211091687932002 
	-14.413433692814939 -26.980369678363935 0.51181000000000054 0.68211091687932002 
	-14.378825407413615 -26.91115009523287 0.13388089127600372 1 
	-14.378825407413615 -26.91115009523287 -0.13388089127600361 1 
	-14.413433692814939 -26.980369678363935 -0.51181000000000054 0.68211091687932002 
	-14.804213238122642 -27.761962782725284 -0.51181000000000054 0.68211091687932002 
	-14.838821523518614 -27.831182365840277 -0.13388089127600367 1 
	-14.838821523518614 -27.831182365840277 0 1 
	-20.068037587618189 -24.536303093783658 0 1 
	-20.068037587618189 -24.536303093783658 0.13388089127600367 1 
	-20.020535403470447 -24.475207868092909 0.51181000000000054 0.68211091687932002 
	-19.484164366621112 -23.785350967122088 0.51181000000000054 0.68211091687932002 
	-19.436662182478742 -23.724255741447422 0.13388089127600372 1 
	-19.436662182478742 -23.724255741447422 -0.13388089127600361 1 
	-19.484164366621112 -23.785350967122088 -0.51181000000000054 0.68211091687932002 
	-20.020535403470447 -24.475207868092909 -0.51181000000000054 0.68211091687932002 
	-20.068037587618189 -24.536303093783658 -0.13388089127600367 1 
	-20.068037587618189 -24.536303093783658 0 1 
	-22.447887241117172 -22.494622378548705 0 1 
	-22.447887241117172 -22.494622378548705 0.13388089127600367 1 
	-22.394664907366625 -22.438439942342139 0.51181000000000054 0.68211091687932002 
	-21.793704786243534 -21.804055816712854 0.51181000000000054 0.68211091687932002 
	-21.740482452492994 -21.747873380527896 0.13388089127600372 1 
	-21.740482452492994 -21.747873380527896 -0.13388089127600361 1 
	-21.793704786243534 -21.804055816712854 -0.51181000000000054 0.68211091687932002 
	-22.394664907366625 -22.438439942342139 -0.51181000000000054 0.68211091687932002 
	-22.447887241117172 -22.494622378548705 -0.13388089127600367 1 
	-22.447887241117172 -22.494622378548705 0 1 
	-26.525183655240255 -17.787548463088708 0 1 
	-26.525183655240255 -17.787548463088708 0.13388089127600367 1 
	-26.46198332699376 -17.742885262918243 0.51181000000000054 0.68211091687932002 
	-25.748356654902118 -17.238570620966026 0.51181000000000054 0.68211091687932002 
	-25.68515632665564 -17.193907420773964 0.13388089127600372 1 
	-25.68515632665564 -17.193907420773964 -0.13388089127600361 1 
	-25.748356654902118 -17.238570620966026 -0.51181000000000054 0.68211091687932002 
	-26.46198332699376 -17.742885262918243 -0.51181000000000054 0.68211091687932002 
	-26.525183655240255 -17.787548463088708 -0.13388089127600367 1 
	-26.525183655240255 -17.787548463088708 0 1 
	-28.222060248838289 -15.122692696434271 0 1 
	-28.222060248838289 -15.122692696434271 0.13388089127600367 1 
	-28.154813443087214 -15.084391927107434 0.51181000000000054 0.68211091687932002 
	-27.395495959689725 -14.651918689859514 0.51181000000000054 0.68211091687932002 
	-27.328249153949532 -14.613617920538127 0.13388089127600372 1 
	-27.328249153949532 -14.613617920538127 -0.13388089127600361 1 
	-27.395495959689725 -14.651918689859514 -0.51181000000000054 0.68211091687932002 
	-28.154813443087214 -15.084391927107434 -0.51181000000000054 0.68211091687932002 
	-28.222060248838289 -15.122692696434271 -0.13388089127600367 1 
	-28.222060248838289 -15.122692696434271 0 1 
	-30.775338774414045 -9.391550341369209 0 1 
	-30.775338774414045 -9.391550341369209 0.13388089127600367 1 
	-30.70189018593118 -9.3671702950973472 0.51181000000000054 0.68211091687932002 
	-29.872545256414568 -9.0918829386554556 0.51181000000000054 0.68211091687932002 
	-29.799096667920821 -9.0675028923781564 0.13388089127600372 1 
	-29.799096667920821 -9.0675028923781564 -0.13388089127600361 1 
	-29.872545256414568 -9.0918829386554556 -0.51181000000000054 0.68211091687932002 
	-30.70189018593118 -9.3671702950973472 -0.51181000000000054 0.68211091687932002 
	-30.775338774414045 -9.391550341369209 -0.13388089127600367 1 
	-30.775338774414045 -9.391550341369209 0 1 
	-31.631348858415322 -6.3259489479879845 0 1 
	-31.631348858415322 -6.3259489479879845 0.13388089127600367 1 
	-31.555876337192132 -6.308832311508672 0.51181000000000054 0.68211091687932002 
	-30.703678165803964 -6.1155597658265206 0.51181000000000054 0.68211091687932002 
	-30.628205644569825 -6.0984431293472099 0.13388089127600372 1 
	-30.628205644569825 -6.0984431293472099 -0.13388089127600361 1 
	-30.703678165803964 -6.1155597658265206 -0.51181000000000054 0.68211091687932002 
	-31.555876337192132 -6.308832311508672 -0.51181000000000054 0.68211091687932002 
	-31.631348858415322 -6.3259489479879845 -0.13388089127600367 1 
	-31.631348858415322 -6.3259489479879845 0 1 
	-32.415655743110221 -0.053884546183730758 0 1 
	-32.415655743110221 -0.053884546183730758 0.13388089127600367 1 
	-32.338292306636269 -0.051889703453882663 0.51181000000000054 0.68211091687932002 
	-31.464742860931615 -0.029364931533033042 0.51181000000000054 0.68211091687932002 
	-31.387379424468634 -0.027370088803184076 0.13388089127600372 1 
	-31.387379424468634 -0.027370088803184076 -0.13388089127600361 1 
	-31.464742860931615 -0.029364931533033042 -0.51181000000000054 0.68211091687932002 
	-32.338292306636269 -0.051889703453882663 -0.51181000000000054 0.68211091687932002 
	-32.415655743110221 -0.053884546183730758 -0.13388089127600367 1 
	-32.415655743110221 -0.053884546183730758 0 1 
	-32.343775891177714 3.1518032132981846 0 1 
	-32.343775891177714 3.1518032132981846 0.13388089127600367 1 
	-32.266585527045152 3.1462599916623808 0.51181000000000054 0.68211091687932002 
	-31.394990328001207 3.0836686900244517 0.51181000000000054 0.68211091687932002 
	-31.317799963857613 3.0781254683886483 0.13388089127600372 1 
	-31.317799963857613 3.0781254683886483 -0.13388089127600361 1 
	-31.394990328001207 3.0836686900244517 -0.51181000000000054 0.68211091687932002 
	-32.266585527045152 3.1462599916623808 -0.51181000000000054 0.68211091687932002 
	-32.343775891177714 3.1518032132981846 -0.13388089127600367 1 
	-32.343775891177714 3.1518032132981846 0 1 
	-31.264555884926569 9.427334326417057 0 1 
	-31.264555884926569 9.427334326417057 0.13388089127600367 1 
	-31.189948398382612 9.4067721629233638 0.51181000000000054 0.68211091687932002 
	-30.347517768479367 9.1745944399198844 0.51181000000000054 0.68211091687932002 
	-30.272910281946469 9.154032276426193 0.13388089127600372 1 
	-30.272910281946469 9.154032276426193 -0.13388089127600361 1 
	-30.347517768479367 9.1745944399198844 -0.51181000000000054 0.68211091687932002 
	-31.189948398382612 9.4067721629233638 -0.51181000000000054 0.68211091687932002 
	-31.264555884926569 9.427334326417057 -0.13388089127600367 1 
	-31.264555884926569 9.427334326417057 0 1 
	-30.257272860169955 12.496378804942012 0 1 
	-30.257272860169955 12.496378804942012 0.13388089127600367 1 
	-30.185020467792356 12.468653899950731 0.51181000000000054 0.68211091687932002 
	-29.369182389800628 12.155598062511224 0.51181000000000054 0.68211091687932002 
	-29.296929997423046 12.127873157517165 0.13388089127600372 1 
	-29.296929997423046 12.127873157517165 -0.13388089127600361 1 
	-29.369182389800628 12.155598062511224 -0.51181000000000054 0.68211091687932002 
	-30.185020467792356 12.468653899950731 -0.51181000000000054 0.68211091687932002 
	-30.257272860169955 12.496378804942012 -0.13388089127600367 1 
	-30.257272860169955 12.496378804942012 0 1 
	-27.380838442347457 18.229665927930498 0 1 
	-27.380838442347457 18.229665927930498 0.13388089127600367 1 
	-27.315419891436473 18.188319927492653 0.51181000000000054 0.68211091687932002 
	-26.576746152294337 17.721461455166427 0.51181000000000054 0.68211091687932002 
	-26.511327601383368 17.680115454731375 0.13388089127600372 1 
	-26.511327601383368 17.680115454731375 -0.13388089127600361 1 
	-26.576746152294337 17.721461455166427 -0.51181000000000054 0.68211091687932002 
	-27.315419891436473 18.188319927492653 -0.51181000000000054 0.68211091687932002 
	-27.380838442347457 18.229665927930498 -0.13388089127600367 1 
	-27.380838442347457 18.229665927930498 0 1 
	-25.511976366847595 20.8931555272876 0 1 
	-25.511976366847595 20.8931555272876 0.13388089127600367 1 
	-25.450891809078485 20.845639694928256 0.51181000000000054 0.68211091687932002 
	-24.761155364834128 20.309114549113811 0.51181000000000054 0.68211091687932002 
	-24.700070807065025 20.261598716743272 0.13388089127600372 1 
	-24.700070807065025 20.261598716743272 -0.13388089127600361 1 
	-24.761155364834128 20.309114549113811 -0.51181000000000054 0.68211091687932002 
	-25.450891809078485 20.845639694928256 -0.51181000000000054 0.68211091687932002 
	-25.511976366847595 20.8931555272876 -0.13388089127600367 1 
	-25.511976366847595 20.8931555272876 0 1 
	-21.062090250615093 25.57768235143859 0 1 
	-21.062090250615093 25.57768235143859 0.13388089127600367 1 
	-21.011501151906156 25.519117681104984 0.51181000000000054 0.68211091687932002 
	-20.440274211205956 24.857834552605308 0.51181000000000054 0.68211091687932002 
	-20.389685112497023 24.799269882282914 0.13388089127600372 1 
	-20.389685112497023 24.799269882282914 -0.13388089127600361 1 
	-20.440274211205956 24.857834552605308 -0.51181000000000054 0.68211091687932002 
	-21.011501151906156 25.519117681104984 -0.51181000000000054 0.68211091687932002 
	-21.062090250615093 25.57768235143859 -0.13388089127600367 1 
	-21.062090250615093 25.57768235143859 0 1 
	-18.481565791400403 27.598078807545761 0 1 
	-18.481565791400403 27.598078807545761 0.13388089127600367 1 
	-18.436915847397589 27.534869164222524 0.51181000000000054 0.68211091687932002 
	-17.932750887576344 26.821137310890229 0.51181000000000054 0.68211091687932002 
	-17.888100943570716 26.757927667561354 0.13388089127600372 1 
	-17.888100943570716 26.757927667561354 -0.13388089127600361 1 
	-17.932750887576344 26.821137310890229 -0.51181000000000054 0.68211091687932002 
	-18.436915847397589 27.534869164222524 -0.51181000000000054 0.68211091687932002 
	-18.481565791400403 27.598078807545761 -0.13388089127600367 1 
	-18.481565791400403 27.598078807545761 0 1 
	-12.822233521974461 30.811243959479139 0 1 
	-12.822233521974461 30.811243959479139 0.13388089127600367 1 
	-12.790835626976314 30.740510313362233 0.51181000000000054 0.68211091687932002 
	-12.436306213310946 29.941821162764519 0.51181000000000054 0.68211091687932002 
	-12.404908318315622 29.871087516653258 0.13388089127600372 1 
	-12.404908318315622 29.871087516653258 -0.13388089127600361 1 
	-12.436306213310946 29.941821162764519 -0.51181000000000054 0.68211091687932002 
	-12.790835626976314 30.740510313362233 -0.51181000000000054 0.68211091687932002 
	-12.822233521974461 30.811243959479139 -0.13388089127600367 1 
	-12.822233521974461 30.811243959479139 0 1 
	-9.744094933590727 32.003541740157118 0 1 
	-9.744094933590727 32.003541740157118 0.13388089127600367 1 
	-9.7197292365577663 31.930088433042521 0.51181000000000054 0.68211091687932002 
	-9.4446039046037935 31.100690223348042 0.51181000000000054 0.68211091687932002 
	-9.4202382075694135 31.027236916256204 0.13388089127600372 1 
	-9.4202382075694135 31.027236916256204 -0.13388089127600361 1 
	-9.4446039046037935 31.100690223348042 -0.51181000000000054 0.68211091687932002 
	-9.7197292365577663 31.930088433042521 -0.51181000000000054 0.68211091687932002 
	-9.744094933590727 32.003541740157118 -0.13388089127600367 1 
	-9.744094933590727 32.003541740157118 0 1 
	-3.3498718146489015 33.444704100288249 0 1 
	-3.3498718146489015 33.444704100288249 0.13388089127600367 1 
	-3.3403720966256363 33.367900253610301 0.51181000000000054 0.68211091687932002 
	-3.2331060056727376 32.500669417262749 0.51181000000000054 0.68211091687932002 
	-3.2236062876508953 32.423865570562072 0.13388089127600372 1 
	-3.2236062876508953 32.423865570562072 -0.13388089127600361 1 
	-3.2331060056727376 32.500669417262749 -0.51181000000000054 0.68211091687932002 
	-3.3403720966256363 33.367900253610301 -0.51181000000000054 0.68211091687932002 
	-3.3498718146489015 33.444704100288249 -0.13388089127600367 1 
	-3.3498718146489015 33.444704100288249 0 1 
	-0.03457011490182052 33.693311161076565 0 1 
	-0.03457011490182052 33.693311161076565 0.13388089127600367 1 
	-0.032589300797449851 33.615947403949491 0.51181000000000054 0.68211091687932002 
	-0.010222933139735022 32.742394337344443 0.51181000000000054 0.68211091687932002 
	-0.0082421190353630484 32.665030580205944 0.13388089127600372 1 
	-0.0082421190353630484 32.665030580205944 -0.13388089127600361 1 
	-0.010222933139735022 32.742394337344443 -0.51181000000000054 0.68211091687932002 
	-0.032589300797449851 33.615947403949491 -0.51181000000000054 0.68211091687932002 
	-0.03457011490182052 33.693311161076565 -0.13388089127600367 1 
	-0.03457011490182052 33.693311161076565 0 1 
	6.5492029024725209 33.211741322307148 0 1 
	6.5492029024725209 33.211741322307148 0.13388089127600367 1 
	6.5359855690733069 33.13548926242013 0.51181000000000054 0.68211091687932002 
	6.3867420143342946 32.274488928410328 0.51181000000000054 0.68211091687932002 
	6.373524680935085 32.198236868534771 0.13388089127600372 1 
	6.373524680935085 32.198236868534771 -0.13388089127600361 1 
	6.3867420143342946 32.274488928410328 -0.51181000000000054 0.68211091687932002 
	6.5359855690733069 33.13548926242013 -0.51181000000000054 0.68211091687932002 
	6.5492029024725209 33.211741322307148 -0.13388089127600367 1 
	6.5492029024725209 33.211741322307148 0 1 
	9.816844531963353 32.48154580228497 0 1 
	9.816844531963353 32.48154580228497 0.13388089127600367 1 
	9.7962698633470815 32.406941803715156 0.51181000000000054 0.68211091687932002 
	9.5639509386772339 31.564550558243745 0.51181000000000054 0.68211091687932002 
	9.5433762700580864 31.489946559685482 0.13388089127600372 1 
	9.5433762700580864 31.489946559685482 -0.13388089127600361 1 
	9.5639509386772339 31.564550558243745 -0.51181000000000054 0.68211091687932002 
	9.7962698633470815 32.406941803715156 -0.51181000000000054 0.68211091687932002 
	9.816844531963353 32.48154580228497 -0.13388089127600367 1 
	9.816844531963353 32.48154580228497 0 1 
	16.02054663888093 30.091699064325816 0 1 
	16.02054663888093 30.091699064325816 0.13388089127600367 1 
	15.985752001426736 30.02257304324753 0.51181000000000054 0.68211091687932002 
	15.592868261416465 29.242036394983963 0.51181000000000054 0.68211091687932002 
	15.558073623965152 29.172910373894162 0.13388089127600372 1 
	15.558073623965152 29.172910373894162 -0.13388089127600361 1 
	15.592868261416465 29.242036394983963 -0.51181000000000054 0.68211091687932002 
	15.985752001426736 30.02257304324753 -0.51181000000000054 0.68211091687932002 
	16.02054663888093 30.091699064325816 -0.13388089127600367 1 
	16.02054663888093 30.091699064325816 0 1 
	18.955802351468407 28.43227310195806 0 1 
	18.955802351468407 28.43227310195806 0.13388089127600367 1 
	18.914446266137233 28.366860971083309 0.51181000000000054 0.68211091687932002 
	18.447473920137977 27.628259723844948 0.51181000000000054 0.68211091687932002 
	18.406117834806814 27.562847592981811 0.13388089127600372 1 
	18.406117834806814 27.562847592981811 -0.13388089127600361 1 
	18.447473920137977 27.628259723844948 -0.51181000000000054 0.68211091687932002 
	18.914446266137233 28.366860971083309 -0.51181000000000054 0.68211091687932002 
	18.955802351468407 28.43227310195806 -0.13388089127600367 1 
	18.955802351468407 28.43227310195806 0 1 
	24.234814796655911 24.314871291194084 0 1 
	24.234814796655911 24.314871291194084 0.13388089127600367 1 
	24.181442881709746 24.258831025772089 0.51181000000000054 0.68211091687932002 
	23.578793764188529 23.626052221761885 0.51181000000000054 0.68211091687932002 
	23.52542184924237 23.57001195632829 0.13388089127600372 1 
	23.52542184924237 23.57001195632829 -0.13388089127600361 1 
	23.578793764188529 23.626052221761885 -0.51181000000000054 0.68211091687932002 
	24.181442881709746 24.258831025772089 -0.51181000000000054 0.68211091687932002 
	24.234814796655911 24.314871291194084 -0.13388089127600367 1 
	24.234814796655911 24.314871291194084 0 1 
	26.577862287351273 21.857348309176633 0 1 
	26.577862287351273 21.857348309176633 0.13388089127600367 1 
	26.519290488337887 21.806767521251864 0.51181000000000054 0.68211091687932002 
	25.857926866221721 21.235634421768125 0.51181000000000054 0.68211091687932002 
	25.799355067214204 21.185053633837505 0.13388089127600372 1 
	25.799355067214204 21.185053633837505 -0.13388089127600361 1 
	25.857926866221721 21.235634421768125 -0.51181000000000054 0.68211091687932002 
	26.519290488337887 21.806767521251864 -0.51181000000000054 0.68211091687932002 
	26.577862287351273 21.857348309176633 -0.13388089127600367 1 
	26.577862287351273 21.857348309176633 0 1 
	30.46036278251821 16.345976884942818 0 1 
	30.46036278251821 16.345976884942818 0.13388089127600367 1 
	30.393015178025646 16.307853769777193 0.51181000000000054 0.68211091687932002 
	29.632559525277532 15.877386514922625 0.51181000000000054 0.68211091687932002 
	29.565211920779124 15.839263399762855 0.13388089127600372 1 
	29.565211920779124 15.839263399762855 -0.13388089127600361 1 
	29.632559525277532 15.877386514922625 -0.51181000000000054 0.68211091687932002 
	30.393015178025646 16.307853769777193 -0.51181000000000054 0.68211091687932002 
	30.46036278251821 16.345976884942818 -0.13388089127600367 1 
	30.46036278251821 16.345976884942818 0 1 
	31.999265295149918 13.292772542521869 0 1 
	31.999265295149918 13.292772542521869 0.13388089127600367 1 
	31.92852764017977 13.261383770316051 0.51181000000000054 0.68211091687932002 
	31.129793223500084 12.906957366637258 0.51181000000000054 0.68211091687932002 
	31.059055568518168 12.875568594431449 0.13388089127600372 1 
	31.059055568518168 12.875568594431449 -0.13388089127600361 1 
	31.129793223500084 12.906957366637258 -0.51181000000000054 0.68211091687932002 
	31.92852764017977 13.261383770316051 -0.51181000000000054 0.68211091687932002 
	31.999265295149918 13.292772542521869 -0.13388089127600367 1 
	31.999265295149918 13.292772542521869 0 1 
	34.128342051874277 6.8469611556271142 0 1 
	34.128342051874277 6.8469611556271142 0.13388089127600367 1 
	34.052825129691115 6.8300417787846746 0.51181000000000054 0.68211091687932002 
	33.200125604945768 6.6389965908148918 0.51181000000000054 0.68211091687932002 
	33.124608682774394 6.6220772139724513 0.13388089127600372 1 
	33.124608682774394 6.6220772139724513 -0.13388089127600361 1 
	33.200125604945768 6.6389965908148918 -0.51181000000000054 0.68211091687932002 
	34.052825129691115 6.8300417787846746 -0.51181000000000054 0.68211091687932002 
	34.128342051874277 6.8469611556271142 -0.13388089127600367 1 
	34.128342051874277 6.8469611556271142 0 1 
	34.718174778883771 3.4551358616879875 0 1 
	34.718174778883771 3.4551358616879875 0.13388089127600367 1 
	34.641369863345801 3.4456450807252184 0.51181000000000054 0.68211091687932002 
	33.774126957927145 3.3384799025987695 0.51181000000000054 0.68211091687932002 
	33.697322042377316 3.3289891216360918 0.13388089127600372 1 
	33.697322042377316 3.3289891216360918 -0.13388089127600361 1 
	33.774126957927145 3.3384799025987695 -0.51181000000000054 0.68211091687932002 
	34.641369863345801 3.445645080725217 -0.51181000000000054 0.68211091687932002 
	34.718174778883771 3.4551358616879875 -0.13388089127600367 1 
	34.718174778883771 3.4551358616879875 0 1 
	34.884505800400014 -3.3779151157719185 0 1 
	34.884505800400014 -3.3779151157719185 0.13388089127600367 1 
	34.807330094788981 -3.3721722560106544 0.51181000000000054 0.68211091687932002 
	33.935900412746719 -3.3073267399585173 0.51181000000000054 0.68211091687932002 
	33.858724707147552 -3.3015838801973443 0.13388089127600372 1 
	33.858724707147552 -3.3015838801973443 -0.13388089127600361 1 
	33.935900412746719 -3.3073267399585173 -0.51181000000000054 0.68211091687932002 
	34.807330094788981 -3.3721722560106531 -0.51181000000000054 0.68211091687932002 
	34.884505800400014 -3.3779151157719185 -0.13388089127600367 1 
	34.884505800400014 -3.3779151157719185 0 1 
	34.460904206974718 -6.8182877340157155 0 1 
	34.460904206974718 -6.8182877340157155 0.13388089127600367 1 
	34.384653557993786 -6.8050624683798979 0.51181000000000054 0.68211091687932002 
	33.523669155217206 -6.6557293468225289 0.51181000000000054 0.68211091687932002 
	33.447418506248233 -6.6425040811897009 0.13388089127600372 1 
	33.447418506248233 -6.6425040811897009 -0.13388089127600361 1 
	33.523669155217206 -6.6557293468225289 -0.51181000000000054 0.68211091687932002 
	34.384653557993786 -6.8050624683798979 -0.51181000000000054 0.68211091687932002 
	34.460904206974718 -6.8182877340157155 -0.13388089127600367 1 
	34.460904206974718 -6.8182877340157155 0 1 
	32.623020247480952 -13.450150656006556 0 1 
	32.623020247480952 -13.450150656006556 0.13388089127600367 1 
	32.550839154264807 -13.42224082092401 0.51181000000000054 0.68211091687932002 
	31.735806150816156 -13.107096844858479 0.51181000000000054 0.68211091687932002 
	31.663625057588089 -13.079187009772951 0.13388089127600372 1 
	31.663625057588089 -13.079187009772951 -0.13388089127600361 1 
	31.735806150816156 -13.107096844858479 -0.51181000000000054 0.68211091687932002 
	32.550839154264807 -13.42224082092401 -0.51181000000000054 0.68211091687932002 
	32.623020247480952 -13.450150656006556 -0.13388089127600367 1 
	32.623020247480952 -13.450150656006556 0 1 
	31.208891615245612 -16.640790041279214 0 1 
	31.208891615245612 -16.640790041279214 0.13388089127600367 1 
	31.13976883170967 -16.605989048836292 0.51181000000000054 0.68211091687932002 
	30.359268740186586 -16.213033551355526 0.51181000000000054 0.68211091687932002 
	30.290145956650662 -16.178232558906601 0.13388089127600372 1 
	30.290145956650662 -16.178232558906601 -0.13388089127600361 1 
	30.359268740186586 -16.213033551355526 -0.51181000000000054 0.68211091687932002 
	31.13976883170967 -16.605989048836292 -0.51181000000000054 0.68211091687932002 
	31.208891615245612 -16.640790041279214 -0.13388089127600367 1 
	31.208891615245612 -16.640790041279214 0 1 
	27.499085186839505 -22.492482388047716 0 1 
	27.499085186839505 -22.492482388047716 0.13388089127600367 1 
	27.438121375292624 -22.444811831562994 0.51181000000000054 0.68211091687932002 
	26.749748337334282 -21.90653961807633 0.51181000000000054 0.68211091687932002 
	26.688784525787412 -21.858869061597623 0.13388089127600372 1 
	26.688784525787412 -21.858869061597623 -0.13388089127600361 1 
	26.749748337334282 -21.90653961807633 -0.51181000000000054 0.68211091687932002 
	27.438121375292624 -22.444811831562994 -0.51181000000000054 0.68211091687932002 
	27.499085186839505 -22.492482388047716 -0.13388089127600367 1 
	27.499085186839505 -22.492482388047716 0 1 
	25.203804752070901 -25.152760838824136 0 1 
	25.203804752070901 -25.152760838824136 0.13388089127600367 1 
	25.147768805229259 -25.099384438451491 0.51181000000000054 0.68211091687932002 
	24.515038764495376 -24.496684673722051 0.51181000000000054 0.68211091687932002 
	24.459002817647704 -24.443308273355456 0.13388089127600372 1 
	24.459002817647704 -24.443308273355456 -0.13388089127600361 1 
	24.515038764495376 -24.496684673722051 -0.51181000000000054 0.68211091687932002 
	25.147768805229259 -25.099384438451491 -0.51181000000000054 0.68211091687932002 
	25.203804752070901 -25.152760838824136 -0.13388089127600367 1 
	25.203804752070901 -25.152760838824136 0 1 
	19.918974977513798 -29.705282920166216 0 1 
	19.918974977513798 -29.705282920166216 0.13388089127600367 1 
	19.874483962944648 -29.64196138297234 0.51181000000000054 0.68211091687932002 
	19.372113555314058 -28.926966079672393 0.51181000000000054 0.68211091687932002 
	19.327622540750966 -28.863644542472482 0.13388089127600372 1 
	19.327622540750966 -28.863644542472482 -0.13388089127600361 1 
	19.372113555314058 -28.926966079672393 -0.51181000000000054 0.68211091687932002 
	19.874483962944648 -29.64196138297234 -0.51181000000000054 0.68211091687932002 
	19.918974977513798 -29.705282920166216 -0.13388089127600367 1 
	19.918974977513798 -29.705282920166216 0 1 
	16.930035227185773 -31.596897028451405 0 1 
	16.930035227185773 -31.596897028451405 0.13388089127600367 1 
	16.89191677467765 -31.529546822617139 0.51181000000000054 0.68211091687932002 
	16.461502168173961 -30.769061796839587 0.51181000000000054 0.68211091687932002 
	16.42338371565976 -30.701711590993153 0.13388089127600372 1 
	16.42338371565976 -30.701711590993153 -0.13388089127600361 1 
	16.461502168173961 -30.769061796839587 -0.51181000000000054 0.68211091687932002 
	16.89191677467765 -31.529546822617139 -0.51181000000000054 0.68211091687932002 
	16.930035227185773 -31.596897028451405 -0.13388089127600367 1 
	16.930035227185773 -31.596897028451405 0 1 
	10.508064256917624 -34.437224490496646 0 1 
	10.508064256917624 -34.437224490496646 0.13388089127600367 1 
	10.48388137387497 -34.363710853591336 0.51181000000000054 0.68211091687932002 
	10.210820286644998 -33.533631429712067 0.51181000000000054 0.68211091687932002 
	10.186637403608437 -33.460117792818977 0.13388089127600372 1 
	10.186637403608437 -33.460117792818977 -0.13388089127600361 1 
	10.210820286644998 -33.533631429712067 -0.51181000000000054 0.68211091687932002 
	10.48388137387497 -34.363710853591336 -0.51181000000000054 0.68211091687932002 
	10.508064256917624 -34.437224490496646 -0.13388089127600367 1 
	10.508064256917624 -34.437224490496646 0 1 
	7.0758045107966456 -35.385510142588394 0 1 
	7.0758045107966456 -35.385510142588394 0.13388089127600367 1 
	7.0588895026415521 -35.309992274780697 0.51181000000000054 0.68211091687932002 
	6.8678936437105289 -34.457282072594907 0.51181000000000054 0.68211091687932002 
	6.850978635555439 -34.381764204799474 0.13388089127600372 1 
	6.850978635555439 -34.381764204799474 -0.13388089127600361 1 
	6.8678936437105289 -34.457282072594907 -0.51181000000000054 0.68211091687932002 
	7.0588895026415521 -35.309992274780697 -0.51181000000000054 0.68211091687932002 
	7.0758045107966456 -35.385510142588394 -0.13388089127600367 1 
	7.0758045107966456 -35.385510142588394 0 1 
	0.059332434137971714 -36.243968771275171 0 1 
	0.059332434137971714 -36.243968771275171 0.13388089127600367 1 
	0.057542257915587591 -36.166600424268815 0.51181000000000054 0.68211091687932002 
	0.037328478400915771 -35.292995530994375 0.51181000000000054 0.68211091687932002 
	0.035538302178532516 -35.215627183975769 0.13388089127600372 1 
	0.035538302178532516 -35.215627183975769 -0.13388089127600361 1 
	0.037328478400915771 -35.292995530994375 -0.51181000000000054 0.68211091687932002 
	0.057542257915587591 -36.166600424268815 -0.51181000000000054 0.68211091687932002 
	0.059332434137971714 -36.243968771275171 -0.13388089127600367 1 
	0.059332434137971714 -36.243968771275171 0 1 
	-3.5240116760101077 -36.153955830891292 0 1 
	-3.5240116760101077 -36.153955830891292 0.13388089127600367 1 
	-3.5182652107917285 -36.076780425356333 0.51181000000000054 0.68211091687932002 
	-3.4533789837279945 -35.205354131458577 0.51181000000000054 0.68211091687932002 
	-3.4476325185111594 -35.128178725935967 0.13388089127600372 1 
	-3.4476325185111594 -35.128178725935967 -0.13388089127600361 1 
	-3.4533789837279945 -35.205354131458577 -0.51181000000000054 0.68211091687932002 
	-3.5182652107917285 -36.076780425356333 -0.51181000000000054 0.68211091687932002 
	-3.5240116760101077 -36.153955830891292 -0.13388089127600367 1 
	-3.5240116760101077 -36.153955830891292 0 1 
	-10.533421634499916 -34.929604477776373 0 1 
	-10.533421634499916 -34.929604477776373 0.13388089127600367 1 
	-10.512664928812752 -34.85505097856764 0.51181000000000054 0.68211091687932002 
	-10.278290532101845 -34.013229946699461 0.51181000000000054 0.68211091687932002 
	-10.257533826413143 -33.938676447478393 0.13388089127600372 1 
	-10.257533826413143 -33.938676447478393 -0.13388089127600361 1 
	-10.278290532101845 -34.013229946699461 -0.51181000000000054 0.68211091687932002 
	-10.512664928812752 -34.85505097856764 -0.51181000000000054 0.68211091687932002 
	-10.533421634499916 -34.929604477776373 -0.13388089127600367 1 
	-10.533421634499916 -34.929604477776373 0 1 
	-13.958596950297581 -33.795341317384739 0 1 
	-13.958596950297581 -33.795341317384739 0.13388089127600367 1 
	-13.930684530888001 -33.723161256680541 0.51181000000000054 0.68211091687932002 
	-13.61551137391583 -32.908139911983618 0.51181000000000054 0.68211091687932002 
	-13.587598954506252 -32.835959851279426 0.13388089127600372 1 
	-13.587598954506252 -32.835959851279426 -0.13388089127600361 1 
	-13.61551137391583 -32.908139911983618 -0.51181000000000054 0.68211091687932002 
	-13.930684530888001 -33.723161256680541 -0.51181000000000054 0.68211091687932002 
	-13.958596950297581 -33.795341317384739 -0.13388089127600367 1 
	-13.958596950297581 -33.795341317384739 0 1 
	-20.352032935769302 -30.566991076047103 0 1 
	-20.352032935769302 -30.566991076047103 0.13388089127600367 1 
	-20.310518800298308 -30.501679202150822 0.51181000000000054 0.68211091687932002 
	-19.841761830791125 -29.764210006785035 0.51181000000000054 0.68211091687932002 
	-19.800247695320135 -29.698898132888765 0.13388089127600372 1 
	-19.800247695320135 -29.698898132888765 -0.13388089127600361 1 
	-19.841761830791125 -29.764210006785035 -0.51181000000000054 0.68211091687932002 
	-20.310518800298308 -30.501679202150822 -0.51181000000000054 0.68211091687932002 
	-20.352032935769302 -30.566991076047103 -0.13388089127600367 1 
	-20.352032935769302 -30.566991076047103 0 1 
	-23.319458110422328 -28.473237261767338 0 1 
	-23.319458110422328 -28.473237261767338 0.13388089127600367 1 
	-23.271786025266177 -28.412274684129976 0.51181000000000054 0.68211091687932002 
	-22.733496550757177 -27.72391557891801 0.51181000000000054 0.68211091687932002 
	-22.685824465601041 -27.662953001280652 0.13388089127600372 1 
	-22.685824465601041 -27.662953001280652 -0.13388089127600361 1 
	-22.733496550757177 -27.72391557891801 -0.51181000000000054 0.68211091687932002 
	-23.271786025266177 -28.412274684129976 -0.51181000000000054 0.68211091687932002 
	-23.319458110422328 -28.473237261767338 -0.13388089127600367 1 
	-23.319458110422328 -28.473237261767338 0 1 
	-28.533552237425955 -23.494957599686607 0 1 
	-28.533552237425955 -23.494957599686607 0.13388089127600367 1 
	-28.474859434256679 -23.444517353597252 0.51181000000000054 0.68211091687932002 
	-27.812129493336624 -22.874971182586627 0.51181000000000054 0.68211091687932002 
	-27.753436690167344 -22.824530936497293 0.13388089127600372 1 
	-27.753436690167344 -22.824530936497293 -0.13388089127600361 1 
	-27.812129493336624 -22.874971182586627 -0.51181000000000054 0.68211091687932002 
	-28.474859434256679 -23.444517353597252 -0.51181000000000054 0.68211091687932002 
	-28.533552237425955 -23.494957599686607 -0.13388089127600367 1 
	-28.533552237425955 -23.494957599686607 0 1 
	-30.77951427921111 -20.610997324117434 0 1 
	-30.77951427921111 -20.610997324117434 0.13388089127600367 1 
	-30.716192098406896 -20.566507277359211 0.51181000000000054 0.68211091687932002 
	-30.00118952776085 -20.064147797677968 0.51181000000000054 0.68211091687932002 
	-29.937867346956647 -20.01965775091346 0.13388089127600372 1 
	-29.937867346956647 -20.01965775091346 -0.13388089127600361 1 
	-30.00118952776085 -20.064147797677968 -0.51181000000000054 0.68211091687932002 
	-30.716192098406896 -20.566507277359211 -0.51181000000000054 0.68211091687932002 
	-30.77951427921111 -20.610997324117434 -0.13388089127600367 1 
	-30.77951427921111 -20.610997324117434 0 1 
	-34.346059193760432 -14.292298683917826 0 1 
	-34.346059193760432 -14.292298683917826 0.13388089127600367 1 
	-34.275247245034734 -14.261078005557231 0.51181000000000054 0.68211091687932002 
	-33.475673940376836 -13.908549634036056 0.51181000000000054 0.68211091687932002 
	-33.404861991651146 -13.877328955681756 0.13388089127600372 1 
	-33.404861991651146 -13.877328955681756 -0.13388089127600361 1 
	-33.475673940376836 -13.908549634036056 -0.51181000000000054 0.68211091687932002 
	-34.275247245034734 -14.261078005557231 -0.51181000000000054 0.68211091687932002 
	-34.346059193760432 -14.292298683917826 -0.13388089127600367 1 
	-34.346059193760432 -14.292298683917826 0 1 
	-35.666127013750604 -10.858311890320589 0 1 
	-35.666127013750604 -10.858311890320589 0.13388089127600367 1 
	-35.592613287338921 -10.834129372764542 0.51181000000000054 0.68211091687932002 
	-34.762532852825466 -10.561072412354937 0.51181000000000054 0.68211091687932002 
	-34.689019126426459 -10.53688989479731 0.13388089127600372 1 
	-34.689019126426459 -10.53688989479731 -0.13388089127600361 1 
	-34.762532852825466 -10.561072412354937 -0.51181000000000054 0.68211091687932002 
	-35.592613287338921 -10.834129372764542 -0.51181000000000054 0.68211091687932002 
	-35.666127013750604 -10.858311890320589 -0.13388089127600367 1 
	-35.666127013750604 -10.858311890320589 0 1 
	-37.254048768393055 -3.730533764838567 0 1 
	-37.254048768393055 -3.730533764838567 0.13388089127600367 1 
	-37.177221779169457 -3.7212237783820177 0.51181000000000054 0.68211091687932002 
	-36.309729628874329 -3.6161000419117504 0.51181000000000054 0.68211091687932002 
	-36.23290263963807 -3.6067900554567864 0.13388089127600372 1 
	-36.23290263963807 -3.6067900554567864 -0.13388089127600361 1 
	-36.309729628874329 -3.6161000419117504 -0.51181000000000054 0.68211091687932002 
	-37.177221779169457 -3.7212237783820177 -0.51181000000000054 0.68211091687932002 
	-37.254048768393055 -3.730533764838567 -0.13388089127600367 1 
	-37.254048768393055 -3.730533764838567 0 1 
	-37.521626852101406 -0.037616879494713901 0 1 
	-37.521626852101406 -0.037616879494713901 0.13388089127600367 1 
	-37.444258542847642 -0.035826307698146126 0.51181000000000054 0.68211091687932002 
	-36.570654076188049 -0.0156080615694742 0.51181000000000054 0.68211091687932002 
	-36.493285766947047 -0.0138174897737031 0.13388089127600372 1 
	-36.493285766947047 -0.0138174897737031 -0.13388089127600361 1 
	-36.570654076188049 -0.0156080615694742 -0.51181000000000054 0.68211091687932002 
	-37.444258542847642 -0.035826307698146126 -0.51181000000000054 0.68211091687932002 
	-37.521626852101406 -0.037616879494713901 -0.13388089127600367 1 
	-37.521626852101406 -0.037616879494713901 0 1 
	-36.967557219288224 7.2907265155924321 0 1 
	-36.967557219288224 7.2907265155924321 0.13388089127600367 1 
	-36.891337677511217 7.2773234238921551 0.51181000000000054 0.68211091687932002 
	-36.030704521529742 7.1259823788212096 0.51181000000000054 0.68211091687932002 
	-35.954484979739995 7.1125792871217284 0.13388089127600372 1 
	-35.954484979739995 7.1125792871217284 -0.13388089127600361 1 
	-36.030704521529742 7.1259823788212096 -0.51181000000000054 0.68211091687932002 
	-36.891337677511217 7.2773234238921551 -0.51181000000000054 0.68211091687932002 
	-36.967557219288224 7.2907265155924321 -0.13388089127600367 1 
	-36.967557219288224 7.2907265155924321 0 1 
	-36.145899934026353 10.925230344833784 0 1 
	-36.145899934026353 10.925230344833784 0.13388089127600367 1 
	-36.07134615262526 10.904474757400767 0.51181000000000054 0.68211091687932002 
	-35.229521934388615 10.670112987409007 0.51181000000000054 0.68211091687932002 
	-35.154968152987543 10.649357399972788 0.13388089127600372 1 
	-35.154968152987543 10.649357399972788 -0.13388089127600361 1 
	-35.229521934388615 10.670112987409007 -0.51181000000000054 0.68211091687932002 
	-36.07134615262526 10.904474757400767 -0.51181000000000054 0.68211091687932002 
	-36.145899934026353 10.925230344833784 -0.13388089127600367 1 
	-36.145899934026353 10.925230344833784 0 1 
	-33.470537847013524 17.820396299650088 0 1 
	-33.470537847013524 17.820396299650088 0.13388089127600367 1 
	-33.401495762282622 17.785435589354613 0.51181000000000054 0.68211091687932002 
	-32.62190688156312 17.390676637449822 0.51181000000000054 0.68211091687932002 
	-32.552864796832232 17.355715927157569 0.13388089127600372 1 
	-32.552864796832232 17.355715927157569 -0.13388089127600361 1 
	-32.62190688156312 17.390676637449822 -0.51181000000000054 0.68211091687932002 
	-33.401495762282622 17.785435589354613 -0.51181000000000054 0.68211091687932002 
	-33.470537847013524 17.820396299650088 -0.13388089127600367 1 
	-33.470537847013524 17.820396299650088 0 1 
	-31.617093957065961 21.080167299819244 0 1 
	-31.617093957065961 21.080167299819244 0.13388089127600367 1 
	-31.551781089823059 21.038654778491566 0.51181000000000054 0.68211091687932002 
	-30.814300678128493 20.569916035041196 0.51181000000000054 0.68211091687932002 
	-30.74898781087915 20.528403513707069 0.13388089127600372 1 
	-30.74898781087915 20.528403513707069 -0.13388089127600361 1 
	-30.814300678128493 20.569916035041196 -0.51181000000000054 0.68211091687932002 
	-31.551781089823059 21.038654778491566 -0.51181000000000054 0.68211091687932002 
	-31.617093957065961 21.080167299819244 -0.13388089127600367 1 
	-31.617093957065961 21.080167299819244 0 1 
	-27.02574963240108 26.93798866084423 0 1 
	-27.02574963240108 26.93798866084423 0.13388089127600367 1 
	-26.969836221799603 26.88448398287218 0.51181000000000054 0.68211091687932002 
	-26.33848979934357 26.28033577128236 0.51181000000000054 0.68211091687932002 
	-26.282576388748559 26.226831093316772 0.13388089127600372 1 
	-26.282576388748559 26.226831093316772 -0.13388089127600361 1 
	-26.33848979934357 26.28033577128236 -0.51181000000000054 0.68211091687932002 
	-26.969836221799603 26.88448398287218 -0.51181000000000054 0.68211091687932002 
	-27.02574963240108 26.93798866084423 -0.13388089127600367 1 
	-27.02574963240108 26.93798866084423 0 1 
	-24.288361254120012 29.535257488325655 0 1 
	-24.288361254120012 29.535257488325655 0.13388089127600367 1 
	-24.237919036247316 29.476566415365522 0.51181000000000054 0.68211091687932002 
	-23.668350600929106 28.813856011054007 0.51181000000000054 0.68211091687932002 
	-23.61790838305642 28.755164938087386 0.13388089127600372 1 
	-23.61790838305642 28.755164938087386 -0.13388089127600361 1 
	-23.668350600929106 28.813856011054007 -0.51181000000000054 0.68211091687932002 
	-24.237919036247316 29.476566415365522 -0.51181000000000054 0.68211091687932002 
	-24.288361254120012 29.535257488325655 -0.13388089127600367 1 
	-24.288361254120012 29.535257488325655 0 1 
	-18.155435762165816 33.834065331966961 0 1 
	-18.155435762165816 33.834065331966961 0.13388089127600367 1 
	-18.117470496003723 33.76662871023079 0.51181000000000054 0.68211091687932002 
	-17.688785593527289 33.005167919156001 0.51181000000000054 0.68211091687932002 
	-17.650820327365203 32.937731297426339 0.13388089127600372 1 
	-17.650820327365203 32.937731297426339 -0.13388089127600361 1 
	-17.688785593527289 33.005167919156001 -0.51181000000000054 0.68211091687932002 
	-18.117470496003723 33.76662871023079 -0.51181000000000054 0.68211091687932002 
	-18.155435762165816 33.834065331966961 -0.13388089127600367 1 
	-18.155435762165816 33.834065331966961 0 1 
	-14.760620374795041 35.535001859782739 0 1 
	-14.760620374795041 35.535001859782739 0.13388089127600367 1 
	-14.729396653414442 35.464191281749081 0.51181000000000054 0.68211091687932002 
	-14.376833921544394 34.664633454319493 0.51181000000000054 0.68211091687932002 
	-14.34561020015726 34.593822876285849 0.13388089127600372 1 
	-14.34561020015726 34.593822876285849 -0.13388089127600361 1 
	-14.376833921544394 34.664633454319493 -0.51181000000000054 0.68211091687932002 
	-14.729396653414442 35.464191281749081 -0.51181000000000054 0.68211091687932002 
	-14.760620374795041 35.535001859782739 -0.13388089127600367 1 
	-14.760620374795041 35.535001859782739 0 1 
	-7.5991711853730139 37.882032288388949 0 1 
	-7.5991711853730139 37.882032288388949 0.13388089127600367 1 
	-7.5824264038994187 37.806476540593572 0.51181000000000054 0.68211091687932002 
	-7.3933526600117814 36.95333861613323 0.51181000000000054 0.68211091687932002 
	-7.3766078785447231 36.87778286833786 0.13388089127600372 1 
	-7.3766078785447231 36.87778286833786 -0.13388089127600361 1 
	-7.3933526600117814 36.95333861613323 -0.51181000000000054 0.68211091687932002 
	-7.5824264038994187 37.806476540593572 -0.51181000000000054 0.68211091687932002 
	-7.5991711853730139 37.882032288388949 -0.13388089127600367 1 
	-7.5991711853730139 37.882032288388949 0 1 
	-3.8334085115887886 38.527757448346172 0 1 
	-3.8334085115887886 38.527757448346172 0.13388089127600367 1 
	-3.8240945193793898 38.450930970843913 0.51181000000000054 0.68211091687932002 
	-3.7189255519242037 37.583444598652271 0.51181000000000054 0.68211091687932002 
	-3.7096115597147037 37.506618121150026 0.13388089127600372 1 
	-3.7096115597147037 37.506618121150026 -0.13388089127600361 1 
	-3.7189255519241016 37.583444598652271 -0.51181000000000054 0.68211091687932002 
	-3.8240945193793898 38.450930970843913 -0.51181000000000054 0.68211091687932002 
	-3.8334085115887886 38.527757448346172 -0.13388089127600367 1 
	-3.8334085115887886 38.527757448346172 0 1 
	3.7477337561883806 38.694918441285466 0 1 
	3.7477337561883806 38.694918441285466 0.13388089127600367 1 
	3.7418148569865375 38.617756114174412 0.51181000000000054 0.68211091687932002 
	3.6749815911285291 37.746477495296467 0.51181000000000054 0.68211091687932002 
	3.6690626919265839 37.66931516818542 0.13388089127600372 1 
	3.6690626919265839 37.66931516818542 -0.13388089127600361 1 
	3.674981591128426 37.746477495296467 -0.51181000000000054 0.68211091687932002 
	3.7418148569865375 38.617756114174412 -0.51181000000000054 0.68211091687932002 
	3.7477337561883806 38.694918441285466 -0.13388089127600367 1 
	3.7477337561883806 38.694918441285466 0 1 
	7.5621668531055537 38.216254279792999 0 1 
	7.5621668531055537 38.216254279792999 0.13388089127600367 1 
	7.5487684204140963 38.140033944775723 0.51181000000000054 0.68211091687932002 
	7.3974799825337723 37.279391832131388 0.51181000000000054 0.68211091687932002 
	7.3840815498423167 37.20317149711412 0.13388089127600372 1 
	7.3840815498423167 37.20317149711412 -0.13388089127600361 1 
	7.3974799825337723 37.279391832131388 -0.51181000000000054 0.68211091687932002 
	7.5487684204140963 38.140033944775723 -0.51181000000000054 0.68211091687932002 
	7.5621668531055537 38.216254279792999 -0.13388089127600367 1 
	7.5621668531055537 38.216254279792999 0 1 
	14.910149433587595 36.162005114639406 0 1 
	14.910149433587595 36.162005114639406 0.13388089127600367 1 
	14.882077146328017 36.089887126929526 0.51181000000000054 0.68211091687932002 
	14.56509884113966 35.275566679537931 0.51181000000000054 0.68211091687932002 
	14.537026553880084 35.203448691828065 0.13388089127600372 1 
	14.537026553880084 35.203448691828065 -0.13388089127600361 1 
	14.56509884113966 35.275566679537931 -0.51181000000000054 0.68211091687932002 
	14.882077146328017 36.089887126929526 -0.51181000000000054 0.68211091687932002 
	14.910149433587595 36.162005114639406 -0.13388089127600367 1 
	14.910149433587595 36.162005114639406 0 1 
	18.442758559114377 34.586600864726329 0 1 
	18.442758559114377 34.586600864726329 0.13388089127600367 1 
	18.407802678673132 34.517556362601155 0.51181000000000054 0.68211091687932002 
	18.013098262963151 33.737940185864396 0.51181000000000054 0.68211091687932002 
	17.978142382521916 33.66889568373923 0.13388089127600372 1 
	17.978142382521916 33.66889568373923 -0.13388089127600361 1 
	18.013098262963151 33.737940185864396 -0.51181000000000054 0.68211091687932002 
	18.407802678673132 34.517556362601155 -0.51181000000000054 0.68211091687932002 
	18.442758559114377 34.586600864726329 -0.13388089127600367 1 
	18.442758559114377 34.586600864726329 0 1 
	24.916927188402457 30.461867279820101 0 1 
	24.916927188402457 30.461867279820101 0.13388089127600367 1 
	24.869121258946063 30.40100965946365 0.51181000000000054 0.68211091687932002 
	24.329320481184745 29.713835679579006 0.51181000000000054 0.68211091687932002 
	24.281514551728364 29.652978059222558 0.13388089127600372 1 
	24.281514551728364 29.652978059222558 -0.13388089127600361 1 
	24.329320481184745 29.713835679579006 -0.51181000000000054 0.68211091687932002 
	24.869121258946063 30.40100965946365 -0.51181000000000054 0.68211091687932002 
	24.916927188402457 30.461867279820101 -0.13388089127600367 1 
	24.916927188402457 30.461867279820101 0 1 
	27.85763443659539 27.912987125650478 0 1 
	27.85763443659539 27.912987125650478 0.13388089127600367 1 
	27.804134156679481 27.857069540816433 0.51181000000000054 0.68211091687932002 
	27.200035605691021 27.225675985054995 0.51181000000000054 0.68211091687932002 
	27.146535325768411 27.169758400227646 0.13388089127600372 1 
	27.146535325768411 27.169758400227646 -0.13388089127600361 1 
	27.200035605691021 27.225675985054995 -0.51181000000000054 0.68211091687932002 
	27.804134156679481 27.857069540816433 -0.51181000000000054 0.68211091687932002 
	27.85763443659539 27.912987125650478 -0.13388089127600367 1 
	27.85763443659539 27.912987125650478 0 1 
	32.885382185027758 22.050401491881601 0 1 
	32.885382185027758 22.050401491881601 0.13388089127600367 1 
	32.82196320090938 22.006049618252735 0.51181000000000054 0.68211091687932002 
	32.105867575477276 21.505250320860885 0.51181000000000054 0.68211091687932002 
	32.042448591365606 21.460898447225333 0.13388089127600372 1 
	32.042448591365606 21.460898447225333 -0.13388089127600361 1 
	32.105867575477276 21.505250320860885 -0.51181000000000054 0.68211091687932002 
	32.82196320090938 22.006049618252735 -0.51181000000000054 0.68211091687932002 
	32.885382185027758 22.050401491881601 -0.13388089127600367 1 
	32.885382185027758 22.050401491881601 0 1 
	34.971733808159549 18.737377757983023 0 1 
	34.971733808159549 18.737377757983023 0.13388089127600367 1 
	34.904300501416721 18.699406653284079 0.51181000000000054 0.68211091687932002 
	34.142877141548105 18.270655825013783 0.51181000000000054 0.68211091687932002 
	34.075443834805284 18.232684720318215 0.13388089127600372 1 
	34.075443834805284 18.232684720318215 -0.13388089127600361 1 
	34.142877141548105 18.270655825013783 -0.51181000000000054 0.68211091687932002 
	34.904300501416721 18.699406653284079 -0.51181000000000054 0.68211091687932002 
	34.971733808159549 18.737377757983023 -0.13388089127600367 1 
	34.971733808159549 18.737377757983023 0 1 
	38.099110206484312 11.624578172420172 0 1 
	38.099110206484312 11.624578172420172 0.13388089127600367 1 
	38.025544396937931 11.600554698255896 0.51181000000000054 0.68211091687932002 
	37.194875865509154 11.329293576734402 0.51181000000000054 0.68211091687932002 
	37.121310055962788 11.305270102566764 0.13388089127600372 1 
	37.121310055962788 11.305270102566764 -0.13388089127600361 1 
	37.194875865509154 11.329293576734402 -0.51181000000000054 0.68211091687932002 
	38.025544396937931 11.600554698255896 -0.51181000000000054 0.68211091687932002 
	38.099110206484312 11.624578172420172 -0.13388089127600367 1 
	38.099110206484312 11.624578172420172 0 1 
	39.139671426887318 7.8256600736083488 0 1 
	39.139671426887318 7.8256600736083488 0.13388089127600367 1 
	39.06411729343592 7.8089081190072402 0.51181000000000054 0.68211091687932002 
	38.210997597391334 7.6197533797075696 0.51181000000000054 0.68211091687932002 
	38.135443463939957 7.603001425106461 0.13388089127600372 1 
	38.135443463939957 7.603001425106461 -0.13388089127600361 1 
	38.210997597391334 7.6197533797075696 -0.51181000000000054 0.68211091687932002 
	39.06411729343592 7.8089081190072402 -0.51181000000000054 0.68211091687932002 
	39.139671426887318 7.8256600736083488 -0.13388089127600367 1 
	39.139671426887318 7.8256600736083488 0 1 
	40.07228179931424 0.064780322088919734 0 1 
	40.07228179931424 0.064780322088919734 0.13388089127600367 1 
	39.994909867838118 0.063155735433480242 0.51181000000000054 0.68211091687932002 
	39.121264500761988 0.044811710949194117 0.51181000000000054 0.68211091687932002 
	39.043892569285887 0.043187124293756797 0.13388089127600372 1 
	39.043892569285887 0.043187124293756797 -0.13388089127600361 1 
	39.121264500761988 0.044811710949194117 -0.51181000000000054 0.68211091687932002 
	39.994909867838118 0.063155735433480242 -0.51181000000000054 0.68211091687932002 
	40.07228179931424 0.064780322088919734 -0.13388089127600367 1 
	40.07228179931424 0.064780322088919734 0 1 
	39.964135770681047 -3.8962201387553295 0 1 
	39.964135770681047 -3.8962201387553295 0.13388089127600367 1 
	39.886972856890878 -3.8903091974978281 0.51181000000000054 0.68211091687932002 
	39.015687613496205 -3.8235657888008729 0.51181000000000054 0.68211091687932002 
	38.938524699706051 -3.8176548475450791 0.13388089127600372 1 
	38.938524699706051 -3.8176548475450791 -0.13388089127600361 1 
	39.015687613496205 -3.8235657888008729 -0.51181000000000054 0.68211091687932002 
	39.886972856890878 -3.8903091974978281 -0.51181000000000054 0.68211091687932002 
	39.964135770681047 -3.8962201387553295 -0.13388089127600367 1 
	39.964135770681047 -3.8962201387553295 0 1 
	38.594653070550116 -11.639508942549231 0 1 
	38.594653070550116 -11.639508942549231 0.13388089127600367 1 
	38.520143674286061 -11.618594728344338 0.51181000000000054 0.68211091687932002 
	37.678820630999184 -11.382441823798652 0.51181000000000054 0.68211091687932002 
	37.604311234735142 -11.361527609592057 0.13388089127600372 1 
	37.604311234735142 -11.361527609592057 -0.13388089127600361 1 
	37.678820630999184 -11.382441823798652 -0.51181000000000054 0.68211091687932002 
	38.520143674286061 -11.618594728344338 -0.51181000000000054 0.68211091687932002 
	38.594653070550116 -11.639508942549231 -0.13388089127600367 1 
	38.594653070550116 -11.639508942549231 0 1 
	37.333409774748858 -15.420815095707122 0 1 
	37.333409774748858 -15.420815095707122 0.13388089127600367 1 
	37.26128869091292 -15.39275082670494 0.51181000000000054 0.68211091687932002 
	36.446933283707551 -15.075863059730782 0.51181000000000054 0.68211091687932002 
	36.374812199885355 -15.047798790735468 0.13388089127600372 1 
	36.374812199885355 -15.047798790735468 -0.13388089127600361 1 
	36.446933283707551 -15.075863059730782 -0.51181000000000054 0.68211091687932002 
	37.26128869091292 -15.39275082670494 -0.51181000000000054 0.68211091687932002 
	37.333409774748858 -15.420815095707122 -0.13388089127600367 1 
	37.333409774748858 -15.420815095707122 0 1 
	33.753143709597502 -22.474399943553916 0 1 
	33.753143709597502 -22.474399943553916 0.13388089127600367 1 
	33.687918691742716 -22.432749601798168 0.51181000000000054 0.68211091687932002 
	32.951430231568224 -21.962454658598585 0.51181000000000054 0.68211091687932002 
	32.886205213699732 -21.920804316835987 0.13388089127600372 1 
	32.886205213699732 -21.920804316835987 -0.13388089127600361 1 
	32.951430231568224 -21.962454658598585 -0.51181000000000054 0.68211091687932002 
	33.687918691742716 -22.432749601798168 -0.51181000000000054 0.68211091687932002 
	33.753143709597502 -22.474399943553916 -0.13388089127600367 1 
	33.753143709597502 -22.474399943553916 0 1 
	31.434498156754287 -25.74576069368662 0 1 
	31.434498156754287 -25.74576069368662 0.13388089127600367 1 
	31.373634871341427 -25.697962013131221 0.51181000000000054 0.68211091687932002 
	30.686396924594543 -25.158243086277722 0.51181000000000054 0.68211091687932002 
	30.625533639181683 -25.11044440571543 0.13388089127600372 1 
	30.625533639181683 -25.11044440571543 -0.13388089127600361 1 
	30.686396924594543 -25.158243086277722 -0.51181000000000054 0.68211091687932002 
	31.373634871341427 -25.697962013131221 -0.51181000000000054 0.68211091687932002 
	31.434498156754287 -25.74576069368662 -0.13388089127600367 1 
	31.434498156754287 -25.74576069368662 0 1 
	25.927824948690727 -31.489422123283919 0 1 
	25.927824948690727 -31.489422123283919 0.13388089127600367 1 
	25.877505862437506 -31.430625499845807 0.51181000000000054 0.68211091687932002 
	25.309327767982257 -30.766723272150006 0.51181000000000054 0.68211091687932002 
	25.259008681729039 -30.707926648718811 0.13388089127600372 1 
	25.259008681729039 -30.707926648718811 -0.13388089127600361 1 
	25.309327767982257 -30.766723272150006 -0.51181000000000054 0.68211091687932002 
	25.877505862437506 -31.430625499845807 -0.51181000000000054 0.68211091687932002 
	25.927824948690727 -31.489422123283919 -0.13388089127600367 1 
	25.927824948690727 -31.489422123283919 0 1 
	22.740428856854987 -33.960949750976042 0 1 
	22.740428856854987 -33.960949750976042 0.13388089127600367 1 
	22.696068970279558 -33.89753639834138 0.51181000000000054 0.68211091687932002 
	22.195179194829628 -33.181504360726386 0.51181000000000054 0.68211091687932002 
	22.150819308261152 -33.118091008091731 0.13388089127600372 1 
	22.150819308261152 -33.118091008091731 -0.13388089127600361 1 
	22.195179194829628 -33.181504360726386 -0.51181000000000054 0.68211091687932002 
	22.696068970279558 -33.89753639834138 -0.51181000000000054 0.68211091687932002 
	22.740428856854987 -33.960949750976042 -0.13388089127600367 1 
	22.740428856854987 -33.960949750976042 0 1 
	15.762363845840902 -37.880874427942018 0 1 
	15.762363845840902 -37.880874427942018 0.13388089127600367 1 
	15.731287470552889 -37.809999102726181 0.51181000000000054 0.68211091687932002 
	15.380388497368321 -37.009710182270013 0.51181000000000054 0.68211091687932002 
	15.349312122073373 -36.938834857054175 0.13388089127600372 1 
	15.349312122073373 -36.938834857054175 -0.13388089127600361 1 
	15.380388497368321 -37.009710182270013 -0.51181000000000054 0.68211091687932002 
	15.731287470552889 -37.809999102726181 -0.51181000000000054 0.68211091687932002 
	15.762363845840902 -37.880874427942018 -0.13388089127600367 1 
	15.762363845840902 -37.880874427942018 0 1 
	11.972528847069713 -39.328712287404969 0 1 
	11.972528847069713 -39.328712287404969 0.13388089127600367 1 
	11.94849551517237 -39.255149720487331 0.51181000000000054 0.68211091687932002 
	11.677123085047421 -38.424517803171938 0.51181000000000054 0.68211091687932002 
	11.653089753153575 -38.350955236254308 0.13388089127600372 1 
	11.653089753153575 -38.350955236254308 -0.13388089127600361 1 
	11.677123085047421 -38.424517803171938 -0.51181000000000054 0.68211091687932002 
	11.94849551517237 -39.255149720487331 -0.51181000000000054 0.68211091687932002 
	11.972528847069713 -39.328712287404969 -0.13388089127600367 1 
	11.972528847069713 -39.328712287404969 0 1 
	4.1111957150092282 -41.063393436436897 0 1 
	4.1111957150092282 -41.063393436436897 0.13388089127600367 1 
	4.1020403168696973 -40.986547935747424 0.51181000000000054 0.68211091687932002 
	3.9986621147582184 -40.118846763287856 0.51181000000000054 0.68211091687932002 
	3.9895067166151996 -40.04200126259839 0.13388089127600372 1 
	3.9895067166151996 -40.04200126259839 -0.13388089127600361 1 
	3.9986621147582184 -40.118846763287856 -0.51181000000000054 0.68211091687932002 
	4.1020403168696973 -40.986547935747424 -0.51181000000000054 0.68211091687932002 
	4.1111957150092282 -41.063393436436897 -0.13388089127600367 1 
	4.1111957150092282 -41.063393436436897 0 1 
	0.040663644071994333 -41.349942543222276 0 1 
	0.040663644071994333 -41.349942543222276 0.13388089127600367 1 
	0.039028109763206316 -41.272570863671895 0.51181000000000054 0.68211091687932002 
	0.02056046984111326 -40.398928341156882 0.51181000000000054 0.68211091687932002 
	0.018924935532321774 -40.321556661606508 0.13388089127600372 1 
	0.018924935532321774 -40.321556661606508 -0.13388089127600361 1 
	0.02056046984111326 -40.398928341156882 -0.51181000000000054 0.68211091687932002 
	0.039028109763206316 -41.272570863671895 -0.51181000000000054 0.68211091687932002 
	0.040663644071994333 -41.349942543222276 -0.13388089127600367 1 
	0.040663644071994333 -41.349942543222276 0 1 
	-8.0322501286969992 -40.723373116173299 0 1 
	-8.0322501286969992 -40.723373116173299 0.13388089127600367 1 
	-8.0186955856464888 -40.647180425398474 0.51181000000000054 0.68211091687932002 
	-7.8656444272640558 -39.786850457720774 0.51181000000000054 0.68211091687932002 
	-7.8520898842135427 -39.710657766945971 0.13388089127600372 1 
	-7.8520898842135427 -39.710657766945971 -0.13388089127600361 1 
	-7.8656444272640558 -39.786850457720774 -0.51181000000000054 0.68211091687932002 
	-8.0186955856464888 -40.647180425398474 -0.51181000000000054 0.68211091687932002 
	-8.0322501286969992 -40.723373116173299 -0.13388089127600367 1 
	-8.0322501286969992 -40.723373116173299 0 1 
	-12.033616157758185 -39.810254065870687 0 1 
	-12.033616157758185 -39.810254065870687 0.13388089127600367 1 
	-12.012713034721772 -39.73574157901178 0.51181000000000054 0.68211091687932002 
	-11.776685366196526 -38.89438363813067 0.51181000000000054 0.68211091687932002 
	-11.755782243163647 -38.819871151243518 0.13388089127600372 1 
	-11.755782243163647 -38.819871151243518 -0.13388089127600361 1 
	-11.776685366196526 -38.89438363813067 -0.51181000000000054 0.68211091687932002 
	-12.012713034721772 -39.73574157901178 -0.51181000000000054 0.68211091687932002 
	-12.033616157758185 -39.810254065870687 -0.13388089127600367 1 
	-12.033616157758185 -39.810254065870687 0 1 
	-19.620245960365512 -36.849376629598197 0 1 
	-19.620245960365512 -36.849376629598197 0.13388089127600367 1 
	-19.585149768554714 -36.780403384276475 0.51181000000000054 0.68211091687932002 
	-19.188861026645366 -36.001591804002082 0.51181000000000054 0.68211091687932002 
	-19.153764834831048 -35.932618558708612 0.13388089127600372 1 
	-19.153764834831048 -35.932618558708612 -0.13388089127600361 1 
	-19.188861026645366 -36.001591804002082 -0.51181000000000054 0.68211091687932002 
	-19.585149768554714 -36.780403384276475 -0.51181000000000054 0.68211091687932002 
	-19.620245960365512 -36.849376629598197 -0.13388089127600367 1 
	-19.620245960365512 -36.849376629598197 0 1 
	-23.204532248295841 -34.801914812256463 0 1 
	-23.204532248295841 -34.801914812256463 0.13388089127600367 1 
	-23.162892088493646 -34.736683318041941 0.51181000000000054 0.68211091687932002 
	-22.692712115024328 -34.000121730114735 0.51181000000000054 0.68211091687932002 
	-22.651071955229238 -33.93489023590022 0.13388089127600372 1 
	-22.651071955229238 -33.93489023590022 -0.13388089127600361 1 
	-22.692712115024328 -34.000121730114735 -0.51181000000000054 0.68211091687932002 
	-23.162892088493646 -34.736683318041941 -0.51181000000000054 0.68211091687932002 
	-23.204532248295841 -34.801914812256463 -0.13388089127600367 1 
	-23.204532248295841 -34.801914812256463 0 1 
	-29.641162524906598 -29.736627973525632 0 1 
	-29.641162524906598 -29.736627973525632 0.13388089127600367 1 
	-29.5875495027989 -29.680818524506851 0.51181000000000054 0.68211091687932002 
	-28.982177922966613 -29.05064598453037 0.51181000000000054 0.68211091687932002 
	-28.928564900851828 -28.994836535511595 0.13388089127600372 1 
	-28.928564900851828 -28.994836535511595 -0.13388089127600361 1 
	-28.982177922966613 -29.05064598453037 -0.51181000000000054 0.68211091687932002 
	-29.5875495027989 -29.680818524506851 -0.51181000000000054 0.68211091687932002 
	-29.641162524906598 -29.736627973525632 -0.13388089127600367 1 
	-29.641162524906598 -29.736627973525632 0 1 
	-32.492652689332701 -26.719374199096485 0 1 
	-32.492652689332701 -26.719374199096485 0.13388089127600367 1 
	-32.433864281765281 -26.669045545398806 0.51181000000000054 0.68211091687932002 
	-31.770054823725967 -26.10075942023968 0.51181000000000054 0.68211091687932002 
	-31.711266416172855 -26.050430766542011 0.13388089127600372 1 
	-31.711266416172855 -26.050430766542011 -0.13388089127600361 1 
	-31.770054823725967 -26.10075942023968 -0.51181000000000054 0.68211091687932002 
	-32.433864281765281 -26.669045545398806 -0.51181000000000054 0.68211091687932002 
	-32.492652689332701 -26.719374199096485 -0.13388089127600367 1 
	-32.492652689332701 -26.719374199096485 0 1 
	-37.207767881382914 -19.964894639355947 0 1 
	-37.207767881382914 -19.964894639355947 0.13388089127600367 1 
	-37.140258646093926 -19.927058764973008 0.51181000000000054 0.68211091687932002 
	-36.377977938651341 -19.499834890131105 0.51181000000000054 0.68211091687932002 
	-36.310468703348064 -19.461999015748173 0.13388089127600372 1 
	-36.310468703348064 -19.461999015748173 -0.13388089127600361 1 
	-36.377977938651341 -19.499834890131105 -0.51181000000000054 0.68211091687932002 
	-37.140258646093926 -19.927058764973008 -0.51181000000000054 0.68211091687932002 
	-37.207767881382914 -19.964894639355947 -0.13388089127600367 1 
	-37.207767881382914 -19.964894639355947 0 1 
	-39.070738424516108 -16.228468207096338 0 1 
	-39.070738424516108 -16.228468207096338 0.13388089127600367 1 
	-38.999868397196458 -16.197379801177537 0.51181000000000054 0.68211091687932002 
	-38.199639297884247 -15.846344984260103 0.51181000000000054 0.68211091687932002 
	-38.128769270564611 -15.815256578341302 0.13388089127600372 1 
	-38.128769270564611 -15.815256578341302 -0.13388089127600361 1 
	-38.199639297884247 -15.846344984260103 -0.51181000000000054 0.68211091687932002 
	-38.999868397196458 -16.197379801177537 -0.51181000000000054 0.68211091687932002 
	-39.070738424516108 -16.228468207096338 -0.13388089127600367 1 
	-39.070738424516108 -16.228468207096338 0 1 
	-41.635722524803157 -8.3513812150905231 0 1 
	-41.635722524803157 -8.3513812150905231 0.13388089127600367 1 
	-41.560135243703037 -8.3347796282099615 0.51181000000000054 0.68211091687932002 
	-40.706641260963615 -8.1473227663840735 0.51181000000000054 0.68211091687932002 
	-40.631053979863502 -8.1307211795035155 0.13388089127600372 1 
	-40.631053979863502 -8.1307211795035155 -0.13388089127600361 1 
	-40.706641260963615 -8.1473227663840735 -0.51181000000000054 0.68211091687932002 
	-41.560135243703037 -8.3347796282099615 -0.51181000000000054 0.68211091687932002 
	-41.635722524803157 -8.3513812150905231 -0.13388089127600367 1 
	-41.635722524803157 -8.3513812150905231 0 1 
	-42.337340117949182 -4.2116811614821126 0 1 
	-42.337340117949182 -4.2116811614821126 0.13388089127600367 1 
	-42.260496255126903 -4.2025121909657486 0.51181000000000054 0.68211091687932002 
	-41.392813576711042 -4.0989807363379063 0.51181000000000054 0.68211091687932002 
	-41.315969713888784 -4.0898117658215432 0.13388089127600372 1 
	-41.315969713888784 -4.0898117658215432 -0.13388089127600361 1 
	-41.392813576711042 -4.0989807363379063 -0.51181000000000054 0.68211091687932002 
	-42.260496255126903 -4.2025121909657486 -0.51181000000000054 0.68211091687932002 
	-42.337340117949182 -4.2116811614821126 -0.13388089127600367 1 
	-42.337340117949182 -4.2116811614821126 0 1 
	-42.505331082030331 4.1175523965976399 0 1 
	-42.505331082030331 4.1175523965976399 0.13388089127600367 1 
	-42.42818002990029 4.1114890293397419 0.51181000000000054 0.68211091687932002 
	-41.557028722337805 4.0430245020481621 0.51181000000000054 0.68211091687932002 
	-41.479877670207784 4.0369611347902632 0.13388089127600372 1 
	-41.479877670207784 4.0369611347902632 -0.13388089127600361 1 
	-41.557028722337805 4.0430245020481621 -0.51181000000000054 0.68211091687932002 
	-42.42818002990029 4.1114890293397419 -0.51181000000000054 0.68211091687932002 
	-42.505331082030331 4.1175523965976399 -0.13388089127600367 1 
	-42.505331082030331 4.1175523965976399 0 1 
	-41.971604352663491 8.3060459722208293 0 1 
	-41.971604352663491 8.3060459722208293 0.13388089127600367 1 
	-41.895409197156717 8.292505400737177 0.51181000000000054 0.68211091687932002 
	-41.035051399038331 8.1396120022958041 0.51181000000000054 0.68211091687932002 
	-40.958856243531571 8.12607143081215 0.13388089127600372 1 
	-40.958856243531571 8.12607143081215 -0.13388089127600361 1 
	-41.035051399038331 8.1396120022958041 -0.51181000000000054 0.68211091687932002 
	-41.895409197156717 8.292505400737177 -0.51181000000000054 0.68211091687932002 
	-41.971604352663491 8.3060459722208293 -0.13388089127600367 1 
	-41.971604352663491 8.3060459722208293 0 1 
	-39.700989981745721 16.370148211142929 0 1 
	-39.700989981745721 16.370148211142929 0.13388089127600367 1 
	-39.628924121414549 16.341942527878789 0.51181000000000054 0.68211091687932002 
	-38.815192270439418 16.02345798137139 0.51181000000000054 0.68211091687932002 
	-38.743126410108253 15.995252298107248 0.13388089127600372 1 
	-38.743126410108253 15.995252298107248 -0.13388089127600361 1 
	-38.815192270439418 16.02345798137139 -0.51181000000000054 0.68211091687932002 
	-39.628924121414549 16.341942527878789 -0.51181000000000054 0.68211091687932002 
	-39.700989981745721 16.370148211142929 -0.13388089127600367 1 
	-39.700989981745721 16.370148211142929 0 1 
	-37.964310114245464 20.244727077016904 0 1 
	-37.964310114245464 20.244727077016904 0.13388089127600367 1 
	-37.895330222729989 20.209643991381967 0.51181000000000054 0.68211091687932002 
	-37.116443596767773 19.813503237966113 0.51181000000000054 0.68211091687932002 
	-37.047463705252305 19.778420152331194 0.13388089127600372 1 
	-37.047463705252305 19.778420152331194 -0.13388089127600361 1 
	-37.116443596767773 19.813503237966113 -0.51181000000000054 0.68211091687932002 
	-37.895330222729989 20.209643991381967 -0.51181000000000054 0.68211091687932002 
	-37.964310114245464 20.244727077016904 -0.13388089127600367 1 
	-37.964310114245464 20.244727077016904 0 1 
	-33.42464937276214 27.341371988690085 0 1 
	-33.42464937276214 27.341371988690085 0.13388089127600367 1 
	-33.363879344369181 27.293454852117367 0.51181000000000054 0.68211091687932002 
	-32.677694409464273 26.752398378838333 0.51181000000000054 0.68211091687932002 
	-32.616924381071321 26.704481242265619 0.13388089127600372 1 
	-32.616924381071321 26.704481242265619 -0.13388089127600361 1 
	-32.677694409464273 26.752398378838333 -0.51181000000000054 0.68211091687932002 
	-33.363879344369181 27.293454852117367 -0.51181000000000054 0.68211091687932002 
	-33.42464937276214 27.341371988690085 -0.13388089127600367 1 
	-33.42464937276214 27.341371988690085 0 1 
	-30.622169499277021 30.562508034458055 0 1 
	-30.622169499277021 30.562508034458055 0.13388089127600367 1 
	-30.566349538539978 30.508905983618899 0.51181000000000054 0.68211091687932002 
	-29.936058305377745 29.903658285955707 0.51181000000000054 0.68211091687932002 
	-29.880238344626012 29.850056235116558 0.13388089127600372 1 
	-29.880238344626012 29.850056235116558 -0.13388089127600361 1 
	-29.936058305377745 29.903658285955707 -0.51181000000000054 0.68211091687932002 
	-30.566349538539978 30.508905983618899 -0.51181000000000054 0.68211091687932002 
	-30.622169499277021 30.562508034458055 -0.13388089127600367 1 
	-30.622169499277021 30.562508034458055 0 1 
	-24.18182800620222 36.065481449798106 0 1 
	-24.18182800620222 36.065481449798106 0.13388089127600367 1 
	-24.137590906598625 36.001982419178731 0.51181000000000054 0.68211091687932002 
	-23.638087580562168 35.284982948498872 0.51181000000000054 0.68211091687932002 
	-23.593850480973273 35.22148391787951 0.13388089127600372 1 
	-23.593850480973273 35.22148391787951 -0.13388089127600361 1 
	-23.638087580562168 35.284982948498872 -0.51181000000000054 0.68211091687932002 
	-24.137590906598625 36.001982419178731 -0.51181000000000054 0.68211091687932002 
	-24.18182800620222 36.065481449798106 -0.13388089127600367 1 
	-24.18182800620222 36.065481449798106 0 1 
	-20.544720288805649 38.346570587970888 0 1 
	-20.544720288805649 38.346570587970888 0.13388089127600367 1 
	-20.50687074139487 38.279069038477594 0.51181000000000054 0.68211091687932002 
	-20.079492477623745 37.51687511549612 0.51181000000000054 0.68211091687932002 
	-20.041642930220359 37.449373566017627 0.13388089127600372 1 
	-20.041642930220359 37.449373566017627 -0.13388089127600361 1 
	-20.079492477623745 37.51687511549612 -0.51181000000000054 0.68211091687932002 
	-20.50687074139487 38.279069038477594 -0.51181000000000054 0.68211091687932002 
	-20.544720288805649 38.346570587970888 -0.13388089127600367 1 
	-20.544720288805649 38.346570587970888 0 1 
	-12.741092087897613 41.760995922368636 0 1 
	-12.741092087897613 41.760995922368636 0.13388089127600367 1 
	-12.717200163137894 41.687387340344067 0.51181000000000054 0.68211091687932002 
	-12.447424432001784 40.856235843282846 0.51181000000000054 0.68211091687932002 
	-12.423532507234679 40.782627261243512 0.13388089127600372 1 
	-12.423532507234679 40.782627261243512 -0.13388089127600361 1 
	-12.447424432001784 40.856235843282846 -0.51181000000000054 0.68211091687932002 
	-12.717200163137894 41.687387340344067 -0.51181000000000054 0.68211091687932002 
	-12.741092087897613 41.760995922368636 -0.13388089127600367 1 
	-12.741092087897613 41.760995922368636 0 1 
	-8.5755156364163696 42.893832711205604 0 1 
	-8.5755156364163696 42.893832711205604 0.13388089127600367 1 
	-8.5588982622920824 42.818248917614639 0.51181000000000054 0.68211091687932002 
	-8.3712631388024423 41.964794314001125 0.51181000000000054 0.68211091687932002 
	-8.3546457646781551 41.889210520395316 0.13388089127600372 1 
	-8.3546457646781551 41.889210520395316 -0.13388089127600361 1 
	-8.3712631388024423 41.964794314001125 -0.51181000000000054 0.68211091687932002 
	-8.5588982622939405 42.818248917614639 -0.51181000000000054 0.68211091687932002 
	-8.5755156364163696 42.893832711205604 -0.13388089127600367 1 
	-8.5755156364163696 42.893832711205604 0 1 
	-0.07022821004383073 43.900594827333954 0 1 
	-0.07022821004383073 43.900594827333954 0.13388089127600367 1 
	-0.068740350410874229 43.823220198099087 0.51181000000000054 0.68211091687932002 
	-0.051940179456338997 42.94954436929828 0.51181000000000054 0.68211091687932002 
	-0.050452319823381629 42.872169740078299 0.13388089127600372 1 
	-0.050452319823381629 42.872169740078299 -0.13388089127600361 1 
	-0.051940179456338997 42.94954436929828 -0.51181000000000054 0.68211091687932002 
	-0.068740350409017201 43.823220198099087 -0.51181000000000054 0.68211091687932002 
	-0.07022821004383073 43.900594827333954 -0.13388089127600367 1 
	-0.07022821004383073 43.900594827333954 0 1 
	4.2684286015177779 43.774315710549025 0 1 
	4.2684286015177779 43.774315710549025 0.13388089127600367 1 
	4.2623818272308291 43.697163373828275 0.51181000000000054 0.68211091687932002 
	4.1941046594728633 42.825997561428053 0.51181000000000054 0.68211091687932002 
	4.1880578851859163 42.74884522470731 0.13388089127600372 1 
	4.1880578851859163 42.74884522470731 -0.13388089127600361 1 
	4.1941046594728633 42.825997561428053 -0.51181000000000054 0.68211091687932002 
	4.2623818272308291 43.697163373828275 -0.51181000000000054 0.68211091687932002 
	4.2684286015177779 43.774315710549025 -0.13388089127600367 1 
	4.2684286015177779 43.774315710549025 0 1 
	12.745596250581585 42.259701663245544 0 1 
	12.745596250581585 42.259701663245544 0.13388089127600367 1 
	12.7245519074937 42.185228969176038 0.51181000000000054 0.68211091687932002 
	12.486929652377269 41.344320348827694 0.51181000000000054 0.68211091687932002 
	12.465885309289385 41.269847654758195 0.13388089127600372 1 
	12.465885309289385 41.269847654758195 -0.13388089127600361 1 
	12.486929652377269 41.344320348827694 -0.51181000000000054 0.68211091687932002 
	12.7245519074937 42.185228969176038 -0.51181000000000054 0.68211091687932002 
	12.745596250581585 42.259701663245544 -0.13388089127600367 1 
	12.745596250581585 42.259701663245544 0 1 
	16.883033241150713 40.871478232177502 0 1 
	16.883033241150713 40.871478232177502 0.13388089127600367 1 
	16.854843497609579 40.799406153861398 0.51181000000000054 0.68211091687932002 
	16.536538934493056 39.985604092756809 0.51181000000000054 0.68211091687932002 
	16.508349190951929 39.91353201445574 0.13388089127600372 1 
	16.508349190951929 39.91353201445574 -0.13388089127600361 1 
	16.536538934493056 39.985604092756809 -0.51181000000000054 0.68211091687932002 
	16.854843497609579 40.799406153861398 -0.51181000000000054 0.68211091687932002 
	16.883033241150713 40.871478232177502 -0.13388089127600367 1 
	16.883033241150713 40.871478232177502 0 1 
	24.596766951304719 36.939296343083306 0 1 
	24.596766951304719 36.939296343083306 0.13388089127600367 1 
	24.555004027436802 36.874143413018565 0.51181000000000054 0.68211091687932002 
	24.083437863079091 36.138468932169204 0.51181000000000054 0.68211091687932002 
	24.041674939211177 36.07331600208947 0.13388089127600372 1 
	24.041674939211177 36.07331600208947 -0.13388089127600361 1 
	24.083437863079091 36.138468932169204 -0.51181000000000054 0.68211091687932002 
	24.555004027436802 36.874143413018565 -0.51181000000000054 0.68211091687932002 
	24.596766951304719 36.939296343083306 -0.13388089127600367 1 
	24.596766951304719 36.939296343083306 0 1 
	28.172063276934814 34.395759051785646 0 1 
	28.172063276934814 34.395759051785646 0.13388089127600367 1 
	28.124159948219798 34.334978160164191 0.51181000000000054 0.68211091687932002 
	27.583259386440048 33.648670562996649 0.51181000000000054 0.68211091687932002 
	27.535356057725036 33.587889671360102 0.13388089127600372 1 
	27.535356057725036 33.587889671360102 -0.13388089127600361 1 
	27.583259386440048 33.648670562996649 -0.51181000000000054 0.68211091687932002 
	28.124159948219798 34.334978160164191 -0.51181000000000054 0.68211091687932002 
	28.172063276934814 34.395759051785646 -0.13388089127600367 1 
	28.172063276934814 34.395759051785646 0 1 
	34.445292009157789 28.360692297650662 0 1 
	34.445292009157789 28.360692297650662 0.13388089127600367 1 
	34.386409559554792 28.310473747148375 0.51181000000000054 0.68211091687932002 
	33.721538225450765 27.743430852520806 0.51181000000000054 0.68211091687932002 
	33.662655775847782 27.693212302033629 0.13388089127600372 1 
	33.662655775847782 27.693212302033629 -0.13388089127600361 1 
	33.721538225450765 27.743430852520806 -0.51181000000000054 0.68211091687932002 
	34.386409559554792 28.310473747148375 -0.51181000000000054 0.68211091687932002 
	34.445292009157789 28.360692297650662 -0.13388089127600367 1 
	34.445292009157789 28.360692297650662 0 1 
	37.142385222802254 24.869860389635082 0 1 
	37.142385222802254 24.869860389635082 0.13388089127600367 1 
	37.078896508728434 24.825608514447058 0.51181000000000054 0.68211091687932002 
	36.362013527233088 24.325938349756385 0.51181000000000054 0.68211091687932002 
	36.298524813159283 24.281686474568357 0.13388089127600372 1 
	36.298524813159283 24.281686474568357 -0.13388089127600361 1 
	36.362013527233088 24.325938349756385 -0.51181000000000054 0.68211091687932002 
	37.078896508728434 24.825608514447058 -0.51181000000000054 0.68211091687932002 
	37.142385222802254 24.869860389635082 -0.13388089127600367 1 
	37.142385222802254 24.869860389635082 0 1 
	41.415689662062462 17.232429007721191 0 1 
	41.415689662062462 17.232429007721191 0.13388089127600367 1 
	41.344761992125044 17.201472410566591 0.51181000000000054 0.68211091687932002 
	40.543882021100572 16.851925912594275 0.51181000000000054 0.68211091687932002 
	40.472954351163168 16.820969315439683 0.13388089127600372 1 
	40.472954351163168 16.820969315439683 -0.13388089127600361 1 
	40.543882021100572 16.851925912594275 -0.51181000000000054 0.68211091687932002 
	41.344761992125044 17.201472410566591 -0.51181000000000054 0.68211091687932002 
	41.415689662062462 17.232429007721191 -0.13388089127600367 1 
	41.415689662062462 17.232429007721191 0 1 
	42.991297561193356 13.086745803814427 0 1 
	42.991297561193356 13.086745803814427 0.13388089127600367 1 
	42.917694697675003 13.062836321472927 0.51181000000000054 0.68211091687932002 
	42.086607771312053 12.79286233890077 0.51181000000000054 0.68211091687932002 
	42.013004907778452 12.768952856555456 0.13388089127600372 1 
	42.013004907778452 12.768952856555456 -0.13388089127600361 1 
	42.086607771312053 12.79286233890077 -0.51181000000000054 0.68211091687932002 
	42.917694697675003 13.062836321472927 -0.51181000000000054 0.68211091687932002 
	42.991297561193356 13.086745803814427 -0.13388089127600367 1 
	42.991297561193356 13.086745803814427 0 1 
	44.872738104346752 4.491857665184023 0 1 
	44.872738104346752 4.491857665184023 0.13388089127600367 1 
	44.79587746548826 4.4828306471762156 0.51181000000000054 0.68211091687932002 
	43.928005360228482 4.3809020496904125 0.51181000000000054 0.68211091687932002 
	43.851144721385275 4.3718750316864234 0.13388089127600372 1 
	43.851144721385275 4.3718750316864234 -0.13388089127600361 1 
	43.928005360228482 4.3809020496904125 -0.51181000000000054 0.68211091687932002 
	44.79587746548826 4.4828306471762156 -0.51181000000000054 0.68211091687932002 
	44.872738104346752 4.491857665184023 -0.13388089127600367 1 
	44.872738104346752 4.491857665184023 0 1 
	45.178258234382561 0.04371040863656965 0 1 
	45.178258234382561 0.04371040863656965 0.13388089127600367 1 
	45.100883987122735 0.04220365005508115 0.51181000000000054 0.68211091687932002 
	44.227212471291566 0.025190081590107521 0.51181000000000054 0.68211091687932002 
	44.149838224001051 0.023683323010535891 0.13388089127600372 1 
	44.149838224001051 0.023683323010535891 -0.13388089127600361 1 
	44.227212471291566 0.025190081590107521 -0.51181000000000054 0.68211091687932002 
	45.100883987122735 0.04220365005508115 -0.51181000000000054 0.68211091687932002 
	45.178258234382561 0.04371040863656965 -0.13388089127600367 1 
	45.178258234382561 0.04371040863656965 0 1 
	44.479189013018932 -8.7737737417885651 0 1 
	44.479189013018932 -8.7737737417885651 0.13388089127600367 1 
	44.403018864799293 -8.7600933551689888 0.51181000000000054 0.68211091687932002 
	43.542943436460902 -8.6056212337911226 0.51181000000000054 0.68211091687932002 
	43.466773288271959 -8.5919408471734631 0.13388089127600372 1 
	43.466773288271959 -8.5919408471734631 -0.13388089127600361 1 
	43.542943436460902 -8.6056212337911226 -0.51181000000000054 0.68211091687932002 
	44.403018864799293 -8.7600933551689888 -0.51181000000000054 0.68211091687932002 
	44.479189013018932 -8.7737737417885651 -0.13388089127600367 1 
	44.479189013018932 -8.7737737417885651 0 1 
	43.474608197756346 -13.142001970696047 0 1 
	43.474608197756346 -13.142001970696047 0.13388089127600367 1 
	43.400130264091729 -13.120976237320308 0.51181000000000054 0.68211091687932002 
	42.55916248105548 -12.883564113796277 0.51181000000000054 0.68211091687932002 
	42.484684547390877 -12.862538380412829 0.13388089127600372 1 
	42.484684547390877 -12.862538380412829 -0.13388089127600361 1 
	42.55916248105548 -12.883564113796277 -0.51181000000000054 0.68211091687932002 
	43.400130264091729 -13.120976237320308 -0.51181000000000054 0.68211091687932002 
	43.474608197756346 -13.142001970696047 -0.13388089127600367 1 
	43.474608197756346 -13.142001970696047 0 1 
	40.228215412141658 -21.420095621067205 0 1 
	40.228215412141658 -21.420095621067205 0.13388089127600367 1 
	40.15929964452846 -21.384886800682654 0.51181000000000054 0.68211091687932002 
	39.381137073589727 -20.9873263129682 0.51181000000000054 0.68211091687932002 
	39.312221305976557 -20.952117492591373 0.13388089127600372 1 
	39.312221305976557 -20.952117492591373 -0.13388089127600361 1 
	39.381137073589727 -20.9873263129682 -0.51181000000000054 0.68211091687932002 
	40.15929964452846 -21.384886800682654 -0.51181000000000054 0.68211091687932002 
	40.228215412141658 -21.420095621067205 -0.13388089127600367 1 
	40.228215412141658 -21.420095621067205 0 1 
	37.986735667504121 -25.328897196760263 0 1 
	37.986735667504121 -25.328897196760263 0.13388089127600367 1 
	37.921572091017381 -25.287150915828313 0.51181000000000054 0.68211091687932002 
	37.185777396172476 -24.815772675087079 0.51181000000000054 0.68211091687932002 
	37.120613819670233 -24.77402639414737 0.13388089127600372 1 
	37.120613819670233 -24.77402639414737 -0.13388089127600361 1 
	37.185777396172476 -24.815772675087079 -0.51181000000000054 0.68211091687932002 
	37.921572091017381 -25.287150915828313 -0.51181000000000054 0.68211091687932002 
	37.986735667504121 -25.328897196760263 -0.13388089127600367 1 
	37.986735667504121 -25.328897196760263 0 1 
	32.447506314592843 -32.344336388981318 0 1 
	32.447506314592843 -32.344336388981318 0.13388089127600367 1 
	32.391783616842829 -32.290633273351965 0.51181000000000054 0.68211091687932002 
	31.762590629163956 -31.684244402540536 0.51181000000000054 0.68211091687932002 
	31.706867931429446 -31.630541286918938 0.13388089127600372 1 
	31.706867931429446 -31.630541286918938 -0.13388089127600361 1 
	31.762590629163956 -31.684244402540536 -0.51181000000000054 0.68211091687932002 
	32.391783616842829 -32.290633273351965 -0.51181000000000054 0.68211091687932002 
	32.447506314592843 -32.344336388981318 -0.13388089127600367 1 
	32.447506314592843 -32.344336388981318 0 1 
	29.150387144118284 -35.450047890443052 0 1 
	29.150387144118284 -35.450047890443052 0.13388089127600367 1 
	29.10015325590026 -35.391178545583699 0.51181000000000054 0.68211091687932002 
	28.53293717533764 -34.726455183762766 0.51181000000000054 0.68211091687932002 
	28.48270328711962 -34.667585838887831 0.13388089127600372 1 
	28.48270328711962 -34.667585838887831 -0.13388089127600361 1 
	28.53293717533764 -34.726455183762766 -0.51181000000000054 0.68211091687932002 
	29.10015325590026 -35.391178545583699 -0.51181000000000054 0.68211091687932002 
	29.150387144118284 -35.450047890443052 -0.13388089127600367 1 
	29.150387144118284 -35.450047890443052 0 1 
	21.774353516500774 -40.58147043069556 0 1 
	21.774353516500774 -40.58147043069556 0.13388089127600367 1 
	21.736625634537216 -40.513900835392917 0.51181000000000054 0.68211091687932002 
	21.310621156447379 -39.750938572835601 0.51181000000000054 0.68211091687932002 
	21.272893274483831 -39.683368977548561 0.13388089127600372 1 
	21.272893274483831 -39.683368977548561 -0.13388089127600361 1 
	21.310621156447379 -39.750938572835601 -0.51181000000000054 0.68211091687932002 
	21.736625634537216 -40.513900835392917 -0.51181000000000054 0.68211091687932002 
	21.774353516500774 -40.58147043069556 -0.13388089127600367 1 
	21.774353516500774 -40.58147043069556 0 1 
	17.696316039406245 -42.606474989266822 0 1 
	17.696316039406245 -42.606474989266822 0.13388089127600367 1 
	17.665340583930998 -42.535555569714298 0.51181000000000054 0.68211091687932002 
	17.315581147262169 -41.734768757865453 0.51181000000000054 0.68211091687932002 
	17.284605691790848 -41.663849338312943 0.13388089127600372 1 
	17.284605691790848 -41.663849338312943 -0.13388089127600361 1 
	17.315581147262169 -41.734768757865453 -0.51181000000000054 0.68211091687932002 
	17.665340583930998 -42.535555569714298 -0.51181000000000054 0.68211091687932002 
	17.696316039406245 -42.606474989266822 -0.13388089127600367 1 
	17.696316039406245 -42.606474989266822 0 1 
	9.103591244799718 -45.389412761199949 0 1 
	9.103591244799718 -45.389412761199949 0.13388089127600367 1 
	9.0871092226816721 -45.313799363870885 0.51181000000000054 0.68211091687932002 
	8.9010024266662349 -44.460010489673628 0.51181000000000054 0.68211091687932002 
	8.8845204045442756 -44.384397092344592 0.13388089127600372 1 
	8.8845204045442756 -44.384397092344592 -0.13388089127600361 1 
	8.9010024266662349 -44.460010489673628 -0.51181000000000054 0.68211091687932002 
	9.0871092226816721 -45.313799363870885 -0.51181000000000054 0.68211091687932002 
	9.103591244799718 -45.389412761199949 -0.13388089127600367 1 
	9.103591244799718 -45.389412761199949 0 1 
	4.5899538113678524 -46.146922787546927 0 1 
	4.5899538113678524 -46.146922787546927 0.13388089127600367 1 
	4.5809059507118217 -46.070064614552855 0.51181000000000054 0.68211091687932002 
	4.4787420083902658 -45.202220352599468 0.51181000000000054 0.68211091687932002 
	4.4696941477343595 -45.125362179589658 0.13388089127600372 1 
	4.4696941477343595 -45.125362179589658 -0.13388089127600361 1 
	4.4787420083902658 -45.202220352599468 -0.51181000000000054 0.68211091687932002 
	4.5809059507118217 -46.070064614552855 -0.51181000000000054 0.68211091687932002 
	4.5899538113678524 -46.146922787546927 -0.13388089127600367 1 
	4.5899538113678524 -46.146922787546927 0 1 
	-4.48737103699934 -46.315743722780461 0 1 
	-4.48737103699934 -46.315743722780461 0.13388089127600367 1 
	-4.481186980034078 -46.238602294375106 0.51181000000000054 0.68211091687932002 
	-4.4113596845961052 -45.367559653319972 0.51181000000000054 0.68211091687932002 
	-4.4051756276309684 -45.29041822493037 0.13388089127600372 1 
	-4.4051756276309684 -45.29041822493037 -0.13388089127600361 1 
	-4.4113596845961052 -45.367559653319972 -0.51181000000000054 0.68211091687932002 
	-4.481186980034078 -46.238602294375106 -0.51181000000000054 0.68211091687932002 
	-4.48737103699934 -46.315743722780461 -0.13388089127600367 1 
	-4.48737103699934 -46.315743722780461 0 1 
	-9.049925091386017 -45.72695442565567 0 1 
	-9.049925091386017 -45.72695442565567 0.13388089127600367 1 
	-9.0362657567354407 -45.650780514435759 0.51181000000000054 0.68211091687932002 
	-8.8820313437639395 -44.790662596231115 0.51181000000000054 0.68211091687932002 
	-8.8683720091173228 -44.714488685027035 0.13388089127600372 1 
	-8.8683720091173228 -44.714488685027035 -0.13388089127600361 1 
	-8.8820313437639395 -44.790662596231115 -0.51181000000000054 0.68211091687932002 
	-9.0362657567354407 -45.650780514435759 -0.51181000000000054 0.68211091687932002 
	-9.049925091386017 -45.72695442565567 -0.13388089127600367 1 
	-9.049925091386017 -45.72695442565567 0 1 
	-17.830146988648327 -43.239974848730398 0 1 
	-17.830146988648327 -43.239974848730398 0.13388089127600367 1 
	-17.801829811153397 -43.167952771371446 0.51181000000000054 0.68211091687932002 
	-17.482086327166101 -42.35471529594907 0.51181000000000054 0.68211091687932002 
	-17.453769149667217 -42.282693218574302 0.13388089127600372 1 
	-17.453769149667217 -42.282693218574302 -0.13388089127600361 1 
	-17.482086327166101 -42.35471529594907 -0.51181000000000054 0.68211091687932002 
	-17.801829811153397 -43.167952771371446 -0.51181000000000054 0.68211091687932002 
	-17.830146988648327 -43.239974848730398 -0.13388089127600367 1 
	-17.830146988648327 -43.239974848730398 0 1 
	-22.046695594929528 -41.342019363876837 0 1 
	-22.046695594929528 -41.342019363876837 0.13388089127600367 1 
	-22.011506175328723 -41.273093704205827 0.51181000000000054 0.68211091687932002 
	-21.614164751637833 -40.494819437429214 0.51181000000000054 0.68211091687932002 
	-21.578975332029078 -40.425893777758233 0.13388089127600372 1 
	-21.578975332029078 -40.425893777758233 -0.13388089127600361 1 
	-21.614164751637833 -40.494819437429214 -0.51181000000000054 0.68211091687932002 
	-22.011506175328723 -41.273093704205827 -0.51181000000000054 0.68211091687932002 
	-22.046695594929528 -41.342019363876837 -0.13388089127600367 1 
	-22.046695594929528 -41.342019363876837 0 1 
	-29.765816788967335 -36.387431465592101 0 1 
	-29.765816788967335 -36.387431465592101 0.13388089127600367 1 
	-29.71780667161665 -36.326734921710518 0.51181000000000054 0.68211091687932002 
	-29.175700305660069 -35.641379737187165 0.51181000000000054 0.68211091687932002 
	-29.127690188317352 -35.580683193305603 0.13388089127600372 1 
	-29.127690188317352 -35.580683193305603 -0.13388089127600361 1 
	-29.175700305660069 -35.641379737187165 -0.51181000000000054 0.68211091687932002 
	-29.71780667161665 -36.326734921710518 -0.51181000000000054 0.68211091687932002 
	-29.765816788967335 -36.387431465592101 -0.13388089127600367 1 
	-29.765816788967335 -36.387431465592101 0 1 
	-33.267381632350215 -33.331351872955551 0 1 
	-33.267381632350215 -33.331351872955551 0.13388089127600367 1 
	-33.213694486661645 -33.27561380836881 0.51181000000000054 0.68211091687932002 
	-32.607485940435311 -32.646247305871363 0.51181000000000054 0.68211091687932002 
	-32.553798794746754 -32.590509241284629 0.13388089127600372 1 
	-32.553798794746754 -32.590509241284629 -0.13388089127600361 1 
	-32.607485940435311 -32.646247305871363 -0.51181000000000054 0.68211091687932002 
	-33.213694486661645 -33.27561380836881 -0.51181000000000054 0.68211091687932002 
	-33.267381632350215 -33.331351872955551 -0.13388089127600367 1 
	-33.267381632350215 -33.331351872955551 0 1 
	-39.245580714538988 -26.313254520470839 0 1 
	-39.245580714538988 -26.313254520470839 0.13388089127600367 1 
	-39.182014760466018 -26.269113712421404 0.51181000000000054 0.68211091687932002 
	-38.464259623282189 -25.770697662652129 0.51181000000000054 0.68211091687932002 
	-38.40069366920924 -25.726556854602702 0.13388089127600372 1 
	-38.40069366920924 -25.726556854602702 -0.13388089127600361 1 
	-38.464259623282189 -25.770697662652129 -0.51181000000000054 0.68211091687932002 
	-39.182014760466018 -26.269113712421404 -0.51181000000000054 0.68211091687932002 
	-39.245580714538988 -26.313254520470839 -0.13388089127600367 1 
	-39.245580714538988 -26.313254520470839 0 1 
	-41.721407367823453 -22.352062819642782 0 1 
	-41.721407367823453 -22.352062819642782 0.13388089127600367 1 
	-41.653848777198043 -22.314315264270547 0.51181000000000054 0.68211091687932002 
	-40.891010773850269 -21.888088643807507 0.51181000000000054 0.68211091687932002 
	-40.823452183224852 -21.850341088435282 0.13388089127600372 1 
	-40.823452183224852 -21.850341088435282 -0.13388089127600361 1 
	-40.891010773850269 -21.888088643807507 -0.51181000000000054 0.68211091687932002 
	-41.653848777198043 -22.314315264270547 -0.51181000000000054 0.68211091687932002 
	-41.721407367823453 -22.352062819642782 -0.13388089127600367 1 
	-41.721407367823453 -22.352062819642782 0 1 
	-45.422881638211749 -13.857606003360564 0 1 
	-45.422881638211749 -13.857606003360564 0.13388089127600367 1 
	-45.349237355068219 -13.833824483961962 0.51181000000000054 0.68211091687932002 
	-44.517682739001764 -13.565295395313047 0.51181000000000054 0.68211091687932002 
	-44.444038455858241 -13.54151387591445 0.13388089127600372 1 
	-44.444038455858241 -13.54151387591445 -0.13388089127600361 1 
	-44.517682739001764 -13.565295395313047 -0.51181000000000054 0.68211091687932002 
	-45.349237355068219 -13.833824483961962 -0.51181000000000054 0.68211091687932002 
	-45.422881638211749 -13.857606003360564 -0.13388089127600367 1 
	-45.422881638211749 -13.857606003360564 0 1 
	-46.647993995650317 -9.3253711992296768 0 1 
	-46.647993995650317 -9.3253711992296768 0.13388089127600367 1 
	-46.572385495735034 -9.3088667907082439 0.51181000000000054 0.68211091687932002 
	-45.718651920640568 -9.1225072186157323 0.51181000000000054 0.68211091687932002 
	-45.643043420725306 -9.1060028100922832 0.13388089127600372 1 
	-45.643043420725306 -9.1060028100922832 -0.13388089127600361 1 
	-45.718651920640568 -9.1225072186157323 -0.51181000000000054 0.68211091687932002 
	-46.572385495735034 -9.3088667907082439 -0.51181000000000054 0.68211091687932002 
	-46.647993995650317 -9.3253711992296768 -0.13388089127600367 1 
	-46.647993995650317 -9.3253711992296768 0 1 
	-47.728907855227284 -0.075676097993151142 0 1 
	-47.728907855227284 -0.075676097993151142 0.13388089127600367 1 
	-47.651531143752592 -0.074303043083435633 0.51181000000000054 0.68211091687932002 
	-46.777831803290361 -0.05879918996614264 0.51181000000000054 0.68211091687932002 
	-46.700455091815677 -0.057426135058446376 0.13388089127600372 1 
	-46.700455091815677 -0.057426135058446376 -0.13388089127600361 1 
	-46.777831803290361 -0.05879918996614264 -0.51181000000000054 0.68211091687932002 
	-47.651531143752592 -0.074303043083435633 -0.51181000000000054 0.68211091687932002 
	-47.728907855227284 -0.075676097993151142 -0.13388089127600367 1 
	-47.728907855227284 -0.075676097993151142 0 1 
	-47.584495650497388 4.6406370642987769 0 1 
	-47.584495650497388 4.6406370642987769 0.13388089127600367 1 
	-47.507352378633357 4.634476218149965 0.51181000000000054 0.68211091687932002 
	-46.636288921956869 4.564911007687642 0.51181000000000054 0.68211091687932002 
	-46.559145650076601 4.5587501615347685 0.13388089127600372 1 
	-46.559145650076601 4.5587501615347685 -0.13388089127600361 1 
	-46.636288921956869 4.564911007687642 -0.51181000000000054 0.68211091687932002 
	-47.507352378633357 4.634476218149965 -0.51181000000000054 0.68211091687932002 
	-47.584495650497388 4.6406370642987769 -0.13388089127600367 1 
	-47.584495650497388 4.6406370642987769 0 1 
	-45.924750255860573 13.851683558595409 0 1 
	-45.924750255860573 13.851683558595409 0.13388089127600367 1 
	-45.850308579987846 13.830529899030072 0.51181000000000054 0.68211091687932002 
	-45.009750201819486 13.591673296598859 0.51181000000000054 0.68211091687932002 
	-44.935308525963002 13.570519637037579 0.13388089127600372 1 
	-44.935308525963002 13.570519637037579 -0.13388089127600361 1 
	-45.009750201819486 13.591673296598859 -0.51181000000000054 0.68211091687932002 
	-45.850308579987846 13.830529899030072 -0.51181000000000054 0.68211091687932002 
	-45.924750255860573 13.851683558595409 -0.13388089127600367 1 
	-45.924750255860573 13.851683558595409 0 1 
	-44.409546689549792 18.345251386638999 0 1 
	-44.409546689549792 18.345251386638999 0.13388089127600367 1 
	-44.337515975683381 18.316956221956882 0.51181000000000054 0.68211091687932002 
	-43.524180981060546 17.997461295722445 0.51181000000000054 0.68211091687932002 
	-43.452150267194156 17.969166131040332 0.13388089127600372 1 
	-43.452150267194156 17.969166131040332 -0.13388089127600361 1 
	-43.524180981060546 17.997461295722445 -0.51181000000000054 0.68211091687932002 
	-44.337515975683381 18.316956221956882 -0.51181000000000054 0.68211091687932002 
	-44.409546689549792 18.345251386638999 -0.13388089127600367 1 
	-44.409546689549792 18.345251386638999 0 1 
	-40.12544897662557 26.719133959010563 0 1 
	-40.12544897662557 26.719133959010563 0.13388089127600367 1 
	-40.060356836422677 26.677276422428537 0.51181000000000054 0.68211091687932002 
	-39.325368764768321 26.204641938389525 0.51181000000000054 0.68211091687932002 
	-39.260276624565428 26.162784401807507 0.13388089127600372 1 
	-39.260276624565428 26.162784401807507 -0.13388089127600361 1 
	-39.325368764768321 26.204641938389525 -0.51181000000000054 0.68211091687932002 
	-40.060356836422677 26.677276422428537 -0.51181000000000054 0.68211091687932002 
	-40.12544897662557 26.719133959010563 -0.13388089127600367 1 
	-40.12544897662557 26.719133959010563 0 1 
	-37.35701994687107 30.598365860317827 0 1 
	-37.35701994687107 30.598365860317827 0.13388089127600367 1 
	-37.296308525132261 30.550374579578367 0.51181000000000054 0.68211091687932002 
	-36.610785347482199 30.008480907166923 0.51181000000000054 0.68211091687932002 
	-36.550073925759797 29.960489626427474 0.13388089127600372 1 
	-36.550073925759797 29.960489626427474 -0.13388089127600361 1 
	-36.610785347482199 30.008480907166923 -0.51181000000000054 0.68211091687932002 
	-37.296308525132261 30.550374579578367 -0.51181000000000054 0.68211091687932002 
	-37.35701994687107 30.598365860317827 -0.13388089127600367 1 
	-37.35701994687107 30.598365860317827 0 1 
	-30.793559646556282 37.401161894897108 0 1 
	-30.793559646556282 37.401161894897108 0.13388089127600367 1 
	-30.743425859789781 37.34220730917049 0.51181000000000054 0.68211091687932002 
	-30.177340074951896 36.676521449954301 0.51181000000000054 0.68211091687932002 
	-30.127206288168999 36.617566864227683 0.13388089127600372 1 
	-30.127206288168999 36.617566864227683 -0.13388089127600361 1 
	-30.177340074951896 36.676521449954301 -0.51181000000000054 0.68211091687932002 
	-30.743425859789781 37.34220730917049 -0.51181000000000054 0.68211091687932002 
	-30.793559646556282 37.401161894897108 -0.13388089127600367 1 
	-30.793559646556282 37.401161894897108 0 1 
	-26.999291922426494 40.323820694663993 0 1 
	-26.999291922426494 40.323820694663993 0.13388089127600367 1 
	-26.955131119035478 40.260268646098964 0.51181000000000054 0.68211091687932002 
	-26.456489291853366 39.542670523157717 0.51181000000000054 0.68211091687932002 
	-26.412328488478831 39.479118474576218 0.13388089127600372 1 
	-26.412328488478831 39.479118474576218 -0.13388089127600361 1 
	-26.456489291853366 39.542670523157717 -0.51181000000000054 0.68211091687932002 
	-26.955131119035478 40.260268646098964 -0.51181000000000054 0.68211091687932002 
	-26.999291922426494 40.323820694663993 -0.13388089127600367 1 
	-26.999291922426494 40.323820694663993 0 1 
	-18.702494169590132 44.950504896147415 0 1 
	-18.702494169590132 44.950504896147415 0.13388089127600367 1 
	-18.671638587278373 44.879533264719448 0.51181000000000054 0.68211091687932002 
	-18.323232698595081 44.078156902281378 0.51181000000000054 0.68211091687932002 
	-18.292377116266856 44.007185270869883 0.13388089127600372 1 
	-18.292377116266856 44.007185270869883 -0.13388089127600361 1 
	-18.323232698595081 44.078156902281378 -0.51181000000000054 0.68211091687932002 
	-18.671638587278373 44.879533264719448 -0.51181000000000054 0.68211091687932002 
	-18.702494169590132 44.950504896147415 -0.13388089127600367 1 
	-18.702494169590132 44.950504896147415 0 1 
	-14.200962760574736 46.653882834976642 0 1 
	-14.200962760574736 46.653882834976642 0.13388089127600367 1 
	-14.177157739861295 46.580246158645501 0.51181000000000054 0.68211091687932002 
	-13.908363286057156 45.748777434845209 0.51181000000000054 0.68211091687932002 
	-13.884558265347859 45.675140758530652 0.13388089127600372 1 
	-13.884558265347859 45.675140758530652 -0.13388089127600361 1 
	-13.908363286057156 45.748777434845209 -0.51181000000000054 0.68211091687932002 
	-14.177157739861295 46.580246158645501 -0.51181000000000054 0.68211091687932002 
	-14.200962760574736 46.653882834976642 -0.13388089127600367 1 
	-14.200962760574736 46.653882834976642 0 1 
	-4.8725196153435295 48.682082772261722 0 1 
	-4.8725196153435295 48.682082772261722 0.13388089127600367 1 
	-4.8636009124440998 48.605209526940918 0.51181000000000054 0.68211091687932002 
	-4.7628953552677196 47.737195075751949 0.51181000000000054 0.68211091687932002 
	-4.7539766523641491 47.660321830414581 0.13388089127600372 1 
	-4.7539766523641491 47.660321830414581 -0.13388089127600361 1 
	-4.7628953552677196 47.737195075751949 -0.51181000000000054 0.68211091687932002 
	-4.8636009124440998 48.605209526940918 -0.51181000000000054 0.68211091687932002 
	-4.8725196153435295 48.682082772261722 -0.13388089127600367 1 
	-4.8725196153435295 48.682082772261722 0 1 
	-0.046757173191722817 49.006573925656426 0 1 
	-0.046757173191722817 49.006573925656426 0.13388089127600367 1 
	-0.045359079427828047 48.92919767521991 0.51181000000000054 0.68211091687932002 
	-0.029572500007982339 48.055503540663814 0.51181000000000054 0.68211091687932002 
	-0.028174406239926848 47.97812729024394 0.13388089127600372 1 
	-0.028174406239926848 47.97812729024394 -0.13388089127600361 1 
	-0.029572500007982339 48.055503540663814 -0.51181000000000054 0.68211091687932002 
	-0.045359079427828047 48.92919767521991 -0.51181000000000054 0.68211091687932002 
	-0.046757173191722817 49.006573925656426 -0.13388089127600367 1 
	-0.046757173191722817 49.006573925656426 0 1 
	9.5152973548710236 48.235004909751034 0 1 
	9.5152973548710236 48.235004909751034 0.13388089127600367 1 
	9.5015107448249179 48.158853953259616 0.51181000000000054 0.68211091687932002 
	9.3458392013201905 47.29899522822096 0.51181000000000054 0.68211091687932002 
	9.3320525912699264 47.222844271712923 0.13388089127600372 1 
	9.3320525912699264 47.222844271712923 -0.13388089127600361 1 
	9.3458392013201905 47.29899522822096 -0.51181000000000054 0.68211091687932002 
	9.5015107448249179 48.158853953259616 -0.51181000000000054 0.68211091687932002 
	9.5152973548710236 48.235004909751034 -0.13388089127600367 1 
	9.5152973548710236 48.235004909751034 0 1 
	14.250387783679788 47.138962329631646 0 1 
	14.250387783679788 47.138962329631646 0.13388089127600367 1 
	14.229258541567582 47.064513732513028 0.51181000000000054 0.68211091687932002 
	13.990677648981583 46.223877202936173 0.51181000000000054 0.68211091687932002 
	13.969548406877751 46.149428605800836 0.13388089127600372 1 
	13.969548406877751 46.149428605800836 -0.13388089127600361 1 
	13.990677648981583 46.223877202936173 -0.51181000000000054 0.68211091687932002 
	14.229258541567582 47.064513732513028 -0.51181000000000054 0.68211091687932002 
	14.250387783679788 47.138962329631646 -0.13388089127600367 1 
	14.250387783679788 47.138962329631646 0 1 
	23.219945281722989 43.6070541946955 0 1 
	23.219945281722989 43.6070541946955 0.13388089127600367 1 
	23.184641354039652 43.53818714036742 0.51181000000000054 0.68211091687932002 
	22.786006961904313 42.760574615841747 0.51181000000000054 0.68211091687932002 
	22.750703034212624 42.691707561530414 0.13388089127600372 1 
	22.750703034212624 42.691707561530414 -0.13388089127600361 1 
	22.786006961904313 42.760574615841747 -0.51181000000000054 0.68211091687932002 
	23.184641354039652 43.53818714036742 -0.51181000000000054 0.68211091687932002 
	23.219945281722989 43.6070541946955 -0.13388089127600367 1 
	23.219945281722989 43.6070541946955 0 1 
	27.453262145281638 41.171556522748901 0 1 
	27.453262145281638 41.171556522748901 0.13388089127600367 1 
	27.411426243192139 41.106450490191783 0.51181000000000054 0.68211091687932002 
	26.939036044962339 40.371305552949316 0.51181000000000054 0.68211091687932002 
	26.897200142864438 40.306199520409002 0.13388089127600372 1 
	26.897200142864438 40.306199520409002 -0.13388089127600361 1 
	26.939036044962339 40.371305552949316 -0.51181000000000054 0.68211091687932002 
	27.411426243192139 41.106450490191783 -0.51181000000000054 0.68211091687932002 
	27.453262145281638 41.171556522748901 -0.13388089127600367 1 
	27.453262145281638 41.171556522748901 0 1 
	35.047510252998904 35.158384655663191 0 1 
	35.047510252998904 35.158384655663191 0.13388089127600367 1 
	34.993731042062208 35.102735445005976 0.51181000000000054 0.68211091687932002 
	34.386482940841518 34.474372236858088 0.51181000000000054 0.68211091687932002 
	34.332703729913234 34.418723026184075 0.13388089127600372 1 
	34.332703729913234 34.418723026184075 -0.13388089127600361 1 
	34.386482940841518 34.474372236858088 -0.51181000000000054 0.68211091687932002 
	34.993731042062208 35.102735445005976 -0.51181000000000054 0.68211091687932002 
	35.047510252998904 35.158384655663191 -0.13388089127600367 1 
	35.047510252998904 35.158384655663191 0 1 
	38.407443091584625 31.581400089169229 0 1 
	38.407443091584625 31.581400089169229 0.13388089127600367 1 
	38.348505385933706 31.531246477849489 0.51181000000000054 0.68211091687932002 
	37.68301012789297 30.96493684420442 0.51181000000000054 0.68211091687932002 
	37.624072422225169 30.914783232893122 0.13388089127600372 1 
	37.624072422225169 30.914783232893122 -0.13388089127600361 1 
	37.68301012789297 30.96493684420442 -0.51181000000000054 0.68211091687932002 
	38.348505385933706 31.531246477849489 -0.51181000000000054 0.68211091687932002 
	38.407443091584625 31.581400089169229 -0.13388089127600367 1 
	38.407443091584625 31.581400089169229 0 1 
	43.95517297997732 23.583812393615897 0 1 
	43.95517297997732 23.583812393615897 0.13388089127600367 1 
	43.887552418814579 23.546176007191679 0.51181000000000054 0.68211091687932002 
	43.124014675276626 23.121204651114262 0.51181000000000054 0.68211091687932002 
	43.056394114130775 23.08356826468161 0.13388089127600372 1 
	43.056394114130775 23.08356826468161 -0.13388089127600361 1 
	43.124014675276626 23.121204651114262 -0.51181000000000054 0.68211091687932002 
	43.887552418814579 23.546176007191679 -0.51181000000000054 0.68211091687932002 
	43.95517297997732 23.583812393615897 -0.13388089127600367 1 
	43.95517297997732 23.583812393615897 0 1 
	46.142211554079736 19.164163871713672 0 1 
	46.142211554079736 19.164163871713672 0.13388089127600367 1 
	46.071250447392885 19.133284122432389 0.51181000000000054 0.68211091687932002 
	45.269992925075982 18.784605352464173 0.51181000000000054 0.68211091687932002 
	45.199031818406105 18.75372560319137 0.13388089127600372 1 
	45.199031818406105 18.75372560319137 -0.13388089127600361 1 
	45.269992925075982 18.784605352464173 -0.51181000000000054 0.68211091687932002 
	46.071250447392885 19.133284122432389 -0.51181000000000054 0.68211091687932002 
	46.142211554079736 19.164163871713672 -0.13388089127600367 1 
	46.142211554079736 19.164163871713672 0 1 
	49.143102997534498 9.8558012745114318 0 1 
	49.143102997534498 9.8558012745114318 0.13388089127600367 1 
	49.067467617276684 9.839420589831029 0.51181000000000054 0.68211091687932002 
	48.213430522863028 9.6544580457979627 0.51181000000000054 0.68211091687932002 
	48.137795142588246 9.6380773611090813 0.13388089127600372 1 
	48.137795142588246 9.6380773611090813 -0.13388089127600361 1 
	48.213430522863028 9.6544580457979627 -0.51181000000000054 0.68211091687932002 
	49.067467617276684 9.839420589831029 -0.51181000000000054 0.68211091687932002 
	49.143102997534498 9.8558012745114318 -0.13388089127600367 1 
	49.143102997534498 9.8558012745114318 0 1 
	49.956505454264708 4.9682264736046235 0 1 
	49.956505454264708 4.9682264736046235 0.13388089127600367 1 
	49.879635277006393 4.9592825746516302 0.51181000000000054 0.68211091687932002 
	49.011655469968545 4.8582925161963431 0.51181000000000054 0.68211091687932002 
	48.934785292761219 4.8493486172497144 0.13388089127600372 1 
	48.934785292761219 4.8493486172497144 -0.13388089127600361 1 
	49.011655469968545 4.8582925161963431 -0.51181000000000054 0.68211091687932002 
	49.879635277006393 4.9592825746516302 -0.51181000000000054 0.68211091687932002 
	49.956505454264708 4.9682264736046235 -0.13388089127600367 1 
	49.956505454264708 4.9682264736046235 0 1 
	50.041330910337628 0.055518391927280135 0 1 
	50.041330910337628 0.055518391927280135 0.13388089127600367 1 
	49.964329271810854 0.054188987968836234 0.51181000000000054 0.68211091687932002 
	49.094865068477702 0.03917801968619701 0.51181000000000054 0.68211091687932002 
	49.017863429950943 0.037848615727752902 0.13388089127600372 1 
	49.017863429950943 0.037848615727752902 -0.13388089127600361 1 
	49.094865068477702 0.03917801968619701 -0.51181000000000054 0.68211091687932002 
	49.964329271810854 0.054188987968836234 -0.51181000000000054 0.68211091687932002 
	50.041330910337628 0.055518391927280135 -0.13388089127600367 1 
	50.041330910337628 0.055518391927280135 0 1 
	0 
	0 
	0 
	2 0 0.5 
	0 
	127 0.0078125 0.015625 0.0234375 0.03125 0.0390625 0.046875 0.0546875 0.0625 0.0703125 0.078125 0.0859375 0.09375 0.1015625 0.109375 0.1171875 0.125 0.1328125 0.140625 0.1484375 0.15625 0.1640625 0.171875 0.1796875 0.1875 0.1953125 0.203125 0.2109375 0.21875 0.2265625 0.234375 0.2421875 0.25 0.2578125 0.265625 0.2734375 0.28125 0.2890625 0.296875 0.3046875 0.3125 0.3203125 0.328125 0.3359375 0.34375 0.3515625 0.359375 0.3671875 0.375 0.3828125 0.390625 0.3984375 0.40625 0.4140625 0.421875 0.4296875 0.4375 0.4453125 0.453125 0.4609375 0.46875 0.4765625 0.484375 0.4921875 0.5 0.5078125 0.515625 0.5234375 0.53125 0.5390625 0.546875 0.5546875 0.5625 0.5703125 0.578125 0.5859375 0.59375 0.6015625 0.609375 0.6171875 0.625 0.6328125 0.640625 0.6484375 0.65625 0.6640625 0.671875 0.6796875 0.6875 0.6953125 0.703125 0.7109375 0.71875 0.7265625 0.734375 0.7421875 0.75 0.7578125 0.765625 0.7734375 0.78125 0.7890625 0.796875 0.8046875 0.8125 0.8203125 0.828125 0.8359375 0.84375 0.8515625 0.859375 0.8671875 0.875 0.8828125 0.890625 0.8984375 0.90625 0.9140625 0.921875 0.9296875 0.9375 0.9453125 0.953125 0.9609375 0.96875 0.9765625 0.984375 0.9921875 
	0 
	F 1 F 0 F 1 F 0 } I I I I #
-16 integer_attrib-name_attrib-gen-attrib $-1 -1 $-1 $-1 $11 2 1 2 1 1 1 1 1 1 1 1 1 1 1 0 1 1 1 @6 Sweep1 0 #
-17 face $25 -1 -1 $-1 $26 $27 $9 $-1 $28 forward single F F #
-18 loop $-1 -1 -1 $-1 $-1 $29 $11 F unknown #
-19 spline-surface $-1 -1 -1 $-1 forward { exactsur 1 full nurbs 3 3 both periodic open none none 5 129 
	0 3 0.25 2 0.5 2 0.75 2 1 3 
	0 3 0.0078125 2 0.015625 2 0.0234375 2 0.03125 2 
	0.0390625 2 0.046875 2 0.0546875 2 0.0625 2 0.0703125 2 
	0.078125 2 0.0859375 2 0.09375 2 0.1015625 2 0.109375 2 
	0.1171875 2 0.125 2 0.1328125 2 0.140625 2 0.1484375 2 
	0.15625 2 0.1640625 2 0.171875 2 0.1796875 2 0.1875 2 
	0.1953125 2 0.203125 2 0.2109375 2 0.21875 2 0.2265625 2 
	0.234375 2 0.2421875 2 0.25 2 0.2578125 2 0.265625 2 
	0.2734375 2 0.28125 2 0.2890625 2 0.296875 2 0.3046875 2 
	0.3125 2 0.3203125 2 0.328125 2 0.3359375 2 0.34375 2 
	0.3515625 2 0.359375 2 0.3671875 2 0.375 2 0.3828125 2 
	0.390625 2 0.3984375 2 0.40625 2 0.4140625 2 0.421875 2 
	0.4296875 2 0.4375 2 0.4453125 2 0.453125 2 0.4609375 2 
	0.46875 2 0.4765625 2 0.484375 2 0.4921875 2 0.5 2 
	0.5078125 2 0.515625 2 0.5234375 2 0.53125 2 0.5390625 2 
	0.546875 2 0.5546875 2 0.5625 2 0.5703125 2 0.578125 2 
	0.5859375 2 0.59375 2 0.6015625 2 0.609375 2 0.6171875 2 
	0.625 2 0.6328125 2 0.640625 2 0.6484375 2 0.65625 2 
	0.6640625 2 0.671875 2 0.6796875 2 0.6875 2 0.6953125 2 
	0.703125 2 0.7109375 2 0.71875 2 0.7265625 2 0.734375 2 
	0.7421875 2 0.75 2 0.7578125 2 0.765625 2 0.7734375 2 
	0.78125 2 0.7890625 2 0.796875 2 0.8046875 2 0.8125 2 
	0.8203125 2 0.828125 2 0.8359375 2 0.84375 2 0.8515625 2 
	0.859375 2 0.8671875 2 0.875 2 0.8828125 2 0.890625 2 
	0.8984375 2 0.90625 2 0.9140625 2 0.921875 2 0.9296875 2 
	0.9375 2 0.9453125 2 0.953125 2 0.9609375 2 0.96875 2 
	0.9765625 2 0.984375 2 0.9921875 2 1 3 
	19.561349668946129 0.021702353989648718 26.987499999999997 1 
	19.561349668946129 0.021702353989648718 27.121380891276001 1 
	19.484405822417475 0.01843675571883828 27.499309999999998 0.68211091687932002 
	18.61559417758253 -0.018436755718838273 27.499309999999998 0.68211091687932002 
	18.538650331053887 -0.021702353989648718 27.121380891276001 1 
	18.538650331053887 -0.021702353989648721 26.853619108723993 1 
	18.61559417758253 -0.01843675571883828 26.475689999999997 0.68211091687932002 
	19.484405822417475 0.018436755718838276 26.475689999999997 0.68211091687932002 
	19.561349668946129 0.021702353989648718 26.853619108723993 1 
	19.561349668946129 0.021702353989648718 26.987499999999997 1 
	19.642855242213763 -1.8986405641945738 26.987499999999997 1 
	19.642855242213763 -1.8986405641945738 27.121380891276001 1 
	19.565587975844107 -1.894285762126489 27.499309999999998 0.68211091687932002 
	18.693124435190349 -1.8451135031596275 27.499309999999998 0.68211091687932002 
	18.615857168817833 -1.8407587010935826 27.121380891276001 1 
	18.615857168817833 -1.8407587010935826 26.853619108723993 1 
	18.693124435190349 -1.8451135031596275 26.475689999999997 0.68211091687932002 
	19.565587975844107 -1.894285762126489 26.475689999999997 0.68211091687932002 
	19.642855242213763 -1.8986405641945738 26.853619108723993 1 
	19.642855242213763 -1.8986405641945738 26.987499999999997 1 
	19.439503917398575 -3.8427712583409717 26.987499999999997 1 
	19.439503917398575 -3.8427712583409717 27.121380891276001 1 
	19.363028455915586 -3.830909298941612 27.499309999999998 0.68211091687932002 
	18.499505582068366 -3.6969699532784199 27.499309999999998 0.68211091687932002 
	18.423030120582009 -3.6851079938790634 27.121380891276001 1 
	18.423030120582009 -3.6851079938790634 26.853619108723993 1 
	18.499505582068366 -3.6969699532784199 26.475689999999997 0.68211091687932002 
	19.363028455915586 -3.830909298941612 26.475689999999997 0.68211091687932002 
	19.439503917398575 -3.8427712583409717 26.853619108723993 1 
	19.439503917398575 -3.8427712583409717 26.987499999999997 1 
	18.467080777149942 -7.6101555449983058 26.987499999999997 1 
	18.467080777149942 -7.6101555449983058 27.121380891276001 1 
	18.394418076743115 -7.5835222154535531 27.499309999999998 0.68211091687932002 
	17.573947004551986 -7.2827919050646983 27.499309999999998 0.68211091687932002 
	17.501284304148545 -7.2561585755199474 27.121380891276001 1 
	17.501284304148545 -7.2561585755199474 26.853619108723993 1 
	17.573947004551986 -7.2827919050646983 26.475689999999997 0.68211091687932002 
	18.394418076743115 -7.5835222154535531 26.475689999999997 0.68211091687932002 
	18.467080777149942 -7.6101555449983058 26.853619108723993 1 
	18.467080777149942 -7.6101555449983058 26.987499999999997 1 
	17.698054618719922 -9.4329159710643609 26.987499999999997 1 
	17.698054618719922 -9.4329159710643609 27.121380891276001 1 
	17.62833193052213 -9.3993310872771332 27.499309999999998 0.68211091687932002 
	16.841058013916697 -9.0201072839211598 27.499309999999998 0.68211091687932002 
	16.771335325715498 -8.986522400133941 27.121380891276001 1 
	16.771335325715498 -8.986522400133941 26.853619108723993 1 
	16.841058013916697 -9.0201072839211598 26.475689999999997 0.68211091687932002 
	17.62833193052213 -9.3993310872771332 26.475689999999997 0.68211091687932002 
	17.698054618719922 -9.4329159710643609 26.853619108723993 1 
	17.698054618719922 -9.4329159710643609 26.987499999999997 1 
	15.64795681352026 -12.794703185502385 26.987499999999997 1 
	15.64795681352026 -12.794703185502385 27.121380891276001 1 
	15.586176608288197 -12.748094131723599 27.499309999999998 0.68211091687932002 
	14.888585258912936 -12.221807878774136 27.499309999999998 0.68211091687932002 
	14.826805053684293 -12.175198824995356 27.121380891276001 1 
	14.826805053684293 -12.175198824995356 26.853619108723993 1 
	14.888585258912936 -12.221807878774136 26.475689999999997 0.68211091687932002 
	15.586176608288197 -12.748094131723599 26.475689999999997 0.68211091687932002 
	15.64795681352026 -12.794703185502385 26.853619108723993 1 
	15.64795681352026 -12.794703185502385 26.987499999999997 1 
	14.367075258735291 -14.333266449107278 26.987499999999997 1 
	14.367075258735291 -14.333266449107278 27.121380891276001 1 
	14.310128988752192 -14.280861148380893 27.499309999999998 0.68211091687932002 
	13.667120031925174 -13.689126557797156 27.499309999999998 0.68211091687932002 
	13.610173761942081 -13.636721257070775 27.121380891276001 1 
	13.610173761942081 -13.636721257070775 26.853619108723993 1 
	13.667120031925174 -13.689126557797156 26.475689999999997 0.68211091687932002 
	14.310128988752192 -14.280861148380893 26.475689999999997 0.68211091687932002 
	14.367075258735291 -14.333266449107278 26.853619108723993 1 
	14.367075258735291 -14.333266449107278 26.987499999999997 1 
	11.393268919060333 -16.984885859351394 26.987499999999997 1 
	11.393268919060333 -16.984885859351394 27.121380891276001 1 
	11.347708216555699 -16.922328560967607 27.499309999999998 0.68211091687932002 
	10.833259424751081 -16.215962662252167 27.499309999999998 0.68211091687932002 
	10.787698722246454 -16.153405363868391 27.121380891276001 1 
	10.787698722246454 -16.153405363868391 26.853619108723993 1 
	10.833259424751081 -16.215962662252167 26.475689999999997 0.68211091687932002 
	11.347708216555699 -16.922328560967607 26.475689999999997 0.68211091687932002 
	11.393268919060333 -16.984885859351394 26.853619108723993 1 
	11.393268919060333 -16.984885859351394 26.987499999999997 1 
	9.700665104549941 -18.097549911193152 26.987499999999997 1 
	9.700665104549941 -18.097549911193152 27.121380891276001 1 
	9.6614144538371232 -18.03085227013699 27.499309999999998 0.68211091687932002 
	9.2182156283806442 -17.277735681230993 27.499309999999998 0.68211091687932002 
	9.1789649776669524 -17.211038040171349 27.121380891276001 1 
	9.1789649776669524 -17.211038040171349 26.853619108723993 1 
	9.2182156283806442 -17.277735681230993 26.475689999999997 0.68211091687932002 
	9.6614144538371232 -18.03085227013699 26.475689999999997 0.68211091687932002 
	9.700665104549941 -18.097549911193152 26.853619108723993 1 
	9.700665104549941 -18.097549911193152 26.987499999999997 1 
	6.0420085943537778 -19.789681624971987 26.987499999999997 1 
	6.0420085943537778 -19.789681624971987 27.121380891276001 1 
	6.0166026702908297 -19.716580818465122 27.499309999999998 0.68211091687932002 
	5.7297316121288535 -18.891162870143781 27.499309999999998 0.68211091687932002 
	5.7043256880667821 -18.818062063640422 27.121380891276001 1 
	5.7043256880667821 -18.818062063640422 26.853619108723993 1 
	5.7297316121288535 -18.891162870143781 26.475689999999997 0.68211091687932002 
	6.0166026702908297 -19.716580818465122 26.475689999999997 0.68211091687932002 
	6.0420085943537778 -19.789681624971987 26.853619108723993 1 
	6.0420085943537778 -19.789681624971987 26.987499999999997 1 
	4.0763822595793924 -20.368865007175224 26.987499999999997 1 
	4.0763822595793924 -20.368865007175224 27.121380891276001 1 
	4.0582172698562831 -20.293637233749362 27.499309999999998 0.68211091687932002 
	3.8531072407686424 -19.444202632839115 27.499309999999998 0.68211091687932002 
	3.8349422510459767 -19.368974859409729 27.121380891276001 1 
	3.8349422510459767 -19.368974859409729 26.853619108723993 1 
	3.8531072407686424 -19.444202632839115 26.475689999999997 0.68211091687932002 
	4.0582172698562831 -20.293637233749362 26.475689999999997 0.68211091687932002 
	4.0763822595793924 -20.368865007175224 26.853619108723993 1 
	4.0763822595793924 -20.368865007175224 26.987499999999997 1 
	0.037540882304032755 -20.930716657336287 26.987499999999997 1 
	0.037540882304032755 -20.930716657336287 27.121380891276001 1 
	0.034483621421999004 -20.853387245805099 27.499309999999998 0.68211091687932002 
	-3.7447845810173117e-05 -19.980221992748337 27.499309999999998 0.68211091687932002 
	-0.0030947087282860546 -19.902892581220701 27.121380891276001 1 
	-0.0030947087282860546 -19.902892581220701 26.853619108723993 1 
	-3.7447845810173117e-05 -19.980221992748337 26.475689999999997 0.68211091687932002 
	0.034483621421999004 -20.853387245805099 26.475689999999997 0.68211091687932002 
	0.037540882304032755 -20.930716657336287 26.853619108723993 1 
	0.037540882304032755 -20.930716657336287 26.987499999999997 1 
	-2.0351778254953445 -20.913236073211284 26.987499999999997 1 
	-2.0351778254953445 -20.913236073211284 27.121380891276001 1 
	-2.0306888094403011 -20.835976578882267 27.499309999999998 0.68211091687932002 
	-1.980001072873445 -19.963600796060252 27.499309999999998 0.68211091687932002 
	-1.9755120568175077 -19.886341301734824 27.121380891276001 1 
	-1.9755120568175077 -19.886341301734824 26.853619108723993 1 
	-1.980001072873445 -19.963600796060252 26.475689999999997 0.68211091687932002 
	-2.0306888094403011 -20.835976578882267 26.475689999999997 0.68211091687932002 
	-2.0351778254953445 -20.913236073211284 26.853619108723993 1 
	-2.0351778254953445 -20.913236073211284 26.987499999999997 1 
	-6.1090724018359328 -20.269410105202649 26.987499999999997 1 
	-6.1090724018359328 -20.269410105202649 27.121380891276001 1 
	-6.0895176869502832 -20.194531577968295 27.499309999999998 0.68211091687932002 
	-5.8687155725545406 -19.349040491382059 27.499309999999998 0.68211091687932002 
	-5.8491608576697889 -19.274161964144135 27.121380891276001 1 
	-5.8491608576697889 -19.274161964144135 26.853619108723993 1 
	-5.8687155725545406 -19.349040491382059 26.475689999999997 0.68211091687932002 
	-6.0895176869502832 -20.194531577968295 26.475689999999997 0.68211091687932002 
	-6.1090724018359328 -20.269410105202649 26.853619108723993 1 
	-6.1090724018359328 -20.269410105202649 26.987499999999997 1 
	-8.1097243695175631 -19.643067489451699 26.987499999999997 1 
	-8.1097243695175631 -19.643067489451699 27.121380891276001 1 
	-8.0829698395184764 -19.570449502894402 27.499309999999998 0.68211091687932002 
	-7.7808709938770146 -18.750483317320271 27.499309999999998 0.68211091687932002 
	-7.7541164638779332 -18.67786533076298 27.121380891276001 1 
	-7.7541164638779332 -18.67786533076298 26.853619108723993 1 
	-7.7808709938770146 -18.750483317320271 26.475689999999997 0.68211091687932002 
	-8.0829698395184764 -19.570449502894402 26.475689999999997 0.68211091687932002 
	-8.1097243695175631 -19.643067489451699 26.853619108723993 1 
	-8.1097243695175631 -19.643067489451699 26.987499999999997 1 
	-11.862564903772197 -17.822380540322214 26.987499999999997 1 
	-11.862564903772197 -17.822380540322214 27.121380891276001 1 
	-11.822087886342834 -17.756420037808731 27.499309999999998 0.68211091687932002 
	-11.365041537906235 -17.011626850669476 27.499309999999998 0.68211091687932002 
	-11.324564520476876 -16.945666348155996 27.121380891276001 1 
	-11.324564520476876 -16.945666348155996 26.853619108723993 1 
	-11.365041537906235 -17.011626850669476 26.475689999999997 0.68211091687932002 
	-11.822087886342834 -17.756420037808731 26.475689999999997 0.68211091687932002 
	-11.862564903772197 -17.822380540322214 26.853619108723993 1 
	-11.862564903772197 -17.822380540322214 26.987499999999997 1 
	-13.614247778729698 -16.628193682831057 26.987499999999997 1 
	-13.614247778729698 -16.628193682831057 27.121380891276001 1 
	-13.567539183816217 -16.566488899764046 27.499309999999998 0.68211091687932002 
	-13.040128961888321 -15.869749179956194 27.499309999999998 0.68211091687932002 
	-12.99342036697667 -15.808044396887363 27.121380891276001 1 
	-12.99342036697667 -15.808044396887363 26.853619108723993 1 
	-13.040128961888321 -15.869749179956194 26.475689999999997 0.68211091687932002 
	-13.567539183816217 -16.566488899764046 26.475689999999997 0.68211091687932002 
	-13.614247778729698 -16.628193682831057 26.853619108723993 1 
	-13.614247778729698 -16.628193682831057 26.987499999999997 1 
	-16.710072692629893 -13.763488202658184 26.987499999999997 1 
	-16.710072692629893 -13.763488202658184 27.121380891276001 1 
	-16.652169792219222 -13.712142051855503 27.499309999999998 0.68211091687932002 
	-15.998359040389657 -13.132366855439626 27.499309999999998 0.68211091687932002 
	-15.940456139977163 -13.08102070463878 27.121380891276001 1 
	-15.940456139977163 -13.08102070463878 26.853619108723993 1 
	-15.998359040389657 -13.132366855439626 26.475689999999997 0.68211091687932002 
	-16.652169792219222 -13.712142051855503 26.475689999999997 0.68211091687932002 
	-16.710072692629893 -13.763488202658184 26.853619108723993 1 
	-16.710072692629893 -13.763488202658184 26.987499999999997 1 
	-18.053772393593558 -12.093271193729803 26.987499999999997 1 
	-18.053772393593558 -12.093271193729803 27.121380891276001 1 
	-17.991144216568969 -12.047808231841691 27.499309999999998 0.68211091687932002 
	-17.283977991506529 -11.534463078483157 27.499309999999998 0.68211091687932002 
	-17.221349814485638 -11.489000116596893 27.121380891276001 1 
	-17.221349814485638 -11.489000116596893 26.853619108723993 1 
	-17.283977991506529 -11.534463078483157 26.475689999999997 0.68211091687932002 
	-17.991144216568969 -12.047808231841691 26.475689999999997 0.68211091687932002 
	-18.053772393593558 -12.093271193729803 26.853619108723993 1 
	-18.053772393593558 -12.093271193729803 26.987499999999997 1 
	-20.206798255591565 -8.4120380356635334 26.987499999999997 1 
	-20.206798255591565 -8.4120380356635334 27.121380891276001 1 
	-20.136470420631639 -8.3797399695238663 27.499309999999998 0.68211091687932002 
	-19.342363487743143 -8.015046271007245 27.499309999999998 0.68211091687932002 
	-19.272035652779529 -7.982748204865735 27.121380891276001 1 
	-19.272035652779529 -7.982748204865735 26.853619108723993 1 
	-19.342363487743143 -8.015046271007245 26.475689999999997 0.68211091687932002 
	-20.136470420631639 -8.3797399695238663 26.475689999999997 0.68211091687932002 
	-20.206798255591565 -8.4120380356635334 26.853619108723993 1 
	-20.206798255591565 -8.4120380356635334 26.987499999999997 1 
	-21.0157859205286 -6.4014440635204259 26.987499999999997 1 
	-21.0157859205286 -6.4014440635204259 27.121380891276001 1 
	-20.942647019281157 -6.3761484696276876 27.499309999999998 0.68211091687932002 
	-20.116798924022657 -6.0905232048573454 27.499309999999998 0.68211091687932002 
	-20.043660022775221 -6.0652276109646079 27.121380891276001 1 
	-20.043660022775221 -6.0652276109646079 26.853619108723993 1 
	-20.116798924022657 -6.0905232048573454 26.475689999999997 0.68211091687932002 
	-20.942647019281157 -6.3761484696276876 26.475689999999997 0.68211091687932002 
	-21.0157859205286 -6.4014440635204259 26.853619108723993 1 
	-21.0157859205286 -6.4014440635204259 26.987499999999997 1 
	-22.016670094822054 -2.2078859639602233 26.987499999999997 1 
	-22.016670094822054 -2.2078859639602233 27.121380891276001 1 
	-21.939990743168263 -2.1974244648449126 27.499309999999998 0.68211091687932002 
	-21.07416564294974 -2.0792984201551694 27.499309999999998 0.68211091687932002 
	-20.997486291295953 -2.0688369210398601 27.121380891276001 1 
	-20.997486291295953 -2.0688369210398601 26.853619108723993 1 
	-21.07416564294974 -2.0792984201551694 26.475689999999997 0.68211091687932002 
	-21.939990743168263 -2.1974244648449126 26.475689999999997 0.68211091687932002 
	-22.016670094822054 -2.2078859639602233 26.853619108723993 1 
	-22.016670094822054 -2.2078859639602233 26.987499999999997 1 
	-22.208364089048096 -0.025429820924569198 26.987499999999997 1 
	-22.208364089048096 -0.025429820924569198 27.121380891276001 1 
	-22.131030445216805 -0.022485321476211143 27.499309999999998 0.68211091687932002 
	-21.257817403130236 0.010762501762947695 27.499309999999998 0.68211091687932002 
	-21.180483759302732 0.013707001211306184 27.121380891276001 1 
	-21.180483759302732 0.013707001211306184 26.853619108723993 1 
	-21.257817403130236 0.010762501762947695 26.475689999999997 0.68211091687932002 
	-22.131030445216805 -0.022485321476211143 26.475689999999997 0.68211091687932002 
	-22.208364089048096 -0.025429820924569198 26.853619108723993 1 
	-22.208364089048096 -0.025429820924569198 26.987499999999997 1 
	-21.944293630317802 4.3246320629137243 26.987499999999997 1 
	-21.944293630317802 4.3246320629137243 27.121380891276001 1 
	-21.867884083740439 4.3123542893489066 27.499309999999998 0.68211091687932002 
	-21.005105488193259 4.1737197769507199 27.499309999999998 0.68211091687932002 
	-20.928695941612133 4.1614420033859059 27.121380891276001 1 
	-20.928695941612133 4.1614420033859059 26.853619108723993 1 
	-21.005105488193259 4.1737197769507199 26.475689999999997 0.68211091687932002 
	-21.867884083740439 4.3123542893489066 26.475689999999997 0.68211091687932002 
	-21.944293630317802 4.3246320629137243 26.853619108723993 1 
	-21.944293630317802 4.3246320629137243 26.987499999999997 1 
	-21.488483407988213 6.491687093844825 26.987499999999997 1 
	-21.488483407988213 6.491687093844825 27.121380891276001 1 
	-21.413632653139697 6.4720268865684796 27.499309999999998 0.68211091687932002 
	-20.568455158505824 6.2500336045807252 27.499309999999998 0.68211091687932002 
	-20.493604403661134 6.2303733973082025 27.121380891276001 1 
	-20.493604403661134 6.2303733973082025 26.853619108723993 1 
	-20.568455158505824 6.2500336045807252 26.475689999999997 0.68211091687932002 
	-21.413632653139697 6.4720268865684796 26.475689999999997 0.68211091687932002 
	-21.488483407988213 6.491687093844825 26.853619108723993 1 
	-21.488483407988213 6.491687093844825 26.987499999999997 1 
	-19.955182715335443 10.620997656080295 26.987499999999997 1 
	-19.955182715335443 10.620997656080295 27.121380891276001 1 
	-19.885640436946197 10.587041349527736 27.499309999999998 0.68211091687932002 
	-19.10040361815885 10.203623625027019 27.499309999999998 0.68211091687932002 
	-19.030861339765792 10.169667318470641 27.121380891276001 1 
	-19.030861339765792 10.169667318470641 26.853619108723993 1 
	-19.10040361815885 10.203623625027019 26.475689999999997 0.68211091687932002 
	-19.885640436946197 10.587041349527736 26.475689999999997 0.68211091687932002 
	-19.955182715335443 10.620997656080295 26.853619108723993 1 
	-19.955182715335443 10.620997656080295 26.987499999999997 1 
	-18.877810537349578 12.582707507063986 26.987499999999997 1 
	-18.877810537349578 12.582707507063986 27.121380891276001 1 
	-18.811905365948224 12.542140717153083 27.499309999999998 0.68211091687932002 
	-18.067736950286001 12.084080702499254 27.499309999999998 0.68211091687932002 
	-18.001831778888516 12.043513912588361 27.121380891276001 1 
	-18.001831778888516 12.043513912588361 26.853619108723993 1 
	-18.067736950286001 12.084080702499254 26.475689999999997 0.68211091687932002 
	-18.811905365948224 12.542140717153083 26.475689999999997 0.68211091687932002 
	-18.877810537349578 12.582707507063986 26.853619108723993 1 
	-18.877810537349578 12.582707507063986 26.987499999999997 1 
	-16.182236266857625 16.125293203443203 26.987499999999997 1 
	-16.182236266857625 16.125293203443203 27.121380891276001 1 
	-16.125565270570466 16.072590696597004 27.499309999999998 0.68211091687932002 
	-15.485664567367428 15.477500202353978 27.499309999999998 0.68211091687932002 
	-15.42899357107642 15.424797695507781 27.121380891276001 1 
	-15.42899357107642 15.424797695507781 26.853619108723993 1 
	-15.485664567367428 15.477500202353978 26.475689999999997 0.68211091687932002 
	-16.125565270570466 16.072590696597004 26.475689999999997 0.68211091687932002 
	-16.182236266857625 16.125293203443203 26.853619108723993 1 
	-16.182236266857625 16.125293203443203 26.987499999999997 1 
	-14.564309474857913 17.70567668535163 26.987499999999997 1 
	-14.564309474857913 17.70567668535163 27.121380891276001 1 
	-14.513039724667243 17.647706299081491 27.499309999999998 0.68211091687932002 
	-13.93412720592754 16.993133530484073 27.499309999999998 0.68211091687932002 
	-13.882857455734928 16.935163144217846 27.121380891276001 1 
	-13.882857455734928 16.935163144217846 26.853619108723993 1 
	-13.93412720592754 16.993133530484073 26.475689999999997 0.68211091687932002 
	-14.513039724667243 17.647706299081491 26.475689999999997 0.68211091687932002 
	-14.564309474857913 17.70567668535163 26.853619108723993 1 
	-14.564309474857913 17.70567668535163 26.987499999999997 1 
	-10.917600252762032 20.339255133248695 26.987499999999997 1 
	-10.917600252762032 20.339255133248695 27.121380891276001 1 
	-10.878692851451419 20.27235694881395 27.499309999999998 0.68211091687932002 
	-10.439369827558313 19.516975923875755 27.499309999999998 0.68211091687932002 
	-10.400462426249659 19.450077739437123 27.121380891276001 1 
	-10.400462426249659 19.450077739437123 26.853619108723993 1 
	-10.439369827558313 19.516975923875755 26.475689999999997 0.68211091687932002 
	-10.878692851451419 20.27235694881395 26.475689999999997 0.68211091687932002 
	-10.917600252762032 20.339255133248695 26.853619108723993 1 
	-10.917600252762032 20.339255133248695 26.987499999999997 1 
	-8.8892290459026597 21.392055602235875 26.987499999999997 1 
	-8.8892290459026597 21.392055602235875 27.121380891276001 1 
	-8.8570206003584104 21.321686816478554 27.499309999999998 0.68211091687932002 
	-8.4933388530336238 20.527117487642439 27.499309999999998 0.68211091687932002 
	-8.4611304074903657 20.456748701885129 27.121380891276001 1 
	-8.4611304074903657 20.456748701885129 26.853619108723993 1 
	-8.4933388530336238 20.527117487642439 26.475689999999997 0.68211091687932002 
	-8.8570206003584104 21.321686816478554 26.475689999999997 0.68211091687932002 
	-8.8892290459026597 21.392055602235875 26.853619108723993 1 
	-8.8892290459026597 21.392055602235875 26.987499999999997 1 
	-4.5903310661895746 22.86727134134572 26.987499999999997 1 
	-4.5903310661895746 22.86727134134572 27.121380891276001 1 
	-4.5725456801251907 22.791953149634725 27.499309999999998 0.68211091687932002 
	-4.3717219467508635 21.941497590377391 27.499309999999998 0.68211091687932002 
	-4.3539365606854972 21.866179398666404 27.121380891276001 1 
	-4.3539365606854972 21.866179398666404 26.853619108723993 1 
	-4.3717219467508635 21.941497590377391 26.475689999999997 0.68211091687932002 
	-4.5725456801251907 22.791953149634725 26.475689999999997 0.68211091687932002 
	-4.5903310661895746 22.86727134134572 26.853619108723993 1 
	-4.5903310661895746 22.86727134134572 26.987499999999997 1 
	-2.3203179119055837 23.289426771436069 26.987499999999997 1 
	-2.3203179119055837 23.289426771436069 27.121380891276001 1 
	-2.3099507980614526 23.212734724800491 27.499309999999998 0.68211091687932002 
	-2.1928905049066323 22.346766279065719 27.499309999999998 0.68211091687932002 
	-2.1825233910624711 22.270074232430147 27.121380891276001 1 
	-2.1825233910624711 22.270074232430147 26.853619108723993 1 
	-2.1928905049066323 22.346766279065719 26.475689999999997 0.68211091687932002 
	-2.3099507980614526 23.212734724800491 26.475689999999997 0.68211091687932002 
	-2.3203179119055837 23.289426771436069 26.853619108723993 1 
	-2.3203179119055837 23.289426771436069 26.987499999999997 1 
	2.2684591944420975 23.453267876804059 26.987499999999997 1 
	2.2684591944420975 23.453267876804059 27.121380891276001 1 
	2.263587750544616 23.376031770671524 27.499309999999998 0.68211091687932002 
	2.2085818290027435 22.50392007580578 27.499309999999998 0.68211091687932002 
	2.2037103851052318 22.426683969673263 27.121380891276001 1 
	2.2037103851052318 22.426683969673263 26.853619108723993 1 
	2.2085818290027435 22.50392007580578 26.475689999999997 0.68211091687932002 
	2.263587750544616 23.376031770671524 26.475689999999997 0.68211091687932002 
	2.2684591944420975 23.453267876804059 26.853619108723993 1 
	2.2684591944420975 23.453267876804059 26.987499999999997 1 
	4.5866503770879419 23.194853989361494 26.987499999999997 1 
	4.5866503770879419 23.194853989361494 27.121380891276001 1 
	4.5742817574266397 23.118459215347034 27.499309999999998 0.68211091687932002 
	4.4346214560898165 22.255847424231135 27.499309999999998 0.68211091687932002 
	4.4222528364275124 22.179452650216696 27.121380891276001 1 
	4.4222528364275124 22.179452650216696 26.853619108723993 1 
	4.4346214560898165 22.255847424231135 26.475689999999997 0.68211091687932002 
	4.5742817574266397 23.118459215347034 26.475689999999997 0.68211091687932002 
	4.5866503770879419 23.194853989361494 26.853619108723993 1 
	4.5866503770879419 23.194853989361494 26.987499999999997 1 
	9.0701543229220984 22.006065645163812 26.987499999999997 1 
	9.0701543229220984 22.006065645163812 27.121380891276001 1 
	9.043047098886877 21.933578800543824 27.499309999999998 0.68211091687932002 
	8.7369658076136414 21.115093404462129 27.499309999999998 0.68211091687932002 
	8.7098585835794253 21.042606559842142 27.121380891276001 1 
	8.7098585835794253 21.042606559842142 26.853619108723993 1 
	8.7369658076136414 21.115093404462129 26.475689999999997 0.68211091687932002 
	9.043047098886877 21.933578800543824 26.475689999999997 0.68211091687932002 
	9.0701543229220984 22.006065645163812 26.853619108723993 1 
	9.0701543229220984 22.006065645163812 26.987499999999997 1 
	11.234884488337242 21.07576386750312 26.987499999999997 1 
	11.234884488337242 21.07576386750312 27.121380891276001 1 
	11.200848331730487 21.006260762840263 27.499309999999998 0.68211091687932002 
	10.816528980171569 20.221466274220987 27.499309999999998 0.68211091687932002 
	10.782492823564818 20.151963169550012 27.121380891276001 1 
	10.782492823564818 20.151963169550012 26.853619108723993 1 
	10.816528980171569 20.221466274220987 26.475689999999997 0.68211091687932002 
	11.200848331730487 21.006260762840263 26.475689999999997 0.68211091687932002 
	11.234884488337242 21.07576386750312 26.853619108723993 1 
	11.234884488337242 21.07576386750312 26.987499999999997 1 
	15.219147986419514 18.610738907198307 26.987499999999997 1 
	15.219147986419514 18.610738907198307 27.121380891276001 1 
	15.172145321092891 18.54925808940342 27.499309999999998 0.68211091687932002 
	14.64141460229688 17.855047274134435 27.499309999999998 0.68211091687932002 
	14.594411936970264 17.793566456347683 27.121380891276001 1 
	14.594411936970264 17.793566456347683 26.853619108723993 1 
	14.64141460229688 17.855047274134435 26.475689999999997 0.68211091687932002 
	15.172145321092891 18.54925808940342 26.475689999999997 0.68211091687932002 
	15.219147986419514 18.610738907198307 26.853619108723993 1 
	15.219147986419514 18.610738907198307 26.987499999999997 1 
	17.038140046183763 17.076257631820326 26.987499999999997 1 
	17.038140046183763 17.076257631820326 27.121380891276001 1 
	16.985374716737574 17.019645275656689 27.499309999999998 0.68211091687932002 
	16.389574860970004 16.380406707591025 27.499309999999998 0.68211091687932002 
	16.336809531523823 16.323794351425338 27.121380891276001 1 
	16.336809531523823 16.323794351425338 26.853619108723993 1 
	16.389574860970004 16.380406707591025 26.475689999999997 0.68211091687932002 
	16.985374716737574 17.019645275656689 26.475689999999997 0.68211091687932002 
	17.038140046183763 17.076257631820326 26.853619108723993 1 
	17.038140046183763 17.076257631820326 26.987499999999997 1 
	20.164985124907805 13.524695433922567 26.987499999999997 1 
	20.164985124907805 13.524695433922567 27.121380891276001 1 
	20.102144428189757 13.479527019224118 27.499309999999998 0.68211091687932002 
	19.392578536390047 12.9695077462183 27.499309999999998 0.68211091687932002 
	19.32973783967201 12.92433933152191 27.121380891276001 1 
	19.32973783967201 12.92433933152191 26.853619108723993 1 
	19.392578536390047 12.9695077462183 26.475689999999997 0.68211091687932002 
	20.102144428189757 13.479527019224118 26.475689999999997 0.68211091687932002 
	20.164985124907805 13.524695433922567 26.853619108723993 1 
	20.164985124907805 13.524695433922567 26.987499999999997 1 
	21.472386690102791 11.508007635084338 26.987499999999997 1 
	21.472386690102791 11.508007635084338 27.121380891276001 1 
	21.40544689687755 11.469172079607475 27.499309999999998 0.68211091687932002 
	20.649596046187906 11.030660303093539 27.499309999999998 0.68211091687932002 
	20.582656252966821 10.991824747616679 27.121380891276001 1 
	20.582656252966821 10.991824747616679 26.853619108723993 1 
	20.649596046187906 11.030660303093539 26.475689999999997 0.68211091687932002 
	21.40544689687755 11.469172079607475 26.475689999999997 0.68211091687932002 
	21.472386690102791 11.508007635084338 26.853619108723993 1 
	21.472386690102791 11.508007635084338 26.987499999999997 1 
	23.451567341758079 7.15852251011931 26.987499999999997 1 
	23.451567341758079 7.15852251011931 27.121380891276001 1 
	23.378312719166569 7.133564614705314 27.499309999999998 0.68211091687932002 
	22.551157956053583 6.8517524732104382 27.499309999999998 0.68211091687932002 
	22.477903333457931 6.8267945777964414 27.121380891276001 1 
	22.477903333457931 6.8267945777964414 26.853619108723993 1 
	22.551157956053583 6.8517524732104382 26.475689999999997 0.68211091687932002 
	23.378312719166569 7.133564614705314 26.475689999999997 0.68211091687932002 
	23.451567341758079 7.15852251011931 26.853619108723993 1 
	23.451567341758079 7.15852251011931 26.987499999999997 1 
	24.123026290619503 4.8262378223776023 26.987499999999997 1 
	24.123026290619503 4.8262378223776023 27.121380891276001 1 
	24.047689810216404 4.8085305214879392 27.499309999999998 0.68211091687932002 
	23.197027744191153 4.6085884870585243 27.499309999999998 0.68211091687932002 
	23.121691263788072 4.5908811861683354 27.121380891276001 1 
	23.121691263788072 4.5908811861683354 26.853619108723993 1 
	23.197027744191153 4.6085884870585243 26.475689999999997 0.68211091687932002 
	24.047689810216404 4.8085305214879392 26.475689999999997 0.68211091687932002 
	24.123026290619503 4.8262378223776023 26.853619108723993 1 
	24.123026290619503 4.8262378223776023 26.987499999999997 1 
	24.759029686230015 0.042988770268569731 26.987499999999997 1 
	24.759029686230015 0.042988770268569731 27.121380891276001 1 
	24.681683671206738 0.040394982686397553 27.499309999999998 0.68211091687932002 
	23.808330939771988 0.011107223404001243 27.499309999999998 0.68211091687932002 
	23.730984924748721 0.0085134358223538237 27.121380891276001 1 
	23.730984924748721 0.0085134358223538237 26.853619108723993 1 
	23.808330939771988 0.011107223404001243 26.475689999999997 0.68211091687932002 
	24.681683671206738 0.040394982686397553 26.475689999999997 0.68211091687932002 
	24.759029686230015 0.042988770268569731 26.853619108723993 1 
	24.759029686230015 0.042988770268569731 26.987499999999997 1 
	24.72341601225305 -2.4073862880146817 26.987499999999997 1 
	24.72341601225305 -2.4073862880146817 27.121380891276001 1 
	24.646184921609692 -2.4024375514560266 27.499309999999998 0.68211091687932002 
	23.774129859154613 -2.3465588796239918 27.499309999999998 0.68211091687932002 
	23.696898768515485 -2.3416101430653393 27.121380891276001 1 
	23.696898768515485 -2.3416101430653393 26.853619108723993 1 
	23.774129859154613 -2.3465588796239918 26.475689999999997 0.68211091687932002 
	24.646184921609692 -2.4024375514560266 26.475689999999997 0.68211091687932002 
	24.72341601225305 -2.4073862880146817 26.853619108723993 1 
	24.72341601225305 -2.4073862880146817 26.987499999999997 1 
	23.934458698724306 -7.2151597101112781 26.987499999999997 1 
	23.934458698724306 -7.2151597101112781 27.121380891276001 1 
	23.859696523341775 -7.1951659992048373 27.499309999999998 0.68211091687932002 
	23.015519223919661 -6.96940696008246 27.499309999999998 0.68211091687932002 
	22.940757048532916 -6.949413249176021 27.121380891276001 1 
	22.940757048532916 -6.949413249176021 26.853619108723993 1 
	23.015519223919661 -6.96940696008246 26.475689999999997 0.68211091687932002 
	23.859696523341775 -7.1951659992048373 26.475689999999997 0.68211091687932002 
	23.934458698724306 -7.2151597101112781 26.853619108723993 1 
	23.934458698724306 -7.2151597101112781 26.987499999999997 1 
	23.181135946107073 -9.5719425145002113 26.987499999999997 1 
	23.181135946107073 -9.5719425145002113 27.121380891276001 1 
	23.108675425001305 -9.544765283673911 27.499309999999998 0.68211091687932002 
	22.290487260939724 -9.2378935105741729 27.499309999999998 0.68211091687932002 
	22.218026739838237 -9.2107162797500095 27.121380891276001 1 
	22.218026739838237 -9.2107162797500095 26.853619108723993 1 
	22.290487260939724 -9.2378935105741729 26.475689999999997 0.68211091687932002 
	23.108675425001305 -9.544765283673911 26.475689999999997 0.68211091687932002 
	23.181135946107073 -9.5719425145002113 26.853619108723993 1 
	23.181135946107073 -9.5719425145002113 26.987499999999997 1 
	21.008533174581295 -13.984931911983843 26.987499999999997 1 
	21.008533174581295 -13.984931911983843 27.121380891276001 1 
	20.942806683648154 -13.944076589524796 27.499309999999998 0.68211091687932002 
	20.200655838928277 -13.482758608812956 27.499309999999998 0.68211091687932002 
	20.13492934799088 -13.44190328635178 27.121380891276001 1 
	20.13492934799088 -13.44190328635178 26.853619108723993 1 
	20.200655838928277 -13.482758608812956 26.475689999999997 0.68211091687932002 
	20.942806683648154 -13.944076589524796 26.475689999999997 0.68211091687932002 
	21.008533174581295 -13.984931911983843 26.853619108723993 1 
	21.008533174581295 -13.984931911983843 26.987499999999997 1 
	19.589454577328262 -16.040550361380486 26.987499999999997 1 
	19.589454577328262 -16.040550361380486 27.121380891276001 1 
	19.528017716804015 -15.993490411636532 27.499309999999998 0.68211091687932002 
	18.83430324516571 -15.462112865769495 27.499309999999998 0.68211091687932002 
	18.772866384650087 -15.415052916034158 27.121380891276001 1 
	18.772866384650087 -15.415052916034158 26.853619108723993 1 
	18.83430324516571 -15.462112865769495 26.475689999999997 0.68211091687932002 
	19.528017716804015 -15.993490411636532 26.475689999999997 0.68211091687932002 
	19.589454577328262 -16.040550361380486 26.853619108723993 1 
	19.589454577328262 -16.040550361380486 26.987499999999997 1 
	16.196355552152124 -19.665942579101284 26.987499999999997 1 
	16.196355552152124 -19.665942579101284 27.121380891276001 1 
	16.145336474666593 -19.607751682724615 27.499309999999998 0.68211091687932002 
	15.569254427393604 -18.950689023639402 27.499309999999998 0.68211091687932002 
	15.518235349899465 -18.892498127254125 27.121380891276001 1 
	15.518235349899465 -18.892498127254125 26.853619108723993 1 
	15.569254427393604 -18.950689023639402 26.475689999999997 0.68211091687932002 
	16.145336474666593 -19.607751682724615 26.475689999999997 0.68211091687932002 
	16.196355552152124 -19.665942579101284 26.853619108723993 1 
	16.196355552152124 -19.665942579101284 26.987499999999997 1 
	14.222702726179374 -21.235207864667174 26.987499999999997 1 
	14.222702726179374 -21.235207864667174 27.121380891276001 1 
	14.177590976142936 -21.17232659178913 27.499309999999998 0.68211091687932002 
	13.668211532335507 -20.46230253425162 27.499309999999998 0.68211091687932002 
	13.623099782299072 -20.399421261373583 27.121380891276001 1 
	13.623099782299072 -20.399421261373583 26.853619108723993 1 
	13.668211532335507 -20.46230253425162 26.475689999999997 0.68211091687932002 
	14.177590976142936 -21.17232659178913 26.475689999999997 0.68211091687932002 
	14.222702726179374 -21.235207864667174 26.853619108723993 1 
	14.222702726179374 -21.235207864667174 26.987499999999997 1 
	9.882103197874466 -23.741613490464527 26.987499999999997 1 
	9.882103197874466 -23.741613490464527 27.121380891276001 1 
	9.8501938086568241 -23.671108771908806 27.499309999999998 0.68211091687932002 
	9.4898888566174637 -22.875004557416744 27.499309999999998 0.68211091687932002 
	9.4579794673998254 -22.804499838861034 27.121380891276001 1 
	9.4579794673998254 -22.804499838861034 26.853619108723993 1 
	9.4898888566174637 -22.875004557416744 26.475689999999997 0.68211091687932002 
	9.8501938086568241 -23.671108771908806 26.475689999999997 0.68211091687932002 
	9.882103197874466 -23.741613490464527 26.853619108723993 1 
	9.882103197874466 -23.741613490464527 26.987499999999997 1 
	7.5156610201787126 -24.678371193469815 26.987499999999997 1 
	7.5156610201787126 -24.678371193469815 27.121380891276001 1 
	7.4907668236628995 -24.605094994880705 27.499309999999998 0.68211091687932002 
	7.2096739384195079 -23.777696606311878 27.499309999999998 0.68211091687932002 
	7.1847797419025996 -23.704420407718395 27.121380891276001 1 
	7.1847797419025996 -23.704420407718395 26.853619108723993 1 
	7.2096739384195079 -23.777696606311878 26.475689999999997 0.68211091687932002 
	7.4907668236628995 -24.605094994880705 26.475689999999997 0.68211091687932002 
	7.5156610201787126 -24.678371193469815 26.853619108723993 1 
	7.5156610201787126 -24.678371193469815 26.987499999999997 1 
	2.5885479142215742 -25.826014763579064 26.987499999999997 1 
	2.5885479142215742 -25.826014763579064 27.121380891276001 1 
	2.5785012946397816 -25.749280235974339 27.499309999999998 0.68211091687932002 
	2.4650598632977538 -24.8828321163782 27.499309999999998 0.68211091687932002 
	2.4550132437170604 -24.806097588777885 27.121380891276001 1 
	2.4550132437170604 -24.806097588777885 26.853619108723993 1 
	2.4650598632977538 -24.8828321163782 26.475689999999997 0.68211091687932002 
	2.5785012946397816 -25.749280235974339 26.475689999999997 0.68211091687932002 
	2.5885479142215742 -25.826014763579064 26.853619108723993 1 
	2.5885479142215742 -25.826014763579064 26.987499999999997 1 
	0.028476585628853072 -26.036679779460602 26.987499999999997 1 
	0.028476585628853072 -26.036679779460602 27.121380891276001 1 
	0.025947647157066336 -25.959331704753794 27.499309999999998 0.68211091687932002 
	-0.0026078682357406381 -25.085955716346088 27.499309999999998 0.68211091687932002 
	-0.0051368067075265034 -25.008607641639294 27.121380891276001 1 
	-0.0051368067075265034 -25.008607641639294 26.853619108723993 1 
	-0.0026078682357406381 -25.085955716346088 26.475689999999997 0.68211091687932002 
	0.025947647157066336 -25.959331704753794 26.475689999999997 0.68211091687932002 
	0.028476585628853072 -26.036679779460602 26.853619108723993 1 
	0.028476585628853072 -26.036679779460602 26.987499999999997 1 
	-5.0661556761451383 -25.700109527911231 26.987499999999997 1 
	-5.0661556761451383 -25.700109527911231 27.121380891276001 1 
	-5.0534730337363394 -25.623766415820857 27.499309999999998 0.68211091687932002 
	-4.9102669437144417 -24.7617379655102 27.499309999999998 0.68211091687932002 
	-4.8975843013056446 -24.68539485341983 27.121380891276001 1 
	-4.8975843013056446 -24.68539485341983 26.853619108723993 1 
	-4.9102669437144417 -24.7617379655102 26.475689999999997 0.68211091687932002 
	-5.0534730337363394 -25.623766415820857 26.475689999999997 0.68211091687932002 
	-5.0661556761451383 -25.700109527911231 26.853619108723993 1 
	-5.0661556761451383 -25.700109527911231 26.987499999999997 1 
	-7.6000729064375632 -25.1528375391974 26.987499999999997 1 
	-7.6000729064375632 -25.1528375391974 27.121380891276001 1 
	-7.5800187727115134 -25.078091637239819 27.499309999999998 0.68211091687932002 
	-7.3535774691653009 -24.234098089304521 27.499309999999998 0.68211091687932002 
	-7.3335233354414919 -24.159352187342488 27.121380891276001 1 
	-7.3335233354414919 -24.159352187342488 26.853619108723993 1 
	-7.3535774691653009 -24.234098089304521 26.475689999999997 0.68211091687932002 
	-7.5800187727115134 -25.078091637239819 26.475689999999997 0.68211091687932002 
	-7.6000729064375632 -25.1528375391974 26.853619108723993 1 
	-7.6000729064375632 -25.1528375391974 26.987499999999997 1 
	-12.420847317127292 -23.334021498555284 26.987499999999997 1 
	-12.420847317127292 -23.334021498555284 27.121380891276001 1 
	-12.386530103017838 -23.264656904235462 27.499309999999998 0.68211091687932002 
	-11.999037189910783 -22.481426405578375 27.499309999999998 0.68211091687932002 
	-11.964719975799097 -22.41206181126303 27.121380891276001 1 
	-11.964719975799097 -22.41206181126303 26.853619108723993 1 
	-11.999037189910783 -22.481426405578375 26.475689999999997 0.68211091687932002 
	-12.386530103017838 -23.264656904235462 26.475689999999997 0.68211091687932002 
	-12.420847317127292 -23.334021498555284 26.853619108723993 1 
	-12.420847317127292 -23.334021498555284 26.987499999999997 1 
	-14.707072455025044 -22.062631392041158 26.987499999999997 1 
	-14.707072455025044 -22.062631392041158 27.121380891276001 1 
	-14.666165947839113 -21.996936842710848 27.499309999999998 0.68211091687932002 
	-14.204270014625319 -21.255146666737925 27.499309999999998 0.68211091687932002 
	-14.163363507434886 -21.189452117412134 27.121380891276001 1 
	-14.163363507434886 -21.189452117412134 26.853619108723993 1 
	-14.204270014625319 -21.255146666737925 26.475689999999997 0.68211091687932002 
	-14.666165947839113 -21.996936842710848 26.475689999999997 0.68211091687932002 
	-14.707072455025044 -22.062631392041158 26.853619108723993 1 
	-14.707072455025044 -22.062631392041158 26.987499999999997 1 
	-18.828467068021169 -18.893114608481007 26.987499999999997 1 
	-18.828467068021169 -18.893114608481007 27.121380891276001 1 
	-18.775476537205371 -18.836713192041486 27.499309999999998 0.68211091687932002 
	-18.177133819612525 -18.199856450373101 27.499309999999998 0.68211091687932002 
	-18.124143288801243 -18.143455033929072 27.121380891276001 1 
	-18.124143288801243 -18.143455033929072 26.853619108723993 1 
	-18.177133819612525 -18.199856450373101 26.475689999999997 0.68211091687932002 
	-18.775476537205371 -18.836713192041486 26.475689999999997 0.68211091687932002 
	-18.828467068021169 -18.893114608481007 26.853619108723993 1 
	-18.828467068021169 -18.893114608481007 26.987499999999997 1 
	-20.663071885812084 -16.995322419513535 26.987499999999997 1 
	-20.663071885812084 -16.995322419513535 27.121380891276001 1 
	-20.604842729427567 -16.944347135848187 27.499309999999998 0.68211091687932002 
	-19.947348057463586 -16.368759586679825 27.499309999999998 0.68211091687932002 
	-19.889118901074539 -16.317784303016758 27.121380891276001 1 
	-19.889118901074539 -16.317784303016758 26.853619108723993 1 
	-19.947348057463586 -16.368759586679825 26.475689999999997 0.68211091687932002 
	-20.604842729427567 -16.944347135848187 26.475689999999997 0.68211091687932002 
	-20.663071885812084 -16.995322419513535 26.853619108723993 1 
	-20.663071885812084 -16.995322419513535 26.987499999999997 1 
	-23.712957683211304 -12.72705913027287 26.987499999999997 1 
	-23.712957683211304 -12.72705913027287 27.121380891276001 1 
	-23.645866014609474 -12.688486832019406 27.499309999999998 0.68211091687932002 
	-22.888300262632868 -12.252947625146122 27.499309999999998 0.68211091687932002 
	-22.8212085940356 -12.214375326890384 27.121380891276001 1 
	-22.8212085940356 -12.214375326890384 26.853619108723993 1 
	-22.888300262632868 -12.252947625146122 26.475689999999997 0.68211091687932002 
	-23.645866014609474 -12.688486832019406 26.475689999999997 0.68211091687932002 
	-23.712957683211304 -12.72705913027287 26.853619108723993 1 
	-23.712957683211304 -12.72705913027287 26.987499999999997 1 
	-24.927792166316479 -10.357076878063895 26.987499999999997 1 
	-24.927792166316479 -10.357076878063895 27.121380891276001 1 
	-24.85726443509137 -10.32521857564149 27.499309999999998 0.68211091687932002 
	-24.060900373046 -9.9654904702667135 27.499309999999998 0.68211091687932002 
	-23.990372641816307 -9.9336321678420152 27.121380891276001 1 
	-23.990372641816307 -9.9336321678420152 26.853619108723993 1 
	-24.060900373046 -9.9654904702667135 26.475689999999997 0.68211091687932002 
	-24.85726443509137 -10.32521857564149 26.475689999999997 0.68211091687932002 
	-24.927792166316479 -10.357076878063895 26.853619108723993 1 
	-24.927792166316479 -10.357076878063895 26.987499999999997 1 
	-26.620961578412651 -5.3425410960473201 26.987499999999997 1 
	-26.620961578412651 -5.3425410960473201 27.121380891276001 1 
	-26.545557288682271 -5.3251254310770779 27.499309999999998 0.68211091687932002 
	-25.694129553456225 -5.1284764044350553 27.499309999999998 0.68211091687932002 
	-25.618725263730447 -5.111060739467109 27.121380891276001 1 
	-25.618725263730447 -5.111060739467109 26.853619108723993 1 
	-25.694129553456225 -5.1284764044350553 26.475689999999997 0.68211091687932002 
	-26.545557288682271 -5.3251254310770779 26.475689999999997 0.68211091687932002 
	-26.620961578412651 -5.3425410960473201 26.853619108723993 1 
	-26.620961578412651 -5.3425410960473201 26.987499999999997 1 
	-27.099009440363712 -2.6985905618517307 26.987499999999997 1 
	-27.099009440363712 -2.6985905618517307 27.121380891276001 1 
	-27.022268001414833 -2.6885974637111798 27.499309999999998 0.68211091687932002 
	-26.155741842338013 -2.5757603698540574 27.499309999999998 0.68211091687932002 
	-26.079000403389152 -2.5657672717135425 27.121380891276001 1 
	-26.079000403389152 -2.5657672717135065 26.853619108723993 1 
	-26.155741842338013 -2.5757603698540574 26.475689999999997 0.68211091687932002 
	-27.022268001414833 -2.6885974637111798 26.475689999999997 0.68211091687932002 
	-27.099009440363712 -2.6985905618517307 26.853619108723993 1 
	-27.099009440363712 -2.6985905618517307 26.987499999999997 1 
	-27.263680518224323 2.6382778349040534 26.987499999999997 1 
	-27.263680518224323 2.6382778349040534 27.121380891276001 1 
	-27.186468989422902 2.633034718199156 27.499309999999998 0.68211091687932002 
	-26.314634809462685 2.5738320521777918 27.499309999999998 0.68211091687932002 
	-26.237423280661268 2.5685889354729312 27.121380891276001 1 
	-26.237423280661268 2.5685889354728948 26.853619108723993 1 
	-26.314634809462685 2.5738320521777918 26.475689999999997 0.68211091687932002 
	-27.186468989422902 2.633034718199156 26.475689999999997 0.68211091687932002 
	-27.263680518224323 2.6382778349040534 26.853619108723993 1 
	-27.263680518224323 2.6382778349040534 26.987499999999997 1 
	-26.950204061698255 5.3305294959809117 26.987499999999997 1 
	-26.950204061698255 5.3305294959809117 27.121380891276001 1 
	-26.873869554768142 5.3177956152453039 27.499309999999998 0.68211091687932002 
	-26.01193826962821 5.1740109675179635 27.499309999999998 0.68211091687932002 
	-25.935603762707451 5.1612770867811903 27.121380891276001 1 
	-25.935603762707451 5.1612770867811903 26.853619108723993 1 
	-26.01193826962821 5.1740109675179635 26.475689999999997 0.68211091687932002 
	-26.873869554768142 5.3177956152453039 26.475689999999997 0.68211091687932002 
	-26.950204061698255 5.3305294959809117 26.853619108723993 1 
	-26.950204061698255 5.3305294959809117 26.987499999999997 1 
	-25.545050512803819 10.530153100699946 26.987499999999997 1 
	-25.545050512803819 10.530153100699946 27.121380891276001 1 
	-25.472692734320336 10.502703864816182 27.499309999999998 0.68211091687932002 
	-24.655664688822334 10.192760745870569 27.499309999999998 0.68211091687932002 
	-24.583306910329508 10.165311509987973 27.121380891276001 1 
	-24.583306910329508 10.165311509987973 26.853619108723993 1 
	-24.655664688822334 10.192760745870569 26.475689999999997 0.68211091687932002 
	-25.472692734320336 10.502703864816182 26.475689999999997 0.68211091687932002 
	-25.545050512803819 10.530153100699946 26.853619108723993 1 
	-25.545050512803819 10.530153100699946 26.987499999999997 1 
	-24.453473116573171 13.036853005848167 26.987499999999997 1 
	-24.453473116573171 13.036853005848167 27.121380891276001 1 
	-24.38413077295424 13.00249101669626 27.499309999999998 0.68211091687932002 
	-23.601151518134671 12.614492526085945 27.499309999999998 0.68211091687932002 
	-23.531809174511039 12.580130536934041 27.121380891276001 1 
	-23.531809174511039 12.580130536934041 26.853619108723993 1 
	-23.601151518134671 12.614492526085945 26.475689999999997 0.68211091687932002 
	-24.38413077295424 13.00249101669626 26.475689999999997 0.68211091687932002 
	-24.453473116573171 13.036853005848167 26.853619108723993 1 
	-24.453473116573171 13.036853005848167 26.987499999999997 1 
	-21.573521000589519 17.643592787098623 26.987499999999997 1 
	-21.573521000589519 17.643592787098623 27.121380891276001 1 
	-21.51225894808271 17.59630570818851 27.499309999999998 0.68211091687932002 
	-20.820518321586984 17.062363532682156 27.499309999999998 0.68211091687932002 
	-20.759256269084904 17.015076453772057 27.121380891276001 1 
	-20.759256269084904 17.015076453772057 26.853619108723993 1 
	-20.820518321586984 17.062363532682156 26.475689999999997 0.68211091687932002 
	-21.51225894808271 17.59630570818851 26.475689999999997 0.68211091687932002 
	-21.573521000589519 17.643592787098623 26.853619108723993 1 
	-21.573521000589519 17.643592787098623 26.987499999999997 1 
	-19.785440005112413 19.743013643558005 26.987499999999997 1 
	-19.785440005112413 19.743013643558005 27.121380891276001 1 
	-19.729071581629267 19.689988120959558 27.499309999999998 0.68211091687932002 
	-19.092587380024145 19.091250293547745 27.499309999999998 0.68211091687932002 
	-19.036218956541006 19.038224770954056 27.121380891276001 1 
	-19.036218956541006 19.038224770954056 26.853619108723993 1 
	-19.092587380024145 19.091250293547745 26.475689999999997 0.68211091687932002 
	-19.729071581629267 19.689988120959558 26.475689999999997 0.68211091687932002 
	-19.785440005112413 19.743013643558005 26.853619108723993 1 
	-19.785440005112413 19.743013643558005 26.987499999999997 1 
	-15.656121948577725 23.345084390166509 26.987499999999997 1 
	-15.656121948577725 23.345084390166509 27.121380891276001 1 
	-15.611240167185858 23.282038923213165 27.499309999999998 0.68211091687932002 
	-15.104457414953716 22.570160867747823 27.499309999999998 0.68211091687932002 
	-15.059575633561854 22.507115400789729 27.121380891276001 1 
	-15.059575633561854 22.507115400789729 26.853619108723993 1 
	-15.104457414953716 22.570160867747823 26.475689999999997 0.68211091687932002 
	-15.611240167185858 23.282038923213165 26.475689999999997 0.68211091687932002 
	-15.656121948577725 23.345084390166509 26.853619108723993 1 
	-15.656121948577725 23.345084390166509 26.987499999999997 1 
	-13.315350165718456 24.847223469353427 26.987499999999997 1 
	-13.315350165718456 24.847223469353427 27.121380891276001 1 
	-13.276817993009411 24.780108827009006 27.499309999999998 0.68211091687932002 
	-12.841731863851752 24.022283666927841 27.499309999999998 0.68211091687932002 
	-12.80319969114511 23.955169024583423 27.121380891276001 1 
	-12.80319969114511 23.955169024583423 26.853619108723993 1 
	-12.841731863851752 24.022283666927841 26.475689999999997 0.68211091687932002 
	-13.276817993009411 24.780108827009006 26.475689999999997 0.68211091687932002 
	-13.315350165718456 24.847223469353427 26.853619108723993 1 
	-13.315350165718456 24.847223469353427 26.987499999999997 1 
	-8.275036425785105 27.113453058203167 26.987499999999997 1 
	-8.275036425785105 27.113453058203167 27.121380891276001 1 
	-8.2504062542380829 27.040087819885471 27.499309999999998 0.68211091687932002 
	-7.972294607608581 26.211684039114012 27.499309999999998 0.68211091687932002 
	-7.9476644360591662 26.138318800796327 27.121380891276001 1 
	-7.9476644360591662 26.138318800796327 26.853619108723993 1 
	-7.972294607608581 26.211684039114012 26.475689999999997 0.68211091687932002 
	-8.2504062542380829 27.040087819885471 26.475689999999997 0.68211091687932002 
	-8.275036425785105 27.113453058203167 26.853619108723993 1 
	-8.275036425785105 27.113453058203167 26.987499999999997 1 
	-5.5760933851811965 27.87718757441494 26.987499999999997 1 
	-5.5760933851811965 27.87718757441494 27.121380891276001 1 
	-5.5587210267865057 27.80177336425059 27.499309999999998 0.68211091687932002 
	-5.3625609964226175 26.950233612384825 27.499309999999998 0.68211091687932002 
	-5.3451886380279285 26.874819402220485 27.121380891276001 1 
	-5.3451886380279285 26.874819402220485 26.853619108723993 1 
	-5.3625609964226175 26.950233612384825 26.475689999999997 0.68211091687932002 
	-5.5587210267865057 27.80177336425059 26.475689999999997 0.68211091687932002 
	-5.5760933851811965 27.87718757441494 26.853619108723993 1 
	-5.5760933851811965 27.87718757441494 26.987499999999997 1 
	-0.048436658227747703 28.587342714772586 26.987499999999997 1 
	-0.048436658227747703 28.587342714772586 27.121380891276001 1 
	-0.046182395442424098 28.509986265634108 27.499309999999998 0.68211091687932002 
	-0.020728381288660603 27.636515717397664 27.499309999999998 0.68211091687932002 
	-0.018474118503337446 27.559159268259197 27.121380891276001 1 
	-0.018474118503337446 27.559159268259197 26.853619108723993 1 
	-0.020728381288660603 27.636515717397664 26.475689999999997 0.68211091687932002 
	-0.046182395442424098 28.509986265634108 26.475689999999997 0.68211091687932002 
	-0.048436658227747703 28.587342714772586 26.853619108723993 1 
	-0.048436658227747703 28.587342714772586 26.987499999999997 1 
	2.7795947506269076 28.533595951609826 26.987499999999997 1 
	2.7795947506269076 28.533595951609826 27.121380891276001 1 
	2.7743090714536551 28.456387390248487 27.499309999999998 0.68211091687932002 
	2.7146258111961945 27.584586717184845 27.499309999999998 0.68211091687932002 
	2.7093401320229438 27.507378155818635 27.121380891276001 1 
	2.7093401320229438 27.507378155818635 26.853619108723993 1 
	2.7146258111961945 27.584586717184845 26.475689999999997 0.68211091687932002 
	2.7743090714536551 28.456387390248487 26.475689999999997 0.68211091687932002 
	2.7795947506269076 28.533595951609826 26.853619108723993 1 
	2.7795947506269076 28.533595951609826 26.987499999999997 1 
	8.321247018293672 27.599507291931005 26.987499999999997 1 
	8.321247018293672 27.599507291931005 27.121380891276001 1 
	8.3009312257811363 27.524832202920461 27.499309999999998 0.68211091687932002 
	8.0715354013681715 26.681638239551589 27.499309999999998 0.68211091687932002 
	8.0512196088556394 26.606963150545933 27.121380891276001 1 
	8.0512196088556394 26.606963150545933 26.853619108723993 1 
	8.0715354013681715 26.681638239551589 26.475689999999997 0.68211091687932002 
	8.3009312257811363 27.524832202920461 26.475689999999997 0.68211091687932002 
	8.321247018293672 27.599507291931005 26.853619108723993 1 
	8.321247018293672 27.599507291931005 26.987499999999997 1 
	11.0341606596599 26.71920440306025 26.987499999999997 1 
	11.0341606596599 26.71920440306025 27.121380891276001 1 
	11.006673164702221 26.646861217945197 27.499309999999998 0.68211091687932002 
	10.696298043307348 25.829997953555534 27.499309999999998 0.68211091687932002 
	10.668810548349672 25.757654768440482 27.121380891276001 1 
	10.668810548349672 25.757654768440482 26.853619108723993 1 
	10.696298043307348 25.829997953555534 26.475689999999997 0.68211091687932002 
	11.006673164702221 26.646861217945197 26.475689999999997 0.68211091687932002 
	11.0341606596599 26.71920440306025 26.853619108723993 1 
	11.0341606596599 26.71920440306025 26.987499999999997 1 
	16.107298920018426 24.194685808542609 26.987499999999997 1 
	16.107298920018426 24.194685808542609 27.121380891276001 1 
	16.066165694914414 24.129133107638619 27.499309999999998 0.68211091687932002 
	15.60170977580036 23.388944613463369 27.499309999999998 0.68211091687932002 
	15.560576550696352 23.323391912559387 27.121380891276001 1 
	15.560576550696352 23.323391912559387 26.853619108723993 1 
	15.60170977580036 23.388944613463369 26.475689999999997 0.68211091687932002 
	16.066165694914414 24.129133107638619 26.475689999999997 0.68211091687932002 
	16.107298920018426 24.194685808542609 26.853619108723993 1 
	16.107298920018426 24.194685808542609 26.987499999999997 1 
	18.466852944245488 22.550715472021295 26.987499999999997 1 
	18.466852944245488 22.550715472021295 27.121380891276001 1 
	18.419534820614441 22.489477473322186 27.499309999999998 0.68211091687932002 
	17.885242103628997 21.798008450413349 27.499309999999998 0.68211091687932002 
	17.837923980002913 21.736770451704338 27.121380891276001 1 
	17.837923980002913 21.736770451704338 26.853619108723993 1 
	17.885242103628997 21.798008450413349 26.475689999999997 0.68211091687932002 
	18.419534820614441 22.489477473322186 26.475689999999997 0.68211091687932002 
	18.466852944245488 22.550715472021295 26.853619108723993 1 
	18.466852944245488 22.550715472021295 26.987499999999997 1 
	22.621812465358428 18.629222901450291 26.987499999999997 1 
	22.621812465358428 18.629222901450291 27.121380891276001 1 
	22.563409907329838 18.578446543604425 27.499309999999998 0.68211091687932002 
	21.90395727014225 18.005105165869537 27.499309999999998 0.68211091687932002 
	21.845554712108711 17.954328808033587 27.121380891276001 1 
	21.845554712108711 17.954328808033587 26.853619108723993 1 
	21.90395727014225 18.005105165869537 26.475689999999997 0.68211091687932002 
	22.563409907329838 18.578446543604425 26.475689999999997 0.68211091687932002 
	22.621812465358428 18.629222901450291 26.853619108723993 1 
	22.621812465358428 18.629222901450291 26.987499999999997 1 
	24.416643336003808 16.352134258747245 26.987499999999997 1 
	24.416643336003808 16.352134258747245 27.121380891276001 1 
	24.353576096807522 16.307283180922294 27.499309999999998 0.68211091687932002 
	23.641452200068716 15.800847118030058 27.499309999999998 0.68211091687932002 
	23.578384960872445 15.755996040202611 27.121380891276001 1 
	23.578384960872445 15.755996040202611 26.853619108723993 1 
	23.641452200068716 15.800847118030058 26.475689999999997 0.68211091687932002 
	24.353576096807522 16.307283180922294 26.475689999999997 0.68211091687932002 
	24.416643336003808 16.352134258747245 26.853619108723993 1 
	24.416643336003808 16.352134258747245 26.987499999999997 1 
	27.276428725074499 11.352168359967107 26.987499999999997 1 
	27.276428725074499 11.352168359967107 27.121380891276001 1 
	27.205794276974498 11.320547629804448 27.499309999999998 0.68211091687932002 
	26.408225221024381 10.963502072285683 27.499309999999998 0.68211091687932002 
	26.337590772924401 10.931881342125529 27.121380891276001 1 
	26.337590772924401 10.931881342125529 26.853619108723993 1 
	26.408225221024381 10.963502072285683 26.475689999999997 0.68211091687932002 
	27.205794276974498 11.320547629804448 26.475689999999997 0.68211091687932002 
	27.276428725074499 11.352168359967107 26.853619108723993 1 
	27.276428725074499 11.352168359967107 26.987499999999997 1 
	28.340956466712722 8.6298779768742815 26.987499999999997 1 
	28.340956466712722 8.6298779768742815 27.121380891276001 1 
	28.26757982001531 8.6052819989371336 27.499309999999998 0.68211091687932002 
	27.439047221475132 8.3275564495591077 27.499309999999998 0.68211091687932002 
	27.365670574777724 8.3029604716219598 27.121380891276001 1 
	27.365670574777724 8.3029604716219598 26.853619108723993 1 
	27.439047221475132 8.3275564495591077 26.475689999999997 0.68211091687932002 
	28.26757982001531 8.6052819989371336 26.475689999999997 0.68211091687932002 
	28.340956466712722 8.6298779768742815 26.853619108723993 1 
	28.340956466712722 8.6298779768742815 26.987499999999997 1 
	29.635359432034427 2.9692098644455958 26.987499999999997 1 
	29.635359432034427 2.9692098644455958 27.121380891276001 1 
	29.558585324127794 2.959471755900053 27.499309999999998 0.68211091687932002 
	28.691690283341824 2.8495138777303648 27.499309999999998 0.68211091687932002 
	28.614916175435201 2.8397757691848251 27.121380891276001 1 
	28.614916175435201 2.8397757691848251 26.853619108723993 1 
	28.691690283341824 2.8495138777303648 26.475689999999997 0.68211091687932002 
	29.558585324127794 2.959471755900053 26.475689999999997 0.68211091687932002 
	29.635359432034427 2.9692098644455958 26.853619108723993 1 
	29.635359432034427 2.9692098644455958 26.987499999999997 1 
	29.864995470175391 0.031523350283110554 26.987499999999997 1 
	29.864995470175391 0.031523350283110554 27.121380891276001 1 
	29.787638081540855 0.029303567165810899 27.499309999999998 0.68211091687932002 
	28.914156924911651 0.0042388802771278246 27.499309999999998 0.68211091687932002 
	28.836799536266973 0.0020190971610966821 27.121380891276001 1 
	28.836799536266973 0.0020190971610966821 26.853619108723993 1 
	28.914156924911651 0.0042388802771278246 26.475689999999997 0.68211091687932002 
	29.787638081540855 0.029303567165810899 26.475689999999997 0.68211091687932002 
	29.864995470175391 0.031523350283110554 26.853619108723993 1 
	29.864995470175391 0.031523350283110554 26.987499999999997 1 
	29.455925425202381 -5.8076792893265434 26.987499999999997 1 
	29.455925425202381 -5.8076792893265434 27.121380891276001 1 
	29.379633188069825 -5.7946951620862146 27.499309999999998 0.68211091687932002 
	28.518179192460888 -5.6480848553068919 27.499309999999998 0.68211091687932002 
	28.441886955338504 -5.6351007280678367 27.121380891276001 1 
	28.441886955338504 -5.6351007280678367 26.853619108723993 1 
	28.518179192460888 -5.6480848553068919 26.475689999999997 0.68211091687932002 
	29.379633188069825 -5.7946951620862146 26.475689999999997 0.68211091687932002 
	29.455925425202381 -5.8076792893265434 26.853619108723993 1 
	29.455925425202381 -5.8076792893265434 26.987499999999997 1 
	28.817191670657664 -8.708458719159891 26.987499999999997 1 
	28.817191670657664 -8.708458719159891 27.121380891276001 1 
	28.742525299299707 -8.6881111237689641 27.499309999999998 0.68211091687932002 
	27.899429771333693 -8.4583561970471042 27.499309999999998 0.68211091687932002 
	27.824763399970628 -8.4380086016587406 27.121380891276001 1 
	27.824763399970628 -8.4380086016587406 26.853619108723993 1 
	27.899429771333693 -8.4583561970471042 26.475689999999997 0.68211091687932002 
	28.742525299299707 -8.6881111237689641 26.475689999999997 0.68211091687932002 
	28.817191670657664 -8.708458719159891 26.853619108723993 1 
	28.817191670657664 -8.708458719159891 26.987499999999997 1 
	26.712860281524069 -14.220696978044682 26.987499999999997 1 
	26.712860281524069 -14.220696978044682 27.121380891276001 1 
	26.643629655223048 -14.186110679822487 27.499309999999998 0.68211091687932002 
	25.861911856806309 -13.795579402768077 27.499309999999998 0.68211091687932002 
	25.792681230510407 -13.760993104543324 27.121380891276001 1 
	25.792681230510407 -13.760993104543324 26.853619108723993 1 
	25.861911856806309 -13.795579402768077 26.475689999999997 0.68211091687932002 
	26.643629655223048 -14.186110679822487 26.475689999999997 0.68211091687932002 
	26.712860281524069 -14.220696978044682 26.853619108723993 1 
	26.712860281524069 -14.220696978044682 26.987499999999997 1 
	25.247452246936923 -16.831437403182527 26.987499999999997 1 
	25.247452246936923 -16.831437403182527 27.121380891276001 1 
	25.181916338400406 -16.790277531818944 27.499309999999998 0.68211091687932002 
	24.441917455317252 -16.325520736436282 27.499309999999998 0.68211091687932002 
	24.376381546780738 -16.284360865083013 27.121380891276001 1 
	24.376381546780738 -16.284360865083013 26.853619108723993 1 
	24.441917455317252 -16.325520736436282 26.475689999999997 0.68211091687932002 
	25.181916338400406 -16.790277531818944 26.475689999999997 0.68211091687932002 
	25.247452246936923 -16.831437403182527 26.853619108723993 1 
	25.247452246936923 -16.831437403182527 26.987499999999997 1 
	21.603992949900242 -21.531640932402748 26.987499999999997 1 
	21.603992949900242 -21.531640932402748 27.121380891276001 1 
	21.54779444353338 -21.478435498537678 27.499309999999998 0.68211091687932002 
	20.913228861531806 -20.877666202492964 27.499309999999998 0.68211091687932002 
	20.857030355164955 -20.82446076861758 27.121380891276001 1 
	20.857030355164955 -20.82446076861758 26.853619108723993 1 
	20.913228861531806 -20.877666202492964 26.475689999999997 0.68211091687932002 
	21.54779444353338 -21.478435498537678 26.475689999999997 0.68211091687932002 
	21.603992949900242 -21.531640932402748 26.853619108723993 1 
	21.603992949900242 -21.531640932402748 26.987499999999997 1 
	19.426335364311011 -23.620467086502675 26.987499999999997 1 
	19.426335364311011 -23.620467086502675 27.121380891276001 1 
	19.375581724049081 -23.562044855995733 27.499309999999998 0.68211091687932002 
	18.802496861903375 -22.902370087069961 27.499309999999998 0.68211091687932002 
	18.751743221641448 -22.843947856563034 27.121380891276001 1 
	18.751743221641448 -22.843947856563034 26.853619108723993 1 
	18.802496861903375 -22.902370087069961 26.475689999999997 0.68211091687932002 
	19.375581724049081 -23.562044855995733 26.475689999999997 0.68211091687932002 
	19.426335364311011 -23.620467086502675 26.853619108723993 1 
	19.426335364311011 -23.620467086502675 26.987499999999997 1 
	14.536518007641861 -27.0866602329438 26.987499999999997 1 
	14.536518007641861 -27.0866602329438 27.121380891276001 1 
	14.498198042722024 -27.019424310262469 27.499309999999998 0.68211091687932002 
	14.065508058395331 -26.260229712971036 27.499309999999998 0.68211091687932002 
	14.0271880934755 -26.192993790289705 27.121380891276001 1 
	14.0271880934755 -26.192993790289705 26.853619108723993 1 
	14.065508058395331 -26.260229712971036 26.475689999999997 0.68211091687932002 
	14.498198042722024 -27.019424310262469 26.475689999999997 0.68211091687932002 
	14.536518007641861 -27.0866602329438 26.853619108723993 1 
	14.536518007641861 -27.0866602329438 26.987499999999997 1 
	11.824924710275967 -28.463528730660077 26.987499999999997 1 
	11.824924710275967 -28.463528730660077 27.121380891276001 1 
	11.793330144809559 -28.392882632542477 27.499309999999998 0.68211091687932002 
	11.436580025988542 -27.595182030377291 27.499309999999998 0.68211091687932002 
	11.404985460519518 -27.524535932259699 27.121380891276001 1 
	11.404985460519518 -27.524535932259699 26.853619108723993 1 
	11.436580025988542 -27.595182030377291 26.475689999999997 0.68211091687932002 
	11.793330144809559 -28.392882632542477 26.475689999999997 0.68211091687932002 
	11.824924710275967 -28.463528730660077 26.853619108723993 1 
	11.824924710275967 -28.463528730660077 26.987499999999997 1 
	6.0947511258541951 -30.374651815216556 26.987499999999997 1 
	6.0947511258541951 -30.374651815216556 27.121380891276001 1 
	6.0776141563180968 -30.299183861651699 27.499309999999998 0.68211091687932002 
	5.8841120198779402 -29.447037266114567 27.499309999999998 0.68211091687932002 
	5.8669750503444611 -29.37156931254972 27.121380891276001 1 
	5.8669750503444611 -29.37156931254972 26.853619108723993 1 
	5.8841120198779402 -29.447037266114567 26.475689999999997 0.68211091687932002 
	6.0776141563180968 -30.299183861651699 26.475689999999997 0.68211091687932002 
	6.0947511258541951 -30.374651815216556 26.853619108723993 1 
	6.0947511258541951 -30.374651815216556 26.987499999999997 1 
	3.0768632117768457 -30.908592109541715 26.987499999999997 1 
	3.0768632117768457 -30.908592109541715 27.121380891276001 1 
	3.0671521573469227 -30.831814626333049 27.499309999999998 0.68211091687932002 
	2.9574997607874631 -29.964881473436289 27.499309999999998 0.68211091687932002 
	2.947788706357541 -29.888103990227638 27.121380891276001 1 
	2.947788706357541 -29.888103990227638 26.853619108723993 1 
	2.9574997607875462 -29.964881473436289 26.475689999999997 0.68211091687932002 
	3.0671521573470057 -30.831814626333049 26.475689999999997 0.68211091687932002 
	3.0768632117768457 -30.908592109541715 26.853619108723993 1 
	3.0768632117768457 -30.908592109541715 26.987499999999997 1 
	-3.0080964753449733 -31.07409315939417 26.987499999999997 1 
	-3.0080964753449733 -31.07409315939417 27.121380891276001 1 
	-3.0025728412233645 -30.996901346592466 27.499309999999998 0.68211091687932002 
	-2.9402027120551955 -30.125289789860943 27.499309999999998 0.68211091687932002 
	-2.9346790779335876 -30.048097977059246 27.121380891276001 1 
	-2.9346790779335876 -30.048097977059246 26.853619108723993 1 
	-2.9402027120552781 -30.125289789860943 26.475689999999997 0.68211091687932002 
	-3.002572841223448 -30.996901346592466 26.475689999999997 0.68211091687932002 
	-3.0080964753449733 -31.07409315939417 26.853619108723993 1 
	-3.0080964753449733 -31.07409315939417 26.987499999999997 1 
	-6.0744086149706717 -30.705554134234156 26.987499999999997 1 
	-6.0744086149706717 -30.705554134234156 27.121380891276001 1 
	-6.0613989455910078 -30.629266299072928 27.499309999999998 0.68211091687932002 
	-5.914500229667361 -29.767862008246436 27.499309999999998 0.68211091687932002 
	-5.9014905602850343 -29.691574173085218 27.121380891276001 1 
	-5.9014905602850343 -29.691574173085218 26.853619108723993 1 
	-5.914500229667361 -29.767862008246436 26.475689999999997 0.68211091687932002 
	-6.0613989455910078 -30.629266299072928 26.475689999999997 0.68211091687932002 
	-6.0744086149706717 -30.705554134234156 26.853619108723993 1 
	-6.0744086149706717 -30.705554134234156 26.987499999999997 1 
	-11.990151878380946 -29.08403538024471 26.987499999999997 1 
	-11.990151878380946 -29.08403538024471 27.121380891276001 1 
	-11.962444201619066 -29.011776332820155 27.499309999999998 0.68211091687932002 
	-11.649582896819343 -28.195863109420237 27.499309999999998 0.68211091687932002 
	-11.621875220060128 -28.123604061995689 27.121380891276001 1 
	-11.621875220060128 -28.123604061995689 26.853619108723993 1 
	-11.649582896819343 -28.195863109420237 26.475689999999997 0.68211091687932002 
	-11.962444201619066 -29.011776332820155 26.475689999999997 0.68211091687932002 
	-11.990151878380946 -29.08403538024471 26.853619108723993 1 
	-11.990151878380946 -29.08403538024471 26.987499999999997 1 
	-14.838821523518614 -27.831182365840277 26.987499999999997 1 
	-14.838821523518614 -27.831182365840277 27.121380891276001 1 
	-14.804213238122642 -27.761962782725284 27.499309999999998 0.68211091687932002 
	-14.413433692814939 -26.980369678363935 27.499309999999998 0.68211091687932002 
	-14.378825407413615 -26.91115009523287 27.121380891276001 1 
	-14.378825407413615 -26.91115009523287 26.853619108723993 1 
	-14.413433692814939 -26.980369678363935 26.475689999999997 0.68211091687932002 
	-14.804213238122642 -27.761962782725284 26.475689999999997 0.68211091687932002 
	-14.838821523518614 -27.831182365840277 26.853619108723993 1 
	-14.838821523518614 -27.831182365840277 26.987499999999997 1 
	-20.068037587618189 -24.536303093783658 26.987499999999997 1 
	-20.068037587618189 -24.536303093783658 27.121380891276001 1 
	-20.020535403470447 -24.475207868092909 27.499309999999998 0.68211091687932002 
	-19.484164366621112 -23.785350967122088 27.499309999999998 0.68211091687932002 
	-19.436662182478742 -23.724255741447422 27.121380891276001 1 
	-19.436662182478742 -23.724255741447422 26.853619108723993 1 
	-19.484164366621112 -23.785350967122088 26.475689999999997 0.68211091687932002 
	-20.020535403470447 -24.475207868092909 26.475689999999997 0.68211091687932002 
	-20.068037587618189 -24.536303093783658 26.853619108723993 1 
	-20.068037587618189 -24.536303093783658 26.987499999999997 1 
	-22.447887241117172 -22.494622378548705 26.987499999999997 1 
	-22.447887241117172 -22.494622378548705 27.121380891276001 1 
	-22.394664907366625 -22.438439942342139 27.499309999999998 0.68211091687932002 
	-21.793704786243534 -21.804055816712854 27.499309999999998 0.68211091687932002 
	-21.740482452492994 -21.747873380527896 27.121380891276001 1 
	-21.740482452492994 -21.747873380527896 26.853619108723993 1 
	-21.793704786243534 -21.804055816712854 26.475689999999997 0.68211091687932002 
	-22.394664907366625 -22.438439942342139 26.475689999999997 0.68211091687932002 
	-22.447887241117172 -22.494622378548705 26.853619108723993 1 
	-22.447887241117172 -22.494622378548705 26.987499999999997 1 
	-26.525183655240255 -17.787548463088708 26.987499999999997 1 
	-26.525183655240255 -17.787548463088708 27.121380891276001 1 
	-26.46198332699376 -17.742885262918243 27.499309999999998 0.68211091687932002 
	-25.748356654902118 -17.238570620966026 27.499309999999998 0.68211091687932002 
	-25.68515632665564 -17.193907420773964 27.121380891276001 1 
	-25.68515632665564 -17.193907420773964 26.853619108723993 1 
	-25.748356654902118 -17.238570620966026 26.475689999999997 0.68211091687932002 
	-26.46198332699376 -17.742885262918243 26.475689999999997 0.68211091687932002 
	-26.525183655240255 -17.787548463088708 26.853619108723993 1 
	-26.525183655240255 -17.787548463088708 26.987499999999997 1 
	-28.222060248838289 -15.122692696434271 26.987499999999997 1 
	-28.222060248838289 -15.122692696434271 27.121380891276001 1 
	-28.154813443087214 -15.084391927107434 27.499309999999998 0.68211091687932002 
	-27.395495959689725 -14.651918689859514 27.499309999999998 0.68211091687932002 
	-27.328249153949532 -14.613617920538127 27.121380891276001 1 
	-27.328249153949532 -14.613617920538127 26.853619108723993 1 
	-27.395495959689725 -14.651918689859514 26.475689999999997 0.68211091687932002 
	-28.154813443087214 -15.084391927107434 26.475689999999997 0.68211091687932002 
	-28.222060248838289 -15.122692696434271 26.853619108723993 1 
	-28.222060248838289 -15.122692696434271 26.987499999999997 1 
	-30.775338774414045 -9.391550341369209 26.987499999999997 1 
	-30.775338774414045 -9.391550341369209 27.121380891276001 1 
	-30.70189018593118 -9.3671702950973472 27.499309999999998 0.68211091687932002 
	-29.872545256414568 -9.0918829386554556 27.499309999999998 0.68211091687932002 
	-29.799096667920821 -9.0675028923781564 27.121380891276001 1 
	-29.799096667920821 -9.0675028923781564 26.853619108723993 1 
	-29.872545256414568 -9.0918829386554556 26.475689999999997 0.68211091687932002 
	-30.70189018593118 -9.3671702950973472 26.475689999999997 0.68211091687932002 
	-30.775338774414045 -9.391550341369209 26.853619108723993 1 
	-30.775338774414045 -9.391550341369209 26.987499999999997 1 
	-31.631348858415322 -6.3259489479879845 26.987499999999997 1 
	-31.631348858415322 -6.3259489479879845 27.121380891276001 1 
	-31.555876337192132 -6.308832311508672 27.499309999999998 0.68211091687932002 
	-30.703678165803964 -6.1155597658265206 27.499309999999998 0.68211091687932002 
	-30.628205644569825 -6.0984431293472099 27.121380891276001 1 
	-30.628205644569825 -6.0984431293472099 26.853619108723993 1 
	-30.703678165803964 -6.1155597658265206 26.475689999999997 0.68211091687932002 
	-31.555876337192132 -6.308832311508672 26.475689999999997 0.68211091687932002 
	-31.631348858415322 -6.3259489479879845 26.853619108723993 1 
	-31.631348858415322 -6.3259489479879845 26.987499999999997 1 
	-32.415655743110221 -0.053884546183730758 26.987499999999997 1 
	-32.415655743110221 -0.053884546183730758 27.121380891276001 1 
	-32.338292306636269 -0.051889703453882663 27.499309999999998 0.68211091687932002 
	-31.464742860931615 -0.029364931533033042 27.499309999999998 0.68211091687932002 
	-31.387379424468634 -0.027370088803184076 27.121380891276001 1 
	-31.387379424468634 -0.027370088803184076 26.853619108723993 1 
	-31.464742860931615 -0.029364931533033042 26.475689999999997 0.68211091687932002 
	-32.338292306636269 -0.051889703453882663 26.475689999999997 0.68211091687932002 
	-32.415655743110221 -0.053884546183730758 26.853619108723993 1 
	-32.415655743110221 -0.053884546183730758 26.987499999999997 1 
	-32.343775891177714 3.1518032132981846 26.987499999999997 1 
	-32.343775891177714 3.1518032132981846 27.121380891276001 1 
	-32.266585527045152 3.1462599916623808 27.499309999999998 0.68211091687932002 
	-31.394990328001207 3.0836686900244517 27.499309999999998 0.68211091687932002 
	-31.317799963857613 3.0781254683886483 27.121380891276001 1 
	-31.317799963857613 3.0781254683886483 26.853619108723993 1 
	-31.394990328001207 3.0836686900244517 26.475689999999997 0.68211091687932002 
	-32.266585527045152 3.1462599916623808 26.475689999999997 0.68211091687932002 
	-32.343775891177714 3.1518032132981846 26.853619108723993 1 
	-32.343775891177714 3.1518032132981846 26.987499999999997 1 
	-31.264555884926569 9.427334326417057 26.987499999999997 1 
	-31.264555884926569 9.427334326417057 27.121380891276001 1 
	-31.189948398382612 9.4067721629233638 27.499309999999998 0.68211091687932002 
	-30.347517768479367 9.1745944399198844 27.499309999999998 0.68211091687932002 
	-30.272910281946469 9.154032276426193 27.121380891276001 1 
	-30.272910281946469 9.154032276426193 26.853619108723993 1 
	-30.347517768479367 9.1745944399198844 26.475689999999997 0.68211091687932002 
	-31.189948398382612 9.4067721629233638 26.475689999999997 0.68211091687932002 
	-31.264555884926569 9.427334326417057 26.853619108723993 1 
	-31.264555884926569 9.427334326417057 26.987499999999997 1 
	-30.257272860169955 12.496378804942012 26.987499999999997 1 
	-30.257272860169955 12.496378804942012 27.121380891276001 1 
	-30.185020467792356 12.468653899950731 27.499309999999998 0.68211091687932002 
	-29.369182389800628 12.155598062511224 27.499309999999998 0.68211091687932002 
	-29.296929997423046 12.127873157517165 27.121380891276001 1 
	-29.296929997423046 12.127873157517165 26.853619108723993 1 
	-29.369182389800628 12.155598062511224 26.475689999999997 0.68211091687932002 
	-30.185020467792356 12.468653899950731 26.475689999999997 0.68211091687932002 
	-30.257272860169955 12.496378804942012 26.853619108723993 1 
	-30.257272860169955 12.496378804942012 26.987499999999997 1 
	-27.380838442347457 18.229665927930498 26.987499999999997 1 
	-27.380838442347457 18.229665927930498 27.121380891276001 1 
	-27.315419891436473 18.188319927492653 27.499309999999998 0.68211091687932002 
	-26.576746152294337 17.721461455166427 27.499309999999998 0.68211091687932002 
	-26.511327601383368 17.680115454731375 27.121380891276001 1 
	-26.511327601383368 17.680115454731375 26.853619108723993 1 
	-26.576746152294337 17.721461455166427 26.475689999999997 0.68211091687932002 
	-27.315419891436473 18.188319927492653 26.475689999999997 0.68211091687932002 
	-27.380838442347457 18.229665927930498 26.853619108723993 1 
	-27.380838442347457 18.229665927930498 26.987499999999997 1 
	-25.511976366847595 20.8931555272876 26.987499999999997 1 
	-25.511976366847595 20.8931555272876 27.121380891276001 1 
	-25.450891809078485 20.845639694928256 27.499309999999998 0.68211091687932002 
	-24.761155364834128 20.309114549113811 27.499309999999998 0.68211091687932002 
	-24.700070807065025 20.261598716743272 27.121380891276001 1 
	-24.700070807065025 20.261598716743272 26.853619108723993 1 
	-24.761155364834128 20.309114549113811 26.475689999999997 0.68211091687932002 
	-25.450891809078485 20.845639694928256 26.475689999999997 0.68211091687932002 
	-25.511976366847595 20.8931555272876 26.853619108723993 1 
	-25.511976366847595 20.8931555272876 26.987499999999997 1 
	-21.062090250615093 25.57768235143859 26.987499999999997 1 
	-21.062090250615093 25.57768235143859 27.121380891276001 1 
	-21.011501151906156 25.519117681104984 27.499309999999998 0.68211091687932002 
	-20.440274211205956 24.857834552605308 27.499309999999998 0.68211091687932002 
	-20.389685112497023 24.799269882282914 27.121380891276001 1 
	-20.389685112497023 24.799269882282914 26.853619108723993 1 
	-20.440274211205956 24.857834552605308 26.475689999999997 0.68211091687932002 
	-21.011501151906156 25.519117681104984 26.475689999999997 0.68211091687932002 
	-21.062090250615093 25.57768235143859 26.853619108723993 1 
	-21.062090250615093 25.57768235143859 26.987499999999997 1 
	-18.481565791400403 27.598078807545761 26.987499999999997 1 
	-18.481565791400403 27.598078807545761 27.121380891276001 1 
	-18.436915847397589 27.534869164222524 27.499309999999998 0.68211091687932002 
	-17.932750887576344 26.821137310890229 27.499309999999998 0.68211091687932002 
	-17.888100943570716 26.757927667561354 27.121380891276001 1 
	-17.888100943570716 26.757927667561354 26.853619108723993 1 
	-17.932750887576344 26.821137310890229 26.475689999999997 0.68211091687932002 
	-18.436915847397589 27.534869164222524 26.475689999999997 0.68211091687932002 
	-18.481565791400403 27.598078807545761 26.853619108723993 1 
	-18.481565791400403 27.598078807545761 26.987499999999997 1 
	-12.822233521974461 30.811243959479139 26.987499999999997 1 
	-12.822233521974461 30.811243959479139 27.121380891276001 1 
	-12.790835626976314 30.740510313362233 27.499309999999998 0.68211091687932002 
	-12.436306213310946 29.941821162764519 27.499309999999998 0.68211091687932002 
	-12.404908318315622 29.871087516653258 27.121380891276001 1 
	-12.404908318315622 29.871087516653258 26.853619108723993 1 
	-12.436306213310946 29.941821162764519 26.475689999999997 0.68211091687932002 
	-12.790835626976314 30.740510313362233 26.475689999999997 0.68211091687932002 
	-12.822233521974461 30.811243959479139 26.853619108723993 1 
	-12.822233521974461 30.811243959479139 26.987499999999997 1 
	-9.744094933590727 32.003541740157118 26.987499999999997 1 
	-9.744094933590727 32.003541740157118 27.121380891276001 1 
	-9.7197292365577663 31.930088433042521 27.499309999999998 0.68211091687932002 
	-9.4446039046037935 31.100690223348042 27.499309999999998 0.68211091687932002 
	-9.4202382075694135 31.027236916256204 27.121380891276001 1 
	-9.4202382075694135 31.027236916256204 26.853619108723993 1 
	-9.4446039046037935 31.100690223348042 26.475689999999997 0.68211091687932002 
	-9.7197292365577663 31.930088433042521 26.475689999999997 0.68211091687932002 
	-9.744094933590727 32.003541740157118 26.853619108723993 1 
	-9.744094933590727 32.003541740157118 26.987499999999997 1 
	-3.3498718146489015 33.444704100288249 26.987499999999997 1 
	-3.3498718146489015 33.444704100288249 27.121380891276001 1 
	-3.3403720966256363 33.367900253610301 27.499309999999998 0.68211091687932002 
	-3.2331060056727376 32.500669417262749 27.499309999999998 0.68211091687932002 
	-3.2236062876508953 32.423865570562072 27.121380891276001 1 
	-3.2236062876508953 32.423865570562072 26.853619108723993 1 
	-3.2331060056727376 32.500669417262749 26.475689999999997 0.68211091687932002 
	-3.3403720966256363 33.367900253610301 26.475689999999997 0.68211091687932002 
	-3.3498718146489015 33.444704100288249 26.853619108723993 1 
	-3.3498718146489015 33.444704100288249 26.987499999999997 1 
	-0.03457011490182052 33.693311161076565 26.987499999999997 1 
	-0.03457011490182052 33.693311161076565 27.121380891276001 1 
	-0.032589300797449851 33.615947403949491 27.499309999999998 0.68211091687932002 
	-0.010222933139735022 32.742394337344443 27.499309999999998 0.68211091687932002 
	-0.0082421190353630484 32.665030580205944 27.121380891276001 1 
	-0.0082421190353630484 32.665030580205944 26.853619108723993 1 
	-0.010222933139735022 32.742394337344443 26.475689999999997 0.68211091687932002 
	-0.032589300797449851 33.615947403949491 26.475689999999997 0.68211091687932002 
	-0.03457011490182052 33.693311161076565 26.853619108723993 1 
	-0.03457011490182052 33.693311161076565 26.987499999999997 1 
	6.5492029024725209 33.211741322307148 26.987499999999997 1 
	6.5492029024725209 33.211741322307148 27.121380891276001 1 
	6.5359855690733069 33.13548926242013 27.499309999999998 0.68211091687932002 
	6.3867420143342946 32.274488928410328 27.499309999999998 0.68211091687932002 
	6.373524680935085 32.198236868534771 27.121380891276001 1 
	6.373524680935085 32.198236868534771 26.853619108723993 1 
	6.3867420143342946 32.274488928410328 26.475689999999997 0.68211091687932002 
	6.5359855690733069 33.13548926242013 26.475689999999997 0.68211091687932002 
	6.5492029024725209 33.211741322307148 26.853619108723993 1 
	6.5492029024725209 33.211741322307148 26.987499999999997 1 
	9.816844531963353 32.48154580228497 26.987499999999997 1 
	9.816844531963353 32.48154580228497 27.121380891276001 1 
	9.7962698633470815 32.406941803715156 27.499309999999998 0.68211091687932002 
	9.5639509386772339 31.564550558243745 27.499309999999998 0.68211091687932002 
	9.5433762700580864 31.489946559685482 27.121380891276001 1 
	9.5433762700580864 31.489946559685482 26.853619108723993 1 
	9.5639509386772339 31.564550558243745 26.475689999999997 0.68211091687932002 
	9.7962698633470815 32.406941803715156 26.475689999999997 0.68211091687932002 
	9.816844531963353 32.48154580228497 26.853619108723993 1 
	9.816844531963353 32.48154580228497 26.987499999999997 1 
	16.02054663888093 30.091699064325816 26.987499999999997 1 
	16.02054663888093 30.091699064325816 27.121380891276001 1 
	15.985752001426736 30.02257304324753 27.499309999999998 0.68211091687932002 
	15.592868261416465 29.242036394983963 27.499309999999998 0.68211091687932002 
	15.558073623965152 29.172910373894162 27.121380891276001 1 
	15.558073623965152 29.172910373894162 26.853619108723993 1 
	15.592868261416465 29.242036394983963 26.475689999999997 0.68211091687932002 
	15.985752001426736 30.02257304324753 26.475689999999997 0.68211091687932002 
	16.02054663888093 30.091699064325816 26.853619108723993 1 
	16.02054663888093 30.091699064325816 26.987499999999997 1 
	18.955802351468407 28.43227310195806 26.987499999999997 1 
	18.955802351468407 28.43227310195806 27.121380891276001 1 
	18.914446266137233 28.366860971083309 27.499309999999998 0.68211091687932002 
	18.447473920137977 27.628259723844948 27.499309999999998 0.68211091687932002 
	18.406117834806814 27.562847592981811 27.121380891276001 1 
	18.406117834806814 27.562847592981811 26.853619108723993 1 
	18.447473920137977 27.628259723844948 26.475689999999997 0.68211091687932002 
	18.914446266137233 28.366860971083309 26.475689999999997 0.68211091687932002 
	18.955802351468407 28.43227310195806 26.853619108723993 1 
	18.955802351468407 28.43227310195806 26.987499999999997 1 
	24.234814796655911 24.314871291194084 26.987499999999997 1 
	24.234814796655911 24.314871291194084 27.121380891276001 1 
	24.181442881709746 24.258831025772089 27.499309999999998 0.68211091687932002 
	23.578793764188529 23.626052221761885 27.499309999999998 0.68211091687932002 
	23.52542184924237 23.57001195632829 27.121380891276001 1 
	23.52542184924237 23.57001195632829 26.853619108723993 1 
	23.578793764188529 23.626052221761885 26.475689999999997 0.68211091687932002 
	24.181442881709746 24.258831025772089 26.475689999999997 0.68211091687932002 
	24.234814796655911 24.314871291194084 26.853619108723993 1 
	24.234814796655911 24.314871291194084 26.987499999999997 1 
	26.577862287351273 21.857348309176633 26.987499999999997 1 
	26.577862287351273 21.857348309176633 27.121380891276001 1 
	26.519290488337887 21.806767521251864 27.499309999999998 0.68211091687932002 
	25.857926866221721 21.235634421768125 27.499309999999998 0.68211091687932002 
	25.799355067214204 21.185053633837505 27.121380891276001 1 
	25.799355067214204 21.185053633837505 26.853619108723993 1 
	25.857926866221721 21.235634421768125 26.475689999999997 0.68211091687932002 
	26.519290488337887 21.806767521251864 26.475689999999997 0.68211091687932002 
	26.577862287351273 21.857348309176633 26.853619108723993 1 
	26.577862287351273 21.857348309176633 26.987499999999997 1 
	30.46036278251821 16.345976884942818 26.987499999999997 1 
	30.46036278251821 16.345976884942818 27.121380891276001 1 
	30.393015178025646 16.307853769777193 27.499309999999998 0.68211091687932002 
	29.632559525277532 15.877386514922625 27.499309999999998 0.68211091687932002 
	29.565211920779124 15.839263399762855 27.121380891276001 1 
	29.565211920779124 15.839263399762855 26.853619108723993 1 
	29.632559525277532 15.877386514922625 26.475689999999997 0.68211091687932002 
	30.393015178025646 16.307853769777193 26.475689999999997 0.68211091687932002 
	30.46036278251821 16.345976884942818 26.853619108723993 1 
	30.46036278251821 16.345976884942818 26.987499999999997 1 
	31.999265295149918 13.292772542521869 26.987499999999997 1 
	31.999265295149918 13.292772542521869 27.121380891276001 1 
	31.92852764017977 13.261383770316051 27.499309999999998 0.68211091687932002 
	31.129793223500084 12.906957366637258 27.499309999999998 0.68211091687932002 
	31.059055568518168 12.875568594431449 27.121380891276001 1 
	31.059055568518168 12.875568594431449 26.853619108723993 1 
	31.129793223500084 12.906957366637258 26.475689999999997 0.68211091687932002 
	31.92852764017977 13.261383770316051 26.475689999999997 0.68211091687932002 
	31.999265295149918 13.292772542521869 26.853619108723993 1 
	31.999265295149918 13.292772542521869 26.987499999999997 1 
	34.128342051874277 6.8469611556271142 26.987499999999997 1 
	34.128342051874277 6.8469611556271142 27.121380891276001 1 
	34.052825129691115 6.8300417787846746 27.499309999999998 0.68211091687932002 
	33.200125604945768 6.6389965908148918 27.499309999999998 0.68211091687932002 
	33.124608682774394 6.6220772139724513 27.121380891276001 1 
	33.124608682774394 6.6220772139724513 26.853619108723993 1 
	33.200125604945768 6.6389965908148918 26.475689999999997 0.68211091687932002 
	34.052825129691115 6.8300417787846746 26.475689999999997 0.68211091687932002 
	34.128342051874277 6.8469611556271142 26.853619108723993 1 
	34.128342051874277 6.8469611556271142 26.987499999999997 1 
	34.718174778883771 3.4551358616879875 26.987499999999997 1 
	34.718174778883771 3.4551358616879875 27.121380891276001 1 
	34.641369863345801 3.4456450807252184 27.499309999999998 0.68211091687932002 
	33.774126957927145 3.3384799025987695 27.499309999999998 0.68211091687932002 
	33.697322042377316 3.3289891216360918 27.121380891276001 1 
	33.697322042377316 3.3289891216360918 26.853619108723993 1 
	33.774126957927145 3.3384799025987695 26.475689999999997 0.68211091687932002 
	34.641369863345801 3.445645080725217 26.475689999999997 0.68211091687932002 
	34.718174778883771 3.4551358616879875 26.853619108723993 1 
	34.718174778883771 3.4551358616879875 26.987499999999997 1 
	34.884505800400014 -3.3779151157719185 26.987499999999997 1 
	34.884505800400014 -3.3779151157719185 27.121380891276001 1 
	34.807330094788981 -3.3721722560106544 27.499309999999998 0.68211091687932002 
	33.935900412746719 -3.3073267399585173 27.499309999999998 0.68211091687932002 
	33.858724707147552 -3.3015838801973443 27.121380891276001 1 
	33.858724707147552 -3.3015838801973443 26.853619108723993 1 
	33.935900412746719 -3.3073267399585173 26.475689999999997 0.68211091687932002 
	34.807330094788981 -3.3721722560106531 26.475689999999997 0.68211091687932002 
	34.884505800400014 -3.3779151157719185 26.853619108723993 1 
	34.884505800400014 -3.3779151157719185 26.987499999999997 1 
	34.460904206974718 -6.8182877340157155 26.987499999999997 1 
	34.460904206974718 -6.8182877340157155 27.121380891276001 1 
	34.384653557993786 -6.8050624683798979 27.499309999999998 0.68211091687932002 
	33.523669155217206 -6.6557293468225289 27.499309999999998 0.68211091687932002 
	33.447418506248233 -6.6425040811897009 27.121380891276001 1 
	33.447418506248233 -6.6425040811897009 26.853619108723993 1 
	33.523669155217206 -6.6557293468225289 26.475689999999997 0.68211091687932002 
	34.384653557993786 -6.8050624683798979 26.475689999999997 0.68211091687932002 
	34.460904206974718 -6.8182877340157155 26.853619108723993 1 
	34.460904206974718 -6.8182877340157155 26.987499999999997 1 
	32.623020247480952 -13.450150656006556 26.987499999999997 1 
	32.623020247480952 -13.450150656006556 27.121380891276001 1 
	32.550839154264807 -13.42224082092401 27.499309999999998 0.68211091687932002 
	31.735806150816156 -13.107096844858479 27.499309999999998 0.68211091687932002 
	31.663625057588089 -13.079187009772951 27.121380891276001 1 
	31.663625057588089 -13.079187009772951 26.853619108723993 1 
	31.735806150816156 -13.107096844858479 26.475689999999997 0.68211091687932002 
	32.550839154264807 -13.42224082092401 26.475689999999997 0.68211091687932002 
	32.623020247480952 -13.450150656006556 26.853619108723993 1 
	32.623020247480952 -13.450150656006556 26.987499999999997 1 
	31.208891615245612 -16.640790041279214 26.987499999999997 1 
	31.208891615245612 -16.640790041279214 27.121380891276001 1 
	31.13976883170967 -16.605989048836292 27.499309999999998 0.68211091687932002 
	30.359268740186586 -16.213033551355526 27.499309999999998 0.68211091687932002 
	30.290145956650662 -16.178232558906601 27.121380891276001 1 
	30.290145956650662 -16.178232558906601 26.853619108723993 1 
	30.359268740186586 -16.213033551355526 26.475689999999997 0.68211091687932002 
	31.13976883170967 -16.605989048836292 26.475689999999997 0.68211091687932002 
	31.208891615245612 -16.640790041279214 26.853619108723993 1 
	31.208891615245612 -16.640790041279214 26.987499999999997 1 
	27.499085186839505 -22.492482388047716 26.987499999999997 1 
	27.499085186839505 -22.492482388047716 27.121380891276001 1 
	27.438121375292624 -22.444811831562994 27.499309999999998 0.68211091687932002 
	26.749748337334282 -21.90653961807633 27.499309999999998 0.68211091687932002 
	26.688784525787412 -21.858869061597623 27.121380891276001 1 
	26.688784525787412 -21.858869061597623 26.853619108723993 1 
	26.749748337334282 -21.90653961807633 26.475689999999997 0.68211091687932002 
	27.438121375292624 -22.444811831562994 26.475689999999997 0.68211091687932002 
	27.499085186839505 -22.492482388047716 26.853619108723993 1 
	27.499085186839505 -22.492482388047716 26.987499999999997 1 
	25.203804752070901 -25.152760838824136 26.987499999999997 1 
	25.203804752070901 -25.152760838824136 27.121380891276001 1 
	25.147768805229259 -25.099384438451491 27.499309999999998 0.68211091687932002 
	24.515038764495376 -24.496684673722051 27.499309999999998 0.68211091687932002 
	24.459002817647704 -24.443308273355456 27.121380891276001 1 
	24.459002817647704 -24.443308273355456 26.853619108723993 1 
	24.515038764495376 -24.496684673722051 26.475689999999997 0.68211091687932002 
	25.147768805229259 -25.099384438451491 26.475689999999997 0.68211091687932002 
	25.203804752070901 -25.152760838824136 26.853619108723993 1 
	25.203804752070901 -25.152760838824136 26.987499999999997 1 
	19.918974977513798 -29.705282920166216 26.987499999999997 1 
	19.918974977513798 -29.705282920166216 27.121380891276001 1 
	19.874483962944648 -29.64196138297234 27.499309999999998 0.68211091687932002 
	19.372113555314058 -28.926966079672393 27.499309999999998 0.68211091687932002 
	19.327622540750966 -28.863644542472482 27.121380891276001 1 
	19.327622540750966 -28.863644542472482 26.853619108723993 1 
	19.372113555314058 -28.926966079672393 26.475689999999997 0.68211091687932002 
	19.874483962944648 -29.64196138297234 26.475689999999997 0.68211091687932002 
	19.918974977513798 -29.705282920166216 26.853619108723993 1 
	19.918974977513798 -29.705282920166216 26.987499999999997 1 
	16.930035227185773 -31.596897028451405 26.987499999999997 1 
	16.930035227185773 -31.596897028451405 27.121380891276001 1 
	16.89191677467765 -31.529546822617139 27.499309999999998 0.68211091687932002 
	16.461502168173961 -30.769061796839587 27.499309999999998 0.68211091687932002 
	16.42338371565976 -30.701711590993153 27.121380891276001 1 
	16.42338371565976 -30.701711590993153 26.853619108723993 1 
	16.461502168173961 -30.769061796839587 26.475689999999997 0.68211091687932002 
	16.89191677467765 -31.529546822617139 26.475689999999997 0.68211091687932002 
	16.930035227185773 -31.596897028451405 26.853619108723993 1 
	16.930035227185773 -31.596897028451405 26.987499999999997 1 
	10.508064256917624 -34.437224490496646 26.987499999999997 1 
	10.508064256917624 -34.437224490496646 27.121380891276001 1 
	10.48388137387497 -34.363710853591336 27.499309999999998 0.68211091687932002 
	10.210820286644998 -33.533631429712067 27.499309999999998 0.68211091687932002 
	10.186637403608437 -33.460117792818977 27.121380891276001 1 
	10.186637403608437 -33.460117792818977 26.853619108723993 1 
	10.210820286644998 -33.533631429712067 26.475689999999997 0.68211091687932002 
	10.48388137387497 -34.363710853591336 26.475689999999997 0.68211091687932002 
	10.508064256917624 -34.437224490496646 26.853619108723993 1 
	10.508064256917624 -34.437224490496646 26.987499999999997 1 
	7.0758045107966456 -35.385510142588394 26.987499999999997 1 
	7.0758045107966456 -35.385510142588394 27.121380891276001 1 
	7.0588895026415521 -35.309992274780697 27.499309999999998 0.68211091687932002 
	6.8678936437105289 -34.457282072594907 27.499309999999998 0.68211091687932002 
	6.850978635555439 -34.381764204799474 27.121380891276001 1 
	6.850978635555439 -34.381764204799474 26.853619108723993 1 
	6.8678936437105289 -34.457282072594907 26.475689999999997 0.68211091687932002 
	7.0588895026415521 -35.309992274780697 26.475689999999997 0.68211091687932002 
	7.0758045107966456 -35.385510142588394 26.853619108723993 1 
	7.0758045107966456 -35.385510142588394 26.987499999999997 1 
	0.059332434137971714 -36.243968771275171 26.987499999999997 1 
	0.059332434137971714 -36.243968771275171 27.121380891276001 1 
	0.057542257915587591 -36.166600424268815 27.499309999999998 0.68211091687932002 
	0.037328478400915771 -35.292995530994375 27.499309999999998 0.68211091687932002 
	0.035538302178532516 -35.215627183975769 27.121380891276001 1 
	0.035538302178532516 -35.215627183975769 26.853619108723993 1 
	0.037328478400915771 -35.292995530994375 26.475689999999997 0.68211091687932002 
	0.057542257915587591 -36.166600424268815 26.475689999999997 0.68211091687932002 
	0.059332434137971714 -36.243968771275171 26.853619108723993 1 
	0.059332434137971714 -36.243968771275171 26.987499999999997 1 
	-3.5240116760101077 -36.153955830891292 26.987499999999997 1 
	-3.5240116760101077 -36.153955830891292 27.121380891276001 1 
	-3.5182652107917285 -36.076780425356333 27.499309999999998 0.68211091687932002 
	-3.4533789837279945 -35.205354131458577 27.499309999999998 0.68211091687932002 
	-3.4476325185111594 -35.128178725935967 27.121380891276001 1 
	-3.4476325185111594 -35.128178725935967 26.853619108723993 1 
	-3.4533789837279945 -35.205354131458577 26.475689999999997 0.68211091687932002 
	-3.5182652107917285 -36.076780425356333 26.475689999999997 0.68211091687932002 
	-3.5240116760101077 -36.153955830891292 26.853619108723993 1 
	-3.5240116760101077 -36.153955830891292 26.987499999999997 1 
	-10.533421634499916 -34.929604477776373 26.987499999999997 1 
	-10.533421634499916 -34.929604477776373 27.121380891276001 1 
	-10.512664928812752 -34.85505097856764 27.499309999999998 0.68211091687932002 
	-10.278290532101845 -34.013229946699461 27.499309999999998 0.68211091687932002 
	-10.257533826413143 -33.938676447478393 27.121380891276001 1 
	-10.257533826413143 -33.938676447478393 26.853619108723993 1 
	-10.278290532101845 -34.013229946699461 26.475689999999997 0.68211091687932002 
	-10.512664928812752 -34.85505097856764 26.475689999999997 0.68211091687932002 
	-10.533421634499916 -34.929604477776373 26.853619108723993 1 
	-10.533421634499916 -34.929604477776373 26.987499999999997 1 
	-13.958596950297581 -33.795341317384739 26.987499999999997 1 
	-13.958596950297581 -33.795341317384739 27.121380891276001 1 
	-13.930684530888001 -33.723161256680541 27.499309999999998 0.68211091687932002 
	-13.61551137391583 -32.908139911983618 27.499309999999998 0.68211091687932002 
	-13.587598954506252 -32.835959851279426 27.121380891276001 1 
	-13.587598954506252 -32.835959851279426 26.853619108723993 1 
	-13.61551137391583 -32.908139911983618 26.475689999999997 0.68211091687932002 
	-13.930684530888001 -33.723161256680541 26.475689999999997 0.68211091687932002 
	-13.958596950297581 -33.795341317384739 26.853619108723993 1 
	-13.958596950297581 -33.795341317384739 26.987499999999997 1 
	-20.352032935769302 -30.566991076047103 26.987499999999997 1 
	-20.352032935769302 -30.566991076047103 27.121380891276001 1 
	-20.310518800298308 -30.501679202150822 27.499309999999998 0.68211091687932002 
	-19.841761830791125 -29.764210006785035 27.499309999999998 0.68211091687932002 
	-19.800247695320135 -29.698898132888765 27.121380891276001 1 
	-19.800247695320135 -29.698898132888765 26.853619108723993 1 
	-19.841761830791125 -29.764210006785035 26.475689999999997 0.68211091687932002 
	-20.310518800298308 -30.501679202150822 26.475689999999997 0.68211091687932002 
	-20.352032935769302 -30.566991076047103 26.853619108723993 1 
	-20.352032935769302 -30.566991076047103 26.987499999999997 1 
	-23.319458110422328 -28.473237261767338 26.987499999999997 1 
	-23.319458110422328 -28.473237261767338 27.121380891276001 1 
	-23.271786025266177 -28.412274684129976 27.499309999999998 0.68211091687932002 
	-22.733496550757177 -27.72391557891801 27.499309999999998 0.68211091687932002 
	-22.685824465601041 -27.662953001280652 27.121380891276001 1 
	-22.685824465601041 -27.662953001280652 26.853619108723993 1 
	-22.733496550757177 -27.72391557891801 26.475689999999997 0.68211091687932002 
	-23.271786025266177 -28.412274684129976 26.475689999999997 0.68211091687932002 
	-23.319458110422328 -28.473237261767338 26.853619108723993 1 
	-23.319458110422328 -28.473237261767338 26.987499999999997 1 
	-28.533552237425955 -23.494957599686607 26.987499999999997 1 
	-28.533552237425955 -23.494957599686607 27.121380891276001 1 
	-28.474859434256679 -23.444517353597252 27.499309999999998 0.68211091687932002 
	-27.812129493336624 -22.874971182586627 27.499309999999998 0.68211091687932002 
	-27.753436690167344 -22.824530936497293 27.121380891276001 1 
	-27.753436690167344 -22.824530936497293 26.853619108723993 1 
	-27.812129493336624 -22.874971182586627 26.475689999999997 0.68211091687932002 
	-28.474859434256679 -23.444517353597252 26.475689999999997 0.68211091687932002 
	-28.533552237425955 -23.494957599686607 26.853619108723993 1 
	-28.533552237425955 -23.494957599686607 26.987499999999997 1 
	-30.77951427921111 -20.610997324117434 26.987499999999997 1 
	-30.77951427921111 -20.610997324117434 27.121380891276001 1 
	-30.716192098406896 -20.566507277359211 27.499309999999998 0.68211091687932002 
	-30.00118952776085 -20.064147797677968 27.499309999999998 0.68211091687932002 
	-29.937867346956647 -20.01965775091346 27.121380891276001 1 
	-29.937867346956647 -20.01965775091346 26.853619108723993 1 
	-30.00118952776085 -20.064147797677968 26.475689999999997 0.68211091687932002 
	-30.716192098406896 -20.566507277359211 26.475689999999997 0.68211091687932002 
	-30.77951427921111 -20.610997324117434 26.853619108723993 1 
	-30.77951427921111 -20.610997324117434 26.987499999999997 1 
	-34.346059193760432 -14.292298683917826 26.987499999999997 1 
	-34.346059193760432 -14.292298683917826 27.121380891276001 1 
	-34.275247245034734 -14.261078005557231 27.499309999999998 0.68211091687932002 
	-33.475673940376836 -13.908549634036056 27.499309999999998 0.68211091687932002 
	-33.404861991651146 -13.877328955681756 27.121380891276001 1 
	-33.404861991651146 -13.877328955681756 26.853619108723993 1 
	-33.475673940376836 -13.908549634036056 26.475689999999997 0.68211091687932002 
	-34.275247245034734 -14.261078005557231 26.475689999999997 0.68211091687932002 
	-34.346059193760432 -14.292298683917826 26.853619108723993 1 
	-34.346059193760432 -14.292298683917826 26.987499999999997 1 
	-35.666127013750604 -10.858311890320589 26.987499999999997 1 
	-35.666127013750604 -10.858311890320589 27.121380891276001 1 
	-35.592613287338921 -10.834129372764542 27.499309999999998 0.68211091687932002 
	-34.762532852825466 -10.561072412354937 27.499309999999998 0.68211091687932002 
	-34.689019126426459 -10.53688989479731 27.121380891276001 1 
	-34.689019126426459 -10.53688989479731 26.853619108723993 1 
	-34.762532852825466 -10.561072412354937 26.475689999999997 0.68211091687932002 
	-35.592613287338921 -10.834129372764542 26.475689999999997 0.68211091687932002 
	-35.666127013750604 -10.858311890320589 26.853619108723993 1 
	-35.666127013750604 -10.858311890320589 26.987499999999997 1 
	-37.254048768393055 -3.730533764838567 26.987499999999997 1 
	-37.254048768393055 -3.730533764838567 27.121380891276001 1 
	-37.177221779169457 -3.7212237783820177 27.499309999999998 0.68211091687932002 
	-36.309729628874329 -3.6161000419117504 27.499309999999998 0.68211091687932002 
	-36.23290263963807 -3.6067900554567864 27.121380891276001 1 
	-36.23290263963807 -3.6067900554567864 26.853619108723993 1 
	-36.309729628874329 -3.6161000419117504 26.475689999999997 0.68211091687932002 
	-37.177221779169457 -3.7212237783820177 26.475689999999997 0.68211091687932002 
	-37.254048768393055 -3.730533764838567 26.853619108723993 1 
	-37.254048768393055 -3.730533764838567 26.987499999999997 1 
	-37.521626852101406 -0.037616879494713901 26.987499999999997 1 
	-37.521626852101406 -0.037616879494713901 27.121380891276001 1 
	-37.444258542847642 -0.035826307698146126 27.499309999999998 0.68211091687932002 
	-36.570654076188049 -0.0156080615694742 27.499309999999998 0.68211091687932002 
	-36.493285766947047 -0.0138174897737031 27.121380891276001 1 
	-36.493285766947047 -0.0138174897737031 26.853619108723993 1 
	-36.570654076188049 -0.0156080615694742 26.475689999999997 0.68211091687932002 
	-37.444258542847642 -0.035826307698146126 26.475689999999997 0.68211091687932002 
	-37.521626852101406 -0.037616879494713901 26.853619108723993 1 
	-37.521626852101406 -0.037616879494713901 26.987499999999997 1 
	-36.967557219288224 7.2907265155924321 26.987499999999997 1 
	-36.967557219288224 7.2907265155924321 27.121380891276001 1 
	-36.891337677511217 7.2773234238921551 27.499309999999998 0.68211091687932002 
	-36.030704521529742 7.1259823788212096 27.499309999999998 0.68211091687932002 
	-35.954484979739995 7.1125792871217284 27.121380891276001 1 
	-35.954484979739995 7.1125792871217284 26.853619108723993 1 
	-36.030704521529742 7.1259823788212096 26.475689999999997 0.68211091687932002 
	-36.891337677511217 7.2773234238921551 26.475689999999997 0.68211091687932002 
	-36.967557219288224 7.2907265155924321 26.853619108723993 1 
	-36.967557219288224 7.2907265155924321 26.987499999999997 1 
	-36.145899934026353 10.925230344833784 26.987499999999997 1 
	-36.145899934026353 10.925230344833784 27.121380891276001 1 
	-36.07134615262526 10.904474757400767 27.499309999999998 0.68211091687932002 
	-35.229521934388615 10.670112987409007 27.499309999999998 0.68211091687932002 
	-35.154968152987543 10.649357399972788 27.121380891276001 1 
	-35.154968152987543 10.649357399972788 26.853619108723993 1 
	-35.229521934388615 10.670112987409007 26.475689999999997 0.68211091687932002 
	-36.07134615262526 10.904474757400767 26.475689999999997 0.68211091687932002 
	-36.145899934026353 10.925230344833784 26.853619108723993 1 
	-36.145899934026353 10.925230344833784 26.987499999999997 1 
	-33.470537847013524 17.820396299650088 26.987499999999997 1 
	-33.470537847013524 17.820396299650088 27.121380891276001 1 
	-33.401495762282622 17.785435589354613 27.499309999999998 0.68211091687932002 
	-32.62190688156312 17.390676637449822 27.499309999999998 0.68211091687932002 
	-32.552864796832232 17.355715927157569 27.121380891276001 1 
	-32.552864796832232 17.355715927157569 26.853619108723993 1 
	-32.62190688156312 17.390676637449822 26.475689999999997 0.68211091687932002 
	-33.401495762282622 17.785435589354613 26.475689999999997 0.68211091687932002 
	-33.470537847013524 17.820396299650088 26.853619108723993 1 
	-33.470537847013524 17.820396299650088 26.987499999999997 1 
	-31.617093957065961 21.080167299819244 26.987499999999997 1 
	-31.617093957065961 21.080167299819244 27.121380891276001 1 
	-31.551781089823059 21.038654778491566 27.499309999999998 0.68211091687932002 
	-30.814300678128493 20.569916035041196 27.499309999999998 0.68211091687932002 
	-30.74898781087915 20.528403513707069 27.121380891276001 1 
	-30.74898781087915 20.528403513707069 26.853619108723993 1 
	-30.814300678128493 20.569916035041196 26.475689999999997 0.68211091687932002 
	-31.551781089823059 21.038654778491566 26.475689999999997 0.68211091687932002 
	-31.617093957065961 21.080167299819244 26.853619108723993 1 
	-31.617093957065961 21.080167299819244 26.987499999999997 1 
	-27.02574963240108 26.93798866084423 26.987499999999997 1 
	-27.02574963240108 26.93798866084423 27.121380891276001 1 
	-26.969836221799603 26.88448398287218 27.499309999999998 0.68211091687932002 
	-26.33848979934357 26.28033577128236 27.499309999999998 0.68211091687932002 
	-26.282576388748559 26.226831093316772 27.121380891276001 1 
	-26.282576388748559 26.226831093316772 26.853619108723993 1 
	-26.33848979934357 26.28033577128236 26.475689999999997 0.68211091687932002 
	-26.969836221799603 26.88448398287218 26.475689999999997 0.68211091687932002 
	-27.02574963240108 26.93798866084423 26.853619108723993 1 
	-27.02574963240108 26.93798866084423 26.987499999999997 1 
	-24.288361254120012 29.535257488325655 26.987499999999997 1 
	-24.288361254120012 29.535257488325655 27.121380891276001 1 
	-24.237919036247316 29.476566415365522 27.499309999999998 0.68211091687932002 
	-23.668350600929106 28.813856011054007 27.499309999999998 0.68211091687932002 
	-23.61790838305642 28.755164938087386 27.121380891276001 1 
	-23.61790838305642 28.755164938087386 26.853619108723993 1 
	-23.668350600929106 28.813856011054007 26.475689999999997 0.68211091687932002 
	-24.237919036247316 29.476566415365522 26.475689999999997 0.68211091687932002 
	-24.288361254120012 29.535257488325655 26.853619108723993 1 
	-24.288361254120012 29.535257488325655 26.987499999999997 1 
	-18.155435762165816 33.834065331966961 26.987499999999997 1 
	-18.155435762165816 33.834065331966961 27.121380891276001 1 
	-18.117470496003723 33.76662871023079 27.499309999999998 0.68211091687932002 
	-17.688785593527289 33.005167919156001 27.499309999999998 0.68211091687932002 
	-17.650820327365203 32.937731297426339 27.121380891276001 1 
	-17.650820327365203 32.937731297426339 26.853619108723993 1 
	-17.688785593527289 33.005167919156001 26.475689999999997 0.68211091687932002 
	-18.117470496003723 33.76662871023079 26.475689999999997 0.68211091687932002 
	-18.155435762165816 33.834065331966961 26.853619108723993 1 
	-18.155435762165816 33.834065331966961 26.987499999999997 1 
	-14.760620374795041 35.535001859782739 26.987499999999997 1 
	-14.760620374795041 35.535001859782739 27.121380891276001 1 
	-14.729396653414442 35.464191281749081 27.499309999999998 0.68211091687932002 
	-14.376833921544394 34.664633454319493 27.499309999999998 0.68211091687932002 
	-14.34561020015726 34.593822876285849 27.121380891276001 1 
	-14.34561020015726 34.593822876285849 26.853619108723993 1 
	-14.376833921544394 34.664633454319493 26.475689999999997 0.68211091687932002 
	-14.729396653414442 35.464191281749081 26.475689999999997 0.68211091687932002 
	-14.760620374795041 35.535001859782739 26.853619108723993 1 
	-14.760620374795041 35.535001859782739 26.987499999999997 1 
	-7.5991711853730139 37.882032288388949 26.987499999999997 1 
	-7.5991711853730139 37.882032288388949 27.121380891276001 1 
	-7.5824264038994187 37.806476540593572 27.499309999999998 0.68211091687932002 
	-7.3933526600117814 36.95333861613323 27.499309999999998 0.68211091687932002 
	-7.3766078785447231 36.87778286833786 27.121380891276001 1 
	-7.3766078785447231 36.87778286833786 26.853619108723993 1 
	-7.3933526600117814 36.95333861613323 26.475689999999997 0.68211091687932002 
	-7.5824264038994187 37.806476540593572 26.475689999999997 0.68211091687932002 
	-7.5991711853730139 37.882032288388949 26.853619108723993 1 
	-7.5991711853730139 37.882032288388949 26.987499999999997 1 
	-3.8334085115887886 38.527757448346172 26.987499999999997 1 
	-3.8334085115887886 38.527757448346172 27.121380891276001 1 
	-3.8240945193793898 38.450930970843913 27.499309999999998 0.68211091687932002 
	-3.7189255519242037 37.583444598652271 27.499309999999998 0.68211091687932002 
	-3.7096115597147037 37.506618121150026 27.121380891276001 1 
	-3.7096115597147037 37.506618121150026 26.853619108723993 1 
	-3.7189255519241016 37.583444598652271 26.475689999999997 0.68211091687932002 
	-3.8240945193793898 38.450930970843913 26.475689999999997 0.68211091687932002 
	-3.8334085115887886 38.527757448346172 26.853619108723993 1 
	-3.8334085115887886 38.527757448346172 26.987499999999997 1 
	3.7477337561883806 38.694918441285466 26.987499999999997 1 
	3.7477337561883806 38.694918441285466 27.121380891276001 1 
	3.7418148569865375 38.617756114174412 27.499309999999998 0.68211091687932002 
	3.6749815911285291 37.746477495296467 27.499309999999998 0.68211091687932002 
	3.6690626919265839 37.66931516818542 27.121380891276001 1 
	3.6690626919265839 37.66931516818542 26.853619108723993 1 
	3.674981591128426 37.746477495296467 26.475689999999997 0.68211091687932002 
	3.7418148569865375 38.617756114174412 26.475689999999997 0.68211091687932002 
	3.7477337561883806 38.694918441285466 26.853619108723993 1 
	3.7477337561883806 38.694918441285466 26.987499999999997 1 
	7.5621668531055537 38.216254279792999 26.987499999999997 1 
	7.5621668531055537 38.216254279792999 27.121380891276001 1 
	7.5487684204140963 38.140033944775723 27.499309999999998 0.68211091687932002 
	7.3974799825337723 37.279391832131388 27.499309999999998 0.68211091687932002 
	7.3840815498423167 37.20317149711412 27.121380891276001 1 
	7.3840815498423167 37.20317149711412 26.853619108723993 1 
	7.3974799825337723 37.279391832131388 26.475689999999997 0.68211091687932002 
	7.5487684204140963 38.140033944775723 26.475689999999997 0.68211091687932002 
	7.5621668531055537 38.216254279792999 26.853619108723993 1 
	7.5621668531055537 38.216254279792999 26.987499999999997 1 
	14.910149433587595 36.162005114639406 26.987499999999997 1 
	14.910149433587595 36.162005114639406 27.121380891276001 1 
	14.882077146328017 36.089887126929526 27.499309999999998 0.68211091687932002 
	14.56509884113966 35.275566679537931 27.499309999999998 0.68211091687932002 
	14.537026553880084 35.203448691828065 27.121380891276001 1 
	14.537026553880084 35.203448691828065 26.853619108723993 1 
	14.56509884113966 35.275566679537931 26.475689999999997 0.68211091687932002 
	14.882077146328017 36.089887126929526 26.475689999999997 0.68211091687932002 
	14.910149433587595 36.162005114639406 26.853619108723993 1 
	14.910149433587595 36.162005114639406 26.987499999999997 1 
	18.442758559114377 34.586600864726329 26.987499999999997 1 
	18.442758559114377 34.586600864726329 27.121380891276001 1 
	18.407802678673132 34.517556362601155 27.499309999999998 0.68211091687932002 
	18.013098262963151 33.737940185864396 27.499309999999998 0.68211091687932002 
	17.978142382521916 33.66889568373923 27.121380891276001 1 
	17.978142382521916 33.66889568373923 26.853619108723993 1 
	18.013098262963151 33.737940185864396 26.475689999999997 0.68211091687932002 
	18.407802678673132 34.517556362601155 26.475689999999997 0.68211091687932002 
	18.442758559114377 34.586600864726329 26.853619108723993 1 
	18.442758559114377 34.586600864726329 26.987499999999997 1 
	24.916927188402457 30.461867279820101 26.987499999999997 1 
	24.916927188402457 30.461867279820101 27.121380891276001 1 
	24.869121258946063 30.40100965946365 27.499309999999998 0.68211091687932002 
	24.329320481184745 29.713835679579006 27.499309999999998 0.68211091687932002 
	24.281514551728364 29.652978059222558 27.121380891276001 1 
	24.281514551728364 29.652978059222558 26.853619108723993 1 
	24.329320481184745 29.713835679579006 26.475689999999997 0.68211091687932002 
	24.869121258946063 30.40100965946365 26.475689999999997 0.68211091687932002 
	24.916927188402457 30.461867279820101 26.853619108723993 1 
	24.916927188402457 30.461867279820101 26.987499999999997 1 
	27.85763443659539 27.912987125650478 26.987499999999997 1 
	27.85763443659539 27.912987125650478 27.121380891276001 1 
	27.804134156679481 27.857069540816433 27.499309999999998 0.68211091687932002 
	27.200035605691021 27.225675985054995 27.499309999999998 0.68211091687932002 
	27.146535325768411 27.169758400227646 27.121380891276001 1 
	27.146535325768411 27.169758400227646 26.853619108723993 1 
	27.200035605691021 27.225675985054995 26.475689999999997 0.68211091687932002 
	27.804134156679481 27.857069540816433 26.475689999999997 0.68211091687932002 
	27.85763443659539 27.912987125650478 26.853619108723993 1 
	27.85763443659539 27.912987125650478 26.987499999999997 1 
	32.885382185027758 22.050401491881601 26.987499999999997 1 
	32.885382185027758 22.050401491881601 27.121380891276001 1 
	32.82196320090938 22.006049618252735 27.499309999999998 0.68211091687932002 
	32.105867575477276 21.505250320860885 27.499309999999998 0.68211091687932002 
	32.042448591365606 21.460898447225333 27.121380891276001 1 
	32.042448591365606 21.460898447225333 26.853619108723993 1 
	32.105867575477276 21.505250320860885 26.475689999999997 0.68211091687932002 
	32.82196320090938 22.006049618252735 26.475689999999997 0.68211091687932002 
	32.885382185027758 22.050401491881601 26.853619108723993 1 
	32.885382185027758 22.050401491881601 26.987499999999997 1 
	34.971733808159549 18.737377757983023 26.987499999999997 1 
	34.971733808159549 18.737377757983023 27.121380891276001 1 
	34.904300501416721 18.699406653284079 27.499309999999998 0.68211091687932002 
	34.142877141548105 18.270655825013783 27.499309999999998 0.68211091687932002 
	34.075443834805284 18.232684720318215 27.121380891276001 1 
	34.075443834805284 18.232684720318215 26.853619108723993 1 
	34.142877141548105 18.270655825013783 26.475689999999997 0.68211091687932002 
	34.904300501416721 18.699406653284079 26.475689999999997 0.68211091687932002 
	34.971733808159549 18.737377757983023 26.853619108723993 1 
	34.971733808159549 18.737377757983023 26.987499999999997 1 
	38.099110206484312 11.624578172420172 26.987499999999997 1 
	38.099110206484312 11.624578172420172 27.121380891276001 1 
	38.025544396937931 11.600554698255896 27.499309999999998 0.68211091687932002 
	37.194875865509154 11.329293576734402 27.499309999999998 0.68211091687932002 
	37.121310055962788 11.305270102566764 27.121380891276001 1 
	37.121310055962788 11.305270102566764 26.853619108723993 1 
	37.194875865509154 11.329293576734402 26.475689999999997 0.68211091687932002 
	38.025544396937931 11.600554698255896 26.475689999999997 0.68211091687932002 
	38.099110206484312 11.624578172420172 26.853619108723993 1 
	38.099110206484312 11.624578172420172 26.987499999999997 1 
	39.139671426887318 7.8256600736083488 26.987499999999997 1 
	39.139671426887318 7.8256600736083488 27.121380891276001 1 
	39.06411729343592 7.8089081190072402 27.499309999999998 0.68211091687932002 
	38.210997597391334 7.6197533797075696 27.499309999999998 0.68211091687932002 
	38.135443463939957 7.603001425106461 27.121380891276001 1 
	38.135443463939957 7.603001425106461 26.853619108723993 1 
	38.210997597391334 7.6197533797075696 26.475689999999997 0.68211091687932002 
	39.06411729343592 7.8089081190072402 26.475689999999997 0.68211091687932002 
	39.139671426887318 7.8256600736083488 26.853619108723993 1 
	39.139671426887318 7.8256600736083488 26.987499999999997 1 
	40.07228179931424 0.064780322088919734 26.987499999999997 1 
	40.07228179931424 0.064780322088919734 27.121380891276001 1 
	39.994909867838118 0.063155735433480242 27.499309999999998 0.68211091687932002 
	39.121264500761988 0.044811710949194117 27.499309999999998 0.68211091687932002 
	39.043892569285887 0.043187124293756797 27.121380891276001 1 
	39.043892569285887 0.043187124293756797 26.853619108723993 1 
	39.121264500761988 0.044811710949194117 26.475689999999997 0.68211091687932002 
	39.994909867838118 0.063155735433480242 26.475689999999997 0.68211091687932002 
	40.07228179931424 0.064780322088919734 26.853619108723993 1 
	40.07228179931424 0.064780322088919734 26.987499999999997 1 
	39.964135770681047 -3.8962201387553295 26.987499999999997 1 
	39.964135770681047 -3.8962201387553295 27.121380891276001 1 
	39.886972856890878 -3.8903091974978281 27.499309999999998 0.68211091687932002 
	39.015687613496205 -3.8235657888008729 27.499309999999998 0.68211091687932002 
	38.938524699706051 -3.8176548475450791 27.121380891276001 1 
	38.938524699706051 -3.8176548475450791 26.853619108723993 1 
	39.015687613496205 -3.8235657888008729 26.475689999999997 0.68211091687932002 
	39.886972856890878 -3.8903091974978281 26.475689999999997 0.68211091687932002 
	39.964135770681047 -3.8962201387553295 26.853619108723993 1 
	39.964135770681047 -3.8962201387553295 26.987499999999997 1 
	38.594653070550116 -11.639508942549231 26.987499999999997 1 
	38.594653070550116 -11.639508942549231 27.121380891276001 1 
	38.520143674286061 -11.618594728344338 27.499309999999998 0.68211091687932002 
	37.678820630999184 -11.382441823798652 27.499309999999998 0.68211091687932002 
	37.604311234735142 -11.361527609592057 27.121380891276001 1 
	37.604311234735142 -11.361527609592057 26.853619108723993 1 
	37.678820630999184 -11.382441823798652 26.475689999999997 0.68211091687932002 
	38.520143674286061 -11.618594728344338 26.475689999999997 0.68211091687932002 
	38.594653070550116 -11.639508942549231 26.853619108723993 1 
	38.594653070550116 -11.639508942549231 26.987499999999997 1 
	37.333409774748858 -15.420815095707122 26.987499999999997 1 
	37.333409774748858 -15.420815095707122 27.121380891276001 1 
	37.26128869091292 -15.39275082670494 27.499309999999998 0.68211091687932002 
	36.446933283707551 -15.075863059730782 27.499309999999998 0.68211091687932002 
	36.374812199885355 -15.047798790735468 27.121380891276001 1 
	36.374812199885355 -15.047798790735468 26.853619108723993 1 
	36.446933283707551 -15.075863059730782 26.475689999999997 0.68211091687932002 
	37.26128869091292 -15.39275082670494 26.475689999999997 0.68211091687932002 
	37.333409774748858 -15.420815095707122 26.853619108723993 1 
	37.333409774748858 -15.420815095707122 26.987499999999997 1 
	33.753143709597502 -22.474399943553916 26.987499999999997 1 
	33.753143709597502 -22.474399943553916 27.121380891276001 1 
	33.687918691742716 -22.432749601798168 27.499309999999998 0.68211091687932002 
	32.951430231568224 -21.962454658598585 27.499309999999998 0.68211091687932002 
	32.886205213699732 -21.920804316835987 27.121380891276001 1 
	32.886205213699732 -21.920804316835987 26.853619108723993 1 
	32.951430231568224 -21.962454658598585 26.475689999999997 0.68211091687932002 
	33.687918691742716 -22.432749601798168 26.475689999999997 0.68211091687932002 
	33.753143709597502 -22.474399943553916 26.853619108723993 1 
	33.753143709597502 -22.474399943553916 26.987499999999997 1 
	31.434498156754287 -25.74576069368662 26.987499999999997 1 
	31.434498156754287 -25.74576069368662 27.121380891276001 1 
	31.373634871341427 -25.697962013131221 27.499309999999998 0.68211091687932002 
	30.686396924594543 -25.158243086277722 27.499309999999998 0.68211091687932002 
	30.625533639181683 -25.11044440571543 27.121380891276001 1 
	30.625533639181683 -25.11044440571543 26.853619108723993 1 
	30.686396924594543 -25.158243086277722 26.475689999999997 0.68211091687932002 
	31.373634871341427 -25.697962013131221 26.475689999999997 0.68211091687932002 
	31.434498156754287 -25.74576069368662 26.853619108723993 1 
	31.434498156754287 -25.74576069368662 26.987499999999997 1 
	25.927824948690727 -31.489422123283919 26.987499999999997 1 
	25.927824948690727 -31.489422123283919 27.121380891276001 1 
	25.877505862437506 -31.430625499845807 27.499309999999998 0.68211091687932002 
	25.309327767982257 -30.766723272150006 27.499309999999998 0.68211091687932002 
	25.259008681729039 -30.707926648718811 27.121380891276001 1 
	25.259008681729039 -30.707926648718811 26.853619108723993 1 
	25.309327767982257 -30.766723272150006 26.475689999999997 0.68211091687932002 
	25.877505862437506 -31.430625499845807 26.475689999999997 0.68211091687932002 
	25.927824948690727 -31.489422123283919 26.853619108723993 1 
	25.927824948690727 -31.489422123283919 26.987499999999997 1 
	22.740428856854987 -33.960949750976042 26.987499999999997 1 
	22.740428856854987 -33.960949750976042 27.121380891276001 1 
	22.696068970279558 -33.89753639834138 27.499309999999998 0.68211091687932002 
	22.195179194829628 -33.181504360726386 27.499309999999998 0.68211091687932002 
	22.150819308261152 -33.118091008091731 27.121380891276001 1 
	22.150819308261152 -33.118091008091731 26.853619108723993 1 
	22.195179194829628 -33.181504360726386 26.475689999999997 0.68211091687932002 
	22.696068970279558 -33.89753639834138 26.475689999999997 0.68211091687932002 
	22.740428856854987 -33.960949750976042 26.853619108723993 1 
	22.740428856854987 -33.960949750976042 26.987499999999997 1 
	15.762363845840902 -37.880874427942018 26.987499999999997 1 
	15.762363845840902 -37.880874427942018 27.121380891276001 1 
	15.731287470552889 -37.809999102726181 27.499309999999998 0.68211091687932002 
	15.380388497368321 -37.009710182270013 27.499309999999998 0.68211091687932002 
	15.349312122073373 -36.938834857054175 27.121380891276001 1 
	15.349312122073373 -36.938834857054175 26.853619108723993 1 
	15.380388497368321 -37.009710182270013 26.475689999999997 0.68211091687932002 
	15.731287470552889 -37.809999102726181 26.475689999999997 0.68211091687932002 
	15.762363845840902 -37.880874427942018 26.853619108723993 1 
	15.762363845840902 -37.880874427942018 26.987499999999997 1 
	11.972528847069713 -39.328712287404969 26.987499999999997 1 
	11.972528847069713 -39.328712287404969 27.121380891276001 1 
	11.94849551517237 -39.255149720487331 27.499309999999998 0.68211091687932002 
	11.677123085047421 -38.424517803171938 27.499309999999998 0.68211091687932002 
	11.653089753153575 -38.350955236254308 27.121380891276001 1 
	11.653089753153575 -38.350955236254308 26.853619108723993 1 
	11.677123085047421 -38.424517803171938 26.475689999999997 0.68211091687932002 
	11.94849551517237 -39.255149720487331 26.475689999999997 0.68211091687932002 
	11.972528847069713 -39.328712287404969 26.853619108723993 1 
	11.972528847069713 -39.328712287404969 26.987499999999997 1 
	4.1111957150092282 -41.063393436436897 26.987499999999997 1 
	4.1111957150092282 -41.063393436436897 27.121380891276001 1 
	4.1020403168696973 -40.986547935747424 27.499309999999998 0.68211091687932002 
	3.9986621147582184 -40.118846763287856 27.499309999999998 0.68211091687932002 
	3.9895067166151996 -40.04200126259839 27.121380891276001 1 
	3.9895067166151996 -40.04200126259839 26.853619108723993 1 
	3.9986621147582184 -40.118846763287856 26.475689999999997 0.68211091687932002 
	4.1020403168696973 -40.986547935747424 26.475689999999997 0.68211091687932002 
	4.1111957150092282 -41.063393436436897 26.853619108723993 1 
	4.1111957150092282 -41.063393436436897 26.987499999999997 1 
	0.040663644071994333 -41.349942543222276 26.987499999999997 1 
	0.040663644071994333 -41.349942543222276 27.121380891276001 1 
	0.039028109763206316 -41.272570863671895 27.499309999999998 0.68211091687932002 
	0.02056046984111326 -40.398928341156882 27.499309999999998 0.68211091687932002 
	0.018924935532321774 -40.321556661606508 27.121380891276001 1 
	0.018924935532321774 -40.321556661606508 26.853619108723993 1 
	0.02056046984111326 -40.398928341156882 26.475689999999997 0.68211091687932002 
	0.039028109763206316 -41.272570863671895 26.475689999999997 0.68211091687932002 
	0.040663644071994333 -41.349942543222276 26.853619108723993 1 
	0.040663644071994333 -41.349942543222276 26.987499999999997 1 
	-8.0322501286969992 -40.723373116173299 26.987499999999997 1 
	-8.0322501286969992 -40.723373116173299 27.121380891276001 1 
	-8.0186955856464888 -40.647180425398474 27.499309999999998 0.68211091687932002 
	-7.8656444272640558 -39.786850457720774 27.499309999999998 0.68211091687932002 
	-7.8520898842135427 -39.710657766945971 27.121380891276001 1 
	-7.8520898842135427 -39.710657766945971 26.853619108723993 1 
	-7.8656444272640558 -39.786850457720774 26.475689999999997 0.68211091687932002 
	-8.0186955856464888 -40.647180425398474 26.475689999999997 0.68211091687932002 
	-8.0322501286969992 -40.723373116173299 26.853619108723993 1 
	-8.0322501286969992 -40.723373116173299 26.987499999999997 1 
	-12.033616157758185 -39.810254065870687 26.987499999999997 1 
	-12.033616157758185 -39.810254065870687 27.121380891276001 1 
	-12.012713034721772 -39.73574157901178 27.499309999999998 0.68211091687932002 
	-11.776685366196526 -38.89438363813067 27.499309999999998 0.68211091687932002 
	-11.755782243163647 -38.819871151243518 27.121380891276001 1 
	-11.755782243163647 -38.819871151243518 26.853619108723993 1 
	-11.776685366196526 -38.89438363813067 26.475689999999997 0.68211091687932002 
	-12.012713034721772 -39.73574157901178 26.475689999999997 0.68211091687932002 
	-12.033616157758185 -39.810254065870687 26.853619108723993 1 
	-12.033616157758185 -39.810254065870687 26.987499999999997 1 
	-19.620245960365512 -36.849376629598197 26.987499999999997 1 
	-19.620245960365512 -36.849376629598197 27.121380891276001 1 
	-19.585149768554714 -36.780403384276475 27.499309999999998 0.68211091687932002 
	-19.188861026645366 -36.001591804002082 27.499309999999998 0.68211091687932002 
	-19.153764834831048 -35.932618558708612 27.121380891276001 1 
	-19.153764834831048 -35.932618558708612 26.853619108723993 1 
	-19.188861026645366 -36.001591804002082 26.475689999999997 0.68211091687932002 
	-19.585149768554714 -36.780403384276475 26.475689999999997 0.68211091687932002 
	-19.620245960365512 -36.849376629598197 26.853619108723993 1 
	-19.620245960365512 -36.849376629598197 26.987499999999997 1 
	-23.204532248295841 -34.801914812256463 26.987499999999997 1 
	-23.204532248295841 -34.801914812256463 27.121380891276001 1 
	-23.162892088493646 -34.736683318041941 27.499309999999998 0.68211091687932002 
	-22.692712115024328 -34.000121730114735 27.499309999999998 0.68211091687932002 
	-22.651071955229238 -33.93489023590022 27.121380891276001 1 
	-22.651071955229238 -33.93489023590022 26.853619108723993 1 
	-22.692712115024328 -34.000121730114735 26.475689999999997 0.68211091687932002 
	-23.162892088493646 -34.736683318041941 26.475689999999997 0.68211091687932002 
	-23.204532248295841 -34.801914812256463 26.853619108723993 1 
	-23.204532248295841 -34.801914812256463 26.987499999999997 1 
	-29.641162524906598 -29.736627973525632 26.987499999999997 1 
	-29.641162524906598 -29.736627973525632 27.121380891276001 1 
	-29.5875495027989 -29.680818524506851 27.499309999999998 0.68211091687932002 
	-28.982177922966613 -29.05064598453037 27.499309999999998 0.68211091687932002 
	-28.928564900851828 -28.994836535511595 27.121380891276001 1 
	-28.928564900851828 -28.994836535511595 26.853619108723993 1 
	-28.982177922966613 -29.05064598453037 26.475689999999997 0.68211091687932002 
	-29.5875495027989 -29.680818524506851 26.475689999999997 0.68211091687932002 
	-29.641162524906598 -29.736627973525632 26.853619108723993 1 
	-29.641162524906598 -29.736627973525632 26.987499999999997 1 
	-32.492652689332701 -26.719374199096485 26.987499999999997 1 
	-32.492652689332701 -26.719374199096485 27.121380891276001 1 
	-32.433864281765281 -26.669045545398806 27.499309999999998 0.68211091687932002 
	-31.770054823725967 -26.10075942023968 27.499309999999998 0.68211091687932002 
	-31.711266416172855 -26.050430766542011 27.121380891276001 1 
	-31.711266416172855 -26.050430766542011 26.853619108723993 1 
	-31.770054823725967 -26.10075942023968 26.475689999999997 0.68211091687932002 
	-32.433864281765281 -26.669045545398806 26.475689999999997 0.68211091687932002 
	-32.492652689332701 -26.719374199096485 26.853619108723993 1 
	-32.492652689332701 -26.719374199096485 26.987499999999997 1 
	-37.207767881382914 -19.964894639355947 26.987499999999997 1 
	-37.207767881382914 -19.964894639355947 27.121380891276001 1 
	-37.140258646093926 -19.927058764973008 27.499309999999998 0.68211091687932002 
	-36.377977938651341 -19.499834890131105 27.499309999999998 0.68211091687932002 
	-36.310468703348064 -19.461999015748173 27.121380891276001 1 
	-36.310468703348064 -19.461999015748173 26.853619108723993 1 
	-36.377977938651341 -19.499834890131105 26.475689999999997 0.68211091687932002 
	-37.140258646093926 -19.927058764973008 26.475689999999997 0.68211091687932002 
	-37.207767881382914 -19.964894639355947 26.853619108723993 1 
	-37.207767881382914 -19.964894639355947 26.987499999999997 1 
	-39.070738424516108 -16.228468207096338 26.987499999999997 1 
	-39.070738424516108 -16.228468207096338 27.121380891276001 1 
	-38.999868397196458 -16.197379801177537 27.499309999999998 0.68211091687932002 
	-38.199639297884247 -15.846344984260103 27.499309999999998 0.68211091687932002 
	-38.128769270564611 -15.815256578341302 27.121380891276001 1 
	-38.128769270564611 -15.815256578341302 26.853619108723993 1 
	-38.199639297884247 -15.846344984260103 26.475689999999997 0.68211091687932002 
	-38.999868397196458 -16.197379801177537 26.475689999999997 0.68211091687932002 
	-39.070738424516108 -16.228468207096338 26.853619108723993 1 
	-39.070738424516108 -16.228468207096338 26.987499999999997 1 
	-41.635722524803157 -8.3513812150905231 26.987499999999997 1 
	-41.635722524803157 -8.3513812150905231 27.121380891276001 1 
	-41.560135243703037 -8.3347796282099615 27.499309999999998 0.68211091687932002 
	-40.706641260963615 -8.1473227663840735 27.499309999999998 0.68211091687932002 
	-40.631053979863502 -8.1307211795035155 27.121380891276001 1 
	-40.631053979863502 -8.1307211795035155 26.853619108723993 1 
	-40.706641260963615 -8.1473227663840735 26.475689999999997 0.68211091687932002 
	-41.560135243703037 -8.3347796282099615 26.475689999999997 0.68211091687932002 
	-41.635722524803157 -8.3513812150905231 26.853619108723993 1 
	-41.635722524803157 -8.3513812150905231 26.987499999999997 1 
	-42.337340117949182 -4.2116811614821126 26.987499999999997 1 
	-42.337340117949182 -4.2116811614821126 27.121380891276001 1 
	-42.260496255126903 -4.2025121909657486 27.499309999999998 0.68211091687932002 
	-41.392813576711042 -4.0989807363379063 27.499309999999998 0.68211091687932002 
	-41.315969713888784 -4.0898117658215432 27.121380891276001 1 
	-41.315969713888784 -4.0898117658215432 26.853619108723993 1 
	-41.392813576711042 -4.0989807363379063 26.475689999999997 0.68211091687932002 
	-42.260496255126903 -4.2025121909657486 26.475689999999997 0.68211091687932002 
	-42.337340117949182 -4.2116811614821126 26.853619108723993 1 
	-42.337340117949182 -4.2116811614821126 26.987499999999997 1 
	-42.505331082030331 4.1175523965976399 26.987499999999997 1 
	-42.505331082030331 4.1175523965976399 27.121380891276001 1 
	-42.42818002990029 4.1114890293397419 27.499309999999998 0.68211091687932002 
	-41.557028722337805 4.0430245020481621 27.499309999999998 0.68211091687932002 
	-41.479877670207784 4.0369611347902632 27.121380891276001 1 
	-41.479877670207784 4.0369611347902632 26.853619108723993 1 
	-41.557028722337805 4.0430245020481621 26.475689999999997 0.68211091687932002 
	-42.42818002990029 4.1114890293397419 26.475689999999997 0.68211091687932002 
	-42.505331082030331 4.1175523965976399 26.853619108723993 1 
	-42.505331082030331 4.1175523965976399 26.987499999999997 1 
	-41.971604352663491 8.3060459722208293 26.987499999999997 1 
	-41.971604352663491 8.3060459722208293 27.121380891276001 1 
	-41.895409197156717 8.292505400737177 27.499309999999998 0.68211091687932002 
	-41.035051399038331 8.1396120022958041 27.499309999999998 0.68211091687932002 
	-40.958856243531571 8.12607143081215 27.121380891276001 1 
	-40.958856243531571 8.12607143081215 26.853619108723993 1 
	-41.035051399038331 8.1396120022958041 26.475689999999997 0.68211091687932002 
	-41.895409197156717 8.292505400737177 26.475689999999997 0.68211091687932002 
	-41.971604352663491 8.3060459722208293 26.853619108723993 1 
	-41.971604352663491 8.3060459722208293 26.987499999999997 1 
	-39.700989981745721 16.370148211142929 26.987499999999997 1 
	-39.700989981745721 16.370148211142929 27.121380891276001 1 
	-39.628924121414549 16.341942527878789 27.499309999999998 0.68211091687932002 
	-38.815192270439418 16.02345798137139 27.499309999999998 0.68211091687932002 
	-38.743126410108253 15.995252298107248 27.121380891276001 1 
	-38.743126410108253 15.995252298107248 26.853619108723993 1 
	-38.815192270439418 16.02345798137139 26.475689999999997 0.68211091687932002 
	-39.628924121414549 16.341942527878789 26.475689999999997 0.68211091687932002 
	-39.700989981745721 16.370148211142929 26.853619108723993 1 
	-39.700989981745721 16.370148211142929 26.987499999999997 1 
	-37.964310114245464 20.244727077016904 26.987499999999997 1 
	-37.964310114245464 20.244727077016904 27.121380891276001 1 
	-37.895330222729989 20.209643991381967 27.499309999999998 0.68211091687932002 
	-37.116443596767773 19.813503237966113 27.499309999999998 0.68211091687932002 
	-37.047463705252305 19.778420152331194 27.121380891276001 1 
	-37.047463705252305 19.778420152331194 26.853619108723993 1 
	-37.116443596767773 19.813503237966113 26.475689999999997 0.68211091687932002 
	-37.895330222729989 20.209643991381967 26.475689999999997 0.68211091687932002 
	-37.964310114245464 20.244727077016904 26.853619108723993 1 
	-37.964310114245464 20.244727077016904 26.987499999999997 1 
	-33.42464937276214 27.341371988690085 26.987499999999997 1 
	-33.42464937276214 27.341371988690085 27.121380891276001 1 
	-33.363879344369181 27.293454852117367 27.499309999999998 0.68211091687932002 
	-32.677694409464273 26.752398378838333 27.499309999999998 0.68211091687932002 
	-32.616924381071321 26.704481242265619 27.121380891276001 1 
	-32.616924381071321 26.704481242265619 26.853619108723993 1 
	-32.677694409464273 26.752398378838333 26.475689999999997 0.68211091687932002 
	-33.363879344369181 27.293454852117367 26.475689999999997 0.68211091687932002 
	-33.42464937276214 27.341371988690085 26.853619108723993 1 
	-33.42464937276214 27.341371988690085 26.987499999999997 1 
	-30.622169499277021 30.562508034458055 26.987499999999997 1 
	-30.622169499277021 30.562508034458055 27.121380891276001 1 
	-30.566349538539978 30.508905983618899 27.499309999999998 0.68211091687932002 
	-29.936058305377745 29.903658285955707 27.499309999999998 0.68211091687932002 
	-29.880238344626012 29.850056235116558 27.121380891276001 1 
	-29.880238344626012 29.850056235116558 26.853619108723993 1 
	-29.936058305377745 29.903658285955707 26.475689999999997 0.68211091687932002 
	-30.566349538539978 30.508905983618899 26.475689999999997 0.68211091687932002 
	-30.622169499277021 30.562508034458055 26.853619108723993 1 
	-30.622169499277021 30.562508034458055 26.987499999999997 1 
	-24.18182800620222 36.065481449798106 26.987499999999997 1 
	-24.18182800620222 36.065481449798106 27.121380891276001 1 
	-24.137590906598625 36.001982419178731 27.499309999999998 0.68211091687932002 
	-23.638087580562168 35.284982948498872 27.499309999999998 0.68211091687932002 
	-23.593850480973273 35.22148391787951 27.121380891276001 1 
	-23.593850480973273 35.22148391787951 26.853619108723993 1 
	-23.638087580562168 35.284982948498872 26.475689999999997 0.68211091687932002 
	-24.137590906598625 36.001982419178731 26.475689999999997 0.68211091687932002 
	-24.18182800620222 36.065481449798106 26.853619108723993 1 
	-24.18182800620222 36.065481449798106 26.987499999999997 1 
	-20.544720288805649 38.346570587970888 26.987499999999997 1 
	-20.544720288805649 38.346570587970888 27.121380891276001 1 
	-20.50687074139487 38.279069038477594 27.499309999999998 0.68211091687932002 
	-20.079492477623745 37.51687511549612 27.499309999999998 0.68211091687932002 
	-20.041642930220359 37.449373566017627 27.121380891276001 1 
	-20.041642930220359 37.449373566017627 26.853619108723993 1 
	-20.079492477623745 37.51687511549612 26.475689999999997 0.68211091687932002 
	-20.50687074139487 38.279069038477594 26.475689999999997 0.68211091687932002 
	-20.544720288805649 38.346570587970888 26.853619108723993 1 
	-20.544720288805649 38.346570587970888 26.987499999999997 1 
	-12.741092087897613 41.760995922368636 26.987499999999997 1 
	-12.741092087897613 41.760995922368636 27.121380891276001 1 
	-12.717200163137894 41.687387340344067 27.499309999999998 0.68211091687932002 
	-12.447424432001784 40.856235843282846 27.499309999999998 0.68211091687932002 
	-12.423532507234679 40.782627261243512 27.121380891276001 1 
	-12.423532507234679 40.782627261243512 26.853619108723993 1 
	-12.447424432001784 40.856235843282846 26.475689999999997 0.68211091687932002 
	-12.717200163137894 41.687387340344067 26.475689999999997 0.68211091687932002 
	-12.741092087897613 41.760995922368636 26.853619108723993 1 
	-12.741092087897613 41.760995922368636 26.987499999999997 1 
	-8.5755156364163696 42.893832711205604 26.987499999999997 1 
	-8.5755156364163696 42.893832711205604 27.121380891276001 1 
	-8.5588982622920824 42.818248917614639 27.499309999999998 0.68211091687932002 
	-8.3712631388024423 41.964794314001125 27.499309999999998 0.68211091687932002 
	-8.3546457646781551 41.889210520395316 27.121380891276001 1 
	-8.3546457646781551 41.889210520395316 26.853619108723993 1 
	-8.3712631388024423 41.964794314001125 26.475689999999997 0.68211091687932002 
	-8.5588982622939405 42.818248917614639 26.475689999999997 0.68211091687932002 
	-8.5755156364163696 42.893832711205604 26.853619108723993 1 
	-8.5755156364163696 42.893832711205604 26.987499999999997 1 
	-0.07022821004383073 43.900594827333954 26.987499999999997 1 
	-0.07022821004383073 43.900594827333954 27.121380891276001 1 
	-0.068740350410874229 43.823220198099087 27.499309999999998 0.68211091687932002 
	-0.051940179456338997 42.94954436929828 27.499309999999998 0.68211091687932002 
	-0.050452319823381629 42.872169740078299 27.121380891276001 1 
	-0.050452319823381629 42.872169740078299 26.853619108723993 1 
	-0.051940179456338997 42.94954436929828 26.475689999999997 0.68211091687932002 
	-0.068740350409017201 43.823220198099087 26.475689999999997 0.68211091687932002 
	-0.07022821004383073 43.900594827333954 26.853619108723993 1 
	-0.07022821004383073 43.900594827333954 26.987499999999997 1 
	4.2684286015177779 43.774315710549025 26.987499999999997 1 
	4.2684286015177779 43.774315710549025 27.121380891276001 1 
	4.2623818272308291 43.697163373828275 27.499309999999998 0.68211091687932002 
	4.1941046594728633 42.825997561428053 27.499309999999998 0.68211091687932002 
	4.1880578851859163 42.74884522470731 27.121380891276001 1 
	4.1880578851859163 42.74884522470731 26.853619108723993 1 
	4.1941046594728633 42.825997561428053 26.475689999999997 0.68211091687932002 
	4.2623818272308291 43.697163373828275 26.475689999999997 0.68211091687932002 
	4.2684286015177779 43.774315710549025 26.853619108723993 1 
	4.2684286015177779 43.774315710549025 26.987499999999997 1 
	12.745596250581585 42.259701663245544 26.987499999999997 1 
	12.745596250581585 42.259701663245544 27.121380891276001 1 
	12.7245519074937 42.185228969176038 27.499309999999998 0.68211091687932002 
	12.486929652377269 41.344320348827694 27.499309999999998 0.68211091687932002 
	12.465885309289385 41.269847654758195 27.121380891276001 1 
	12.465885309289385 41.269847654758195 26.853619108723993 1 
	12.486929652377269 41.344320348827694 26.475689999999997 0.68211091687932002 
	12.7245519074937 42.185228969176038 26.475689999999997 0.68211091687932002 
	12.745596250581585 42.259701663245544 26.853619108723993 1 
	12.745596250581585 42.259701663245544 26.987499999999997 1 
	16.883033241150713 40.871478232177502 26.987499999999997 1 
	16.883033241150713 40.871478232177502 27.121380891276001 1 
	16.854843497609579 40.799406153861398 27.499309999999998 0.68211091687932002 
	16.536538934493056 39.985604092756809 27.499309999999998 0.68211091687932002 
	16.508349190951929 39.91353201445574 27.121380891276001 1 
	16.508349190951929 39.91353201445574 26.853619108723993 1 
	16.536538934493056 39.985604092756809 26.475689999999997 0.68211091687932002 
	16.854843497609579 40.799406153861398 26.475689999999997 0.68211091687932002 
	16.883033241150713 40.871478232177502 26.853619108723993 1 
	16.883033241150713 40.871478232177502 26.987499999999997 1 
	24.596766951304719 36.939296343083306 26.987499999999997 1 
	24.596766951304719 36.939296343083306 27.121380891276001 1 
	24.555004027436802 36.874143413018565 27.499309999999998 0.68211091687932002 
	24.083437863079091 36.138468932169204 27.499309999999998 0.68211091687932002 
	24.041674939211177 36.07331600208947 27.121380891276001 1 
	24.041674939211177 36.07331600208947 26.853619108723993 1 
	24.083437863079091 36.138468932169204 26.475689999999997 0.68211091687932002 
	24.555004027436802 36.874143413018565 26.475689999999997 0.68211091687932002 
	24.596766951304719 36.939296343083306 26.853619108723993 1 
	24.596766951304719 36.939296343083306 26.987499999999997 1 
	28.172063276934814 34.395759051785646 26.987499999999997 1 
	28.172063276934814 34.395759051785646 27.121380891276001 1 
	28.124159948219798 34.334978160164191 27.499309999999998 0.68211091687932002 
	27.583259386440048 33.648670562996649 27.499309999999998 0.68211091687932002 
	27.535356057725036 33.587889671360102 27.121380891276001 1 
	27.535356057725036 33.587889671360102 26.853619108723993 1 
	27.583259386440048 33.648670562996649 26.475689999999997 0.68211091687932002 
	28.124159948219798 34.334978160164191 26.475689999999997 0.68211091687932002 
	28.172063276934814 34.395759051785646 26.853619108723993 1 
	28.172063276934814 34.395759051785646 26.987499999999997 1 
	34.445292009157789 28.360692297650662 26.987499999999997 1 
	34.445292009157789 28.360692297650662 27.121380891276001 1 
	34.386409559554792 28.310473747148375 27.499309999999998 0.68211091687932002 
	33.721538225450765 27.743430852520806 27.499309999999998 0.68211091687932002 
	33.662655775847782 27.693212302033629 27.121380891276001 1 
	33.662655775847782 27.693212302033629 26.853619108723993 1 
	33.721538225450765 27.743430852520806 26.475689999999997 0.68211091687932002 
	34.386409559554792 28.310473747148375 26.475689999999997 0.68211091687932002 
	34.445292009157789 28.360692297650662 26.853619108723993 1 
	34.445292009157789 28.360692297650662 26.987499999999997 1 
	37.142385222802254 24.869860389635082 26.987499999999997 1 
	37.142385222802254 24.869860389635082 27.121380891276001 1 
	37.078896508728434 24.825608514447058 27.499309999999998 0.68211091687932002 
	36.362013527233088 24.325938349756385 27.499309999999998 0.68211091687932002 
	36.298524813159283 24.281686474568357 27.121380891276001 1 
	36.298524813159283 24.281686474568357 26.853619108723993 1 
	36.362013527233088 24.325938349756385 26.475689999999997 0.68211091687932002 
	37.078896508728434 24.825608514447058 26.475689999999997 0.68211091687932002 
	37.142385222802254 24.869860389635082 26.853619108723993 1 
	37.142385222802254 24.869860389635082 26.987499999999997 1 
	41.415689662062462 17.232429007721191 26.987499999999997 1 
	41.415689662062462 17.232429007721191 27.121380891276001 1 
	41.344761992125044 17.201472410566591 27.499309999999998 0.68211091687932002 
	40.543882021100572 16.851925912594275 27.499309999999998 0.68211091687932002 
	40.472954351163168 16.820969315439683 27.121380891276001 1 
	40.472954351163168 16.820969315439683 26.853619108723993 1 
	40.543882021100572 16.851925912594275 26.475689999999997 0.68211091687932002 
	41.344761992125044 17.201472410566591 26.475689999999997 0.68211091687932002 
	41.415689662062462 17.232429007721191 26.853619108723993 1 
	41.415689662062462 17.232429007721191 26.987499999999997 1 
	42.991297561193356 13.086745803814427 26.987499999999997 1 
	42.991297561193356 13.086745803814427 27.121380891276001 1 
	42.917694697675003 13.062836321472927 27.499309999999998 0.68211091687932002 
	42.086607771312053 12.79286233890077 27.499309999999998 0.68211091687932002 
	42.013004907778452 12.768952856555456 27.121380891276001 1 
	42.013004907778452 12.768952856555456 26.853619108723993 1 
	42.086607771312053 12.79286233890077 26.475689999999997 0.68211091687932002 
	42.917694697675003 13.062836321472927 26.475689999999997 0.68211091687932002 
	42.991297561193356 13.086745803814427 26.853619108723993 1 
	42.991297561193356 13.086745803814427 26.987499999999997 1 
	44.872738104346752 4.491857665184023 26.987499999999997 1 
	44.872738104346752 4.491857665184023 27.121380891276001 1 
	44.79587746548826 4.4828306471762156 27.499309999999998 0.68211091687932002 
	43.928005360228482 4.3809020496904125 27.499309999999998 0.68211091687932002 
	43.851144721385275 4.3718750316864234 27.121380891276001 1 
	43.851144721385275 4.3718750316864234 26.853619108723993 1 
	43.928005360228482 4.3809020496904125 26.475689999999997 0.68211091687932002 
	44.79587746548826 4.4828306471762156 26.475689999999997 0.68211091687932002 
	44.872738104346752 4.491857665184023 26.853619108723993 1 
	44.872738104346752 4.491857665184023 26.987499999999997 1 
	45.178258234382561 0.04371040863656965 26.987499999999997 1 
	45.178258234382561 0.04371040863656965 27.121380891276001 1 
	45.100883987122735 0.04220365005508115 27.499309999999998 0.68211091687932002 
	44.227212471291566 0.025190081590107521 27.499309999999998 0.68211091687932002 
	44.149838224001051 0.023683323010535891 27.121380891276001 1 
	44.149838224001051 0.023683323010535891 26.853619108723993 1 
	44.227212471291566 0.025190081590107521 26.475689999999997 0.68211091687932002 
	45.100883987122735 0.04220365005508115 26.475689999999997 0.68211091687932002 
	45.178258234382561 0.04371040863656965 26.853619108723993 1 
	45.178258234382561 0.04371040863656965 26.987499999999997 1 
	44.479189013018932 -8.7737737417885651 26.987499999999997 1 
	44.479189013018932 -8.7737737417885651 27.121380891276001 1 
	44.403018864799293 -8.7600933551689888 27.499309999999998 0.68211091687932002 
	43.542943436460902 -8.6056212337911226 27.499309999999998 0.68211091687932002 
	43.466773288271959 -8.5919408471734631 27.121380891276001 1 
	43.466773288271959 -8.5919408471734631 26.853619108723993 1 
	43.542943436460902 -8.6056212337911226 26.475689999999997 0.68211091687932002 
	44.403018864799293 -8.7600933551689888 26.475689999999997 0.68211091687932002 
	44.479189013018932 -8.7737737417885651 26.853619108723993 1 
	44.479189013018932 -8.7737737417885651 26.987499999999997 1 
	43.474608197756346 -13.142001970696047 26.987499999999997 1 
	43.474608197756346 -13.142001970696047 27.121380891276001 1 
	43.400130264091729 -13.120976237320308 27.499309999999998 0.68211091687932002 
	42.55916248105548 -12.883564113796277 27.499309999999998 0.68211091687932002 
	42.484684547390877 -12.862538380412829 27.121380891276001 1 
	42.484684547390877 -12.862538380412829 26.853619108723993 1 
	42.55916248105548 -12.883564113796277 26.475689999999997 0.68211091687932002 
	43.400130264091729 -13.120976237320308 26.475689999999997 0.68211091687932002 
	43.474608197756346 -13.142001970696047 26.853619108723993 1 
	43.474608197756346 -13.142001970696047 26.987499999999997 1 
	40.228215412141658 -21.420095621067205 26.987499999999997 1 
	40.228215412141658 -21.420095621067205 27.121380891276001 1 
	40.15929964452846 -21.384886800682654 27.499309999999998 0.68211091687932002 
	39.381137073589727 -20.9873263129682 27.499309999999998 0.68211091687932002 
	39.312221305976557 -20.952117492591373 27.121380891276001 1 
	39.312221305976557 -20.952117492591373 26.853619108723993 1 
	39.381137073589727 -20.9873263129682 26.475689999999997 0.68211091687932002 
	40.15929964452846 -21.384886800682654 26.475689999999997 0.68211091687932002 
	40.228215412141658 -21.420095621067205 26.853619108723993 1 
	40.228215412141658 -21.420095621067205 26.987499999999997 1 
	37.986735667504121 -25.328897196760263 26.987499999999997 1 
	37.986735667504121 -25.328897196760263 27.121380891276001 1 
	37.921572091017381 -25.287150915828313 27.499309999999998 0.68211091687932002 
	37.185777396172476 -24.815772675087079 27.499309999999998 0.68211091687932002 
	37.120613819670233 -24.77402639414737 27.121380891276001 1 
	37.120613819670233 -24.77402639414737 26.853619108723993 1 
	37.185777396172476 -24.815772675087079 26.475689999999997 0.68211091687932002 
	37.921572091017381 -25.287150915828313 26.475689999999997 0.68211091687932002 
	37.986735667504121 -25.328897196760263 26.853619108723993 1 
	37.986735667504121 -25.328897196760263 26.987499999999997 1 
	32.447506314592843 -32.344336388981318 26.987499999999997 1 
	32.447506314592843 -32.344336388981318 27.121380891276001 1 
	32.391783616842829 -32.290633273351965 27.499309999999998 0.68211091687932002 
	31.762590629163956 -31.684244402540536 27.499309999999998 0.68211091687932002 
	31.706867931429446 -31.630541286918938 27.121380891276001 1 
	31.706867931429446 -31.630541286918938 26.853619108723993 1 
	31.762590629163956 -31.684244402540536 26.475689999999997 0.68211091687932002 
	32.391783616842829 -32.290633273351965 26.475689999999997 0.68211091687932002 
	32.447506314592843 -32.344336388981318 26.853619108723993 1 
	32.447506314592843 -32.344336388981318 26.987499999999997 1 
	29.150387144118284 -35.450047890443052 26.987499999999997 1 
	29.150387144118284 -35.450047890443052 27.121380891276001 1 
	29.10015325590026 -35.391178545583699 27.499309999999998 0.68211091687932002 
	28.53293717533764 -34.726455183762766 27.499309999999998 0.68211091687932002 
	28.48270328711962 -34.667585838887831 27.121380891276001 1 
	28.48270328711962 -34.667585838887831 26.853619108723993 1 
	28.53293717533764 -34.726455183762766 26.475689999999997 0.68211091687932002 
	29.10015325590026 -35.391178545583699 26.475689999999997 0.68211091687932002 
	29.150387144118284 -35.450047890443052 26.853619108723993 1 
	29.150387144118284 -35.450047890443052 26.987499999999997 1 
	21.774353516500774 -40.58147043069556 26.987499999999997 1 
	21.774353516500774 -40.58147043069556 27.121380891276001 1 
	21.736625634537216 -40.513900835392917 27.499309999999998 0.68211091687932002 
	21.310621156447379 -39.750938572835601 27.499309999999998 0.68211091687932002 
	21.272893274483831 -39.683368977548561 27.121380891276001 1 
	21.272893274483831 -39.683368977548561 26.853619108723993 1 
	21.310621156447379 -39.750938572835601 26.475689999999997 0.68211091687932002 
	21.736625634537216 -40.513900835392917 26.475689999999997 0.68211091687932002 
	21.774353516500774 -40.58147043069556 26.853619108723993 1 
	21.774353516500774 -40.58147043069556 26.987499999999997 1 
	17.696316039406245 -42.606474989266822 26.987499999999997 1 
	17.696316039406245 -42.606474989266822 27.121380891276001 1 
	17.665340583930998 -42.535555569714298 27.499309999999998 0.68211091687932002 
	17.315581147262169 -41.734768757865453 27.499309999999998 0.68211091687932002 
	17.284605691790848 -41.663849338312943 27.121380891276001 1 
	17.284605691790848 -41.663849338312943 26.853619108723993 1 
	17.315581147262169 -41.734768757865453 26.475689999999997 0.68211091687932002 
	17.665340583930998 -42.535555569714298 26.475689999999997 0.68211091687932002 
	17.696316039406245 -42.606474989266822 26.853619108723993 1 
	17.696316039406245 -42.606474989266822 26.987499999999997 1 
	9.103591244799718 -45.389412761199949 26.987499999999997 1 
	9.103591244799718 -45.389412761199949 27.121380891276001 1 
	9.0871092226816721 -45.313799363870885 27.499309999999998 0.68211091687932002 
	8.9010024266662349 -44.460010489673628 27.499309999999998 0.68211091687932002 
	8.8845204045442756 -44.384397092344592 27.121380891276001 1 
	8.8845204045442756 -44.384397092344592 26.853619108723993 1 
	8.9010024266662349 -44.460010489673628 26.475689999999997 0.68211091687932002 
	9.0871092226816721 -45.313799363870885 26.475689999999997 0.68211091687932002 
	9.103591244799718 -45.389412761199949 26.853619108723993 1 
	9.103591244799718 -45.389412761199949 26.987499999999997 1 
	4.5899538113678524 -46.146922787546927 26.987499999999997 1 
	4.5899538113678524 -46.146922787546927 27.121380891276001 1 
	4.5809059507118217 -46.070064614552855 27.499309999999998 0.68211091687932002 
	4.4787420083902658 -45.202220352599468 27.499309999999998 0.68211091687932002 
	4.4696941477343595 -45.125362179589658 27.121380891276001 1 
	4.4696941477343595 -45.125362179589658 26.853619108723993 1 
	4.4787420083902658 -45.202220352599468 26.475689999999997 0.68211091687932002 
	4.5809059507118217 -46.070064614552855 26.475689999999997 0.68211091687932002 
	4.5899538113678524 -46.146922787546927 26.853619108723993 1 
	4.5899538113678524 -46.146922787546927 26.987499999999997 1 
	-4.48737103699934 -46.315743722780461 26.987499999999997 1 
	-4.48737103699934 -46.315743722780461 27.121380891276001 1 
	-4.481186980034078 -46.238602294375106 27.499309999999998 0.68211091687932002 
	-4.4113596845961052 -45.367559653319972 27.499309999999998 0.68211091687932002 
	-4.4051756276309684 -45.29041822493037 27.121380891276001 1 
	-4.4051756276309684 -45.29041822493037 26.853619108723993 1 
	-4.4113596845961052 -45.367559653319972 26.475689999999997 0.68211091687932002 
	-4.481186980034078 -46.238602294375106 26.475689999999997 0.68211091687932002 
	-4.48737103699934 -46.315743722780461 26.853619108723993 1 
	-4.48737103699934 -46.315743722780461 26.987499999999997 1 
	-9.049925091386017 -45.72695442565567 26.987499999999997 1 
	-9.049925091386017 -45.72695442565567 27.121380891276001 1 
	-9.0362657567354407 -45.650780514435759 27.499309999999998 0.68211091687932002 
	-8.8820313437639395 -44.790662596231115 27.499309999999998 0.68211091687932002 
	-8.8683720091173228 -44.714488685027035 27.121380891276001 1 
	-8.8683720091173228 -44.714488685027035 26.853619108723993 1 
	-8.8820313437639395 -44.790662596231115 26.475689999999997 0.68211091687932002 
	-9.0362657567354407 -45.650780514435759 26.475689999999997 0.68211091687932002 
	-9.049925091386017 -45.72695442565567 26.853619108723993 1 
	-9.049925091386017 -45.72695442565567 26.987499999999997 1 
	-17.830146988648327 -43.239974848730398 26.987499999999997 1 
	-17.830146988648327 -43.239974848730398 27.121380891276001 1 
	-17.801829811153397 -43.167952771371446 27.499309999999998 0.68211091687932002 
	-17.482086327166101 -42.35471529594907 27.499309999999998 0.68211091687932002 
	-17.453769149667217 -42.282693218574302 27.121380891276001 1 
	-17.453769149667217 -42.282693218574302 26.853619108723993 1 
	-17.482086327166101 -42.35471529594907 26.475689999999997 0.68211091687932002 
	-17.801829811153397 -43.167952771371446 26.475689999999997 0.68211091687932002 
	-17.830146988648327 -43.239974848730398 26.853619108723993 1 
	-17.830146988648327 -43.239974848730398 26.987499999999997 1 
	-22.046695594929528 -41.342019363876837 26.987499999999997 1 
	-22.046695594929528 -41.342019363876837 27.121380891276001 1 
	-22.011506175328723 -41.273093704205827 27.499309999999998 0.68211091687932002 
	-21.614164751637833 -40.494819437429214 27.499309999999998 0.68211091687932002 
	-21.578975332029078 -40.425893777758233 27.121380891276001 1 
	-21.578975332029078 -40.425893777758233 26.853619108723993 1 
	-21.614164751637833 -40.494819437429214 26.475689999999997 0.68211091687932002 
	-22.011506175328723 -41.273093704205827 26.475689999999997 0.68211091687932002 
	-22.046695594929528 -41.342019363876837 26.853619108723993 1 
	-22.046695594929528 -41.342019363876837 26.987499999999997 1 
	-29.765816788967335 -36.387431465592101 26.987499999999997 1 
	-29.765816788967335 -36.387431465592101 27.121380891276001 1 
	-29.71780667161665 -36.326734921710518 27.499309999999998 0.68211091687932002 
	-29.175700305660069 -35.641379737187165 27.499309999999998 0.68211091687932002 
	-29.127690188317352 -35.580683193305603 27.121380891276001 1 
	-29.127690188317352 -35.580683193305603 26.853619108723993 1 
	-29.175700305660069 -35.641379737187165 26.475689999999997 0.68211091687932002 
	-29.71780667161665 -36.326734921710518 26.475689999999997 0.68211091687932002 
	-29.765816788967335 -36.387431465592101 26.853619108723993 1 
	-29.765816788967335 -36.387431465592101 26.987499999999997 1 
	-33.267381632350215 -33.331351872955551 26.987499999999997 1 
	-33.267381632350215 -33.331351872955551 27.121380891276001 1 
	-33.213694486661645 -33.27561380836881 27.499309999999998 0.68211091687932002 
	-32.607485940435311 -32.646247305871363 27.499309999999998 0.68211091687932002 
	-32.553798794746754 -32.590509241284629 27.121380891276001 1 
	-32.553798794746754 -32.590509241284629 26.853619108723993 1 
	-32.607485940435311 -32.646247305871363 26.475689999999997 0.68211091687932002 
	-33.213694486661645 -33.27561380836881 26.475689999999997 0.68211091687932002 
	-33.267381632350215 -33.331351872955551 26.853619108723993 1 
	-33.267381632350215 -33.331351872955551 26.987499999999997 1 
	-39.245580714538988 -26.313254520470839 26.987499999999997 1 
	-39.245580714538988 -26.313254520470839 27.121380891276001 1 
	-39.182014760466018 -26.269113712421404 27.499309999999998 0.68211091687932002 
	-38.464259623282189 -25.770697662652129 27.499309999999998 0.68211091687932002 
	-38.40069366920924 -25.726556854602702 27.121380891276001 1 
	-38.40069366920924 -25.726556854602702 26.853619108723993 1 
	-38.464259623282189 -25.770697662652129 26.475689999999997 0.68211091687932002 
	-39.182014760466018 -26.269113712421404 26.475689999999997 0.68211091687932002 
	-39.245580714538988 -26.313254520470839 26.853619108723993 1 
	-39.245580714538988 -26.313254520470839 26.987499999999997 1 
	-41.721407367823453 -22.352062819642782 26.987499999999997 1 
	-41.721407367823453 -22.352062819642782 27.121380891276001 1 
	-41.653848777198043 -22.314315264270547 27.499309999999998 0.68211091687932002 
	-40.891010773850269 -21.888088643807507 27.499309999999998 0.68211091687932002 
	-40.823452183224852 -21.850341088435282 27.121380891276001 1 
	-40.823452183224852 -21.850341088435282 26.853619108723993 1 
	-40.891010773850269 -21.888088643807507 26.475689999999997 0.68211091687932002 
	-41.653848777198043 -22.314315264270547 26.475689999999997 0.68211091687932002 
	-41.721407367823453 -22.352062819642782 26.853619108723993 1 
	-41.721407367823453 -22.352062819642782 26.987499999999997 1 
	-45.422881638211749 -13.857606003360564 26.987499999999997 1 
	-45.422881638211749 -13.857606003360564 27.121380891276001 1 
	-45.349237355068219 -13.833824483961962 27.499309999999998 0.68211091687932002 
	-44.517682739001764 -13.565295395313047 27.499309999999998 0.68211091687932002 
	-44.444038455858241 -13.54151387591445 27.121380891276001 1 
	-44.444038455858241 -13.54151387591445 26.853619108723993 1 
	-44.517682739001764 -13.565295395313047 26.475689999999997 0.68211091687932002 
	-45.349237355068219 -13.833824483961962 26.475689999999997 0.68211091687932002 
	-45.422881638211749 -13.857606003360564 26.853619108723993 1 
	-45.422881638211749 -13.857606003360564 26.987499999999997 1 
	-46.647993995650317 -9.3253711992296768 26.987499999999997 1 
	-46.647993995650317 -9.3253711992296768 27.121380891276001 1 
	-46.572385495735034 -9.3088667907082439 27.499309999999998 0.68211091687932002 
	-45.718651920640568 -9.1225072186157323 27.499309999999998 0.68211091687932002 
	-45.643043420725306 -9.1060028100922832 27.121380891276001 1 
	-45.643043420725306 -9.1060028100922832 26.853619108723993 1 
	-45.718651920640568 -9.1225072186157323 26.475689999999997 0.68211091687932002 
	-46.572385495735034 -9.3088667907082439 26.475689999999997 0.68211091687932002 
	-46.647993995650317 -9.3253711992296768 26.853619108723993 1 
	-46.647993995650317 -9.3253711992296768 26.987499999999997 1 
	-47.728907855227284 -0.075676097993151142 26.987499999999997 1 
	-47.728907855227284 -0.075676097993151142 27.121380891276001 1 
	-47.651531143752592 -0.074303043083435633 27.499309999999998 0.68211091687932002 
	-46.777831803290361 -0.05879918996614264 27.499309999999998 0.68211091687932002 
	-46.700455091815677 -0.057426135058446376 27.121380891276001 1 
	-46.700455091815677 -0.057426135058446376 26.853619108723993 1 
	-46.777831803290361 -0.05879918996614264 26.475689999999997 0.68211091687932002 
	-47.651531143752592 -0.074303043083435633 26.475689999999997 0.68211091687932002 
	-47.728907855227284 -0.075676097993151142 26.853619108723993 1 
	-47.728907855227284 -0.075676097993151142 26.987499999999997 1 
	-47.584495650497388 4.6406370642987769 26.987499999999997 1 
	-47.584495650497388 4.6406370642987769 27.121380891276001 1 
	-47.507352378633357 4.634476218149965 27.499309999999998 0.68211091687932002 
	-46.636288921956869 4.564911007687642 27.499309999999998 0.68211091687932002 
	-46.559145650076601 4.5587501615347685 27.121380891276001 1 
	-46.559145650076601 4.5587501615347685 26.853619108723993 1 
	-46.636288921956869 4.564911007687642 26.475689999999997 0.68211091687932002 
	-47.507352378633357 4.634476218149965 26.475689999999997 0.68211091687932002 
	-47.584495650497388 4.6406370642987769 26.853619108723993 1 
	-47.584495650497388 4.6406370642987769 26.987499999999997 1 
	-45.924750255860573 13.851683558595409 26.987499999999997 1 
	-45.924750255860573 13.851683558595409 27.121380891276001 1 
	-45.850308579987846 13.830529899030072 27.499309999999998 0.68211091687932002 
	-45.009750201819486 13.591673296598859 27.499309999999998 0.68211091687932002 
	-44.935308525963002 13.570519637037579 27.121380891276001 1 
	-44.935308525963002 13.570519637037579 26.853619108723993 1 
	-45.009750201819486 13.591673296598859 26.475689999999997 0.68211091687932002 
	-45.850308579987846 13.830529899030072 26.475689999999997 0.68211091687932002 
	-45.924750255860573 13.851683558595409 26.853619108723993 1 
	-45.924750255860573 13.851683558595409 26.987499999999997 1 
	-44.409546689549792 18.345251386638999 26.987499999999997 1 
	-44.409546689549792 18.345251386638999 27.121380891276001 1 
	-44.337515975683381 18.316956221956882 27.499309999999998 0.68211091687932002 
	-43.524180981060546 17.997461295722445 27.499309999999998 0.68211091687932002 
	-43.452150267194156 17.969166131040332 27.121380891276001 1 
	-43.452150267194156 17.969166131040332 26.853619108723993 1 
	-43.524180981060546 17.997461295722445 26.475689999999997 0.68211091687932002 
	-44.337515975683381 18.316956221956882 26.475689999999997 0.68211091687932002 
	-44.409546689549792 18.345251386638999 26.853619108723993 1 
	-44.409546689549792 18.345251386638999 26.987499999999997 1 
	-40.12544897662557 26.719133959010563 26.987499999999997 1 
	-40.12544897662557 26.719133959010563 27.121380891276001 1 
	-40.060356836422677 26.677276422428537 27.499309999999998 0.68211091687932002 
	-39.325368764768321 26.204641938389525 27.499309999999998 0.68211091687932002 
	-39.260276624565428 26.162784401807507 27.121380891276001 1 
	-39.260276624565428 26.162784401807507 26.853619108723993 1 
	-39.325368764768321 26.204641938389525 26.475689999999997 0.68211091687932002 
	-40.060356836422677 26.677276422428537 26.475689999999997 0.68211091687932002 
	-40.12544897662557 26.719133959010563 26.853619108723993 1 
	-40.12544897662557 26.719133959010563 26.987499999999997 1 
	-37.35701994687107 30.598365860317827 26.987499999999997 1 
	-37.35701994687107 30.598365860317827 27.121380891276001 1 
	-37.296308525132261 30.550374579578367 27.499309999999998 0.68211091687932002 
	-36.610785347482199 30.008480907166923 27.499309999999998 0.68211091687932002 
	-36.550073925759797 29.960489626427474 27.121380891276001 1 
	-36.550073925759797 29.960489626427474 26.853619108723993 1 
	-36.610785347482199 30.008480907166923 26.475689999999997 0.68211091687932002 
	-37.296308525132261 30.550374579578367 26.475689999999997 0.68211091687932002 
	-37.35701994687107 30.598365860317827 26.853619108723993 1 
	-37.35701994687107 30.598365860317827 26.987499999999997 1 
	-30.793559646556282 37.401161894897108 26.987499999999997 1 
	-30.793559646556282 37.401161894897108 27.121380891276001 1 
	-30.743425859789781 37.34220730917049 27.499309999999998 0.68211091687932002 
	-30.177340074951896 36.676521449954301 27.499309999999998 0.68211091687932002 
	-30.127206288168999 36.617566864227683 27.121380891276001 1 
	-30.127206288168999 36.617566864227683 26.853619108723993 1 
	-30.177340074951896 36.676521449954301 26.475689999999997 0.68211091687932002 
	-30.743425859789781 37.34220730917049 26.475689999999997 0.68211091687932002 
	-30.793559646556282 37.401161894897108 26.853619108723993 1 
	-30.793559646556282 37.401161894897108 26.987499999999997 1 
	-26.999291922426494 40.323820694663993 26.987499999999997 1 
	-26.999291922426494 40.323820694663993 27.121380891276001 1 
	-26.955131119035478 40.260268646098964 27.499309999999998 0.68211091687932002 
	-26.456489291853366 39.542670523157717 27.499309999999998 0.68211091687932002 
	-26.412328488478831 39.479118474576218 27.121380891276001 1 
	-26.412328488478831 39.479118474576218 26.853619108723993 1 
	-26.456489291853366 39.542670523157717 26.475689999999997 0.68211091687932002 
	-26.955131119035478 40.260268646098964 26.475689999999997 0.68211091687932002 
	-26.999291922426494 40.323820694663993 26.853619108723993 1 
	-26.999291922426494 40.323820694663993 26.987499999999997 1 
	-18.702494169590132 44.950504896147415 26.987499999999997 1 
	-18.702494169590132 44.950504896147415 27.121380891276001 1 
	-18.671638587278373 44.879533264719448 27.499309999999998 0.68211091687932002 
	-18.323232698595081 44.078156902281378 27.499309999999998 0.68211091687932002 
	-18.292377116266856 44.007185270869883 27.121380891276001 1 
	-18.292377116266856 44.007185270869883 26.853619108723993 1 
	-18.323232698595081 44.078156902281378 26.475689999999997 0.68211091687932002 
	-18.671638587278373 44.879533264719448 26.475689999999997 0.68211091687932002 
	-18.702494169590132 44.950504896147415 26.853619108723993 1 
	-18.702494169590132 44.950504896147415 26.987499999999997 1 
	-14.200962760574736 46.653882834976642 26.987499999999997 1 
	-14.200962760574736 46.653882834976642 27.121380891276001 1 
	-14.177157739861295 46.580246158645501 27.499309999999998 0.68211091687932002 
	-13.908363286057156 45.748777434845209 27.499309999999998 0.68211091687932002 
	-13.884558265347859 45.675140758530652 27.121380891276001 1 
	-13.884558265347859 45.675140758530652 26.853619108723993 1 
	-13.908363286057156 45.748777434845209 26.475689999999997 0.68211091687932002 
	-14.177157739861295 46.580246158645501 26.475689999999997 0.68211091687932002 
	-14.200962760574736 46.653882834976642 26.853619108723993 1 
	-14.200962760574736 46.653882834976642 26.987499999999997 1 
	-4.8725196153435295 48.682082772261722 26.987499999999997 1 
	-4.8725196153435295 48.682082772261722 27.121380891276001 1 
	-4.8636009124440998 48.605209526940918 27.499309999999998 0.68211091687932002 
	-4.7628953552677196 47.737195075751949 27.499309999999998 0.68211091687932002 
	-4.7539766523641491 47.660321830414581 27.121380891276001 1 
	-4.7539766523641491 47.660321830414581 26.853619108723993 1 
	-4.7628953552677196 47.737195075751949 26.475689999999997 0.68211091687932002 
	-4.8636009124440998 48.605209526940918 26.475689999999997 0.68211091687932002 
	-4.8725196153435295 48.682082772261722 26.853619108723993 1 
	-4.8725196153435295 48.682082772261722 26.987499999999997 1 
	-0.046757173191722817 49.006573925656426 26.987499999999997 1 
	-0.046757173191722817 49.006573925656426 27.121380891276001 1 
	-0.045359079427828047 48.92919767521991 27.499309999999998 0.68211091687932002 
	-0.029572500007982339 48.055503540663814 27.499309999999998 0.68211091687932002 
	-0.028174406239926848 47.97812729024394 27.121380891276001 1 
	-0.028174406239926848 47.97812729024394 26.853619108723993 1 
	-0.029572500007982339 48.055503540663814 26.475689999999997 0.68211091687932002 
	-0.045359079427828047 48.92919767521991 26.475689999999997 0.68211091687932002 
	-0.046757173191722817 49.006573925656426 26.853619108723993 1 
	-0.046757173191722817 49.006573925656426 26.987499999999997 1 
	9.5152973548710236 48.235004909751034 26.987499999999997 1 
	9.5152973548710236 48.235004909751034 27.121380891276001 1 
	9.5015107448249179 48.158853953259616 27.499309999999998 0.68211091687932002 
	9.3458392013201905 47.29899522822096 27.499309999999998 0.68211091687932002 
	9.3320525912699264 47.222844271712923 27.121380891276001 1 
	9.3320525912699264 47.222844271712923 26.853619108723993 1 
	9.3458392013201905 47.29899522822096 26.475689999999997 0.68211091687932002 
	9.5015107448249179 48.158853953259616 26.475689999999997 0.68211091687932002 
	9.5152973548710236 48.235004909751034 26.853619108723993 1 
	9.5152973548710236 48.235004909751034 26.987499999999997 1 
	14.250387783679788 47.138962329631646 26.987499999999997 1 
	14.250387783679788 47.138962329631646 27.121380891276001 1 
	14.229258541567582 47.064513732513028 27.499309999999998 0.68211091687932002 
	13.990677648981583 46.223877202936173 27.499309999999998 0.68211091687932002 
	13.969548406877751 46.149428605800836 27.121380891276001 1 
	13.969548406877751 46.149428605800836 26.853619108723993 1 
	13.990677648981583 46.223877202936173 26.475689999999997 0.68211091687932002 
	14.229258541567582 47.064513732513028 26.475689999999997 0.68211091687932002 
	14.250387783679788 47.138962329631646 26.853619108723993 1 
	14.250387783679788 47.138962329631646 26.987499999999997 1 
	23.219945281722989 43.6070541946955 26.987499999999997 1 
	23.219945281722989 43.6070541946955 27.121380891276001 1 
	23.184641354039652 43.53818714036742 27.499309999999998 0.68211091687932002 
	22.786006961904313 42.760574615841747 27.499309999999998 0.68211091687932002 
	22.750703034212624 42.691707561530414 27.121380891276001 1 
	22.750703034212624 42.691707561530414 26.853619108723993 1 
	22.786006961904313 42.760574615841747 26.475689999999997 0.68211091687932002 
	23.184641354039652 43.53818714036742 26.475689999999997 0.68211091687932002 
	23.219945281722989 43.6070541946955 26.853619108723993 1 
	23.219945281722989 43.6070541946955 26.987499999999997 1 
	27.453262145281638 41.171556522748901 26.987499999999997 1 
	27.453262145281638 41.171556522748901 27.121380891276001 1 
	27.411426243192139 41.106450490191783 27.499309999999998 0.68211091687932002 
	26.939036044962339 40.371305552949316 27.499309999999998 0.68211091687932002 
	26.897200142864438 40.306199520409002 27.121380891276001 1 
	26.897200142864438 40.306199520409002 26.853619108723993 1 
	26.939036044962339 40.371305552949316 26.475689999999997 0.68211091687932002 
	27.411426243192139 41.106450490191783 26.475689999999997 0.68211091687932002 
	27.453262145281638 41.171556522748901 26.853619108723993 1 
	27.453262145281638 41.171556522748901 26.987499999999997 1 
	35.047510252998904 35.158384655663191 26.987499999999997 1 
	35.047510252998904 35.158384655663191 27.121380891276001 1 
	34.993731042062208 35.102735445005976 27.499309999999998 0.68211091687932002 
	34.386482940841518 34.474372236858088 27.499309999999998 0.68211091687932002 
	34.332703729913234 34.418723026184075 27.121380891276001 1 
	34.332703729913234 34.418723026184075 26.853619108723993 1 
	34.386482940841518 34.474372236858088 26.475689999999997 0.68211091687932002 
	34.993731042062208 35.102735445005976 26.475689999999997 0.68211091687932002 
	35.047510252998904 35.158384655663191 26.853619108723993 1 
	35.047510252998904 35.158384655663191 26.987499999999997 1 
	38.407443091584625 31.581400089169229 26.987499999999997 1 
	38.407443091584625 31.581400089169229 27.121380891276001 1 
	38.348505385933706 31.531246477849489 27.499309999999998 0.68211091687932002 
	37.68301012789297 30.96493684420442 27.499309999999998 0.68211091687932002 
	37.624072422225169 30.914783232893122 27.121380891276001 1 
	37.624072422225169 30.914783232893122 26.853619108723993 1 
	37.68301012789297 30.96493684420442 26.475689999999997 0.68211091687932002 
	38.348505385933706 31.531246477849489 26.475689999999997 0.68211091687932002 
	38.407443091584625 31.581400089169229 26.853619108723993 1 
	38.407443091584625 31.581400089169229 26.987499999999997 1 
	43.95517297997732 23.583812393615897 26.987499999999997 1 
	43.95517297997732 23.583812393615897 27.121380891276001 1 
	43.887552418814579 23.546176007191679 27.499309999999998 0.68211091687932002 
	43.124014675276626 23.121204651114262 27.499309999999998 0.68211091687932002 
	43.056394114130775 23.08356826468161 27.121380891276001 1 
	43.056394114130775 23.08356826468161 26.853619108723993 1 
	43.124014675276626 23.121204651114262 26.475689999999997 0.68211091687932002 
	43.887552418814579 23.546176007191679 26.475689999999997 0.68211091687932002 
	43.95517297997732 23.583812393615897 26.853619108723993 1 
	43.95517297997732 23.583812393615897 26.987499999999997 1 
	46.142211554079736 19.164163871713672 26.987499999999997 1 
	46.142211554079736 19.164163871713672 27.121380891276001 1 
	46.071250447392885 19.133284122432389 27.499309999999998 0.68211091687932002 
	45.269992925075982 18.784605352464173 27.499309999999998 0.68211091687932002 
	45.199031818406105 18.75372560319137 27.121380891276001 1 
	45.199031818406105 18.75372560319137 26.853619108723993 1 
	45.269992925075982 18.784605352464173 26.475689999999997 0.68211091687932002 
	46.071250447392885 19.133284122432389 26.475689999999997 0.68211091687932002 
	46.142211554079736 19.164163871713672 26.853619108723993 1 
	46.142211554079736 19.164163871713672 26.987499999999997 1 
	49.143102997534498 9.8558012745114318 26.987499999999997 1 
	49.143102997534498 9.8558012745114318 27.121380891276001 1 
	49.067467617276684 9.839420589831029 27.499309999999998 0.68211091687932002 
	48.213430522863028 9.6544580457979627 27.499309999999998 0.68211091687932002 
	48.137795142588246 9.6380773611090813 27.121380891276001 1 
	48.137795142588246 9.6380773611090813 26.853619108723993 1 
	48.213430522863028 9.6544580457979627 26.475689999999997 0.68211091687932002 
	49.067467617276684 9.839420589831029 26.475689999999997 0.68211091687932002 
	49.143102997534498 9.8558012745114318 26.853619108723993 1 
	49.143102997534498 9.8558012745114318 26.987499999999997 1 
	49.956505454264708 4.9682264736046235 26.987499999999997 1 
	49.956505454264708 4.9682264736046235 27.121380891276001 1 
	49.879635277006393 4.9592825746516302 27.499309999999998 0.68211091687932002 
	49.011655469968545 4.8582925161963431 27.499309999999998 0.68211091687932002 
	48.934785292761219 4.8493486172497144 27.121380891276001 1 
	48.934785292761219 4.8493486172497144 26.853619108723993 1 
	49.011655469968545 4.8582925161963431 26.475689999999997 0.68211091687932002 
	49.879635277006393 4.9592825746516302 26.475689999999997 0.68211091687932002 
	49.956505454264708 4.9682264736046235 26.853619108723993 1 
	49.956505454264708 4.9682264736046235 26.987499999999997 1 
	50.041330910337628 0.055518391927280135 26.987499999999997 1 
	50.041330910337628 0.055518391927280135 27.121380891276001 1 
	49.964329271810854 0.054188987968836234 27.499309999999998 0.68211091687932002 
	49.094865068477702 0.03917801968619701 27.499309999999998 0.68211091687932002 
	49.017863429950943 0.037848615727752902 27.121380891276001 1 
	49.017863429950943 0.037848615727752902 26.853619108723993 1 
	49.094865068477702 0.03917801968619701 26.475689999999997 0.68211091687932002 
	49.964329271810854 0.054188987968836234 26.475689999999997 0.68211091687932002 
	50.041330910337628 0.055518391927280135 26.853619108723993 1 
	50.041330910337628 0.055518391927280135 26.987499999999997 1 
	0 
	0 
	0 
	2 0 0.5 
	0 
	127 0.0078125 0.015625 0.0234375 0.03125 0.0390625 0.046875 0.0546875 0.0625 0.0703125 0.078125 0.0859375 0.09375 0.1015625 0.109375 0.1171875 0.125 0.1328125 0.140625 0.1484375 0.15625 0.1640625 0.171875 0.1796875 0.1875 0.1953125 0.203125 0.2109375 0.21875 0.2265625 0.234375 0.2421875 0.25 0.2578125 0.265625 0.2734375 0.28125 0.2890625 0.296875 0.3046875 0.3125 0.3203125 0.328125 0.3359375 0.34375 0.3515625 0.359375 0.3671875 0.375 0.3828125 0.390625 0.3984375 0.40625 0.4140625 0.421875 0.4296875 0.4375 0.4453125 0.453125 0.4609375 0.46875 0.4765625 0.484375 0.4921875 0.5 0.5078125 0.515625 0.5234375 0.53125 0.5390625 0.546875 0.5546875 0.5625 0.5703125 0.578125 0.5859375 0.59375 0.6015625 0.609375 0.6171875 0.625 0.6328125 0.640625 0.6484375 0.65625 0.6640625 0.671875 0.6796875 0.6875 0.6953125 0.703125 0.7109375 0.71875 0.7265625 0.734375 0.7421875 0.75 0.7578125 0.765625 0.7734375 0.78125 0.7890625 0.796875 0.8046875 0.8125 0.8203125 0.828125 0.8359375 0.84375 0.8515625 0.859375 0.8671875 0.875 0.8828125 0.890625 0.8984375 0.90625 0.9140625 0.921875 0.9296875 0.9375 0.9453125 0.953125 0.9609375 0.96875 0.9765625 0.984375 0.9921875 
	0 
	F 1 F 0 F 1 F 0 } I I I I #
-20 integer_attrib-name_attrib-gen-attrib $-1 -1 $-1 $-1 $13 2 1 2 1 1 1 1 1 1 1 1 1 1 1 0 1 1 1 @6 Sweep1 0 #
-21 face $30 -1 -1 $-1 $31 $32 $7 $-1 $33 reversed single F F #
-22 loop $-1 -1 -1 $-1 $-1 $34 $13 F unknown #
-23 plane-surface $-1 -1 -1 $-1 18.538650331053887 -0.021702353989648721 5.4210108624275222e-17 -0.042403145678372452 0.99910058214204789 0 -999.10058214204787 -42.403145678372454 0 forward_v I I I I #
-24 coedge $-1 -1 -1 $-1 $35 $36 $34 $37 forward $14 $38 #
-25 integer_attrib-name_attrib-gen-attrib $-1 -1 $-1 $-1 $17 2 1 2 1 1 1 1 1 1 1 1 1 1 1 0 1 1 1 @6 Sweep1 0 #
-26 face $39 -1 -1 $-1 $40 $41 $9 $-1 $42 reversed single F F #
-27 loop $-1 -1 -1 $-1 $-1 $43 $17 F unknown #
-28 plane-surface $-1 -1 -1 $-1 18.538650331053887 -0.021702353989648721 26.987499999999997 -0.042403145678372452 0.99910058214204789 0 -999.10058214204787 -42.403145678372454 0 forward_v I I I I #
-29 coedge $-1 -1 -1 $-1 $44 $45 $43 $46 forward $18 $47 #
-30 integer_attrib-name_attrib-gen-attrib $-1 -1 $-1 $-1 $21 2 1 2 1 1 1 1 1 1 1 1 1 1 1 0 1 1 1 @6 Sweep1 0 #
-31 face $48 -1 -1 $-1 $-1 $49 $7 $-1 $50 forward single F F #
-32 loop $-1 -1 -1 $-1 $-1 $51 $21 F unknown #
-33 plane-surface $-1 -1 -1 $-1 49.017863429950943 0.037848615727752902 5.4210108624275222e-17 -0.017262046657476628 0.9998509997720636 0 -999.85099977206357 -17.262046657476628 0 forward_v I I I I #
-34 coedge $-1 -1 -1 $-1 $52 $52 $24 $37 reversed $22 $-1 #
-35 coedge $-1 -1 -1 $-1 $53 $24 $54 $55 forward $14 $56 #
-36 coedge $-1 -1 -1 $-1 $24 $53 $57 $58 reversed $14 $59 #
-37 edge $-1 -1 -1 $-1 $60 1 $61 0 $24 $62 forward @7 unknown F #
-38 pcurve $-1 -1 -1 $-1 0 forward { exppc 2 nubs 2 open 7 
	0 2 0.52359877559829882 2 1.0471975511965976 2 1.5707963267948966 2 2.0943951023931953 2 
	2.6179938779914944 2 3.1415926535897931 2 
	0 0 
	0.078586199155465664 1.1886614154150664e-19 
	0.12065707883904142 1.8250076432496272e-19 
	0.16407312659049325 7.4782330679995287e-20 
	0.19421423735402898 0 
	0.22472341507206886 2.3281153192480837e-19 
	0.25 4.2569383485949542e-19 
	0.27527658492793089 2.328115319248115e-19 
	0.30578576264597135 0 
	0.33592687340950722 4.3067454600629743e-20 
	0.3793429211609578 1.0510294759037199e-19 
	0.42141380084453373 6.8455504232635639e-20 
	0.5 0 
	0.001 
	0.00021918365003881224 
	spline forward { ref 0 } I I I I 
	} 0 0 #
-39 integer_attrib-name_attrib-gen-attrib $-1 -1 $-1 $-1 $26 2 1 2 1 1 1 1 1 1 1 1 1 1 1 0 1 1 1 @6 Sweep1 0 #
-40 face $63 -1 -1 $-1 $-1 $64 $9 $-1 $65 forward single F F #
-41 loop $-1 -1 -1 $-1 $-1 $66 $26 F unknown #
-42 plane-surface $-1 -1 -1 $-1 49.017863429950943 0.037848615727752902 26.987499999999997 -0.017262046657476628 0.9998509997720636 0 -999.85099977206357 -17.262046657476628 0 forward_v I I I I #
-43 coedge $-1 -1 -1 $-1 $67 $67 $29 $46 reversed $27 $-1 #
-44 coedge $-1 -1 -1 $-1 $68 $29 $69 $70 forward $18 $71 #
-45 coedge $-1 -1 -1 $-1 $29 $68 $72 $73 reversed $18 $74 #
-46 edge $-1 -1 -1 $-1 $75 1 $76 0 $29 $77 forward @7 unknown F #
-47 pcurve $-1 -1 -1 $-1 0 forward { exppc 3 nubs 2 open 7 
	0 2 0.52359877559829882 2 1.0471975511965976 2 1.5707963267948966 2 2.0943951023931953 2 
	2.6179938779914944 2 3.1415926535897931 2 
	0 0 
	0.078586199155464595 1.0965758590289696e-19 
	0.12065707883904017 1.6836243678626396e-19 
	0.16407312659049206 2.5472439070182587e-19 
	0.19421423735402812 3.1468022163388714e-19 
	0.22472341507206872 3.7539345551967191e-19 
	0.25 4.2569383485949094e-19 
	0.27527658492793106 2.3281153192480698e-19 
	0.30578576264597113 0 
	0.33592687340950633 7.6385428065652675e-20 
	0.37934292116095775 1.8641300529832631e-19 
	0.42141380084453434 1.2141425683847125e-19 
	0.5 0 
	0.001 
	0.00021918365004174045 
	spline forward { ref 1 } I I I I 
	} 0 0 #
-48 integer_attrib-name_attrib-gen-attrib $-1 -1 $-1 $-1 $31 2 1 2 1 1 1 1 1 1 1 1 1 1 1 0 1 1 1 @6 Sweep1 0 #
-49 loop $-1 -1 -1 $-1 $-1 $54 $31 F unknown #
-50 spline-surface $-1 -1 -1 $-1 forward { exactsur 4 full nurbs 3 3 both periodic open none none 5 129 
	0 3 0.25 2 0.5 2 0.75 2 1 3 
	0 3 0.0078125 2 0.015625 2 0.0234375 2 0.03125 2 
	0.0390625 2 0.046875 2 0.0546875 2 0.0625 2 0.0703125 2 
	0.078125 2 0.0859375 2 0.09375 2 0.1015625 2 0.109375 2 
	0.1171875 2 0.125 2 0.1328125 2 0.140625 2 0.1484375 2 
	0.15625 2 0.1640625 2 0.171875 2 0.1796875 2 0.1875 2 
	0.1953125 2 0.203125 2 0.2109375 2 0.21875 2 0.2265625 2 
	0.234375 2 0.2421875 2 0.25 2 0.2578125 2 0.265625 2 
	0.2734375 2 0.28125 2 0.2890625 2 0.296875 2 0.3046875 2 
	0.3125 2 0.3203125 2 0.328125 2 0.3359375 2 0.34375 2 
	0.3515625 2 0.359375 2 0.3671875 2 0.375 2 0.3828125 2 
	0.390625 2 0.3984375 2 0.40625 2 0.4140625 2 0.421875 2 
	0.4296875 2 0.4375 2 0.4453125 2 0.453125 2 0.4609375 2 
	0.46875 2 0.4765625 2 0.484375 2 0.4921875 2 0.5 2 
	0.5078125 2 0.515625 2 0.5234375 2 0.53125 2 0.5390625 2 
	0.546875 2 0.5546875 2 0.5625 2 0.5703125 2 0.578125 2 
	0.5859375 2 0.59375 2 0.6015625 2 0.609375 2 0.6171875 2 
	0.625 2 0.6328125 2 0.640625 2 0.6484375 2 0.65625 2 
	0.6640625 2 0.671875 2 0.6796875 2 0.6875 2 0.6953125 2 
	0.703125 2 0.7109375 2 0.71875 2 0.7265625 2 0.734375 2 
	0.7421875 2 0.75 2 0.7578125 2 0.765625 2 0.7734375 2 
	0.78125 2 0.7890625 2 0.796875 2 0.8046875 2 0.8125 2 
	0.8203125 2 0.828125 2 0.8359375 2 0.84375 2 0.8515625 2 
	0.859375 2 0.8671875 2 0.875 2 0.8828125 2 0.890625 2 
	0.8984375 2 0.90625 2 0.9140625 2 0.921875 2 0.9296875 2 
	0.9375 2 0.9453125 2 0.953125 2 0.9609375 2 0.96875 2 
	0.9765625 2 0.984375 2 0.9921875 2 1 3 
	19.561349668946129 0.021702353989648718 0 1 
	19.561349668946129 0.021702353989648718 0.13388089127600367 1 
	19.484405822417475 0.01843675571883828 0.51181000000000054 0.68211091687932002 
	18.61559417758253 -0.018436755718838273 0.51181000000000054 0.68211091687932002 
	18.538650331053887 -0.021702353989648718 0.13388089127600372 1 
	18.538650331053887 -0.021702353989648721 -0.13388089127600361 1 
	18.61559417758253 -0.01843675571883828 -0.51181000000000054 0.68211091687932002 
	19.484405822417475 0.018436755718838276 -0.51181000000000054 0.68211091687932002 
	19.561349668946129 0.021702353989648718 -0.13388089127600367 1 
	19.561349668946129 0.021702353989648718 0 1 
	19.642855242213763 -1.8986405641945738 0 1 
	19.642855242213763 -1.8986405641945738 0.13388089127600367 1 
	19.565587975844107 -1.894285762126489 0.51181000000000054 0.68211091687932002 
	18.693124435190349 -1.8451135031596275 0.51181000000000054 0.68211091687932002 
	18.615857168817833 -1.8407587010935826 0.13388089127600372 1 
	18.615857168817833 -1.8407587010935826 -0.13388089127600361 1 
	18.693124435190349 -1.8451135031596275 -0.51181000000000054 0.68211091687932002 
	19.565587975844107 -1.894285762126489 -0.51181000000000054 0.68211091687932002 
	19.642855242213763 -1.8986405641945738 -0.13388089127600367 1 
	19.642855242213763 -1.8986405641945738 0 1 
	19.439503917398575 -3.8427712583409717 0 1 
	19.439503917398575 -3.8427712583409717 0.13388089127600367 1 
	19.363028455915586 -3.830909298941612 0.51181000000000054 0.68211091687932002 
	18.499505582068366 -3.6969699532784199 0.51181000000000054 0.68211091687932002 
	18.423030120582009 -3.6851079938790634 0.13388089127600372 1 
	18.423030120582009 -3.6851079938790634 -0.13388089127600361 1 
	18.499505582068366 -3.6969699532784199 -0.51181000000000054 0.68211091687932002 
	19.363028455915586 -3.830909298941612 -0.51181000000000054 0.68211091687932002 
	19.439503917398575 -3.8427712583409717 -0.13388089127600367 1 
	19.439503917398575 -3.8427712583409717 0 1 
	18.467080777149942 -7.6101555449983058 0 1 
	18.467080777149942 -7.6101555449983058 0.13388089127600367 1 
	18.394418076743115 -7.5835222154535531 0.51181000000000054 0.68211091687932002 
	17.573947004551986 -7.2827919050646983 0.51181000000000054 0.68211091687932002 
	17.501284304148545 -7.2561585755199474 0.13388089127600372 1 
	17.501284304148545 -7.2561585755199474 -0.13388089127600361 1 
	17.573947004551986 -7.2827919050646983 -0.51181000000000054 0.68211091687932002 
	18.394418076743115 -7.5835222154535531 -0.51181000000000054 0.68211091687932002 
	18.467080777149942 -7.6101555449983058 -0.13388089127600367 1 
	18.467080777149942 -7.6101555449983058 0 1 
	17.698054618719922 -9.4329159710643609 0 1 
	17.698054618719922 -9.4329159710643609 0.13388089127600367 1 
	17.62833193052213 -9.3993310872771332 0.51181000000000054 0.68211091687932002 
	16.841058013916697 -9.0201072839211598 0.51181000000000054 0.68211091687932002 
	16.771335325715498 -8.986522400133941 0.13388089127600372 1 
	16.771335325715498 -8.986522400133941 -0.13388089127600361 1 
	16.841058013916697 -9.0201072839211598 -0.51181000000000054 0.68211091687932002 
	17.62833193052213 -9.3993310872771332 -0.51181000000000054 0.68211091687932002 
	17.698054618719922 -9.4329159710643609 -0.13388089127600367 1 
	17.698054618719922 -9.4329159710643609 0 1 
	15.64795681352026 -12.794703185502385 0 1 
	15.64795681352026 -12.794703185502385 0.13388089127600367 1 
	15.586176608288197 -12.748094131723599 0.51181000000000054 0.68211091687932002 
	14.888585258912936 -12.221807878774136 0.51181000000000054 0.68211091687932002 
	14.826805053684293 -12.175198824995356 0.13388089127600372 1 
	14.826805053684293 -12.175198824995356 -0.13388089127600361 1 
	14.888585258912936 -12.221807878774136 -0.51181000000000054 0.68211091687932002 
	15.586176608288197 -12.748094131723599 -0.51181000000000054 0.68211091687932002 
	15.64795681352026 -12.794703185502385 -0.13388089127600367 1 
	15.64795681352026 -12.794703185502385 0 1 
	14.367075258735291 -14.333266449107278 0 1 
	14.367075258735291 -14.333266449107278 0.13388089127600367 1 
	14.310128988752192 -14.280861148380893 0.51181000000000054 0.68211091687932002 
	13.667120031925174 -13.689126557797156 0.51181000000000054 0.68211091687932002 
	13.610173761942081 -13.636721257070775 0.13388089127600372 1 
	13.610173761942081 -13.636721257070775 -0.13388089127600361 1 
	13.667120031925174 -13.689126557797156 -0.51181000000000054 0.68211091687932002 
	14.310128988752192 -14.280861148380893 -0.51181000000000054 0.68211091687932002 
	14.367075258735291 -14.333266449107278 -0.13388089127600367 1 
	14.367075258735291 -14.333266449107278 0 1 
	11.393268919060333 -16.984885859351394 0 1 
	11.393268919060333 -16.984885859351394 0.13388089127600367 1 
	11.347708216555699 -16.922328560967607 0.51181000000000054 0.68211091687932002 
	10.833259424751081 -16.215962662252167 0.51181000000000054 0.68211091687932002 
	10.787698722246454 -16.153405363868391 0.13388089127600372 1 
	10.787698722246454 -16.153405363868391 -0.13388089127600361 1 
	10.833259424751081 -16.215962662252167 -0.51181000000000054 0.68211091687932002 
	11.347708216555699 -16.922328560967607 -0.51181000000000054 0.68211091687932002 
	11.393268919060333 -16.984885859351394 -0.13388089127600367 1 
	11.393268919060333 -16.984885859351394 0 1 
	9.700665104549941 -18.097549911193152 0 1 
	9.700665104549941 -18.097549911193152 0.13388089127600367 1 
	9.6614144538371232 -18.03085227013699 0.51181000000000054 0.68211091687932002 
	9.2182156283806442 -17.277735681230993 0.51181000000000054 0.68211091687932002 
	9.1789649776669524 -17.211038040171349 0.13388089127600372 1 
	9.1789649776669524 -17.211038040171349 -0.13388089127600361 1 
	9.2182156283806442 -17.277735681230993 -0.51181000000000054 0.68211091687932002 
	9.6614144538371232 -18.03085227013699 -0.51181000000000054 0.68211091687932002 
	9.700665104549941 -18.097549911193152 -0.13388089127600367 1 
	9.700665104549941 -18.097549911193152 0 1 
	6.0420085943537778 -19.789681624971987 0 1 
	6.0420085943537778 -19.789681624971987 0.13388089127600367 1 
	6.0166026702908297 -19.716580818465122 0.51181000000000054 0.68211091687932002 
	5.7297316121288535 -18.891162870143781 0.51181000000000054 0.68211091687932002 
	5.7043256880667821 -18.818062063640422 0.13388089127600372 1 
	5.7043256880667821 -18.818062063640422 -0.13388089127600361 1 
	5.7297316121288535 -18.891162870143781 -0.51181000000000054 0.68211091687932002 
	6.0166026702908297 -19.716580818465122 -0.51181000000000054 0.68211091687932002 
	6.0420085943537778 -19.789681624971987 -0.13388089127600367 1 
	6.0420085943537778 -19.789681624971987 0 1 
	4.0763822595793924 -20.368865007175224 0 1 
	4.0763822595793924 -20.368865007175224 0.13388089127600367 1 
	4.0582172698562831 -20.293637233749362 0.51181000000000054 0.68211091687932002 
	3.8531072407686424 -19.444202632839115 0.51181000000000054 0.68211091687932002 
	3.8349422510459767 -19.368974859409729 0.13388089127600372 1 
	3.8349422510459767 -19.368974859409729 -0.13388089127600361 1 
	3.8531072407686424 -19.444202632839115 -0.51181000000000054 0.68211091687932002 
	4.0582172698562831 -20.293637233749362 -0.51181000000000054 0.68211091687932002 
	4.0763822595793924 -20.368865007175224 -0.13388089127600367 1 
	4.0763822595793924 -20.368865007175224 0 1 
	0.037540882304032755 -20.930716657336287 0 1 
	0.037540882304032755 -20.930716657336287 0.13388089127600367 1 
	0.034483621421999004 -20.853387245805099 0.51181000000000054 0.68211091687932002 
	-3.7447845810173117e-05 -19.980221992748337 0.51181000000000054 0.68211091687932002 
	-0.0030947087282860546 -19.902892581220701 0.13388089127600372 1 
	-0.0030947087282860546 -19.902892581220701 -0.13388089127600361 1 
	-3.7447845810173117e-05 -19.980221992748337 -0.51181000000000054 0.68211091687932002 
	0.034483621421999004 -20.853387245805099 -0.51181000000000054 0.68211091687932002 
	0.037540882304032755 -20.930716657336287 -0.13388089127600367 1 
	0.037540882304032755 -20.930716657336287 0 1 
	-2.0351778254953445 -20.913236073211284 0 1 
	-2.0351778254953445 -20.913236073211284 0.13388089127600367 1 
	-2.0306888094403011 -20.835976578882267 0.51181000000000054 0.68211091687932002 
	-1.980001072873445 -19.963600796060252 0.51181000000000054 0.68211091687932002 
	-1.9755120568175077 -19.886341301734824 0.13388089127600372 1 
	-1.9755120568175077 -19.886341301734824 -0.13388089127600361 1 
	-1.980001072873445 -19.963600796060252 -0.51181000000000054 0.68211091687932002 
	-2.0306888094403011 -20.835976578882267 -0.51181000000000054 0.68211091687932002 
	-2.0351778254953445 -20.913236073211284 -0.13388089127600367 1 
	-2.0351778254953445 -20.913236073211284 0 1 
	-6.1090724018359328 -20.269410105202649 0 1 
	-6.1090724018359328 -20.269410105202649 0.13388089127600367 1 
	-6.0895176869502832 -20.194531577968295 0.51181000000000054 0.68211091687932002 
	-5.8687155725545406 -19.349040491382059 0.51181000000000054 0.68211091687932002 
	-5.8491608576697889 -19.274161964144135 0.13388089127600372 1 
	-5.8491608576697889 -19.274161964144135 -0.13388089127600361 1 
	-5.8687155725545406 -19.349040491382059 -0.51181000000000054 0.68211091687932002 
	-6.0895176869502832 -20.194531577968295 -0.51181000000000054 0.68211091687932002 
	-6.1090724018359328 -20.269410105202649 -0.13388089127600367 1 
	-6.1090724018359328 -20.269410105202649 0 1 
	-8.1097243695175631 -19.643067489451699 0 1 
	-8.1097243695175631 -19.643067489451699 0.13388089127600367 1 
	-8.0829698395184764 -19.570449502894402 0.51181000000000054 0.68211091687932002 
	-7.7808709938770146 -18.750483317320271 0.51181000000000054 0.68211091687932002 
	-7.7541164638779332 -18.67786533076298 0.13388089127600372 1 
	-7.7541164638779332 -18.67786533076298 -0.13388089127600361 1 
	-7.7808709938770146 -18.750483317320271 -0.51181000000000054 0.68211091687932002 
	-8.0829698395184764 -19.570449502894402 -0.51181000000000054 0.68211091687932002 
	-8.1097243695175631 -19.643067489451699 -0.13388089127600367 1 
	-8.1097243695175631 -19.643067489451699 0 1 
	-11.862564903772197 -17.822380540322214 0 1 
	-11.862564903772197 -17.822380540322214 0.13388089127600367 1 
	-11.822087886342834 -17.756420037808731 0.51181000000000054 0.68211091687932002 
	-11.365041537906235 -17.011626850669476 0.51181000000000054 0.68211091687932002 
	-11.324564520476876 -16.945666348155996 0.13388089127600372 1 
	-11.324564520476876 -16.945666348155996 -0.13388089127600361 1 
	-11.365041537906235 -17.011626850669476 -0.51181000000000054 0.68211091687932002 
	-11.822087886342834 -17.756420037808731 -0.51181000000000054 0.68211091687932002 
	-11.862564903772197 -17.822380540322214 -0.13388089127600367 1 
	-11.862564903772197 -17.822380540322214 0 1 
	-13.614247778729698 -16.628193682831057 0 1 
	-13.614247778729698 -16.628193682831057 0.13388089127600367 1 
	-13.567539183816217 -16.566488899764046 0.51181000000000054 0.68211091687932002 
	-13.040128961888321 -15.869749179956194 0.51181000000000054 0.68211091687932002 
	-12.99342036697667 -15.808044396887363 0.13388089127600372 1 
	-12.99342036697667 -15.808044396887363 -0.13388089127600361 1 
	-13.040128961888321 -15.869749179956194 -0.51181000000000054 0.68211091687932002 
	-13.567539183816217 -16.566488899764046 -0.51181000000000054 0.68211091687932002 
	-13.614247778729698 -16.628193682831057 -0.13388089127600367 1 
	-13.614247778729698 -16.628193682831057 0 1 
	-16.710072692629893 -13.763488202658184 0 1 
	-16.710072692629893 -13.763488202658184 0.13388089127600367 1 
	-16.652169792219222 -13.712142051855503 0.51181000000000054 0.68211091687932002 
	-15.998359040389657 -13.132366855439626 0.51181000000000054 0.68211091687932002 
	-15.940456139977163 -13.08102070463878 0.13388089127600372 1 
	-15.940456139977163 -13.08102070463878 -0.13388089127600361 1 
	-15.998359040389657 -13.132366855439626 -0.51181000000000054 0.68211091687932002 
	-16.652169792219222 -13.712142051855503 -0.51181000000000054 0.68211091687932002 
	-16.710072692629893 -13.763488202658184 -0.13388089127600367 1 
	-16.710072692629893 -13.763488202658184 0 1 
	-18.053772393593558 -12.093271193729803 0 1 
	-18.053772393593558 -12.093271193729803 0.13388089127600367 1 
	-17.991144216568969 -12.047808231841691 0.51181000000000054 0.68211091687932002 
	-17.283977991506529 -11.534463078483157 0.51181000000000054 0.68211091687932002 
	-17.221349814485638 -11.489000116596893 0.13388089127600372 1 
	-17.221349814485638 -11.489000116596893 -0.13388089127600361 1 
	-17.283977991506529 -11.534463078483157 -0.51181000000000054 0.68211091687932002 
	-17.991144216568969 -12.047808231841691 -0.51181000000000054 0.68211091687932002 
	-18.053772393593558 -12.093271193729803 -0.13388089127600367 1 
	-18.053772393593558 -12.093271193729803 0 1 
	-20.206798255591565 -8.4120380356635334 0 1 
	-20.206798255591565 -8.4120380356635334 0.13388089127600367 1 
	-20.136470420631639 -8.3797399695238663 0.51181000000000054 0.68211091687932002 
	-19.342363487743143 -8.015046271007245 0.51181000000000054 0.68211091687932002 
	-19.272035652779529 -7.982748204865735 0.13388089127600372 1 
	-19.272035652779529 -7.982748204865735 -0.13388089127600361 1 
	-19.342363487743143 -8.015046271007245 -0.51181000000000054 0.68211091687932002 
	-20.136470420631639 -8.3797399695238663 -0.51181000000000054 0.68211091687932002 
	-20.206798255591565 -8.4120380356635334 -0.13388089127600367 1 
	-20.206798255591565 -8.4120380356635334 0 1 
	-21.0157859205286 -6.4014440635204259 0 1 
	-21.0157859205286 -6.4014440635204259 0.13388089127600367 1 
	-20.942647019281157 -6.3761484696276876 0.51181000000000054 0.68211091687932002 
	-20.116798924022657 -6.0905232048573454 0.51181000000000054 0.68211091687932002 
	-20.043660022775221 -6.0652276109646079 0.13388089127600372 1 
	-20.043660022775221 -6.0652276109646079 -0.13388089127600361 1 
	-20.116798924022657 -6.0905232048573454 -0.51181000000000054 0.68211091687932002 
	-20.942647019281157 -6.3761484696276876 -0.51181000000000054 0.68211091687932002 
	-21.0157859205286 -6.4014440635204259 -0.13388089127600367 1 
	-21.0157859205286 -6.4014440635204259 0 1 
	-22.016670094822054 -2.2078859639602233 0 1 
	-22.016670094822054 -2.2078859639602233 0.13388089127600367 1 
	-21.939990743168263 -2.1974244648449126 0.51181000000000054 0.68211091687932002 
	-21.07416564294974 -2.0792984201551694 0.51181000000000054 0.68211091687932002 
	-20.997486291295953 -2.0688369210398601 0.13388089127600372 1 
	-20.997486291295953 -2.0688369210398601 -0.13388089127600361 1 
	-21.07416564294974 -2.0792984201551694 -0.51181000000000054 0.68211091687932002 
	-21.939990743168263 -2.1974244648449126 -0.51181000000000054 0.68211091687932002 
	-22.016670094822054 -2.2078859639602233 -0.13388089127600367 1 
	-22.016670094822054 -2.2078859639602233 0 1 
	-22.208364089048096 -0.025429820924569198 0 1 
	-22.208364089048096 -0.025429820924569198 0.13388089127600367 1 
	-22.131030445216805 -0.022485321476211143 0.51181000000000054 0.68211091687932002 
	-21.257817403130236 0.010762501762947695 0.51181000000000054 0.68211091687932002 
	-21.180483759302732 0.013707001211306184 0.13388089127600372 1 
	-21.180483759302732 0.013707001211306184 -0.13388089127600361 1 
	-21.257817403130236 0.010762501762947695 -0.51181000000000054 0.68211091687932002 
	-22.131030445216805 -0.022485321476211143 -0.51181000000000054 0.68211091687932002 
	-22.208364089048096 -0.025429820924569198 -0.13388089127600367 1 
	-22.208364089048096 -0.025429820924569198 0 1 
	-21.944293630317802 4.3246320629137243 0 1 
	-21.944293630317802 4.3246320629137243 0.13388089127600367 1 
	-21.867884083740439 4.3123542893489066 0.51181000000000054 0.68211091687932002 
	-21.005105488193259 4.1737197769507199 0.51181000000000054 0.68211091687932002 
	-20.928695941612133 4.1614420033859059 0.13388089127600372 1 
	-20.928695941612133 4.1614420033859059 -0.13388089127600361 1 
	-21.005105488193259 4.1737197769507199 -0.51181000000000054 0.68211091687932002 
	-21.867884083740439 4.3123542893489066 -0.51181000000000054 0.68211091687932002 
	-21.944293630317802 4.3246320629137243 -0.13388089127600367 1 
	-21.944293630317802 4.3246320629137243 0 1 
	-21.488483407988213 6.491687093844825 0 1 
	-21.488483407988213 6.491687093844825 0.13388089127600367 1 
	-21.413632653139697 6.4720268865684796 0.51181000000000054 0.68211091687932002 
	-20.568455158505824 6.2500336045807252 0.51181000000000054 0.68211091687932002 
	-20.493604403661134 6.2303733973082025 0.13388089127600372 1 
	-20.493604403661134 6.2303733973082025 -0.13388089127600361 1 
	-20.568455158505824 6.2500336045807252 -0.51181000000000054 0.68211091687932002 
	-21.413632653139697 6.4720268865684796 -0.51181000000000054 0.68211091687932002 
	-21.488483407988213 6.491687093844825 -0.13388089127600367 1 
	-21.488483407988213 6.491687093844825 0 1 
	-19.955182715335443 10.620997656080295 0 1 
	-19.955182715335443 10.620997656080295 0.13388089127600367 1 
	-19.885640436946197 10.587041349527736 0.51181000000000054 0.68211091687932002 
	-19.10040361815885 10.203623625027019 0.51181000000000054 0.68211091687932002 
	-19.030861339765792 10.169667318470641 0.13388089127600372 1 
	-19.030861339765792 10.169667318470641 -0.13388089127600361 1 
	-19.10040361815885 10.203623625027019 -0.51181000000000054 0.68211091687932002 
	-19.885640436946197 10.587041349527736 -0.51181000000000054 0.68211091687932002 
	-19.955182715335443 10.620997656080295 -0.13388089127600367 1 
	-19.955182715335443 10.620997656080295 0 1 
	-18.877810537349578 12.582707507063986 0 1 
	-18.877810537349578 12.582707507063986 0.13388089127600367 1 
	-18.811905365948224 12.542140717153083 0.51181000000000054 0.68211091687932002 
	-18.067736950286001 12.084080702499254 0.51181000000000054 0.68211091687932002 
	-18.001831778888516 12.043513912588361 0.13388089127600372 1 
	-18.001831778888516 12.043513912588361 -0.13388089127600361 1 
	-18.067736950286001 12.084080702499254 -0.51181000000000054 0.68211091687932002 
	-18.811905365948224 12.542140717153083 -0.51181000000000054 0.68211091687932002 
	-18.877810537349578 12.582707507063986 -0.13388089127600367 1 
	-18.877810537349578 12.582707507063986 0 1 
	-16.182236266857625 16.125293203443203 0 1 
	-16.182236266857625 16.125293203443203 0.13388089127600367 1 
	-16.125565270570466 16.072590696597004 0.51181000000000054 0.68211091687932002 
	-15.485664567367428 15.477500202353978 0.51181000000000054 0.68211091687932002 
	-15.42899357107642 15.424797695507781 0.13388089127600372 1 
	-15.42899357107642 15.424797695507781 -0.13388089127600361 1 
	-15.485664567367428 15.477500202353978 -0.51181000000000054 0.68211091687932002 
	-16.125565270570466 16.072590696597004 -0.51181000000000054 0.68211091687932002 
	-16.182236266857625 16.125293203443203 -0.13388089127600367 1 
	-16.182236266857625 16.125293203443203 0 1 
	-14.564309474857913 17.70567668535163 0 1 
	-14.564309474857913 17.70567668535163 0.13388089127600367 1 
	-14.513039724667243 17.647706299081491 0.51181000000000054 0.68211091687932002 
	-13.93412720592754 16.993133530484073 0.51181000000000054 0.68211091687932002 
	-13.882857455734928 16.935163144217846 0.13388089127600372 1 
	-13.882857455734928 16.935163144217846 -0.13388089127600361 1 
	-13.93412720592754 16.993133530484073 -0.51181000000000054 0.68211091687932002 
	-14.513039724667243 17.647706299081491 -0.51181000000000054 0.68211091687932002 
	-14.564309474857913 17.70567668535163 -0.13388089127600367 1 
	-14.564309474857913 17.70567668535163 0 1 
	-10.917600252762032 20.339255133248695 0 1 
	-10.917600252762032 20.339255133248695 0.13388089127600367 1 
	-10.878692851451419 20.27235694881395 0.51181000000000054 0.68211091687932002 
	-10.439369827558313 19.516975923875755 0.51181000000000054 0.68211091687932002 
	-10.400462426249659 19.450077739437123 0.13388089127600372 1 
	-10.400462426249659 19.450077739437123 -0.13388089127600361 1 
	-10.439369827558313 19.516975923875755 -0.51181000000000054 0.68211091687932002 
	-10.878692851451419 20.27235694881395 -0.51181000000000054 0.68211091687932002 
	-10.917600252762032 20.339255133248695 -0.13388089127600367 1 
	-10.917600252762032 20.339255133248695 0 1 
	-8.8892290459026597 21.392055602235875 0 1 
	-8.8892290459026597 21.392055602235875 0.13388089127600367 1 
	-8.8570206003584104 21.321686816478554 0.51181000000000054 0.68211091687932002 
	-8.4933388530336238 20.527117487642439 0.51181000000000054 0.68211091687932002 
	-8.4611304074903657 20.456748701885129 0.13388089127600372 1 
	-8.4611304074903657 20.456748701885129 -0.13388089127600361 1 
	-8.4933388530336238 20.527117487642439 -0.51181000000000054 0.68211091687932002 
	-8.8570206003584104 21.321686816478554 -0.51181000000000054 0.68211091687932002 
	-8.8892290459026597 21.392055602235875 -0.13388089127600367 1 
	-8.8892290459026597 21.392055602235875 0 1 
	-4.5903310661895746 22.86727134134572 0 1 
	-4.5903310661895746 22.86727134134572 0.13388089127600367 1 
	-4.5725456801251907 22.791953149634725 0.51181000000000054 0.68211091687932002 
	-4.3717219467508635 21.941497590377391 0.51181000000000054 0.68211091687932002 
	-4.3539365606854972 21.866179398666404 0.13388089127600372 1 
	-4.3539365606854972 21.866179398666404 -0.13388089127600361 1 
	-4.3717219467508635 21.941497590377391 -0.51181000000000054 0.68211091687932002 
	-4.5725456801251907 22.791953149634725 -0.51181000000000054 0.68211091687932002 
	-4.5903310661895746 22.86727134134572 -0.13388089127600367 1 
	-4.5903310661895746 22.86727134134572 0 1 
	-2.3203179119055837 23.289426771436069 0 1 
	-2.3203179119055837 23.289426771436069 0.13388089127600367 1 
	-2.3099507980614526 23.212734724800491 0.51181000000000054 0.68211091687932002 
	-2.1928905049066323 22.346766279065719 0.51181000000000054 0.68211091687932002 
	-2.1825233910624711 22.270074232430147 0.13388089127600372 1 
	-2.1825233910624711 22.270074232430147 -0.13388089127600361 1 
	-2.1928905049066323 22.346766279065719 -0.51181000000000054 0.68211091687932002 
	-2.3099507980614526 23.212734724800491 -0.51181000000000054 0.68211091687932002 
	-2.3203179119055837 23.289426771436069 -0.13388089127600367 1 
	-2.3203179119055837 23.289426771436069 0 1 
	2.2684591944420975 23.453267876804059 0 1 
	2.2684591944420975 23.453267876804059 0.13388089127600367 1 
	2.263587750544616 23.376031770671524 0.51181000000000054 0.68211091687932002 
	2.2085818290027435 22.50392007580578 0.51181000000000054 0.68211091687932002 
	2.2037103851052318 22.426683969673263 0.13388089127600372 1 
	2.2037103851052318 22.426683969673263 -0.13388089127600361 1 
	2.2085818290027435 22.50392007580578 -0.51181000000000054 0.68211091687932002 
	2.263587750544616 23.376031770671524 -0.51181000000000054 0.68211091687932002 
	2.2684591944420975 23.453267876804059 -0.13388089127600367 1 
	2.2684591944420975 23.453267876804059 0 1 
	4.5866503770879419 23.194853989361494 0 1 
	4.5866503770879419 23.194853989361494 0.13388089127600367 1 
	4.5742817574266397 23.118459215347034 0.51181000000000054 0.68211091687932002 
	4.4346214560898165 22.255847424231135 0.51181000000000054 0.68211091687932002 
	4.4222528364275124 22.179452650216696 0.13388089127600372 1 
	4.4222528364275124 22.179452650216696 -0.13388089127600361 1 
	4.4346214560898165 22.255847424231135 -0.51181000000000054 0.68211091687932002 
	4.5742817574266397 23.118459215347034 -0.51181000000000054 0.68211091687932002 
	4.5866503770879419 23.194853989361494 -0.13388089127600367 1 
	4.5866503770879419 23.194853989361494 0 1 
	9.0701543229220984 22.006065645163812 0 1 
	9.0701543229220984 22.006065645163812 0.13388089127600367 1 
	9.043047098886877 21.933578800543824 0.51181000000000054 0.68211091687932002 
	8.7369658076136414 21.115093404462129 0.51181000000000054 0.68211091687932002 
	8.7098585835794253 21.042606559842142 0.13388089127600372 1 
	8.7098585835794253 21.042606559842142 -0.13388089127600361 1 
	8.7369658076136414 21.115093404462129 -0.51181000000000054 0.68211091687932002 
	9.043047098886877 21.933578800543824 -0.51181000000000054 0.68211091687932002 
	9.0701543229220984 22.006065645163812 -0.13388089127600367 1 
	9.0701543229220984 22.006065645163812 0 1 
	11.234884488337242 21.07576386750312 0 1 
	11.234884488337242 21.07576386750312 0.13388089127600367 1 
	11.200848331730487 21.006260762840263 0.51181000000000054 0.68211091687932002 
	10.816528980171569 20.221466274220987 0.51181000000000054 0.68211091687932002 
	10.782492823564818 20.151963169550012 0.13388089127600372 1 
	10.782492823564818 20.151963169550012 -0.13388089127600361 1 
	10.816528980171569 20.221466274220987 -0.51181000000000054 0.68211091687932002 
	11.200848331730487 21.006260762840263 -0.51181000000000054 0.68211091687932002 
	11.234884488337242 21.07576386750312 -0.13388089127600367 1 
	11.234884488337242 21.07576386750312 0 1 
	15.219147986419514 18.610738907198307 0 1 
	15.219147986419514 18.610738907198307 0.13388089127600367 1 
	15.172145321092891 18.54925808940342 0.51181000000000054 0.68211091687932002 
	14.64141460229688 17.855047274134435 0.51181000000000054 0.68211091687932002 
	14.594411936970264 17.793566456347683 0.13388089127600372 1 
	14.594411936970264 17.793566456347683 -0.13388089127600361 1 
	14.64141460229688 17.855047274134435 -0.51181000000000054 0.68211091687932002 
	15.172145321092891 18.54925808940342 -0.51181000000000054 0.68211091687932002 
	15.219147986419514 18.610738907198307 -0.13388089127600367 1 
	15.219147986419514 18.610738907198307 0 1 
	17.038140046183763 17.076257631820326 0 1 
	17.038140046183763 17.076257631820326 0.13388089127600367 1 
	16.985374716737574 17.019645275656689 0.51181000000000054 0.68211091687932002 
	16.389574860970004 16.380406707591025 0.51181000000000054 0.68211091687932002 
	16.336809531523823 16.323794351425338 0.13388089127600372 1 
	16.336809531523823 16.323794351425338 -0.13388089127600361 1 
	16.389574860970004 16.380406707591025 -0.51181000000000054 0.68211091687932002 
	16.985374716737574 17.019645275656689 -0.51181000000000054 0.68211091687932002 
	17.038140046183763 17.076257631820326 -0.13388089127600367 1 
	17.038140046183763 17.076257631820326 0 1 
	20.164985124907805 13.524695433922567 0 1 
	20.164985124907805 13.524695433922567 0.13388089127600367 1 
	20.102144428189757 13.479527019224118 0.51181000000000054 0.68211091687932002 
	19.392578536390047 12.9695077462183 0.51181000000000054 0.68211091687932002 
	19.32973783967201 12.92433933152191 0.13388089127600372 1 
	19.32973783967201 12.92433933152191 -0.13388089127600361 1 
	19.392578536390047 12.9695077462183 -0.51181000000000054 0.68211091687932002 
	20.102144428189757 13.479527019224118 -0.51181000000000054 0.68211091687932002 
	20.164985124907805 13.524695433922567 -0.13388089127600367 1 
	20.164985124907805 13.524695433922567 0 1 
	21.472386690102791 11.508007635084338 0 1 
	21.472386690102791 11.508007635084338 0.13388089127600367 1 
	21.40544689687755 11.469172079607475 0.51181000000000054 0.68211091687932002 
	20.649596046187906 11.030660303093539 0.51181000000000054 0.68211091687932002 
	20.582656252966821 10.991824747616679 0.13388089127600372 1 
	20.582656252966821 10.991824747616679 -0.13388089127600361 1 
	20.649596046187906 11.030660303093539 -0.51181000000000054 0.68211091687932002 
	21.40544689687755 11.469172079607475 -0.51181000000000054 0.68211091687932002 
	21.472386690102791 11.508007635084338 -0.13388089127600367 1 
	21.472386690102791 11.508007635084338 0 1 
	23.451567341758079 7.15852251011931 0 1 
	23.451567341758079 7.15852251011931 0.13388089127600367 1 
	23.378312719166569 7.133564614705314 0.51181000000000054 0.68211091687932002 
	22.551157956053583 6.8517524732104382 0.51181000000000054 0.68211091687932002 
	22.477903333457931 6.8267945777964414 0.13388089127600372 1 
	22.477903333457931 6.8267945777964414 -0.13388089127600361 1 
	22.551157956053583 6.8517524732104382 -0.51181000000000054 0.68211091687932002 
	23.378312719166569 7.133564614705314 -0.51181000000000054 0.68211091687932002 
	23.451567341758079 7.15852251011931 -0.13388089127600367 1 
	23.451567341758079 7.15852251011931 0 1 
	24.123026290619503 4.8262378223776023 0 1 
	24.123026290619503 4.8262378223776023 0.13388089127600367 1 
	24.047689810216404 4.8085305214879392 0.51181000000000054 0.68211091687932002 
	23.197027744191153 4.6085884870585243 0.51181000000000054 0.68211091687932002 
	23.121691263788072 4.5908811861683354 0.13388089127600372 1 
	23.121691263788072 4.5908811861683354 -0.13388089127600361 1 
	23.197027744191153 4.6085884870585243 -0.51181000000000054 0.68211091687932002 
	24.047689810216404 4.8085305214879392 -0.51181000000000054 0.68211091687932002 
	24.123026290619503 4.8262378223776023 -0.13388089127600367 1 
	24.123026290619503 4.8262378223776023 0 1 
	24.759029686230015 0.042988770268569731 0 1 
	24.759029686230015 0.042988770268569731 0.13388089127600367 1 
	24.681683671206738 0.040394982686397553 0.51181000000000054 0.68211091687932002 
	23.808330939771988 0.011107223404001243 0.51181000000000054 0.68211091687932002 
	23.730984924748721 0.0085134358223538237 0.13388089127600372 1 
	23.730984924748721 0.0085134358223538237 -0.13388089127600361 1 
	23.808330939771988 0.011107223404001243 -0.51181000000000054 0.68211091687932002 
	24.681683671206738 0.040394982686397553 -0.51181000000000054 0.68211091687932002 
	24.759029686230015 0.042988770268569731 -0.13388089127600367 1 
	24.759029686230015 0.042988770268569731 0 1 
	24.72341601225305 -2.4073862880146817 0 1 
	24.72341601225305 -2.4073862880146817 0.13388089127600367 1 
	24.646184921609692 -2.4024375514560266 0.51181000000000054 0.68211091687932002 
	23.774129859154613 -2.3465588796239918 0.51181000000000054 0.68211091687932002 
	23.696898768515485 -2.3416101430653393 0.13388089127600372 1 
	23.696898768515485 -2.3416101430653393 -0.13388089127600361 1 
	23.774129859154613 -2.3465588796239918 -0.51181000000000054 0.68211091687932002 
	24.646184921609692 -2.4024375514560266 -0.51181000000000054 0.68211091687932002 
	24.72341601225305 -2.4073862880146817 -0.13388089127600367 1 
	24.72341601225305 -2.4073862880146817 0 1 
	23.934458698724306 -7.2151597101112781 0 1 
	23.934458698724306 -7.2151597101112781 0.13388089127600367 1 
	23.859696523341775 -7.1951659992048373 0.51181000000000054 0.68211091687932002 
	23.015519223919661 -6.96940696008246 0.51181000000000054 0.68211091687932002 
	22.940757048532916 -6.949413249176021 0.13388089127600372 1 
	22.940757048532916 -6.949413249176021 -0.13388089127600361 1 
	23.015519223919661 -6.96940696008246 -0.51181000000000054 0.68211091687932002 
	23.859696523341775 -7.1951659992048373 -0.51181000000000054 0.68211091687932002 
	23.934458698724306 -7.2151597101112781 -0.13388089127600367 1 
	23.934458698724306 -7.2151597101112781 0 1 
	23.181135946107073 -9.5719425145002113 0 1 
	23.181135946107073 -9.5719425145002113 0.13388089127600367 1 
	23.108675425001305 -9.544765283673911 0.51181000000000054 0.68211091687932002 
	22.290487260939724 -9.2378935105741729 0.51181000000000054 0.68211091687932002 
	22.218026739838237 -9.2107162797500095 0.13388089127600372 1 
	22.218026739838237 -9.2107162797500095 -0.13388089127600361 1 
	22.290487260939724 -9.2378935105741729 -0.51181000000000054 0.68211091687932002 
	23.108675425001305 -9.544765283673911 -0.51181000000000054 0.68211091687932002 
	23.181135946107073 -9.5719425145002113 -0.13388089127600367 1 
	23.181135946107073 -9.5719425145002113 0 1 
	21.008533174581295 -13.984931911983843 0 1 
	21.008533174581295 -13.984931911983843 0.13388089127600367 1 
	20.942806683648154 -13.944076589524796 0.51181000000000054 0.68211091687932002 
	20.200655838928277 -13.482758608812956 0.51181000000000054 0.68211091687932002 
	20.13492934799088 -13.44190328635178 0.13388089127600372 1 
	20.13492934799088 -13.44190328635178 -0.13388089127600361 1 
	20.200655838928277 -13.482758608812956 -0.51181000000000054 0.68211091687932002 
	20.942806683648154 -13.944076589524796 -0.51181000000000054 0.68211091687932002 
	21.008533174581295 -13.984931911983843 -0.13388089127600367 1 
	21.008533174581295 -13.984931911983843 0 1 
	19.589454577328262 -16.040550361380486 0 1 
	19.589454577328262 -16.040550361380486 0.13388089127600367 1 
	19.528017716804015 -15.993490411636532 0.51181000000000054 0.68211091687932002 
	18.83430324516571 -15.462112865769495 0.51181000000000054 0.68211091687932002 
	18.772866384650087 -15.415052916034158 0.13388089127600372 1 
	18.772866384650087 -15.415052916034158 -0.13388089127600361 1 
	18.83430324516571 -15.462112865769495 -0.51181000000000054 0.68211091687932002 
	19.528017716804015 -15.993490411636532 -0.51181000000000054 0.68211091687932002 
	19.589454577328262 -16.040550361380486 -0.13388089127600367 1 
	19.589454577328262 -16.040550361380486 0 1 
	16.196355552152124 -19.665942579101284 0 1 
	16.196355552152124 -19.665942579101284 0.13388089127600367 1 
	16.145336474666593 -19.607751682724615 0.51181000000000054 0.68211091687932002 
	15.569254427393604 -18.950689023639402 0.51181000000000054 0.68211091687932002 
	15.518235349899465 -18.892498127254125 0.13388089127600372 1 
	15.518235349899465 -18.892498127254125 -0.13388089127600361 1 
	15.569254427393604 -18.950689023639402 -0.51181000000000054 0.68211091687932002 
	16.145336474666593 -19.607751682724615 -0.51181000000000054 0.68211091687932002 
	16.196355552152124 -19.665942579101284 -0.13388089127600367 1 
	16.196355552152124 -19.665942579101284 0 1 
	14.222702726179374 -21.235207864667174 0 1 
	14.222702726179374 -21.235207864667174 0.13388089127600367 1 
	14.177590976142936 -21.17232659178913 0.51181000000000054 0.68211091687932002 
	13.668211532335507 -20.46230253425162 0.51181000000000054 0.68211091687932002 
	13.623099782299072 -20.399421261373583 0.13388089127600372 1 
	13.623099782299072 -20.399421261373583 -0.13388089127600361 1 
	13.668211532335507 -20.46230253425162 -0.51181000000000054 0.68211091687932002 
	14.177590976142936 -21.17232659178913 -0.51181000000000054 0.68211091687932002 
	14.222702726179374 -21.235207864667174 -0.13388089127600367 1 
	14.222702726179374 -21.235207864667174 0 1 
	9.882103197874466 -23.741613490464527 0 1 
	9.882103197874466 -23.741613490464527 0.13388089127600367 1 
	9.8501938086568241 -23.671108771908806 0.51181000000000054 0.68211091687932002 
	9.4898888566174637 -22.875004557416744 0.51181000000000054 0.68211091687932002 
	9.4579794673998254 -22.804499838861034 0.13388089127600372 1 
	9.4579794673998254 -22.804499838861034 -0.13388089127600361 1 
	9.4898888566174637 -22.875004557416744 -0.51181000000000054 0.68211091687932002 
	9.8501938086568241 -23.671108771908806 -0.51181000000000054 0.68211091687932002 
	9.882103197874466 -23.741613490464527 -0.13388089127600367 1 
	9.882103197874466 -23.741613490464527 0 1 
	7.5156610201787126 -24.678371193469815 0 1 
	7.5156610201787126 -24.678371193469815 0.13388089127600367 1 
	7.4907668236628995 -24.605094994880705 0.51181000000000054 0.68211091687932002 
	7.2096739384195079 -23.777696606311878 0.51181000000000054 0.68211091687932002 
	7.1847797419025996 -23.704420407718395 0.13388089127600372 1 
	7.1847797419025996 -23.704420407718395 -0.13388089127600361 1 
	7.2096739384195079 -23.777696606311878 -0.51181000000000054 0.68211091687932002 
	7.4907668236628995 -24.605094994880705 -0.51181000000000054 0.68211091687932002 
	7.5156610201787126 -24.678371193469815 -0.13388089127600367 1 
	7.5156610201787126 -24.678371193469815 0 1 
	2.5885479142215742 -25.826014763579064 0 1 
	2.5885479142215742 -25.826014763579064 0.13388089127600367 1 
	2.5785012946397816 -25.749280235974339 0.51181000000000054 0.68211091687932002 
	2.4650598632977538 -24.8828321163782 0.51181000000000054 0.68211091687932002 
	2.4550132437170604 -24.806097588777885 0.13388089127600372 1 
	2.4550132437170604 -24.806097588777885 -0.13388089127600361 1 
	2.4650598632977538 -24.8828321163782 -0.51181000000000054 0.68211091687932002 
	2.5785012946397816 -25.749280235974339 -0.51181000000000054 0.68211091687932002 
	2.5885479142215742 -25.826014763579064 -0.13388089127600367 1 
	2.5885479142215742 -25.826014763579064 0 1 
	0.028476585628853072 -26.036679779460602 0 1 
	0.028476585628853072 -26.036679779460602 0.13388089127600367 1 
	0.025947647157066336 -25.959331704753794 0.51181000000000054 0.68211091687932002 
	-0.0026078682357406381 -25.085955716346088 0.51181000000000054 0.68211091687932002 
	-0.0051368067075265034 -25.008607641639294 0.13388089127600372 1 
	-0.0051368067075265034 -25.008607641639294 -0.13388089127600361 1 
	-0.0026078682357406381 -25.085955716346088 -0.51181000000000054 0.68211091687932002 
	0.025947647157066336 -25.959331704753794 -0.51181000000000054 0.68211091687932002 
	0.028476585628853072 -26.036679779460602 -0.13388089127600367 1 
	0.028476585628853072 -26.036679779460602 0 1 
	-5.0661556761451383 -25.700109527911231 0 1 
	-5.0661556761451383 -25.700109527911231 0.13388089127600367 1 
	-5.0534730337363394 -25.623766415820857 0.51181000000000054 0.68211091687932002 
	-4.9102669437144417 -24.7617379655102 0.51181000000000054 0.68211091687932002 
	-4.8975843013056446 -24.68539485341983 0.13388089127600372 1 
	-4.8975843013056446 -24.68539485341983 -0.13388089127600361 1 
	-4.9102669437144417 -24.7617379655102 -0.51181000000000054 0.68211091687932002 
	-5.0534730337363394 -25.623766415820857 -0.51181000000000054 0.68211091687932002 
	-5.0661556761451383 -25.700109527911231 -0.13388089127600367 1 
	-5.0661556761451383 -25.700109527911231 0 1 
	-7.6000729064375632 -25.1528375391974 0 1 
	-7.6000729064375632 -25.1528375391974 0.13388089127600367 1 
	-7.5800187727115134 -25.078091637239819 0.51181000000000054 0.68211091687932002 
	-7.3535774691653009 -24.234098089304521 0.51181000000000054 0.68211091687932002 
	-7.3335233354414919 -24.159352187342488 0.13388089127600372 1 
	-7.3335233354414919 -24.159352187342488 -0.13388089127600361 1 
	-7.3535774691653009 -24.234098089304521 -0.51181000000000054 0.68211091687932002 
	-7.5800187727115134 -25.078091637239819 -0.51181000000000054 0.68211091687932002 
	-7.6000729064375632 -25.1528375391974 -0.13388089127600367 1 
	-7.6000729064375632 -25.1528375391974 0 1 
	-12.420847317127292 -23.334021498555284 0 1 
	-12.420847317127292 -23.334021498555284 0.13388089127600367 1 
	-12.386530103017838 -23.264656904235462 0.51181000000000054 0.68211091687932002 
	-11.999037189910783 -22.481426405578375 0.51181000000000054 0.68211091687932002 
	-11.964719975799097 -22.41206181126303 0.13388089127600372 1 
	-11.964719975799097 -22.41206181126303 -0.13388089127600361 1 
	-11.999037189910783 -22.481426405578375 -0.51181000000000054 0.68211091687932002 
	-12.386530103017838 -23.264656904235462 -0.51181000000000054 0.68211091687932002 
	-12.420847317127292 -23.334021498555284 -0.13388089127600367 1 
	-12.420847317127292 -23.334021498555284 0 1 
	-14.707072455025044 -22.062631392041158 0 1 
	-14.707072455025044 -22.062631392041158 0.13388089127600367 1 
	-14.666165947839113 -21.996936842710848 0.51181000000000054 0.68211091687932002 
	-14.204270014625319 -21.255146666737925 0.51181000000000054 0.68211091687932002 
	-14.163363507434886 -21.189452117412134 0.13388089127600372 1 
	-14.163363507434886 -21.189452117412134 -0.13388089127600361 1 
	-14.204270014625319 -21.255146666737925 -0.51181000000000054 0.68211091687932002 
	-14.666165947839113 -21.996936842710848 -0.51181000000000054 0.68211091687932002 
	-14.707072455025044 -22.062631392041158 -0.13388089127600367 1 
	-14.707072455025044 -22.062631392041158 0 1 
	-18.828467068021169 -18.893114608481007 0 1 
	-18.828467068021169 -18.893114608481007 0.13388089127600367 1 
	-18.775476537205371 -18.836713192041486 0.51181000000000054 0.68211091687932002 
	-18.177133819612525 -18.199856450373101 0.51181000000000054 0.68211091687932002 
	-18.124143288801243 -18.143455033929072 0.13388089127600372 1 
	-18.124143288801243 -18.143455033929072 -0.13388089127600361 1 
	-18.177133819612525 -18.199856450373101 -0.51181000000000054 0.68211091687932002 
	-18.775476537205371 -18.836713192041486 -0.51181000000000054 0.68211091687932002 
	-18.828467068021169 -18.893114608481007 -0.13388089127600367 1 
	-18.828467068021169 -18.893114608481007 0 1 
	-20.663071885812084 -16.995322419513535 0 1 
	-20.663071885812084 -16.995322419513535 0.13388089127600367 1 
	-20.604842729427567 -16.944347135848187 0.51181000000000054 0.68211091687932002 
	-19.947348057463586 -16.368759586679825 0.51181000000000054 0.68211091687932002 
	-19.889118901074539 -16.317784303016758 0.13388089127600372 1 
	-19.889118901074539 -16.317784303016758 -0.13388089127600361 1 
	-19.947348057463586 -16.368759586679825 -0.51181000000000054 0.68211091687932002 
	-20.604842729427567 -16.944347135848187 -0.51181000000000054 0.68211091687932002 
	-20.663071885812084 -16.995322419513535 -0.13388089127600367 1 
	-20.663071885812084 -16.995322419513535 0 1 
	-23.712957683211304 -12.72705913027287 0 1 
	-23.712957683211304 -12.72705913027287 0.13388089127600367 1 
	-23.645866014609474 -12.688486832019406 0.51181000000000054 0.68211091687932002 
	-22.888300262632868 -12.252947625146122 0.51181000000000054 0.68211091687932002 
	-22.8212085940356 -12.214375326890384 0.13388089127600372 1 
	-22.8212085940356 -12.214375326890384 -0.13388089127600361 1 
	-22.888300262632868 -12.252947625146122 -0.51181000000000054 0.68211091687932002 
	-23.645866014609474 -12.688486832019406 -0.51181000000000054 0.68211091687932002 
	-23.712957683211304 -12.72705913027287 -0.13388089127600367 1 
	-23.712957683211304 -12.72705913027287 0 1 
	-24.927792166316479 -10.357076878063895 0 1 
	-24.927792166316479 -10.357076878063895 0.13388089127600367 1 
	-24.85726443509137 -10.32521857564149 0.51181000000000054 0.68211091687932002 
	-24.060900373046 -9.9654904702667135 0.51181000000000054 0.68211091687932002 
	-23.990372641816307 -9.9336321678420152 0.13388089127600372 1 
	-23.990372641816307 -9.9336321678420152 -0.13388089127600361 1 
	-24.060900373046 -9.9654904702667135 -0.51181000000000054 0.68211091687932002 
	-24.85726443509137 -10.32521857564149 -0.51181000000000054 0.68211091687932002 
	-24.927792166316479 -10.357076878063895 -0.13388089127600367 1 
	-24.927792166316479 -10.357076878063895 0 1 
	-26.620961578412651 -5.3425410960473201 0 1 
	-26.620961578412651 -5.3425410960473201 0.13388089127600367 1 
	-26.545557288682271 -5.3251254310770779 0.51181000000000054 0.68211091687932002 
	-25.694129553456225 -5.1284764044350553 0.51181000000000054 0.68211091687932002 
	-25.618725263730447 -5.111060739467109 0.13388089127600372 1 
	-25.618725263730447 -5.111060739467109 -0.13388089127600361 1 
	-25.694129553456225 -5.1284764044350553 -0.51181000000000054 0.68211091687932002 
	-26.545557288682271 -5.3251254310770779 -0.51181000000000054 0.68211091687932002 
	-26.620961578412651 -5.3425410960473201 -0.13388089127600367 1 
	-26.620961578412651 -5.3425410960473201 0 1 
	-27.099009440363712 -2.6985905618517307 0 1 
	-27.099009440363712 -2.6985905618517307 0.13388089127600367 1 
	-27.022268001414833 -2.6885974637111798 0.51181000000000054 0.68211091687932002 
	-26.155741842338013 -2.5757603698540574 0.51181000000000054 0.68211091687932002 
	-26.079000403389152 -2.5657672717135425 0.13388089127600372 1 
	-26.079000403389152 -2.5657672717135065 -0.13388089127600361 1 
	-26.155741842338013 -2.5757603698540574 -0.51181000000000054 0.68211091687932002 
	-27.022268001414833 -2.6885974637111798 -0.51181000000000054 0.68211091687932002 
	-27.099009440363712 -2.6985905618517307 -0.13388089127600367 1 
	-27.099009440363712 -2.6985905618517307 0 1 
	-27.263680518224323 2.6382778349040534 0 1 
	-27.263680518224323 2.6382778349040534 0.13388089127600367 1 
	-27.186468989422902 2.633034718199156 0.51181000000000054 0.68211091687932002 
	-26.314634809462685 2.5738320521777918 0.51181000000000054 0.68211091687932002 
	-26.237423280661268 2.5685889354729312 0.13388089127600372 1 
	-26.237423280661268 2.5685889354728948 -0.13388089127600361 1 
	-26.314634809462685 2.5738320521777918 -0.51181000000000054 0.68211091687932002 
	-27.186468989422902 2.633034718199156 -0.51181000000000054 0.68211091687932002 
	-27.263680518224323 2.6382778349040534 -0.13388089127600367 1 
	-27.263680518224323 2.6382778349040534 0 1 
	-26.950204061698255 5.3305294959809117 0 1 
	-26.950204061698255 5.3305294959809117 0.13388089127600367 1 
	-26.873869554768142 5.3177956152453039 0.51181000000000054 0.68211091687932002 
	-26.01193826962821 5.1740109675179635 0.51181000000000054 0.68211091687932002 
	-25.935603762707451 5.1612770867811903 0.13388089127600372 1 
	-25.935603762707451 5.1612770867811903 -0.13388089127600361 1 
	-26.01193826962821 5.1740109675179635 -0.51181000000000054 0.68211091687932002 
	-26.873869554768142 5.3177956152453039 -0.51181000000000054 0.68211091687932002 
	-26.950204061698255 5.3305294959809117 -0.13388089127600367 1 
	-26.950204061698255 5.3305294959809117 0 1 
	-25.545050512803819 10.530153100699946 0 1 
	-25.545050512803819 10.530153100699946 0.13388089127600367 1 
	-25.472692734320336 10.502703864816182 0.51181000000000054 0.68211091687932002 
	-24.655664688822334 10.192760745870569 0.51181000000000054 0.68211091687932002 
	-24.583306910329508 10.165311509987973 0.13388089127600372 1 
	-24.583306910329508 10.165311509987973 -0.13388089127600361 1 
	-24.655664688822334 10.192760745870569 -0.51181000000000054 0.68211091687932002 
	-25.472692734320336 10.502703864816182 -0.51181000000000054 0.68211091687932002 
	-25.545050512803819 10.530153100699946 -0.13388089127600367 1 
	-25.545050512803819 10.530153100699946 0 1 
	-24.453473116573171 13.036853005848167 0 1 
	-24.453473116573171 13.036853005848167 0.13388089127600367 1 
	-24.38413077295424 13.00249101669626 0.51181000000000054 0.68211091687932002 
	-23.601151518134671 12.614492526085945 0.51181000000000054 0.68211091687932002 
	-23.531809174511039 12.580130536934041 0.13388089127600372 1 
	-23.531809174511039 12.580130536934041 -0.13388089127600361 1 
	-23.601151518134671 12.614492526085945 -0.51181000000000054 0.68211091687932002 
	-24.38413077295424 13.00249101669626 -0.51181000000000054 0.68211091687932002 
	-24.453473116573171 13.036853005848167 -0.13388089127600367 1 
	-24.453473116573171 13.036853005848167 0 1 
	-21.573521000589519 17.643592787098623 0 1 
	-21.573521000589519 17.643592787098623 0.13388089127600367 1 
	-21.51225894808271 17.59630570818851 0.51181000000000054 0.68211091687932002 
	-20.820518321586984 17.062363532682156 0.51181000000000054 0.68211091687932002 
	-20.759256269084904 17.015076453772057 0.13388089127600372 1 
	-20.759256269084904 17.015076453772057 -0.13388089127600361 1 
	-20.820518321586984 17.062363532682156 -0.51181000000000054 0.68211091687932002 
	-21.51225894808271 17.59630570818851 -0.51181000000000054 0.68211091687932002 
	-21.573521000589519 17.643592787098623 -0.13388089127600367 1 
	-21.573521000589519 17.643592787098623 0 1 
	-19.785440005112413 19.743013643558005 0 1 
	-19.785440005112413 19.743013643558005 0.13388089127600367 1 
	-19.729071581629267 19.689988120959558 0.51181000000000054 0.68211091687932002 
	-19.092587380024145 19.091250293547745 0.51181000000000054 0.68211091687932002 
	-19.036218956541006 19.038224770954056 0.13388089127600372 1 
	-19.036218956541006 19.038224770954056 -0.13388089127600361 1 
	-19.092587380024145 19.091250293547745 -0.51181000000000054 0.68211091687932002 
	-19.729071581629267 19.689988120959558 -0.51181000000000054 0.68211091687932002 
	-19.785440005112413 19.743013643558005 -0.13388089127600367 1 
	-19.785440005112413 19.743013643558005 0 1 
	-15.656121948577725 23.345084390166509 0 1 
	-15.656121948577725 23.345084390166509 0.13388089127600367 1 
	-15.611240167185858 23.282038923213165 0.51181000000000054 0.68211091687932002 
	-15.104457414953716 22.570160867747823 0.51181000000000054 0.68211091687932002 
	-15.059575633561854 22.507115400789729 0.13388089127600372 1 
	-15.059575633561854 22.507115400789729 -0.13388089127600361 1 
	-15.104457414953716 22.570160867747823 -0.51181000000000054 0.68211091687932002 
	-15.611240167185858 23.282038923213165 -0.51181000000000054 0.68211091687932002 
	-15.656121948577725 23.345084390166509 -0.13388089127600367 1 
	-15.656121948577725 23.345084390166509 0 1 
	-13.315350165718456 24.847223469353427 0 1 
	-13.315350165718456 24.847223469353427 0.13388089127600367 1 
	-13.276817993009411 24.780108827009006 0.51181000000000054 0.68211091687932002 
	-12.841731863851752 24.022283666927841 0.51181000000000054 0.68211091687932002 
	-12.80319969114511 23.955169024583423 0.13388089127600372 1 
	-12.80319969114511 23.955169024583423 -0.13388089127600361 1 
	-12.841731863851752 24.022283666927841 -0.51181000000000054 0.68211091687932002 
	-13.276817993009411 24.780108827009006 -0.51181000000000054 0.68211091687932002 
	-13.315350165718456 24.847223469353427 -0.13388089127600367 1 
	-13.315350165718456 24.847223469353427 0 1 
	-8.275036425785105 27.113453058203167 0 1 
	-8.275036425785105 27.113453058203167 0.13388089127600367 1 
	-8.2504062542380829 27.040087819885471 0.51181000000000054 0.68211091687932002 
	-7.972294607608581 26.211684039114012 0.51181000000000054 0.68211091687932002 
	-7.9476644360591662 26.138318800796327 0.13388089127600372 1 
	-7.9476644360591662 26.138318800796327 -0.13388089127600361 1 
	-7.972294607608581 26.211684039114012 -0.51181000000000054 0.68211091687932002 
	-8.2504062542380829 27.040087819885471 -0.51181000000000054 0.68211091687932002 
	-8.275036425785105 27.113453058203167 -0.13388089127600367 1 
	-8.275036425785105 27.113453058203167 0 1 
	-5.5760933851811965 27.87718757441494 0 1 
	-5.5760933851811965 27.87718757441494 0.13388089127600367 1 
	-5.5587210267865057 27.80177336425059 0.51181000000000054 0.68211091687932002 
	-5.3625609964226175 26.950233612384825 0.51181000000000054 0.68211091687932002 
	-5.3451886380279285 26.874819402220485 0.13388089127600372 1 
	-5.3451886380279285 26.874819402220485 -0.13388089127600361 1 
	-5.3625609964226175 26.950233612384825 -0.51181000000000054 0.68211091687932002 
	-5.5587210267865057 27.80177336425059 -0.51181000000000054 0.68211091687932002 
	-5.5760933851811965 27.87718757441494 -0.13388089127600367 1 
	-5.5760933851811965 27.87718757441494 0 1 
	-0.048436658227747703 28.587342714772586 0 1 
	-0.048436658227747703 28.587342714772586 0.13388089127600367 1 
	-0.046182395442424098 28.509986265634108 0.51181000000000054 0.68211091687932002 
	-0.020728381288660603 27.636515717397664 0.51181000000000054 0.68211091687932002 
	-0.018474118503337446 27.559159268259197 0.13388089127600372 1 
	-0.018474118503337446 27.559159268259197 -0.13388089127600361 1 
	-0.020728381288660603 27.636515717397664 -0.51181000000000054 0.68211091687932002 
	-0.046182395442424098 28.509986265634108 -0.51181000000000054 0.68211091687932002 
	-0.048436658227747703 28.587342714772586 -0.13388089127600367 1 
	-0.048436658227747703 28.587342714772586 0 1 
	2.7795947506269076 28.533595951609826 0 1 
	2.7795947506269076 28.533595951609826 0.13388089127600367 1 
	2.7743090714536551 28.456387390248487 0.51181000000000054 0.68211091687932002 
	2.7146258111961945 27.584586717184845 0.51181000000000054 0.68211091687932002 
	2.7093401320229438 27.507378155818635 0.13388089127600372 1 
	2.7093401320229438 27.507378155818635 -0.13388089127600361 1 
	2.7146258111961945 27.584586717184845 -0.51181000000000054 0.68211091687932002 
	2.7743090714536551 28.456387390248487 -0.51181000000000054 0.68211091687932002 
	2.7795947506269076 28.533595951609826 -0.13388089127600367 1 
	2.7795947506269076 28.533595951609826 0 1 
	8.321247018293672 27.599507291931005 0 1 
	8.321247018293672 27.599507291931005 0.13388089127600367 1 
	8.3009312257811363 27.524832202920461 0.51181000000000054 0.68211091687932002 
	8.0715354013681715 26.681638239551589 0.51181000000000054 0.68211091687932002 
	8.0512196088556394 26.606963150545933 0.13388089127600372 1 
	8.0512196088556394 26.606963150545933 -0.13388089127600361 1 
	8.0715354013681715 26.681638239551589 -0.51181000000000054 0.68211091687932002 
	8.3009312257811363 27.524832202920461 -0.51181000000000054 0.68211091687932002 
	8.321247018293672 27.599507291931005 -0.13388089127600367 1 
	8.321247018293672 27.599507291931005 0 1 
	11.0341606596599 26.71920440306025 0 1 
	11.0341606596599 26.71920440306025 0.13388089127600367 1 
	11.006673164702221 26.646861217945197 0.51181000000000054 0.68211091687932002 
	10.696298043307348 25.829997953555534 0.51181000000000054 0.68211091687932002 
	10.668810548349672 25.757654768440482 0.13388089127600372 1 
	10.668810548349672 25.757654768440482 -0.13388089127600361 1 
	10.696298043307348 25.829997953555534 -0.51181000000000054 0.68211091687932002 
	11.006673164702221 26.646861217945197 -0.51181000000000054 0.68211091687932002 
	11.0341606596599 26.71920440306025 -0.13388089127600367 1 
	11.0341606596599 26.71920440306025 0 1 
	16.107298920018426 24.194685808542609 0 1 
	16.107298920018426 24.194685808542609 0.13388089127600367 1 
	16.066165694914414 24.129133107638619 0.51181000000000054 0.68211091687932002 
	15.60170977580036 23.388944613463369 0.51181000000000054 0.68211091687932002 
	15.560576550696352 23.323391912559387 0.13388089127600372 1 
	15.560576550696352 23.323391912559387 -0.13388089127600361 1 
	15.60170977580036 23.388944613463369 -0.51181000000000054 0.68211091687932002 
	16.066165694914414 24.129133107638619 -0.51181000000000054 0.68211091687932002 
	16.107298920018426 24.194685808542609 -0.13388089127600367 1 
	16.107298920018426 24.194685808542609 0 1 
	18.466852944245488 22.550715472021295 0 1 
	18.466852944245488 22.550715472021295 0.13388089127600367 1 
	18.419534820614441 22.489477473322186 0.51181000000000054 0.68211091687932002 
	17.885242103628997 21.798008450413349 0.51181000000000054 0.68211091687932002 
	17.837923980002913 21.736770451704338 0.13388089127600372 1 
	17.837923980002913 21.736770451704338 -0.13388089127600361 1 
	17.885242103628997 21.798008450413349 -0.51181000000000054 0.68211091687932002 
	18.419534820614441 22.489477473322186 -0.51181000000000054 0.68211091687932002 
	18.466852944245488 22.550715472021295 -0.13388089127600367 1 
	18.466852944245488 22.550715472021295 0 1 
	22.621812465358428 18.629222901450291 0 1 
	22.621812465358428 18.629222901450291 0.13388089127600367 1 
	22.563409907329838 18.578446543604425 0.51181000000000054 0.68211091687932002 
	21.90395727014225 18.005105165869537 0.51181000000000054 0.68211091687932002 
	21.845554712108711 17.954328808033587 0.13388089127600372 1 
	21.845554712108711 17.954328808033587 -0.13388089127600361 1 
	21.90395727014225 18.005105165869537 -0.51181000000000054 0.68211091687932002 
	22.563409907329838 18.578446543604425 -0.51181000000000054 0.68211091687932002 
	22.621812465358428 18.629222901450291 -0.13388089127600367 1 
	22.621812465358428 18.629222901450291 0 1 
	24.416643336003808 16.352134258747245 0 1 
	24.416643336003808 16.352134258747245 0.13388089127600367 1 
	24.353576096807522 16.307283180922294 0.51181000000000054 0.68211091687932002 
	23.641452200068716 15.800847118030058 0.51181000000000054 0.68211091687932002 
	23.578384960872445 15.755996040202611 0.13388089127600372 1 
	23.578384960872445 15.755996040202611 -0.13388089127600361 1 
	23.641452200068716 15.800847118030058 -0.51181000000000054 0.68211091687932002 
	24.353576096807522 16.307283180922294 -0.51181000000000054 0.68211091687932002 
	24.416643336003808 16.352134258747245 -0.13388089127600367 1 
	24.416643336003808 16.352134258747245 0 1 
	27.276428725074499 11.352168359967107 0 1 
	27.276428725074499 11.352168359967107 0.13388089127600367 1 
	27.205794276974498 11.320547629804448 0.51181000000000054 0.68211091687932002 
	26.408225221024381 10.963502072285683 0.51181000000000054 0.68211091687932002 
	26.337590772924401 10.931881342125529 0.13388089127600372 1 
	26.337590772924401 10.931881342125529 -0.13388089127600361 1 
	26.408225221024381 10.963502072285683 -0.51181000000000054 0.68211091687932002 
	27.205794276974498 11.320547629804448 -0.51181000000000054 0.68211091687932002 
	27.276428725074499 11.352168359967107 -0.13388089127600367 1 
	27.276428725074499 11.352168359967107 0 1 
	28.340956466712722 8.6298779768742815 0 1 
	28.340956466712722 8.6298779768742815 0.13388089127600367 1 
	28.26757982001531 8.6052819989371336 0.51181000000000054 0.68211091687932002 
	27.439047221475132 8.3275564495591077 0.51181000000000054 0.68211091687932002 
	27.365670574777724 8.3029604716219598 0.13388089127600372 1 
	27.365670574777724 8.3029604716219598 -0.13388089127600361 1 
	27.439047221475132 8.3275564495591077 -0.51181000000000054 0.68211091687932002 
	28.26757982001531 8.6052819989371336 -0.51181000000000054 0.68211091687932002 
	28.340956466712722 8.6298779768742815 -0.13388089127600367 1 
	28.340956466712722 8.6298779768742815 0 1 
	29.635359432034427 2.9692098644455958 0 1 
	29.635359432034427 2.9692098644455958 0.13388089127600367 1 
	29.558585324127794 2.959471755900053 0.51181000000000054 0.68211091687932002 
	28.691690283341824 2.8495138777303648 0.51181000000000054 0.68211091687932002 
	28.614916175435201 2.8397757691848251 0.13388089127600372 1 
	28.614916175435201 2.8397757691848251 -0.13388089127600361 1 
	28.691690283341824 2.8495138777303648 -0.51181000000000054 0.68211091687932002 
	29.558585324127794 2.959471755900053 -0.51181000000000054 0.68211091687932002 
	29.635359432034427 2.9692098644455958 -0.13388089127600367 1 
	29.635359432034427 2.9692098644455958 0 1 
	29.864995470175391 0.031523350283110554 0 1 
	29.864995470175391 0.031523350283110554 0.13388089127600367 1 
	29.787638081540855 0.029303567165810899 0.51181000000000054 0.68211091687932002 
	28.914156924911651 0.0042388802771278246 0.51181000000000054 0.68211091687932002 
	28.836799536266973 0.0020190971610966821 0.13388089127600372 1 
	28.836799536266973 0.0020190971610966821 -0.13388089127600361 1 
	28.914156924911651 0.0042388802771278246 -0.51181000000000054 0.68211091687932002 
	29.787638081540855 0.029303567165810899 -0.51181000000000054 0.68211091687932002 
	29.864995470175391 0.031523350283110554 -0.13388089127600367 1 
	29.864995470175391 0.031523350283110554 0 1 
	29.455925425202381 -5.8076792893265434 0 1 
	29.455925425202381 -5.8076792893265434 0.13388089127600367 1 
	29.379633188069825 -5.7946951620862146 0.51181000000000054 0.68211091687932002 
	28.518179192460888 -5.6480848553068919 0.51181000000000054 0.68211091687932002 
	28.441886955338504 -5.6351007280678367 0.13388089127600372 1 
	28.441886955338504 -5.6351007280678367 -0.13388089127600361 1 
	28.518179192460888 -5.6480848553068919 -0.51181000000000054 0.68211091687932002 
	29.379633188069825 -5.7946951620862146 -0.51181000000000054 0.68211091687932002 
	29.455925425202381 -5.8076792893265434 -0.13388089127600367 1 
	29.455925425202381 -5.8076792893265434 0 1 
	28.817191670657664 -8.708458719159891 0 1 
	28.817191670657664 -8.708458719159891 0.13388089127600367 1 
	28.742525299299707 -8.6881111237689641 0.51181000000000054 0.68211091687932002 
	27.899429771333693 -8.4583561970471042 0.51181000000000054 0.68211091687932002 
	27.824763399970628 -8.4380086016587406 0.13388089127600372 1 
	27.824763399970628 -8.4380086016587406 -0.13388089127600361 1 
	27.899429771333693 -8.4583561970471042 -0.51181000000000054 0.68211091687932002 
	28.742525299299707 -8.6881111237689641 -0.51181000000000054 0.68211091687932002 
	28.817191670657664 -8.708458719159891 -0.13388089127600367 1 
	28.817191670657664 -8.708458719159891 0 1 
	26.712860281524069 -14.220696978044682 0 1 
	26.712860281524069 -14.220696978044682 0.13388089127600367 1 
	26.643629655223048 -14.186110679822487 0.51181000000000054 0.68211091687932002 
	25.861911856806309 -13.795579402768077 0.51181000000000054 0.68211091687932002 
	25.792681230510407 -13.760993104543324 0.13388089127600372 1 
	25.792681230510407 -13.760993104543324 -0.13388089127600361 1 
	25.861911856806309 -13.795579402768077 -0.51181000000000054 0.68211091687932002 
	26.643629655223048 -14.186110679822487 -0.51181000000000054 0.68211091687932002 
	26.712860281524069 -14.220696978044682 -0.13388089127600367 1 
	26.712860281524069 -14.220696978044682 0 1 
	25.247452246936923 -16.831437403182527 0 1 
	25.247452246936923 -16.831437403182527 0.13388089127600367 1 
	25.181916338400406 -16.790277531818944 0.51181000000000054 0.68211091687932002 
	24.441917455317252 -16.325520736436282 0.51181000000000054 0.68211091687932002 
	24.376381546780738 -16.284360865083013 0.13388089127600372 1 
	24.376381546780738 -16.284360865083013 -0.13388089127600361 1 
	24.441917455317252 -16.325520736436282 -0.51181000000000054 0.68211091687932002 
	25.181916338400406 -16.790277531818944 -0.51181000000000054 0.68211091687932002 
	25.247452246936923 -16.831437403182527 -0.13388089127600367 1 
	25.247452246936923 -16.831437403182527 0 1 
	21.603992949900242 -21.531640932402748 0 1 
	21.603992949900242 -21.531640932402748 0.13388089127600367 1 
	21.54779444353338 -21.478435498537678 0.51181000000000054 0.68211091687932002 
	20.913228861531806 -20.877666202492964 0.51181000000000054 0.68211091687932002 
	20.857030355164955 -20.82446076861758 0.13388089127600372 1 
	20.857030355164955 -20.82446076861758 -0.13388089127600361 1 
	20.913228861531806 -20.877666202492964 -0.51181000000000054 0.68211091687932002 
	21.54779444353338 -21.478435498537678 -0.51181000000000054 0.68211091687932002 
	21.603992949900242 -21.531640932402748 -0.13388089127600367 1 
	21.603992949900242 -21.531640932402748 0 1 
	19.426335364311011 -23.620467086502675 0 1 
	19.426335364311011 -23.620467086502675 0.13388089127600367 1 
	19.375581724049081 -23.562044855995733 0.51181000000000054 0.68211091687932002 
	18.802496861903375 -22.902370087069961 0.51181000000000054 0.68211091687932002 
	18.751743221641448 -22.843947856563034 0.13388089127600372 1 
	18.751743221641448 -22.843947856563034 -0.13388089127600361 1 
	18.802496861903375 -22.902370087069961 -0.51181000000000054 0.68211091687932002 
	19.375581724049081 -23.562044855995733 -0.51181000000000054 0.68211091687932002 
	19.426335364311011 -23.620467086502675 -0.13388089127600367 1 
	19.426335364311011 -23.620467086502675 0 1 
	14.536518007641861 -27.0866602329438 0 1 
	14.536518007641861 -27.0866602329438 0.13388089127600367 1 
	14.498198042722024 -27.019424310262469 0.51181000000000054 0.68211091687932002 
	14.065508058395331 -26.260229712971036 0.51181000000000054 0.68211091687932002 
	14.0271880934755 -26.192993790289705 0.13388089127600372 1 
	14.0271880934755 -26.192993790289705 -0.13388089127600361 1 
	14.065508058395331 -26.260229712971036 -0.51181000000000054 0.68211091687932002 
	14.498198042722024 -27.019424310262469 -0.51181000000000054 0.68211091687932002 
	14.536518007641861 -27.0866602329438 -0.13388089127600367 1 
	14.536518007641861 -27.0866602329438 0 1 
	11.824924710275967 -28.463528730660077 0 1 
	11.824924710275967 -28.463528730660077 0.13388089127600367 1 
	11.793330144809559 -28.392882632542477 0.51181000000000054 0.68211091687932002 
	11.436580025988542 -27.595182030377291 0.51181000000000054 0.68211091687932002 
	11.404985460519518 -27.524535932259699 0.13388089127600372 1 
	11.404985460519518 -27.524535932259699 -0.13388089127600361 1 
	11.436580025988542 -27.595182030377291 -0.51181000000000054 0.68211091687932002 
	11.793330144809559 -28.392882632542477 -0.51181000000000054 0.68211091687932002 
	11.824924710275967 -28.463528730660077 -0.13388089127600367 1 
	11.824924710275967 -28.463528730660077 0 1 
	6.0947511258541951 -30.374651815216556 0 1 
	6.0947511258541951 -30.374651815216556 0.13388089127600367 1 
	6.0776141563180968 -30.299183861651699 0.51181000000000054 0.68211091687932002 
	5.8841120198779402 -29.447037266114567 0.51181000000000054 0.68211091687932002 
	5.8669750503444611 -29.37156931254972 0.13388089127600372 1 
	5.8669750503444611 -29.37156931254972 -0.13388089127600361 1 
	5.8841120198779402 -29.447037266114567 -0.51181000000000054 0.68211091687932002 
	6.0776141563180968 -30.299183861651699 -0.51181000000000054 0.68211091687932002 
	6.0947511258541951 -30.374651815216556 -0.13388089127600367 1 
	6.0947511258541951 -30.374651815216556 0 1 
	3.0768632117768457 -30.908592109541715 0 1 
	3.0768632117768457 -30.908592109541715 0.13388089127600367 1 
	3.0671521573469227 -30.831814626333049 0.51181000000000054 0.68211091687932002 
	2.9574997607874631 -29.964881473436289 0.51181000000000054 0.68211091687932002 
	2.947788706357541 -29.888103990227638 0.13388089127600372 1 
	2.947788706357541 -29.888103990227638 -0.13388089127600361 1 
	2.9574997607875462 -29.964881473436289 -0.51181000000000054 0.68211091687932002 
	3.0671521573470057 -30.831814626333049 -0.51181000000000054 0.68211091687932002 
	3.0768632117768457 -30.908592109541715 -0.13388089127600367 1 
	3.0768632117768457 -30.908592109541715 0 1 
	-3.0080964753449733 -31.07409315939417 0 1 
	-3.0080964753449733 -31.07409315939417 0.13388089127600367 1 
	-3.0025728412233645 -30.996901346592466 0.51181000000000054 0.68211091687932002 
	-2.9402027120551955 -30.125289789860943 0.51181000000000054 0.68211091687932002 
	-2.9346790779335876 -30.048097977059246 0.13388089127600372 1 
	-2.9346790779335876 -30.048097977059246 -0.13388089127600361 1 
	-2.9402027120552781 -30.125289789860943 -0.51181000000000054 0.68211091687932002 
	-3.002572841223448 -30.996901346592466 -0.51181000000000054 0.68211091687932002 
	-3.0080964753449733 -31.07409315939417 -0.13388089127600367 1 
	-3.0080964753449733 -31.07409315939417 0 1 
	-6.0744086149706717 -30.705554134234156 0 1 
	-6.0744086149706717 -30.705554134234156 0.13388089127600367 1 
	-6.0613989455910078 -30.629266299072928 0.51181000000000054 0.68211091687932002 
	-5.914500229667361 -29.767862008246436 0.51181000000000054 0.68211091687932002 
	-5.9014905602850343 -29.691574173085218 0.13388089127600372 1 
	-5.9014905602850343 -29.691574173085218 -0.13388089127600361 1 
	-5.914500229667361 -29.767862008246436 -0.51181000000000054 0.68211091687932002 
	-6.0613989455910078 -30.629266299072928 -0.51181000000000054 0.68211091687932002 
	-6.0744086149706717 -30.705554134234156 -0.13388089127600367 1 
	-6.0744086149706717 -30.705554134234156 0 1 
	-11.990151878380946 -29.08403538024471 0 1 
	-11.990151878380946 -29.08403538024471 0.13388089127600367 1 
	-11.962444201619066 -29.011776332820155 0.51181000000000054 0.68211091687932002 
	-11.649582896819343 -28.195863109420237 0.51181000000000054 0.68211091687932002 
	-11.621875220060128 -28.123604061995689 0.13388089127600372 1 
	-11.621875220060128 -28.123604061995689 -0.13388089127600361 1 
	-11.649582896819343 -28.195863109420237 -0.51181000000000054 0.68211091687932002 
	-11.962444201619066 -29.011776332820155 -0.51181000000000054 0.68211091687932002 
	-11.990151878380946 -29.08403538024471 -0.13388089127600367 1 
	-11.990151878380946 -29.08403538024471 0 1 
	-14.838821523518614 -27.831182365840277 0 1 
	-14.838821523518614 -27.831182365840277 0.13388089127600367 1 
	-14.804213238122642 -27.761962782725284 0.51181000000000054 0.68211091687932002 
	-14.413433692814939 -26.980369678363935 0.51181000000000054 0.68211091687932002 
	-14.378825407413615 -26.91115009523287 0.13388089127600372 1 
	-14.378825407413615 -26.91115009523287 -0.13388089127600361 1 
	-14.413433692814939 -26.980369678363935 -0.51181000000000054 0.68211091687932002 
	-14.804213238122642 -27.761962782725284 -0.51181000000000054 0.68211091687932002 
	-14.838821523518614 -27.831182365840277 -0.13388089127600367 1 
	-14.838821523518614 -27.831182365840277 0 1 
	-20.068037587618189 -24.536303093783658 0 1 
	-20.068037587618189 -24.536303093783658 0.13388089127600367 1 
	-20.020535403470447 -24.475207868092909 0.51181000000000054 0.68211091687932002 
	-19.484164366621112 -23.785350967122088 0.51181000000000054 0.68211091687932002 
	-19.436662182478742 -23.724255741447422 0.13388089127600372 1 
	-19.436662182478742 -23.724255741447422 -0.13388089127600361 1 
	-19.484164366621112 -23.785350967122088 -0.51181000000000054 0.68211091687932002 
	-20.020535403470447 -24.475207868092909 -0.51181000000000054 0.68211091687932002 
	-20.068037587618189 -24.536303093783658 -0.13388089127600367 1 
	-20.068037587618189 -24.536303093783658 0 1 
	-22.447887241117172 -22.494622378548705 0 1 
	-22.447887241117172 -22.494622378548705 0.13388089127600367 1 
	-22.394664907366625 -22.438439942342139 0.51181000000000054 0.68211091687932002 
	-21.793704786243534 -21.804055816712854 0.51181000000000054 0.68211091687932002 
	-21.740482452492994 -21.747873380527896 0.13388089127600372 1 
	-21.740482452492994 -21.747873380527896 -0.13388089127600361 1 
	-21.793704786243534 -21.804055816712854 -0.51181000000000054 0.68211091687932002 
	-22.394664907366625 -22.438439942342139 -0.51181000000000054 0.68211091687932002 
	-22.447887241117172 -22.494622378548705 -0.13388089127600367 1 
	-22.447887241117172 -22.494622378548705 0 1 
	-26.525183655240255 -17.787548463088708 0 1 
	-26.525183655240255 -17.787548463088708 0.13388089127600367 1 
	-26.46198332699376 -17.742885262918243 0.51181000000000054 0.68211091687932002 
	-25.748356654902118 -17.238570620966026 0.51181000000000054 0.68211091687932002 
	-25.68515632665564 -17.193907420773964 0.13388089127600372 1 
	-25.68515632665564 -17.193907420773964 -0.13388089127600361 1 
	-25.748356654902118 -17.238570620966026 -0.51181000000000054 0.68211091687932002 
	-26.46198332699376 -17.742885262918243 -0.51181000000000054 0.68211091687932002 
	-26.525183655240255 -17.787548463088708 -0.13388089127600367 1 
	-26.525183655240255 -17.787548463088708 0 1 
	-28.222060248838289 -15.122692696434271 0 1 
	-28.222060248838289 -15.122692696434271 0.13388089127600367 1 
	-28.154813443087214 -15.084391927107434 0.51181000000000054 0.68211091687932002 
	-27.395495959689725 -14.651918689859514 0.51181000000000054 0.68211091687932002 
	-27.328249153949532 -14.613617920538127 0.13388089127600372 1 
	-27.328249153949532 -14.613617920538127 -0.13388089127600361 1 
	-27.395495959689725 -14.651918689859514 -0.51181000000000054 0.68211091687932002 
	-28.154813443087214 -15.084391927107434 -0.51181000000000054 0.68211091687932002 
	-28.222060248838289 -15.122692696434271 -0.13388089127600367 1 
	-28.222060248838289 -15.122692696434271 0 1 
	-30.775338774414045 -9.391550341369209 0 1 
	-30.775338774414045 -9.391550341369209 0.13388089127600367 1 
	-30.70189018593118 -9.3671702950973472 0.51181000000000054 0.68211091687932002 
	-29.872545256414568 -9.0918829386554556 0.51181000000000054 0.68211091687932002 
	-29.799096667920821 -9.0675028923781564 0.13388089127600372 1 
	-29.799096667920821 -9.0675028923781564 -0.13388089127600361 1 
	-29.872545256414568 -9.0918829386554556 -0.51181000000000054 0.68211091687932002 
	-30.70189018593118 -9.3671702950973472 -0.51181000000000054 0.68211091687932002 
	-30.775338774414045 -9.391550341369209 -0.13388089127600367 1 
	-30.775338774414045 -9.391550341369209 0 1 
	-31.631348858415322 -6.3259489479879845 0 1 
	-31.631348858415322 -6.3259489479879845 0.13388089127600367 1 
	-31.555876337192132 -6.308832311508672 0.51181000000000054 0.68211091687932002 
	-30.703678165803964 -6.1155597658265206 0.51181000000000054 0.68211091687932002 
	-30.628205644569825 -6.0984431293472099 0.13388089127600372 1 
	-30.628205644569825 -6.0984431293472099 -0.13388089127600361 1 
	-30.703678165803964 -6.1155597658265206 -0.51181000000000054 0.68211091687932002 
	-31.555876337192132 -6.308832311508672 -0.51181000000000054 0.68211091687932002 
	-31.631348858415322 -6.3259489479879845 -0.13388089127600367 1 
	-31.631348858415322 -6.3259489479879845 0 1 
	-32.415655743110221 -0.053884546183730758 0 1 
	-32.415655743110221 -0.053884546183730758 0.13388089127600367 1 
	-32.338292306636269 -0.051889703453882663 0.51181000000000054 0.68211091687932002 
	-31.464742860931615 -0.029364931533033042 0.51181000000000054 0.68211091687932002 
	-31.387379424468634 -0.027370088803184076 0.13388089127600372 1 
	-31.387379424468634 -0.027370088803184076 -0.13388089127600361 1 
	-31.464742860931615 -0.029364931533033042 -0.51181000000000054 0.68211091687932002 
	-32.338292306636269 -0.051889703453882663 -0.51181000000000054 0.68211091687932002 
	-32.415655743110221 -0.053884546183730758 -0.13388089127600367 1 
	-32.415655743110221 -0.053884546183730758 0 1 
	-32.343775891177714 3.1518032132981846 0 1 
	-32.343775891177714 3.1518032132981846 0.13388089127600367 1 
	-32.266585527045152 3.1462599916623808 0.51181000000000054 0.68211091687932002 
	-31.394990328001207 3.0836686900244517 0.51181000000000054 0.68211091687932002 
	-31.317799963857613 3.0781254683886483 0.13388089127600372 1 
	-31.317799963857613 3.0781254683886483 -0.13388089127600361 1 
	-31.394990328001207 3.0836686900244517 -0.51181000000000054 0.68211091687932002 
	-32.266585527045152 3.1462599916623808 -0.51181000000000054 0.68211091687932002 
	-32.343775891177714 3.1518032132981846 -0.13388089127600367 1 
	-32.343775891177714 3.1518032132981846 0 1 
	-31.264555884926569 9.427334326417057 0 1 
	-31.264555884926569 9.427334326417057 0.13388089127600367 1 
	-31.189948398382612 9.4067721629233638 0.51181000000000054 0.68211091687932002 
	-30.347517768479367 9.1745944399198844 0.51181000000000054 0.68211091687932002 
	-30.272910281946469 9.154032276426193 0.13388089127600372 1 
	-30.272910281946469 9.154032276426193 -0.13388089127600361 1 
	-30.347517768479367 9.1745944399198844 -0.51181000000000054 0.68211091687932002 
	-31.189948398382612 9.4067721629233638 -0.51181000000000054 0.68211091687932002 
	-31.264555884926569 9.427334326417057 -0.13388089127600367 1 
	-31.264555884926569 9.427334326417057 0 1 
	-30.257272860169955 12.496378804942012 0 1 
	-30.257272860169955 12.496378804942012 0.13388089127600367 1 
	-30.185020467792356 12.468653899950731 0.51181000000000054 0.68211091687932002 
	-29.369182389800628 12.155598062511224 0.51181000000000054 0.68211091687932002 
	-29.296929997423046 12.127873157517165 0.13388089127600372 1 
	-29.296929997423046 12.127873157517165 -0.13388089127600361 1 
	-29.369182389800628 12.155598062511224 -0.51181000000000054 0.68211091687932002 
	-30.185020467792356 12.468653899950731 -0.51181000000000054 0.68211091687932002 
	-30.257272860169955 12.496378804942012 -0.13388089127600367 1 
	-30.257272860169955 12.496378804942012 0 1 
	-27.380838442347457 18.229665927930498 0 1 
	-27.380838442347457 18.229665927930498 0.13388089127600367 1 
	-27.315419891436473 18.188319927492653 0.51181000000000054 0.68211091687932002 
	-26.576746152294337 17.721461455166427 0.51181000000000054 0.68211091687932002 
	-26.511327601383368 17.680115454731375 0.13388089127600372 1 
	-26.511327601383368 17.680115454731375 -0.13388089127600361 1 
	-26.576746152294337 17.721461455166427 -0.51181000000000054 0.68211091687932002 
	-27.315419891436473 18.188319927492653 -0.51181000000000054 0.68211091687932002 
	-27.380838442347457 18.229665927930498 -0.13388089127600367 1 
	-27.380838442347457 18.229665927930498 0 1 
	-25.511976366847595 20.8931555272876 0 1 
	-25.511976366847595 20.8931555272876 0.13388089127600367 1 
	-25.450891809078485 20.845639694928256 0.51181000000000054 0.68211091687932002 
	-24.761155364834128 20.309114549113811 0.51181000000000054 0.68211091687932002 
	-24.700070807065025 20.261598716743272 0.13388089127600372 1 
	-24.700070807065025 20.261598716743272 -0.13388089127600361 1 
	-24.761155364834128 20.309114549113811 -0.51181000000000054 0.68211091687932002 
	-25.450891809078485 20.845639694928256 -0.51181000000000054 0.68211091687932002 
	-25.511976366847595 20.8931555272876 -0.13388089127600367 1 
	-25.511976366847595 20.8931555272876 0 1 
	-21.062090250615093 25.57768235143859 0 1 
	-21.062090250615093 25.57768235143859 0.13388089127600367 1 
	-21.011501151906156 25.519117681104984 0.51181000000000054 0.68211091687932002 
	-20.440274211205956 24.857834552605308 0.51181000000000054 0.68211091687932002 
	-20.389685112497023 24.799269882282914 0.13388089127600372 1 
	-20.389685112497023 24.799269882282914 -0.13388089127600361 1 
	-20.440274211205956 24.857834552605308 -0.51181000000000054 0.68211091687932002 
	-21.011501151906156 25.519117681104984 -0.51181000000000054 0.68211091687932002 
	-21.062090250615093 25.57768235143859 -0.13388089127600367 1 
	-21.062090250615093 25.57768235143859 0 1 
	-18.481565791400403 27.598078807545761 0 1 
	-18.481565791400403 27.598078807545761 0.13388089127600367 1 
	-18.436915847397589 27.534869164222524 0.51181000000000054 0.68211091687932002 
	-17.932750887576344 26.821137310890229 0.51181000000000054 0.68211091687932002 
	-17.888100943570716 26.757927667561354 0.13388089127600372 1 
	-17.888100943570716 26.757927667561354 -0.13388089127600361 1 
	-17.932750887576344 26.821137310890229 -0.51181000000000054 0.68211091687932002 
	-18.436915847397589 27.534869164222524 -0.51181000000000054 0.68211091687932002 
	-18.481565791400403 27.598078807545761 -0.13388089127600367 1 
	-18.481565791400403 27.598078807545761 0 1 
	-12.822233521974461 30.811243959479139 0 1 
	-12.822233521974461 30.811243959479139 0.13388089127600367 1 
	-12.790835626976314 30.740510313362233 0.51181000000000054 0.68211091687932002 
	-12.436306213310946 29.941821162764519 0.51181000000000054 0.68211091687932002 
	-12.404908318315622 29.871087516653258 0.13388089127600372 1 
	-12.404908318315622 29.871087516653258 -0.13388089127600361 1 
	-12.436306213310946 29.941821162764519 -0.51181000000000054 0.68211091687932002 
	-12.790835626976314 30.740510313362233 -0.51181000000000054 0.68211091687932002 
	-12.822233521974461 30.811243959479139 -0.13388089127600367 1 
	-12.822233521974461 30.811243959479139 0 1 
	-9.744094933590727 32.003541740157118 0 1 
	-9.744094933590727 32.003541740157118 0.13388089127600367 1 
	-9.7197292365577663 31.930088433042521 0.51181000000000054 0.68211091687932002 
	-9.4446039046037935 31.100690223348042 0.51181000000000054 0.68211091687932002 
	-9.4202382075694135 31.027236916256204 0.13388089127600372 1 
	-9.4202382075694135 31.027236916256204 -0.13388089127600361 1 
	-9.4446039046037935 31.100690223348042 -0.51181000000000054 0.68211091687932002 
	-9.7197292365577663 31.930088433042521 -0.51181000000000054 0.68211091687932002 
	-9.744094933590727 32.003541740157118 -0.13388089127600367 1 
	-9.744094933590727 32.003541740157118 0 1 
	-3.3498718146489015 33.444704100288249 0 1 
	-3.3498718146489015 33.444704100288249 0.13388089127600367 1 
	-3.3403720966256363 33.367900253610301 0.51181000000000054 0.68211091687932002 
	-3.2331060056727376 32.500669417262749 0.51181000000000054 0.68211091687932002 
	-3.2236062876508953 32.423865570562072 0.13388089127600372 1 
	-3.2236062876508953 32.423865570562072 -0.13388089127600361 1 
	-3.2331060056727376 32.500669417262749 -0.51181000000000054 0.68211091687932002 
	-3.3403720966256363 33.367900253610301 -0.51181000000000054 0.68211091687932002 
	-3.3498718146489015 33.444704100288249 -0.13388089127600367 1 
	-3.3498718146489015 33.444704100288249 0 1 
	-0.03457011490182052 33.693311161076565 0 1 
	-0.03457011490182052 33.693311161076565 0.13388089127600367 1 
	-0.032589300797449851 33.615947403949491 0.51181000000000054 0.68211091687932002 
	-0.010222933139735022 32.742394337344443 0.51181000000000054 0.68211091687932002 
	-0.0082421190353630484 32.665030580205944 0.13388089127600372 1 
	-0.0082421190353630484 32.665030580205944 -0.13388089127600361 1 
	-0.010222933139735022 32.742394337344443 -0.51181000000000054 0.68211091687932002 
	-0.032589300797449851 33.615947403949491 -0.51181000000000054 0.68211091687932002 
	-0.03457011490182052 33.693311161076565 -0.13388089127600367 1 
	-0.03457011490182052 33.693311161076565 0 1 
	6.5492029024725209 33.211741322307148 0 1 
	6.5492029024725209 33.211741322307148 0.13388089127600367 1 
	6.5359855690733069 33.13548926242013 0.51181000000000054 0.68211091687932002 
	6.3867420143342946 32.274488928410328 0.51181000000000054 0.68211091687932002 
	6.373524680935085 32.198236868534771 0.13388089127600372 1 
	6.373524680935085 32.198236868534771 -0.13388089127600361 1 
	6.3867420143342946 32.274488928410328 -0.51181000000000054 0.68211091687932002 
	6.5359855690733069 33.13548926242013 -0.51181000000000054 0.68211091687932002 
	6.5492029024725209 33.211741322307148 -0.13388089127600367 1 
	6.5492029024725209 33.211741322307148 0 1 
	9.816844531963353 32.48154580228497 0 1 
	9.816844531963353 32.48154580228497 0.13388089127600367 1 
	9.7962698633470815 32.406941803715156 0.51181000000000054 0.68211091687932002 
	9.5639509386772339 31.564550558243745 0.51181000000000054 0.68211091687932002 
	9.5433762700580864 31.489946559685482 0.13388089127600372 1 
	9.5433762700580864 31.489946559685482 -0.13388089127600361 1 
	9.5639509386772339 31.564550558243745 -0.51181000000000054 0.68211091687932002 
	9.7962698633470815 32.406941803715156 -0.51181000000000054 0.68211091687932002 
	9.816844531963353 32.48154580228497 -0.13388089127600367 1 
	9.816844531963353 32.48154580228497 0 1 
	16.02054663888093 30.091699064325816 0 1 
	16.02054663888093 30.091699064325816 0.13388089127600367 1 
	15.985752001426736 30.02257304324753 0.51181000000000054 0.68211091687932002 
	15.592868261416465 29.242036394983963 0.51181000000000054 0.68211091687932002 
	15.558073623965152 29.172910373894162 0.13388089127600372 1 
	15.558073623965152 29.172910373894162 -0.13388089127600361 1 
	15.592868261416465 29.242036394983963 -0.51181000000000054 0.68211091687932002 
	15.985752001426736 30.02257304324753 -0.51181000000000054 0.68211091687932002 
	16.02054663888093 30.091699064325816 -0.13388089127600367 1 
	16.02054663888093 30.091699064325816 0 1 
	18.955802351468407 28.43227310195806 0 1 
	18.955802351468407 28.43227310195806 0.13388089127600367 1 
	18.914446266137233 28.366860971083309 0.51181000000000054 0.68211091687932002 
	18.447473920137977 27.628259723844948 0.51181000000000054 0.68211091687932002 
	18.406117834806814 27.562847592981811 0.13388089127600372 1 
	18.406117834806814 27.562847592981811 -0.13388089127600361 1 
	18.447473920137977 27.628259723844948 -0.51181000000000054 0.68211091687932002 
	18.914446266137233 28.366860971083309 -0.51181000000000054 0.68211091687932002 
	18.955802351468407 28.43227310195806 -0.13388089127600367 1 
	18.955802351468407 28.43227310195806 0 1 
	24.234814796655911 24.314871291194084 0 1 
	24.234814796655911 24.314871291194084 0.13388089127600367 1 
	24.181442881709746 24.258831025772089 0.51181000000000054 0.68211091687932002 
	23.578793764188529 23.626052221761885 0.51181000000000054 0.68211091687932002 
	23.52542184924237 23.57001195632829 0.13388089127600372 1 
	23.52542184924237 23.57001195632829 -0.13388089127600361 1 
	23.578793764188529 23.626052221761885 -0.51181000000000054 0.68211091687932002 
	24.181442881709746 24.258831025772089 -0.51181000000000054 0.68211091687932002 
	24.234814796655911 24.314871291194084 -0.13388089127600367 1 
	24.234814796655911 24.314871291194084 0 1 
	26.577862287351273 21.857348309176633 0 1 
	26.577862287351273 21.857348309176633 0.13388089127600367 1 
	26.519290488337887 21.806767521251864 0.51181000000000054 0.68211091687932002 
	25.857926866221721 21.235634421768125 0.51181000000000054 0.68211091687932002 
	25.799355067214204 21.185053633837505 0.13388089127600372 1 
	25.799355067214204 21.185053633837505 -0.13388089127600361 1 
	25.857926866221721 21.235634421768125 -0.51181000000000054 0.68211091687932002 
	26.519290488337887 21.806767521251864 -0.51181000000000054 0.68211091687932002 
	26.577862287351273 21.857348309176633 -0.13388089127600367 1 
	26.577862287351273 21.857348309176633 0 1 
	30.46036278251821 16.345976884942818 0 1 
	30.46036278251821 16.345976884942818 0.13388089127600367 1 
	30.393015178025646 16.307853769777193 0.51181000000000054 0.68211091687932002 
	29.632559525277532 15.877386514922625 0.51181000000000054 0.68211091687932002 
	29.565211920779124 15.839263399762855 0.13388089127600372 1 
	29.565211920779124 15.839263399762855 -0.13388089127600361 1 
	29.632559525277532 15.877386514922625 -0.51181000000000054 0.68211091687932002 
	30.393015178025646 16.307853769777193 -0.51181000000000054 0.68211091687932002 
	30.46036278251821 16.345976884942818 -0.13388089127600367 1 
	30.46036278251821 16.345976884942818 0 1 
	31.999265295149918 13.292772542521869 0 1 
	31.999265295149918 13.292772542521869 0.13388089127600367 1 
	31.92852764017977 13.261383770316051 0.51181000000000054 0.68211091687932002 
	31.129793223500084 12.906957366637258 0.51181000000000054 0.68211091687932002 
	31.059055568518168 12.875568594431449 0.13388089127600372 1 
	31.059055568518168 12.875568594431449 -0.13388089127600361 1 
	31.129793223500084 12.906957366637258 -0.51181000000000054 0.68211091687932002 
	31.92852764017977 13.261383770316051 -0.51181000000000054 0.68211091687932002 
	31.999265295149918 13.292772542521869 -0.13388089127600367 1 
	31.999265295149918 13.292772542521869 0 1 
	34.128342051874277 6.8469611556271142 0 1 
	34.128342051874277 6.8469611556271142 0.13388089127600367 1 
	34.052825129691115 6.8300417787846746 0.51181000000000054 0.68211091687932002 
	33.200125604945768 6.6389965908148918 0.51181000000000054 0.68211091687932002 
	33.124608682774394 6.6220772139724513 0.13388089127600372 1 
	33.124608682774394 6.6220772139724513 -0.13388089127600361 1 
	33.200125604945768 6.6389965908148918 -0.51181000000000054 0.68211091687932002 
	34.052825129691115 6.8300417787846746 -0.51181000000000054 0.68211091687932002 
	34.128342051874277 6.8469611556271142 -0.13388089127600367 1 
	34.128342051874277 6.8469611556271142 0 1 
	34.718174778883771 3.4551358616879875 0 1 
	34.718174778883771 3.4551358616879875 0.13388089127600367 1 
	34.641369863345801 3.4456450807252184 0.51181000000000054 0.68211091687932002 
	33.774126957927145 3.3384799025987695 0.51181000000000054 0.68211091687932002 
	33.697322042377316 3.3289891216360918 0.13388089127600372 1 
	33.697322042377316 3.3289891216360918 -0.13388089127600361 1 
	33.774126957927145 3.3384799025987695 -0.51181000000000054 0.68211091687932002 
	34.641369863345801 3.445645080725217 -0.51181000000000054 0.68211091687932002 
	34.718174778883771 3.4551358616879875 -0.13388089127600367 1 
	34.718174778883771 3.4551358616879875 0 1 
	34.884505800400014 -3.3779151157719185 0 1 
	34.884505800400014 -3.3779151157719185 0.13388089127600367 1 
	34.807330094788981 -3.3721722560106544 0.51181000000000054 0.68211091687932002 
	33.935900412746719 -3.3073267399585173 0.51181000000000054 0.68211091687932002 
	33.858724707147552 -3.3015838801973443 0.13388089127600372 1 
	33.858724707147552 -3.3015838801973443 -0.13388089127600361 1 
	33.935900412746719 -3.3073267399585173 -0.51181000000000054 0.68211091687932002 
	34.807330094788981 -3.3721722560106531 -0.51181000000000054 0.68211091687932002 
	34.884505800400014 -3.3779151157719185 -0.13388089127600367 1 
	34.884505800400014 -3.3779151157719185 0 1 
	34.460904206974718 -6.8182877340157155 0 1 
	34.460904206974718 -6.8182877340157155 0.13388089127600367 1 
	34.384653557993786 -6.8050624683798979 0.51181000000000054 0.68211091687932002 
	33.523669155217206 -6.6557293468225289 0.51181000000000054 0.68211091687932002 
	33.447418506248233 -6.6425040811897009 0.13388089127600372 1 
	33.447418506248233 -6.6425040811897009 -0.13388089127600361 1 
	33.523669155217206 -6.6557293468225289 -0.51181000000000054 0.68211091687932002 
	34.384653557993786 -6.8050624683798979 -0.51181000000000054 0.68211091687932002 
	34.460904206974718 -6.8182877340157155 -0.13388089127600367 1 
	34.460904206974718 -6.8182877340157155 0 1 
	32.623020247480952 -13.450150656006556 0 1 
	32.623020247480952 -13.450150656006556 0.13388089127600367 1 
	32.550839154264807 -13.42224082092401 0.51181000000000054 0.68211091687932002 
	31.735806150816156 -13.107096844858479 0.51181000000000054 0.68211091687932002 
	31.663625057588089 -13.079187009772951 0.13388089127600372 1 
	31.663625057588089 -13.079187009772951 -0.13388089127600361 1 
	31.735806150816156 -13.107096844858479 -0.51181000000000054 0.68211091687932002 
	32.550839154264807 -13.42224082092401 -0.51181000000000054 0.68211091687932002 
	32.623020247480952 -13.450150656006556 -0.13388089127600367 1 
	32.623020247480952 -13.450150656006556 0 1 
	31.208891615245612 -16.640790041279214 0 1 
	31.208891615245612 -16.640790041279214 0.13388089127600367 1 
	31.13976883170967 -16.605989048836292 0.51181000000000054 0.68211091687932002 
	30.359268740186586 -16.213033551355526 0.51181000000000054 0.68211091687932002 
	30.290145956650662 -16.178232558906601 0.13388089127600372 1 
	30.290145956650662 -16.178232558906601 -0.13388089127600361 1 
	30.359268740186586 -16.213033551355526 -0.51181000000000054 0.68211091687932002 
	31.13976883170967 -16.605989048836292 -0.51181000000000054 0.68211091687932002 
	31.208891615245612 -16.640790041279214 -0.13388089127600367 1 
	31.208891615245612 -16.640790041279214 0 1 
	27.499085186839505 -22.492482388047716 0 1 
	27.499085186839505 -22.492482388047716 0.13388089127600367 1 
	27.438121375292624 -22.444811831562994 0.51181000000000054 0.68211091687932002 
	26.749748337334282 -21.90653961807633 0.51181000000000054 0.68211091687932002 
	26.688784525787412 -21.858869061597623 0.13388089127600372 1 
	26.688784525787412 -21.858869061597623 -0.13388089127600361 1 
	26.749748337334282 -21.90653961807633 -0.51181000000000054 0.68211091687932002 
	27.438121375292624 -22.444811831562994 -0.51181000000000054 0.68211091687932002 
	27.499085186839505 -22.492482388047716 -0.13388089127600367 1 
	27.499085186839505 -22.492482388047716 0 1 
	25.203804752070901 -25.152760838824136 0 1 
	25.203804752070901 -25.152760838824136 0.13388089127600367 1 
	25.147768805229259 -25.099384438451491 0.51181000000000054 0.68211091687932002 
	24.515038764495376 -24.496684673722051 0.51181000000000054 0.68211091687932002 
	24.459002817647704 -24.443308273355456 0.13388089127600372 1 
	24.459002817647704 -24.443308273355456 -0.13388089127600361 1 
	24.515038764495376 -24.496684673722051 -0.51181000000000054 0.68211091687932002 
	25.147768805229259 -25.099384438451491 -0.51181000000000054 0.68211091687932002 
	25.203804752070901 -25.152760838824136 -0.13388089127600367 1 
	25.203804752070901 -25.152760838824136 0 1 
	19.918974977513798 -29.705282920166216 0 1 
	19.918974977513798 -29.705282920166216 0.13388089127600367 1 
	19.874483962944648 -29.64196138297234 0.51181000000000054 0.68211091687932002 
	19.372113555314058 -28.926966079672393 0.51181000000000054 0.68211091687932002 
	19.327622540750966 -28.863644542472482 0.13388089127600372 1 
	19.327622540750966 -28.863644542472482 -0.13388089127600361 1 
	19.372113555314058 -28.926966079672393 -0.51181000000000054 0.68211091687932002 
	19.874483962944648 -29.64196138297234 -0.51181000000000054 0.68211091687932002 
	19.918974977513798 -29.705282920166216 -0.13388089127600367 1 
	19.918974977513798 -29.705282920166216 0 1 
	16.930035227185773 -31.596897028451405 0 1 
	16.930035227185773 -31.596897028451405 0.13388089127600367 1 
	16.89191677467765 -31.529546822617139 0.51181000000000054 0.68211091687932002 
	16.461502168173961 -30.769061796839587 0.51181000000000054 0.68211091687932002 
	16.42338371565976 -30.701711590993153 0.13388089127600372 1 
	16.42338371565976 -30.701711590993153 -0.13388089127600361 1 
	16.461502168173961 -30.769061796839587 -0.51181000000000054 0.68211091687932002 
	16.89191677467765 -31.529546822617139 -0.51181000000000054 0.68211091687932002 
	16.930035227185773 -31.596897028451405 -0.13388089127600367 1 
	16.930035227185773 -31.596897028451405 0 1 
	10.508064256917624 -34.437224490496646 0 1 
	10.508064256917624 -34.437224490496646 0.13388089127600367 1 
	10.48388137387497 -34.363710853591336 0.51181000000000054 0.68211091687932002 
	10.210820286644998 -33.533631429712067 0.51181000000000054 0.68211091687932002 
	10.186637403608437 -33.460117792818977 0.13388089127600372 1 
	10.186637403608437 -33.460117792818977 -0.13388089127600361 1 
	10.210820286644998 -33.533631429712067 -0.51181000000000054 0.68211091687932002 
	10.48388137387497 -34.363710853591336 -0.51181000000000054 0.68211091687932002 
	10.508064256917624 -34.437224490496646 -0.13388089127600367 1 
	10.508064256917624 -34.437224490496646 0 1 
	7.0758045107966456 -35.385510142588394 0 1 
	7.0758045107966456 -35.385510142588394 0.13388089127600367 1 
	7.0588895026415521 -35.309992274780697 0.51181000000000054 0.68211091687932002 
	6.8678936437105289 -34.457282072594907 0.51181000000000054 0.68211091687932002 
	6.850978635555439 -34.381764204799474 0.13388089127600372 1 
	6.850978635555439 -34.381764204799474 -0.13388089127600361 1 
	6.8678936437105289 -34.457282072594907 -0.51181000000000054 0.68211091687932002 
	7.0588895026415521 -35.309992274780697 -0.51181000000000054 0.68211091687932002 
	7.0758045107966456 -35.385510142588394 -0.13388089127600367 1 
	7.0758045107966456 -35.385510142588394 0 1 
	0.059332434137971714 -36.243968771275171 0 1 
	0.059332434137971714 -36.243968771275171 0.13388089127600367 1 
	0.057542257915587591 -36.166600424268815 0.51181000000000054 0.68211091687932002 
	0.037328478400915771 -35.292995530994375 0.51181000000000054 0.68211091687932002 
	0.035538302178532516 -35.215627183975769 0.13388089127600372 1 
	0.035538302178532516 -35.215627183975769 -0.13388089127600361 1 
	0.037328478400915771 -35.292995530994375 -0.51181000000000054 0.68211091687932002 
	0.057542257915587591 -36.166600424268815 -0.51181000000000054 0.68211091687932002 
	0.059332434137971714 -36.243968771275171 -0.13388089127600367 1 
	0.059332434137971714 -36.243968771275171 0 1 
	-3.5240116760101077 -36.153955830891292 0 1 
	-3.5240116760101077 -36.153955830891292 0.13388089127600367 1 
	-3.5182652107917285 -36.076780425356333 0.51181000000000054 0.68211091687932002 
	-3.4533789837279945 -35.205354131458577 0.51181000000000054 0.68211091687932002 
	-3.4476325185111594 -35.128178725935967 0.13388089127600372 1 
	-3.4476325185111594 -35.128178725935967 -0.13388089127600361 1 
	-3.4533789837279945 -35.205354131458577 -0.51181000000000054 0.68211091687932002 
	-3.5182652107917285 -36.076780425356333 -0.51181000000000054 0.68211091687932002 
	-3.5240116760101077 -36.153955830891292 -0.13388089127600367 1 
	-3.5240116760101077 -36.153955830891292 0 1 
	-10.533421634499916 -34.929604477776373 0 1 
	-10.533421634499916 -34.929604477776373 0.13388089127600367 1 
	-10.512664928812752 -34.85505097856764 0.51181000000000054 0.68211091687932002 
	-10.278290532101845 -34.013229946699461 0.51181000000000054 0.68211091687932002 
	-10.257533826413143 -33.938676447478393 0.13388089127600372 1 
	-10.257533826413143 -33.938676447478393 -0.13388089127600361 1 
	-10.278290532101845 -34.013229946699461 -0.51181000000000054 0.68211091687932002 
	-10.512664928812752 -34.85505097856764 -0.51181000000000054 0.68211091687932002 
	-10.533421634499916 -34.929604477776373 -0.13388089127600367 1 
	-10.533421634499916 -34.929604477776373 0 1 
	-13.958596950297581 -33.795341317384739 0 1 
	-13.958596950297581 -33.795341317384739 0.13388089127600367 1 
	-13.930684530888001 -33.723161256680541 0.51181000000000054 0.68211091687932002 
	-13.61551137391583 -32.908139911983618 0.51181000000000054 0.68211091687932002 
	-13.587598954506252 -32.835959851279426 0.13388089127600372 1 
	-13.587598954506252 -32.835959851279426 -0.13388089127600361 1 
	-13.61551137391583 -32.908139911983618 -0.51181000000000054 0.68211091687932002 
	-13.930684530888001 -33.723161256680541 -0.51181000000000054 0.68211091687932002 
	-13.958596950297581 -33.795341317384739 -0.13388089127600367 1 
	-13.958596950297581 -33.795341317384739 0 1 
	-20.352032935769302 -30.566991076047103 0 1 
	-20.352032935769302 -30.566991076047103 0.13388089127600367 1 
	-20.310518800298308 -30.501679202150822 0.51181000000000054 0.68211091687932002 
	-19.841761830791125 -29.764210006785035 0.51181000000000054 0.68211091687932002 
	-19.800247695320135 -29.698898132888765 0.13388089127600372 1 
	-19.800247695320135 -29.698898132888765 -0.13388089127600361 1 
	-19.841761830791125 -29.764210006785035 -0.51181000000000054 0.68211091687932002 
	-20.310518800298308 -30.501679202150822 -0.51181000000000054 0.68211091687932002 
	-20.352032935769302 -30.566991076047103 -0.13388089127600367 1 
	-20.352032935769302 -30.566991076047103 0 1 
	-23.319458110422328 -28.473237261767338 0 1 
	-23.319458110422328 -28.473237261767338 0.13388089127600367 1 
	-23.271786025266177 -28.412274684129976 0.51181000000000054 0.68211091687932002 
	-22.733496550757177 -27.72391557891801 0.51181000000000054 0.68211091687932002 
	-22.685824465601041 -27.662953001280652 0.13388089127600372 1 
	-22.685824465601041 -27.662953001280652 -0.13388089127600361 1 
	-22.733496550757177 -27.72391557891801 -0.51181000000000054 0.68211091687932002 
	-23.271786025266177 -28.412274684129976 -0.51181000000000054 0.68211091687932002 
	-23.319458110422328 -28.473237261767338 -0.13388089127600367 1 
	-23.319458110422328 -28.473237261767338 0 1 
	-28.533552237425955 -23.494957599686607 0 1 
	-28.533552237425955 -23.494957599686607 0.13388089127600367 1 
	-28.474859434256679 -23.444517353597252 0.51181000000000054 0.68211091687932002 
	-27.812129493336624 -22.874971182586627 0.51181000000000054 0.68211091687932002 
	-27.753436690167344 -22.824530936497293 0.13388089127600372 1 
	-27.753436690167344 -22.824530936497293 -0.13388089127600361 1 
	-27.812129493336624 -22.874971182586627 -0.51181000000000054 0.68211091687932002 
	-28.474859434256679 -23.444517353597252 -0.51181000000000054 0.68211091687932002 
	-28.533552237425955 -23.494957599686607 -0.13388089127600367 1 
	-28.533552237425955 -23.494957599686607 0 1 
	-30.77951427921111 -20.610997324117434 0 1 
	-30.77951427921111 -20.610997324117434 0.13388089127600367 1 
	-30.716192098406896 -20.566507277359211 0.51181000000000054 0.68211091687932002 
	-30.00118952776085 -20.064147797677968 0.51181000000000054 0.68211091687932002 
	-29.937867346956647 -20.01965775091346 0.13388089127600372 1 
	-29.937867346956647 -20.01965775091346 -0.13388089127600361 1 
	-30.00118952776085 -20.064147797677968 -0.51181000000000054 0.68211091687932002 
	-30.716192098406896 -20.566507277359211 -0.51181000000000054 0.68211091687932002 
	-30.77951427921111 -20.610997324117434 -0.13388089127600367 1 
	-30.77951427921111 -20.610997324117434 0 1 
	-34.346059193760432 -14.292298683917826 0 1 
	-34.346059193760432 -14.292298683917826 0.13388089127600367 1 
	-34.275247245034734 -14.261078005557231 0.51181000000000054 0.68211091687932002 
	-33.475673940376836 -13.908549634036056 0.51181000000000054 0.68211091687932002 
	-33.404861991651146 -13.877328955681756 0.13388089127600372 1 
	-33.404861991651146 -13.877328955681756 -0.13388089127600361 1 
	-33.475673940376836 -13.908549634036056 -0.51181000000000054 0.68211091687932002 
	-34.275247245034734 -14.261078005557231 -0.51181000000000054 0.68211091687932002 
	-34.346059193760432 -14.292298683917826 -0.13388089127600367 1 
	-34.346059193760432 -14.292298683917826 0 1 
	-35.666127013750604 -10.858311890320589 0 1 
	-35.666127013750604 -10.858311890320589 0.13388089127600367 1 
	-35.592613287338921 -10.834129372764542 0.51181000000000054 0.68211091687932002 
	-34.762532852825466 -10.561072412354937 0.51181000000000054 0.68211091687932002 
	-34.689019126426459 -10.53688989479731 0.13388089127600372 1 
	-34.689019126426459 -10.53688989479731 -0.13388089127600361 1 
	-34.762532852825466 -10.561072412354937 -0.51181000000000054 0.68211091687932002 
	-35.592613287338921 -10.834129372764542 -0.51181000000000054 0.68211091687932002 
	-35.666127013750604 -10.858311890320589 -0.13388089127600367 1 
	-35.666127013750604 -10.858311890320589 0 1 
	-37.254048768393055 -3.730533764838567 0 1 
	-37.254048768393055 -3.730533764838567 0.13388089127600367 1 
	-37.177221779169457 -3.7212237783820177 0.51181000000000054 0.68211091687932002 
	-36.309729628874329 -3.6161000419117504 0.51181000000000054 0.68211091687932002 
	-36.23290263963807 -3.6067900554567864 0.13388089127600372 1 
	-36.23290263963807 -3.6067900554567864 -0.13388089127600361 1 
	-36.309729628874329 -3.6161000419117504 -0.51181000000000054 0.68211091687932002 
	-37.177221779169457 -3.7212237783820177 -0.51181000000000054 0.68211091687932002 
	-37.254048768393055 -3.730533764838567 -0.13388089127600367 1 
	-37.254048768393055 -3.730533764838567 0 1 
	-37.521626852101406 -0.037616879494713901 0 1 
	-37.521626852101406 -0.037616879494713901 0.13388089127600367 1 
	-37.444258542847642 -0.035826307698146126 0.51181000000000054 0.68211091687932002 
	-36.570654076188049 -0.0156080615694742 0.51181000000000054 0.68211091687932002 
	-36.493285766947047 -0.0138174897737031 0.13388089127600372 1 
	-36.493285766947047 -0.0138174897737031 -0.13388089127600361 1 
	-36.570654076188049 -0.0156080615694742 -0.51181000000000054 0.68211091687932002 
	-37.444258542847642 -0.035826307698146126 -0.51181000000000054 0.68211091687932002 
	-37.521626852101406 -0.037616879494713901 -0.13388089127600367 1 
	-37.521626852101406 -0.037616879494713901 0 1 
	-36.967557219288224 7.2907265155924321 0 1 
	-36.967557219288224 7.2907265155924321 0.13388089127600367 1 
	-36.891337677511217 7.2773234238921551 0.51181000000000054 0.68211091687932002 
	-36.030704521529742 7.1259823788212096 0.51181000000000054 0.68211091687932002 
	-35.954484979739995 7.1125792871217284 0.13388089127600372 1 
	-35.954484979739995 7.1125792871217284 -0.13388089127600361 1 
	-36.030704521529742 7.1259823788212096 -0.51181000000000054 0.68211091687932002 
	-36.891337677511217 7.2773234238921551 -0.51181000000000054 0.68211091687932002 
	-36.967557219288224 7.2907265155924321 -0.13388089127600367 1 
	-36.967557219288224 7.2907265155924321 0 1 
	-36.145899934026353 10.925230344833784 0 1 
	-36.145899934026353 10.925230344833784 0.13388089127600367 1 
	-36.07134615262526 10.904474757400767 0.51181000000000054 0.68211091687932002 
	-35.229521934388615 10.670112987409007 0.51181000000000054 0.68211091687932002 
	-35.154968152987543 10.649357399972788 0.13388089127600372 1 
	-35.154968152987543 10.649357399972788 -0.13388089127600361 1 
	-35.229521934388615 10.670112987409007 -0.51181000000000054 0.68211091687932002 
	-36.07134615262526 10.904474757400767 -0.51181000000000054 0.68211091687932002 
	-36.145899934026353 10.925230344833784 -0.13388089127600367 1 
	-36.145899934026353 10.925230344833784 0 1 
	-33.470537847013524 17.820396299650088 0 1 
	-33.470537847013524 17.820396299650088 0.13388089127600367 1 
	-33.401495762282622 17.785435589354613 0.51181000000000054 0.68211091687932002 
	-32.62190688156312 17.390676637449822 0.51181000000000054 0.68211091687932002 
	-32.552864796832232 17.355715927157569 0.13388089127600372 1 
	-32.552864796832232 17.355715927157569 -0.13388089127600361 1 
	-32.62190688156312 17.390676637449822 -0.51181000000000054 0.68211091687932002 
	-33.401495762282622 17.785435589354613 -0.51181000000000054 0.68211091687932002 
	-33.470537847013524 17.820396299650088 -0.13388089127600367 1 
	-33.470537847013524 17.820396299650088 0 1 
	-31.617093957065961 21.080167299819244 0 1 
	-31.617093957065961 21.080167299819244 0.13388089127600367 1 
	-31.551781089823059 21.038654778491566 0.51181000000000054 0.68211091687932002 
	-30.814300678128493 20.569916035041196 0.51181000000000054 0.68211091687932002 
	-30.74898781087915 20.528403513707069 0.13388089127600372 1 
	-30.74898781087915 20.528403513707069 -0.13388089127600361 1 
	-30.814300678128493 20.569916035041196 -0.51181000000000054 0.68211091687932002 
	-31.551781089823059 21.038654778491566 -0.51181000000000054 0.68211091687932002 
	-31.617093957065961 21.080167299819244 -0.13388089127600367 1 
	-31.617093957065961 21.080167299819244 0 1 
	-27.02574963240108 26.93798866084423 0 1 
	-27.02574963240108 26.93798866084423 0.13388089127600367 1 
	-26.969836221799603 26.88448398287218 0.51181000000000054 0.68211091687932002 
	-26.33848979934357 26.28033577128236 0.51181000000000054 0.68211091687932002 
	-26.282576388748559 26.226831093316772 0.13388089127600372 1 
	-26.282576388748559 26.226831093316772 -0.13388089127600361 1 
	-26.33848979934357 26.28033577128236 -0.51181000000000054 0.68211091687932002 
	-26.969836221799603 26.88448398287218 -0.51181000000000054 0.68211091687932002 
	-27.02574963240108 26.93798866084423 -0.13388089127600367 1 
	-27.02574963240108 26.93798866084423 0 1 
	-24.288361254120012 29.535257488325655 0 1 
	-24.288361254120012 29.535257488325655 0.13388089127600367 1 
	-24.237919036247316 29.476566415365522 0.51181000000000054 0.68211091687932002 
	-23.668350600929106 28.813856011054007 0.51181000000000054 0.68211091687932002 
	-23.61790838305642 28.755164938087386 0.13388089127600372 1 
	-23.61790838305642 28.755164938087386 -0.13388089127600361 1 
	-23.668350600929106 28.813856011054007 -0.51181000000000054 0.68211091687932002 
	-24.237919036247316 29.476566415365522 -0.51181000000000054 0.68211091687932002 
	-24.288361254120012 29.535257488325655 -0.13388089127600367 1 
	-24.288361254120012 29.535257488325655 0 1 
	-18.155435762165816 33.834065331966961 0 1 
	-18.155435762165816 33.834065331966961 0.13388089127600367 1 
	-18.117470496003723 33.76662871023079 0.51181000000000054 0.68211091687932002 
	-17.688785593527289 33.005167919156001 0.51181000000000054 0.68211091687932002 
	-17.650820327365203 32.937731297426339 0.13388089127600372 1 
	-17.650820327365203 32.937731297426339 -0.13388089127600361 1 
	-17.688785593527289 33.005167919156001 -0.51181000000000054 0.68211091687932002 
	-18.117470496003723 33.76662871023079 -0.51181000000000054 0.68211091687932002 
	-18.155435762165816 33.834065331966961 -0.13388089127600367 1 
	-18.155435762165816 33.834065331966961 0 1 
	-14.760620374795041 35.535001859782739 0 1 
	-14.760620374795041 35.535001859782739 0.13388089127600367 1 
	-14.729396653414442 35.464191281749081 0.51181000000000054 0.68211091687932002 
	-14.376833921544394 34.664633454319493 0.51181000000000054 0.68211091687932002 
	-14.34561020015726 34.593822876285849 0.13388089127600372 1 
	-14.34561020015726 34.593822876285849 -0.13388089127600361 1 
	-14.376833921544394 34.664633454319493 -0.51181000000000054 0.68211091687932002 
	-14.729396653414442 35.464191281749081 -0.51181000000000054 0.68211091687932002 
	-14.760620374795041 35.535001859782739 -0.13388089127600367 1 
	-14.760620374795041 35.535001859782739 0 1 
	-7.5991711853730139 37.882032288388949 0 1 
	-7.5991711853730139 37.882032288388949 0.13388089127600367 1 
	-7.5824264038994187 37.806476540593572 0.51181000000000054 0.68211091687932002 
	-7.3933526600117814 36.95333861613323 0.51181000000000054 0.68211091687932002 
	-7.3766078785447231 36.87778286833786 0.13388089127600372 1 
	-7.3766078785447231 36.87778286833786 -0.13388089127600361 1 
	-7.3933526600117814 36.95333861613323 -0.51181000000000054 0.68211091687932002 
	-7.5824264038994187 37.806476540593572 -0.51181000000000054 0.68211091687932002 
	-7.5991711853730139 37.882032288388949 -0.13388089127600367 1 
	-7.5991711853730139 37.882032288388949 0 1 
	-3.8334085115887886 38.527757448346172 0 1 
	-3.8334085115887886 38.527757448346172 0.13388089127600367 1 
	-3.8240945193793898 38.450930970843913 0.51181000000000054 0.68211091687932002 
	-3.7189255519242037 37.583444598652271 0.51181000000000054 0.68211091687932002 
	-3.7096115597147037 37.506618121150026 0.13388089127600372 1 
	-3.7096115597147037 37.506618121150026 -0.13388089127600361 1 
	-3.7189255519241016 37.583444598652271 -0.51181000000000054 0.68211091687932002 
	-3.8240945193793898 38.450930970843913 -0.51181000000000054 0.68211091687932002 
	-3.8334085115887886 38.527757448346172 -0.13388089127600367 1 
	-3.8334085115887886 38.527757448346172 0 1 
	3.7477337561883806 38.694918441285466 0 1 
	3.7477337561883806 38.694918441285466 0.13388089127600367 1 
	3.7418148569865375 38.617756114174412 0.51181000000000054 0.68211091687932002 
	3.6749815911285291 37.746477495296467 0.51181000000000054 0.68211091687932002 
	3.6690626919265839 37.66931516818542 0.13388089127600372 1 
	3.6690626919265839 37.66931516818542 -0.13388089127600361 1 
	3.674981591128426 37.746477495296467 -0.51181000000000054 0.68211091687932002 
	3.7418148569865375 38.617756114174412 -0.51181000000000054 0.68211091687932002 
	3.7477337561883806 38.694918441285466 -0.13388089127600367 1 
	3.7477337561883806 38.694918441285466 0 1 
	7.5621668531055537 38.216254279792999 0 1 
	7.5621668531055537 38.216254279792999 0.13388089127600367 1 
	7.5487684204140963 38.140033944775723 0.51181000000000054 0.68211091687932002 
	7.3974799825337723 37.279391832131388 0.51181000000000054 0.68211091687932002 
	7.3840815498423167 37.20317149711412 0.13388089127600372 1 
	7.3840815498423167 37.20317149711412 -0.13388089127600361 1 
	7.3974799825337723 37.279391832131388 -0.51181000000000054 0.68211091687932002 
	7.5487684204140963 38.140033944775723 -0.51181000000000054 0.68211091687932002 
	7.5621668531055537 38.216254279792999 -0.13388089127600367 1 
	7.5621668531055537 38.216254279792999 0 1 
	14.910149433587595 36.162005114639406 0 1 
	14.910149433587595 36.162005114639406 0.13388089127600367 1 
	14.882077146328017 36.089887126929526 0.51181000000000054 0.68211091687932002 
	14.56509884113966 35.275566679537931 0.51181000000000054 0.68211091687932002 
	14.537026553880084 35.203448691828065 0.13388089127600372 1 
	14.537026553880084 35.203448691828065 -0.13388089127600361 1 
	14.56509884113966 35.275566679537931 -0.51181000000000054 0.68211091687932002 
	14.882077146328017 36.089887126929526 -0.51181000000000054 0.68211091687932002 
	14.910149433587595 36.162005114639406 -0.13388089127600367 1 
	14.910149433587595 36.162005114639406 0 1 
	18.442758559114377 34.586600864726329 0 1 
	18.442758559114377 34.586600864726329 0.13388089127600367 1 
	18.407802678673132 34.517556362601155 0.51181000000000054 0.68211091687932002 
	18.013098262963151 33.737940185864396 0.51181000000000054 0.68211091687932002 
	17.978142382521916 33.66889568373923 0.13388089127600372 1 
	17.978142382521916 33.66889568373923 -0.13388089127600361 1 
	18.013098262963151 33.737940185864396 -0.51181000000000054 0.68211091687932002 
	18.407802678673132 34.517556362601155 -0.51181000000000054 0.68211091687932002 
	18.442758559114377 34.586600864726329 -0.13388089127600367 1 
	18.442758559114377 34.586600864726329 0 1 
	24.916927188402457 30.461867279820101 0 1 
	24.916927188402457 30.461867279820101 0.13388089127600367 1 
	24.869121258946063 30.40100965946365 0.51181000000000054 0.68211091687932002 
	24.329320481184745 29.713835679579006 0.51181000000000054 0.68211091687932002 
	24.281514551728364 29.652978059222558 0.13388089127600372 1 
	24.281514551728364 29.652978059222558 -0.13388089127600361 1 
	24.329320481184745 29.713835679579006 -0.51181000000000054 0.68211091687932002 
	24.869121258946063 30.40100965946365 -0.51181000000000054 0.68211091687932002 
	24.916927188402457 30.461867279820101 -0.13388089127600367 1 
	24.916927188402457 30.461867279820101 0 1 
	27.85763443659539 27.912987125650478 0 1 
	27.85763443659539 27.912987125650478 0.13388089127600367 1 
	27.804134156679481 27.857069540816433 0.51181000000000054 0.68211091687932002 
	27.200035605691021 27.225675985054995 0.51181000000000054 0.68211091687932002 
	27.146535325768411 27.169758400227646 0.13388089127600372 1 
	27.146535325768411 27.169758400227646 -0.13388089127600361 1 
	27.200035605691021 27.225675985054995 -0.51181000000000054 0.68211091687932002 
	27.804134156679481 27.857069540816433 -0.51181000000000054 0.68211091687932002 
	27.85763443659539 27.912987125650478 -0.13388089127600367 1 
	27.85763443659539 27.912987125650478 0 1 
	32.885382185027758 22.050401491881601 0 1 
	32.885382185027758 22.050401491881601 0.13388089127600367 1 
	32.82196320090938 22.006049618252735 0.51181000000000054 0.68211091687932002 
	32.105867575477276 21.505250320860885 0.51181000000000054 0.68211091687932002 
	32.042448591365606 21.460898447225333 0.13388089127600372 1 
	32.042448591365606 21.460898447225333 -0.13388089127600361 1 
	32.105867575477276 21.505250320860885 -0.51181000000000054 0.68211091687932002 
	32.82196320090938 22.006049618252735 -0.51181000000000054 0.68211091687932002 
	32.885382185027758 22.050401491881601 -0.13388089127600367 1 
	32.885382185027758 22.050401491881601 0 1 
	34.971733808159549 18.737377757983023 0 1 
	34.971733808159549 18.737377757983023 0.13388089127600367 1 
	34.904300501416721 18.699406653284079 0.51181000000000054 0.68211091687932002 
	34.142877141548105 18.270655825013783 0.51181000000000054 0.68211091687932002 
	34.075443834805284 18.232684720318215 0.13388089127600372 1 
	34.075443834805284 18.232684720318215 -0.13388089127600361 1 
	34.142877141548105 18.270655825013783 -0.51181000000000054 0.68211091687932002 
	34.904300501416721 18.699406653284079 -0.51181000000000054 0.68211091687932002 
	34.971733808159549 18.737377757983023 -0.13388089127600367 1 
	34.971733808159549 18.737377757983023 0 1 
	38.099110206484312 11.624578172420172 0 1 
	38.099110206484312 11.624578172420172 0.13388089127600367 1 
	38.025544396937931 11.600554698255896 0.51181000000000054 0.68211091687932002 
	37.194875865509154 11.329293576734402 0.51181000000000054 0.68211091687932002 
	37.121310055962788 11.305270102566764 0.13388089127600372 1 
	37.121310055962788 11.305270102566764 -0.13388089127600361 1 
	37.194875865509154 11.329293576734402 -0.51181000000000054 0.68211091687932002 
	38.025544396937931 11.600554698255896 -0.51181000000000054 0.68211091687932002 
	38.099110206484312 11.624578172420172 -0.13388089127600367 1 
	38.099110206484312 11.624578172420172 0 1 
	39.139671426887318 7.8256600736083488 0 1 
	39.139671426887318 7.8256600736083488 0.13388089127600367 1 
	39.06411729343592 7.8089081190072402 0.51181000000000054 0.68211091687932002 
	38.210997597391334 7.6197533797075696 0.51181000000000054 0.68211091687932002 
	38.135443463939957 7.603001425106461 0.13388089127600372 1 
	38.135443463939957 7.603001425106461 -0.13388089127600361 1 
	38.210997597391334 7.6197533797075696 -0.51181000000000054 0.68211091687932002 
	39.06411729343592 7.8089081190072402 -0.51181000000000054 0.68211091687932002 
	39.139671426887318 7.8256600736083488 -0.13388089127600367 1 
	39.139671426887318 7.8256600736083488 0 1 
	40.07228179931424 0.064780322088919734 0 1 
	40.07228179931424 0.064780322088919734 0.13388089127600367 1 
	39.994909867838118 0.063155735433480242 0.51181000000000054 0.68211091687932002 
	39.121264500761988 0.044811710949194117 0.51181000000000054 0.68211091687932002 
	39.043892569285887 0.043187124293756797 0.13388089127600372 1 
	39.043892569285887 0.043187124293756797 -0.13388089127600361 1 
	39.121264500761988 0.044811710949194117 -0.51181000000000054 0.68211091687932002 
	39.994909867838118 0.063155735433480242 -0.51181000000000054 0.68211091687932002 
	40.07228179931424 0.064780322088919734 -0.13388089127600367 1 
	40.07228179931424 0.064780322088919734 0 1 
	39.964135770681047 -3.8962201387553295 0 1 
	39.964135770681047 -3.8962201387553295 0.13388089127600367 1 
	39.886972856890878 -3.8903091974978281 0.51181000000000054 0.68211091687932002 
	39.015687613496205 -3.8235657888008729 0.51181000000000054 0.68211091687932002 
	38.938524699706051 -3.8176548475450791 0.13388089127600372 1 
	38.938524699706051 -3.8176548475450791 -0.13388089127600361 1 
	39.015687613496205 -3.8235657888008729 -0.51181000000000054 0.68211091687932002 
	39.886972856890878 -3.8903091974978281 -0.51181000000000054 0.68211091687932002 
	39.964135770681047 -3.8962201387553295 -0.13388089127600367 1 
	39.964135770681047 -3.8962201387553295 0 1 
	38.594653070550116 -11.639508942549231 0 1 
	38.594653070550116 -11.639508942549231 0.13388089127600367 1 
	38.520143674286061 -11.618594728344338 0.51181000000000054 0.68211091687932002 
	37.678820630999184 -11.382441823798652 0.51181000000000054 0.68211091687932002 
	37.604311234735142 -11.361527609592057 0.13388089127600372 1 
	37.604311234735142 -11.361527609592057 -0.13388089127600361 1 
	37.678820630999184 -11.382441823798652 -0.51181000000000054 0.68211091687932002 
	38.520143674286061 -11.618594728344338 -0.51181000000000054 0.68211091687932002 
	38.594653070550116 -11.639508942549231 -0.13388089127600367 1 
	38.594653070550116 -11.639508942549231 0 1 
	37.333409774748858 -15.420815095707122 0 1 
	37.333409774748858 -15.420815095707122 0.13388089127600367 1 
	37.26128869091292 -15.39275082670494 0.51181000000000054 0.68211091687932002 
	36.446933283707551 -15.075863059730782 0.51181000000000054 0.68211091687932002 
	36.374812199885355 -15.047798790735468 0.13388089127600372 1 
	36.374812199885355 -15.047798790735468 -0.13388089127600361 1 
	36.446933283707551 -15.075863059730782 -0.51181000000000054 0.68211091687932002 
	37.26128869091292 -15.39275082670494 -0.51181000000000054 0.68211091687932002 
	37.333409774748858 -15.420815095707122 -0.13388089127600367 1 
	37.333409774748858 -15.420815095707122 0 1 
	33.753143709597502 -22.474399943553916 0 1 
	33.753143709597502 -22.474399943553916 0.13388089127600367 1 
	33.687918691742716 -22.432749601798168 0.51181000000000054 0.68211091687932002 
	32.951430231568224 -21.962454658598585 0.51181000000000054 0.68211091687932002 
	32.886205213699732 -21.920804316835987 0.13388089127600372 1 
	32.886205213699732 -21.920804316835987 -0.13388089127600361 1 
	32.951430231568224 -21.962454658598585 -0.51181000000000054 0.68211091687932002 
	33.687918691742716 -22.432749601798168 -0.51181000000000054 0.68211091687932002 
	33.753143709597502 -22.474399943553916 -0.13388089127600367 1 
	33.753143709597502 -22.474399943553916 0 1 
	31.434498156754287 -25.74576069368662 0 1 
	31.434498156754287 -25.74576069368662 0.13388089127600367 1 
	31.373634871341427 -25.697962013131221 0.51181000000000054 0.68211091687932002 
	30.686396924594543 -25.158243086277722 0.51181000000000054 0.68211091687932002 
	30.625533639181683 -25.11044440571543 0.13388089127600372 1 
	30.625533639181683 -25.11044440571543 -0.13388089127600361 1 
	30.686396924594543 -25.158243086277722 -0.51181000000000054 0.68211091687932002 
	31.373634871341427 -25.697962013131221 -0.51181000000000054 0.68211091687932002 
	31.434498156754287 -25.74576069368662 -0.13388089127600367 1 
	31.434498156754287 -25.74576069368662 0 1 
	25.927824948690727 -31.489422123283919 0 1 
	25.927824948690727 -31.489422123283919 0.13388089127600367 1 
	25.877505862437506 -31.430625499845807 0.51181000000000054 0.68211091687932002 
	25.309327767982257 -30.766723272150006 0.51181000000000054 0.68211091687932002 
	25.259008681729039 -30.707926648718811 0.13388089127600372 1 
	25.259008681729039 -30.707926648718811 -0.13388089127600361 1 
	25.309327767982257 -30.766723272150006 -0.51181000000000054 0.68211091687932002 
	25.877505862437506 -31.430625499845807 -0.51181000000000054 0.68211091687932002 
	25.927824948690727 -31.489422123283919 -0.13388089127600367 1 
	25.927824948690727 -31.489422123283919 0 1 
	22.740428856854987 -33.960949750976042 0 1 
	22.740428856854987 -33.960949750976042 0.13388089127600367 1 
	22.696068970279558 -33.89753639834138 0.51181000000000054 0.68211091687932002 
	22.195179194829628 -33.181504360726386 0.51181000000000054 0.68211091687932002 
	22.150819308261152 -33.118091008091731 0.13388089127600372 1 
	22.150819308261152 -33.118091008091731 -0.13388089127600361 1 
	22.195179194829628 -33.181504360726386 -0.51181000000000054 0.68211091687932002 
	22.696068970279558 -33.89753639834138 -0.51181000000000054 0.68211091687932002 
	22.740428856854987 -33.960949750976042 -0.13388089127600367 1 
	22.740428856854987 -33.960949750976042 0 1 
	15.762363845840902 -37.880874427942018 0 1 
	15.762363845840902 -37.880874427942018 0.13388089127600367 1 
	15.731287470552889 -37.809999102726181 0.51181000000000054 0.68211091687932002 
	15.380388497368321 -37.009710182270013 0.51181000000000054 0.68211091687932002 
	15.349312122073373 -36.938834857054175 0.13388089127600372 1 
	15.349312122073373 -36.938834857054175 -0.13388089127600361 1 
	15.380388497368321 -37.009710182270013 -0.51181000000000054 0.68211091687932002 
	15.731287470552889 -37.809999102726181 -0.51181000000000054 0.68211091687932002 
	15.762363845840902 -37.880874427942018 -0.13388089127600367 1 
	15.762363845840902 -37.880874427942018 0 1 
	11.972528847069713 -39.328712287404969 0 1 
	11.972528847069713 -39.328712287404969 0.13388089127600367 1 
	11.94849551517237 -39.255149720487331 0.51181000000000054 0.68211091687932002 
	11.677123085047421 -38.424517803171938 0.51181000000000054 0.68211091687932002 
	11.653089753153575 -38.350955236254308 0.13388089127600372 1 
	11.653089753153575 -38.350955236254308 -0.13388089127600361 1 
	11.677123085047421 -38.424517803171938 -0.51181000000000054 0.68211091687932002 
	11.94849551517237 -39.255149720487331 -0.51181000000000054 0.68211091687932002 
	11.972528847069713 -39.328712287404969 -0.13388089127600367 1 
	11.972528847069713 -39.328712287404969 0 1 
	4.1111957150092282 -41.063393436436897 0 1 
	4.1111957150092282 -41.063393436436897 0.13388089127600367 1 
	4.1020403168696973 -40.986547935747424 0.51181000000000054 0.68211091687932002 
	3.9986621147582184 -40.118846763287856 0.51181000000000054 0.68211091687932002 
	3.9895067166151996 -40.04200126259839 0.13388089127600372 1 
	3.9895067166151996 -40.04200126259839 -0.13388089127600361 1 
	3.9986621147582184 -40.118846763287856 -0.51181000000000054 0.68211091687932002 
	4.1020403168696973 -40.986547935747424 -0.51181000000000054 0.68211091687932002 
	4.1111957150092282 -41.063393436436897 -0.13388089127600367 1 
	4.1111957150092282 -41.063393436436897 0 1 
	0.040663644071994333 -41.349942543222276 0 1 
	0.040663644071994333 -41.349942543222276 0.13388089127600367 1 
	0.039028109763206316 -41.272570863671895 0.51181000000000054 0.68211091687932002 
	0.02056046984111326 -40.398928341156882 0.51181000000000054 0.68211091687932002 
	0.018924935532321774 -40.321556661606508 0.13388089127600372 1 
	0.018924935532321774 -40.321556661606508 -0.13388089127600361 1 
	0.02056046984111326 -40.398928341156882 -0.51181000000000054 0.68211091687932002 
	0.039028109763206316 -41.272570863671895 -0.51181000000000054 0.68211091687932002 
	0.040663644071994333 -41.349942543222276 -0.13388089127600367 1 
	0.040663644071994333 -41.349942543222276 0 1 
	-8.0322501286969992 -40.723373116173299 0 1 
	-8.0322501286969992 -40.723373116173299 0.13388089127600367 1 
	-8.0186955856464888 -40.647180425398474 0.51181000000000054 0.68211091687932002 
	-7.8656444272640558 -39.786850457720774 0.51181000000000054 0.68211091687932002 
	-7.8520898842135427 -39.710657766945971 0.13388089127600372 1 
	-7.8520898842135427 -39.710657766945971 -0.13388089127600361 1 
	-7.8656444272640558 -39.786850457720774 -0.51181000000000054 0.68211091687932002 
	-8.0186955856464888 -40.647180425398474 -0.51181000000000054 0.68211091687932002 
	-8.0322501286969992 -40.723373116173299 -0.13388089127600367 1 
	-8.0322501286969992 -40.723373116173299 0 1 
	-12.033616157758185 -39.810254065870687 0 1 
	-12.033616157758185 -39.810254065870687 0.13388089127600367 1 
	-12.012713034721772 -39.73574157901178 0.51181000000000054 0.68211091687932002 
	-11.776685366196526 -38.89438363813067 0.51181000000000054 0.68211091687932002 
	-11.755782243163647 -38.819871151243518 0.13388089127600372 1 
	-11.755782243163647 -38.819871151243518 -0.13388089127600361 1 
	-11.776685366196526 -38.89438363813067 -0.51181000000000054 0.68211091687932002 
	-12.012713034721772 -39.73574157901178 -0.51181000000000054 0.68211091687932002 
	-12.033616157758185 -39.810254065870687 -0.13388089127600367 1 
	-12.033616157758185 -39.810254065870687 0 1 
	-19.620245960365512 -36.849376629598197 0 1 
	-19.620245960365512 -36.849376629598197 0.13388089127600367 1 
	-19.585149768554714 -36.780403384276475 0.51181000000000054 0.68211091687932002 
	-19.188861026645366 -36.001591804002082 0.51181000000000054 0.68211091687932002 
	-19.153764834831048 -35.932618558708612 0.13388089127600372 1 
	-19.153764834831048 -35.932618558708612 -0.13388089127600361 1 
	-19.188861026645366 -36.001591804002082 -0.51181000000000054 0.68211091687932002 
	-19.585149768554714 -36.780403384276475 -0.51181000000000054 0.68211091687932002 
	-19.620245960365512 -36.849376629598197 -0.13388089127600367 1 
	-19.620245960365512 -36.849376629598197 0 1 
	-23.204532248295841 -34.801914812256463 0 1 
	-23.204532248295841 -34.801914812256463 0.13388089127600367 1 
	-23.162892088493646 -34.736683318041941 0.51181000000000054 0.68211091687932002 
	-22.692712115024328 -34.000121730114735 0.51181000000000054 0.68211091687932002 
	-22.651071955229238 -33.93489023590022 0.13388089127600372 1 
	-22.651071955229238 -33.93489023590022 -0.13388089127600361 1 
	-22.692712115024328 -34.000121730114735 -0.51181000000000054 0.68211091687932002 
	-23.162892088493646 -34.736683318041941 -0.51181000000000054 0.68211091687932002 
	-23.204532248295841 -34.801914812256463 -0.13388089127600367 1 
	-23.204532248295841 -34.801914812256463 0 1 
	-29.641162524906598 -29.736627973525632 0 1 
	-29.641162524906598 -29.736627973525632 0.13388089127600367 1 
	-29.5875495027989 -29.680818524506851 0.51181000000000054 0.68211091687932002 
	-28.982177922966613 -29.05064598453037 0.51181000000000054 0.68211091687932002 
	-28.928564900851828 -28.994836535511595 0.13388089127600372 1 
	-28.928564900851828 -28.994836535511595 -0.13388089127600361 1 
	-28.982177922966613 -29.05064598453037 -0.51181000000000054 0.68211091687932002 
	-29.5875495027989 -29.680818524506851 -0.51181000000000054 0.68211091687932002 
	-29.641162524906598 -29.736627973525632 -0.13388089127600367 1 
	-29.641162524906598 -29.736627973525632 0 1 
	-32.492652689332701 -26.719374199096485 0 1 
	-32.492652689332701 -26.719374199096485 0.13388089127600367 1 
	-32.433864281765281 -26.669045545398806 0.51181000000000054 0.68211091687932002 
	-31.770054823725967 -26.10075942023968 0.51181000000000054 0.68211091687932002 
	-31.711266416172855 -26.050430766542011 0.13388089127600372 1 
	-31.711266416172855 -26.050430766542011 -0.13388089127600361 1 
	-31.770054823725967 -26.10075942023968 -0.51181000000000054 0.68211091687932002 
	-32.433864281765281 -26.669045545398806 -0.51181000000000054 0.68211091687932002 
	-32.492652689332701 -26.719374199096485 -0.13388089127600367 1 
	-32.492652689332701 -26.719374199096485 0 1 
	-37.207767881382914 -19.964894639355947 0 1 
	-37.207767881382914 -19.964894639355947 0.13388089127600367 1 
	-37.140258646093926 -19.927058764973008 0.51181000000000054 0.68211091687932002 
	-36.377977938651341 -19.499834890131105 0.51181000000000054 0.68211091687932002 
	-36.310468703348064 -19.461999015748173 0.13388089127600372 1 
	-36.310468703348064 -19.461999015748173 -0.13388089127600361 1 
	-36.377977938651341 -19.499834890131105 -0.51181000000000054 0.68211091687932002 
	-37.140258646093926 -19.927058764973008 -0.51181000000000054 0.68211091687932002 
	-37.207767881382914 -19.964894639355947 -0.13388089127600367 1 
	-37.207767881382914 -19.964894639355947 0 1 
	-39.070738424516108 -16.228468207096338 0 1 
	-39.070738424516108 -16.228468207096338 0.13388089127600367 1 
	-38.999868397196458 -16.197379801177537 0.51181000000000054 0.68211091687932002 
	-38.199639297884247 -15.846344984260103 0.51181000000000054 0.68211091687932002 
	-38.128769270564611 -15.815256578341302 0.13388089127600372 1 
	-38.128769270564611 -15.815256578341302 -0.13388089127600361 1 
	-38.199639297884247 -15.846344984260103 -0.51181000000000054 0.68211091687932002 
	-38.999868397196458 -16.197379801177537 -0.51181000000000054 0.68211091687932002 
	-39.070738424516108 -16.228468207096338 -0.13388089127600367 1 
	-39.070738424516108 -16.228468207096338 0 1 
	-41.635722524803157 -8.3513812150905231 0 1 
	-41.635722524803157 -8.3513812150905231 0.13388089127600367 1 
	-41.560135243703037 -8.3347796282099615 0.51181000000000054 0.68211091687932002 
	-40.706641260963615 -8.1473227663840735 0.51181000000000054 0.68211091687932002 
	-40.631053979863502 -8.1307211795035155 0.13388089127600372 1 
	-40.631053979863502 -8.1307211795035155 -0.13388089127600361 1 
	-40.706641260963615 -8.1473227663840735 -0.51181000000000054 0.68211091687932002 
	-41.560135243703037 -8.3347796282099615 -0.51181000000000054 0.68211091687932002 
	-41.635722524803157 -8.3513812150905231 -0.13388089127600367 1 
	-41.635722524803157 -8.3513812150905231 0 1 
	-42.337340117949182 -4.2116811614821126 0 1 
	-42.337340117949182 -4.2116811614821126 0.13388089127600367 1 
	-42.260496255126903 -4.2025121909657486 0.51181000000000054 0.68211091687932002 
	-41.392813576711042 -4.0989807363379063 0.51181000000000054 0.68211091687932002 
	-41.315969713888784 -4.0898117658215432 0.13388089127600372 1 
	-41.315969713888784 -4.0898117658215432 -0.13388089127600361 1 
	-41.392813576711042 -4.0989807363379063 -0.51181000000000054 0.68211091687932002 
	-42.260496255126903 -4.2025121909657486 -0.51181000000000054 0.68211091687932002 
	-42.337340117949182 -4.2116811614821126 -0.13388089127600367 1 
	-42.337340117949182 -4.2116811614821126 0 1 
	-42.505331082030331 4.1175523965976399 0 1 
	-42.505331082030331 4.1175523965976399 0.13388089127600367 1 
	-42.42818002990029 4.1114890293397419 0.51181000000000054 0.68211091687932002 
	-41.557028722337805 4.0430245020481621 0.51181000000000054 0.68211091687932002 
	-41.479877670207784 4.0369611347902632 0.13388089127600372 1 
	-41.479877670207784 4.0369611347902632 -0.13388089127600361 1 
	-41.557028722337805 4.0430245020481621 -0.51181000000000054 0.68211091687932002 
	-42.42818002990029 4.1114890293397419 -0.51181000000000054 0.68211091687932002 
	-42.505331082030331 4.1175523965976399 -0.13388089127600367 1 
	-42.505331082030331 4.1175523965976399 0 1 
	-41.971604352663491 8.3060459722208293 0 1 
	-41.971604352663491 8.3060459722208293 0.13388089127600367 1 
	-41.895409197156717 8.292505400737177 0.51181000000000054 0.68211091687932002 
	-41.035051399038331 8.1396120022958041 0.51181000000000054 0.68211091687932002 
	-40.958856243531571 8.12607143081215 0.13388089127600372 1 
	-40.958856243531571 8.12607143081215 -0.13388089127600361 1 
	-41.035051399038331 8.1396120022958041 -0.51181000000000054 0.68211091687932002 
	-41.895409197156717 8.292505400737177 -0.51181000000000054 0.68211091687932002 
	-41.971604352663491 8.3060459722208293 -0.13388089127600367 1 
	-41.971604352663491 8.3060459722208293 0 1 
	-39.700989981745721 16.370148211142929 0 1 
	-39.700989981745721 16.370148211142929 0.13388089127600367 1 
	-39.628924121414549 16.341942527878789 0.51181000000000054 0.68211091687932002 
	-38.815192270439418 16.02345798137139 0.51181000000000054 0.68211091687932002 
	-38.743126410108253 15.995252298107248 0.13388089127600372 1 
	-38.743126410108253 15.995252298107248 -0.13388089127600361 1 
	-38.815192270439418 16.02345798137139 -0.51181000000000054 0.68211091687932002 
	-39.628924121414549 16.341942527878789 -0.51181000000000054 0.68211091687932002 
	-39.700989981745721 16.370148211142929 -0.13388089127600367 1 
	-39.700989981745721 16.370148211142929 0 1 
	-37.964310114245464 20.244727077016904 0 1 
	-37.964310114245464 20.244727077016904 0.13388089127600367 1 
	-37.895330222729989 20.209643991381967 0.51181000000000054 0.68211091687932002 
	-37.116443596767773 19.813503237966113 0.51181000000000054 0.68211091687932002 
	-37.047463705252305 19.778420152331194 0.13388089127600372 1 
	-37.047463705252305 19.778420152331194 -0.13388089127600361 1 
	-37.116443596767773 19.813503237966113 -0.51181000000000054 0.68211091687932002 
	-37.895330222729989 20.209643991381967 -0.51181000000000054 0.68211091687932002 
	-37.964310114245464 20.244727077016904 -0.13388089127600367 1 
	-37.964310114245464 20.244727077016904 0 1 
	-33.42464937276214 27.341371988690085 0 1 
	-33.42464937276214 27.341371988690085 0.13388089127600367 1 
	-33.363879344369181 27.293454852117367 0.51181000000000054 0.68211091687932002 
	-32.677694409464273 26.752398378838333 0.51181000000000054 0.68211091687932002 
	-32.616924381071321 26.704481242265619 0.13388089127600372 1 
	-32.616924381071321 26.704481242265619 -0.13388089127600361 1 
	-32.677694409464273 26.752398378838333 -0.51181000000000054 0.68211091687932002 
	-33.363879344369181 27.293454852117367 -0.51181000000000054 0.68211091687932002 
	-33.42464937276214 27.341371988690085 -0.13388089127600367 1 
	-33.42464937276214 27.341371988690085 0 1 
	-30.622169499277021 30.562508034458055 0 1 
	-30.622169499277021 30.562508034458055 0.13388089127600367 1 
	-30.566349538539978 30.508905983618899 0.51181000000000054 0.68211091687932002 
	-29.936058305377745 29.903658285955707 0.51181000000000054 0.68211091687932002 
	-29.880238344626012 29.850056235116558 0.13388089127600372 1 
	-29.880238344626012 29.850056235116558 -0.13388089127600361 1 
	-29.936058305377745 29.903658285955707 -0.51181000000000054 0.68211091687932002 
	-30.566349538539978 30.508905983618899 -0.51181000000000054 0.68211091687932002 
	-30.622169499277021 30.562508034458055 -0.13388089127600367 1 
	-30.622169499277021 30.562508034458055 0 1 
	-24.18182800620222 36.065481449798106 0 1 
	-24.18182800620222 36.065481449798106 0.13388089127600367 1 
	-24.137590906598625 36.001982419178731 0.51181000000000054 0.68211091687932002 
	-23.638087580562168 35.284982948498872 0.51181000000000054 0.68211091687932002 
	-23.593850480973273 35.22148391787951 0.13388089127600372 1 
	-23.593850480973273 35.22148391787951 -0.13388089127600361 1 
	-23.638087580562168 35.284982948498872 -0.51181000000000054 0.68211091687932002 
	-24.137590906598625 36.001982419178731 -0.51181000000000054 0.68211091687932002 
	-24.18182800620222 36.065481449798106 -0.13388089127600367 1 
	-24.18182800620222 36.065481449798106 0 1 
	-20.544720288805649 38.346570587970888 0 1 
	-20.544720288805649 38.346570587970888 0.13388089127600367 1 
	-20.50687074139487 38.279069038477594 0.51181000000000054 0.68211091687932002 
	-20.079492477623745 37.51687511549612 0.51181000000000054 0.68211091687932002 
	-20.041642930220359 37.449373566017627 0.13388089127600372 1 
	-20.041642930220359 37.449373566017627 -0.13388089127600361 1 
	-20.079492477623745 37.51687511549612 -0.51181000000000054 0.68211091687932002 
	-20.50687074139487 38.279069038477594 -0.51181000000000054 0.68211091687932002 
	-20.544720288805649 38.346570587970888 -0.13388089127600367 1 
	-20.544720288805649 38.346570587970888 0 1 
	-12.741092087897613 41.760995922368636 0 1 
	-12.741092087897613 41.760995922368636 0.13388089127600367 1 
	-12.717200163137894 41.687387340344067 0.51181000000000054 0.68211091687932002 
	-12.447424432001784 40.856235843282846 0.51181000000000054 0.68211091687932002 
	-12.423532507234679 40.782627261243512 0.13388089127600372 1 
	-12.423532507234679 40.782627261243512 -0.13388089127600361 1 
	-12.447424432001784 40.856235843282846 -0.51181000000000054 0.68211091687932002 
	-12.717200163137894 41.687387340344067 -0.51181000000000054 0.68211091687932002 
	-12.741092087897613 41.760995922368636 -0.13388089127600367 1 
	-12.741092087897613 41.760995922368636 0 1 
	-8.5755156364163696 42.893832711205604 0 1 
	-8.5755156364163696 42.893832711205604 0.13388089127600367 1 
	-8.5588982622920824 42.818248917614639 0.51181000000000054 0.68211091687932002 
	-8.3712631388024423 41.964794314001125 0.51181000000000054 0.68211091687932002 
	-8.3546457646781551 41.889210520395316 0.13388089127600372 1 
	-8.3546457646781551 41.889210520395316 -0.13388089127600361 1 
	-8.3712631388024423 41.964794314001125 -0.51181000000000054 0.68211091687932002 
	-8.5588982622939405 42.818248917614639 -0.51181000000000054 0.68211091687932002 
	-8.5755156364163696 42.893832711205604 -0.13388089127600367 1 
	-8.5755156364163696 42.893832711205604 0 1 
	-0.07022821004383073 43.900594827333954 0 1 
	-0.07022821004383073 43.900594827333954 0.13388089127600367 1 
	-0.068740350410874229 43.823220198099087 0.51181000000000054 0.68211091687932002 
	-0.051940179456338997 42.94954436929828 0.51181000000000054 0.68211091687932002 
	-0.050452319823381629 42.872169740078299 0.13388089127600372 1 
	-0.050452319823381629 42.872169740078299 -0.13388089127600361 1 
	-0.051940179456338997 42.94954436929828 -0.51181000000000054 0.68211091687932002 
	-0.068740350409017201 43.823220198099087 -0.51181000000000054 0.68211091687932002 
	-0.07022821004383073 43.900594827333954 -0.13388089127600367 1 
	-0.07022821004383073 43.900594827333954 0 1 
	4.2684286015177779 43.774315710549025 0 1 
	4.2684286015177779 43.774315710549025 0.13388089127600367 1 
	4.2623818272308291 43.697163373828275 0.51181000000000054 0.68211091687932002 
	4.1941046594728633 42.825997561428053 0.51181000000000054 0.68211091687932002 
	4.1880578851859163 42.74884522470731 0.13388089127600372 1 
	4.1880578851859163 42.74884522470731 -0.13388089127600361 1 
	4.1941046594728633 42.825997561428053 -0.51181000000000054 0.68211091687932002 
	4.2623818272308291 43.697163373828275 -0.51181000000000054 0.68211091687932002 
	4.2684286015177779 43.774315710549025 -0.13388089127600367 1 
	4.2684286015177779 43.774315710549025 0 1 
	12.745596250581585 42.259701663245544 0 1 
	12.745596250581585 42.259701663245544 0.13388089127600367 1 
	12.7245519074937 42.185228969176038 0.51181000000000054 0.68211091687932002 
	12.486929652377269 41.344320348827694 0.51181000000000054 0.68211091687932002 
	12.465885309289385 41.269847654758195 0.13388089127600372 1 
	12.465885309289385 41.269847654758195 -0.13388089127600361 1 
	12.486929652377269 41.344320348827694 -0.51181000000000054 0.68211091687932002 
	12.7245519074937 42.185228969176038 -0.51181000000000054 0.68211091687932002 
	12.745596250581585 42.259701663245544 -0.13388089127600367 1 
	12.745596250581585 42.259701663245544 0 1 
	16.883033241150713 40.871478232177502 0 1 
	16.883033241150713 40.871478232177502 0.13388089127600367 1 
	16.854843497609579 40.799406153861398 0.51181000000000054 0.68211091687932002 
	16.536538934493056 39.985604092756809 0.51181000000000054 0.68211091687932002 
	16.508349190951929 39.91353201445574 0.13388089127600372 1 
	16.508349190951929 39.91353201445574 -0.13388089127600361 1 
	16.536538934493056 39.985604092756809 -0.51181000000000054 0.68211091687932002 
	16.854843497609579 40.799406153861398 -0.51181000000000054 0.68211091687932002 
	16.883033241150713 40.871478232177502 -0.13388089127600367 1 
	16.883033241150713 40.871478232177502 0 1 
	24.596766951304719 36.939296343083306 0 1 
	24.596766951304719 36.939296343083306 0.13388089127600367 1 
	24.555004027436802 36.874143413018565 0.51181000000000054 0.68211091687932002 
	24.083437863079091 36.138468932169204 0.51181000000000054 0.68211091687932002 
	24.041674939211177 36.07331600208947 0.13388089127600372 1 
	24.041674939211177 36.07331600208947 -0.13388089127600361 1 
	24.083437863079091 36.138468932169204 -0.51181000000000054 0.68211091687932002 
	24.555004027436802 36.874143413018565 -0.51181000000000054 0.68211091687932002 
	24.596766951304719 36.939296343083306 -0.13388089127600367 1 
	24.596766951304719 36.939296343083306 0 1 
	28.172063276934814 34.395759051785646 0 1 
	28.172063276934814 34.395759051785646 0.13388089127600367 1 
	28.124159948219798 34.334978160164191 0.51181000000000054 0.68211091687932002 
	27.583259386440048 33.648670562996649 0.51181000000000054 0.68211091687932002 
	27.535356057725036 33.587889671360102 0.13388089127600372 1 
	27.535356057725036 33.587889671360102 -0.13388089127600361 1 
	27.583259386440048 33.648670562996649 -0.51181000000000054 0.68211091687932002 
	28.124159948219798 34.334978160164191 -0.51181000000000054 0.68211091687932002 
	28.172063276934814 34.395759051785646 -0.13388089127600367 1 
	28.172063276934814 34.395759051785646 0 1 
	34.445292009157789 28.360692297650662 0 1 
	34.445292009157789 28.360692297650662 0.13388089127600367 1 
	34.386409559554792 28.310473747148375 0.51181000000000054 0.68211091687932002 
	33.721538225450765 27.743430852520806 0.51181000000000054 0.68211091687932002 
	33.662655775847782 27.693212302033629 0.13388089127600372 1 
	33.662655775847782 27.693212302033629 -0.13388089127600361 1 
	33.721538225450765 27.743430852520806 -0.51181000000000054 0.68211091687932002 
	34.386409559554792 28.310473747148375 -0.51181000000000054 0.68211091687932002 
	34.445292009157789 28.360692297650662 -0.13388089127600367 1 
	34.445292009157789 28.360692297650662 0 1 
	37.142385222802254 24.869860389635082 0 1 
	37.142385222802254 24.869860389635082 0.13388089127600367 1 
	37.078896508728434 24.825608514447058 0.51181000000000054 0.68211091687932002 
	36.362013527233088 24.325938349756385 0.51181000000000054 0.68211091687932002 
	36.298524813159283 24.281686474568357 0.13388089127600372 1 
	36.298524813159283 24.281686474568357 -0.13388089127600361 1 
	36.362013527233088 24.325938349756385 -0.51181000000000054 0.68211091687932002 
	37.078896508728434 24.825608514447058 -0.51181000000000054 0.68211091687932002 
	37.142385222802254 24.869860389635082 -0.13388089127600367 1 
	37.142385222802254 24.869860389635082 0 1 
	41.415689662062462 17.232429007721191 0 1 
	41.415689662062462 17.232429007721191 0.13388089127600367 1 
	41.344761992125044 17.201472410566591 0.51181000000000054 0.68211091687932002 
	40.543882021100572 16.851925912594275 0.51181000000000054 0.68211091687932002 
	40.472954351163168 16.820969315439683 0.13388089127600372 1 
	40.472954351163168 16.820969315439683 -0.13388089127600361 1 
	40.543882021100572 16.851925912594275 -0.51181000000000054 0.68211091687932002 
	41.344761992125044 17.201472410566591 -0.51181000000000054 0.68211091687932002 
	41.415689662062462 17.232429007721191 -0.13388089127600367 1 
	41.415689662062462 17.232429007721191 0 1 
	42.991297561193356 13.086745803814427 0 1 
	42.991297561193356 13.086745803814427 0.13388089127600367 1 
	42.917694697675003 13.062836321472927 0.51181000000000054 0.68211091687932002 
	42.086607771312053 12.79286233890077 0.51181000000000054 0.68211091687932002 
	42.013004907778452 12.768952856555456 0.13388089127600372 1 
	42.013004907778452 12.768952856555456 -0.13388089127600361 1 
	42.086607771312053 12.79286233890077 -0.51181000000000054 0.68211091687932002 
	42.917694697675003 13.062836321472927 -0.51181000000000054 0.68211091687932002 
	42.991297561193356 13.086745803814427 -0.13388089127600367 1 
	42.991297561193356 13.086745803814427 0 1 
	44.872738104346752 4.491857665184023 0 1 
	44.872738104346752 4.491857665184023 0.13388089127600367 1 
	44.79587746548826 4.4828306471762156 0.51181000000000054 0.68211091687932002 
	43.928005360228482 4.3809020496904125 0.51181000000000054 0.68211091687932002 
	43.851144721385275 4.3718750316864234 0.13388089127600372 1 
	43.851144721385275 4.3718750316864234 -0.13388089127600361 1 
	43.928005360228482 4.3809020496904125 -0.51181000000000054 0.68211091687932002 
	44.79587746548826 4.4828306471762156 -0.51181000000000054 0.68211091687932002 
	44.872738104346752 4.491857665184023 -0.13388089127600367 1 
	44.872738104346752 4.491857665184023 0 1 
	45.178258234382561 0.04371040863656965 0 1 
	45.178258234382561 0.04371040863656965 0.13388089127600367 1 
	45.100883987122735 0.04220365005508115 0.51181000000000054 0.68211091687932002 
	44.227212471291566 0.025190081590107521 0.51181000000000054 0.68211091687932002 
	44.149838224001051 0.023683323010535891 0.13388089127600372 1 
	44.149838224001051 0.023683323010535891 -0.13388089127600361 1 
	44.227212471291566 0.025190081590107521 -0.51181000000000054 0.68211091687932002 
	45.100883987122735 0.04220365005508115 -0.51181000000000054 0.68211091687932002 
	45.178258234382561 0.04371040863656965 -0.13388089127600367 1 
	45.178258234382561 0.04371040863656965 0 1 
	44.479189013018932 -8.7737737417885651 0 1 
	44.479189013018932 -8.7737737417885651 0.13388089127600367 1 
	44.403018864799293 -8.7600933551689888 0.51181000000000054 0.68211091687932002 
	43.542943436460902 -8.6056212337911226 0.51181000000000054 0.68211091687932002 
	43.466773288271959 -8.5919408471734631 0.13388089127600372 1 
	43.466773288271959 -8.5919408471734631 -0.13388089127600361 1 
	43.542943436460902 -8.6056212337911226 -0.51181000000000054 0.68211091687932002 
	44.403018864799293 -8.7600933551689888 -0.51181000000000054 0.68211091687932002 
	44.479189013018932 -8.7737737417885651 -0.13388089127600367 1 
	44.479189013018932 -8.7737737417885651 0 1 
	43.474608197756346 -13.142001970696047 0 1 
	43.474608197756346 -13.142001970696047 0.13388089127600367 1 
	43.400130264091729 -13.120976237320308 0.51181000000000054 0.68211091687932002 
	42.55916248105548 -12.883564113796277 0.51181000000000054 0.68211091687932002 
	42.484684547390877 -12.862538380412829 0.13388089127600372 1 
	42.484684547390877 -12.862538380412829 -0.13388089127600361 1 
	42.55916248105548 -12.883564113796277 -0.51181000000000054 0.68211091687932002 
	43.400130264091729 -13.120976237320308 -0.51181000000000054 0.68211091687932002 
	43.474608197756346 -13.142001970696047 -0.13388089127600367 1 
	43.474608197756346 -13.142001970696047 0 1 
	40.228215412141658 -21.420095621067205 0 1 
	40.228215412141658 -21.420095621067205 0.13388089127600367 1 
	40.15929964452846 -21.384886800682654 0.51181000000000054 0.68211091687932002 
	39.381137073589727 -20.9873263129682 0.51181000000000054 0.68211091687932002 
	39.312221305976557 -20.952117492591373 0.13388089127600372 1 
	39.312221305976557 -20.952117492591373 -0.13388089127600361 1 
	39.381137073589727 -20.9873263129682 -0.51181000000000054 0.68211091687932002 
	40.15929964452846 -21.384886800682654 -0.51181000000000054 0.68211091687932002 
	40.228215412141658 -21.420095621067205 -0.13388089127600367 1 
	40.228215412141658 -21.420095621067205 0 1 
	37.986735667504121 -25.328897196760263 0 1 
	37.986735667504121 -25.328897196760263 0.13388089127600367 1 
	37.921572091017381 -25.287150915828313 0.51181000000000054 0.68211091687932002 
	37.185777396172476 -24.815772675087079 0.51181000000000054 0.68211091687932002 
	37.120613819670233 -24.77402639414737 0.13388089127600372 1 
	37.120613819670233 -24.77402639414737 -0.13388089127600361 1 
	37.185777396172476 -24.815772675087079 -0.51181000000000054 0.68211091687932002 
	37.921572091017381 -25.287150915828313 -0.51181000000000054 0.68211091687932002 
	37.986735667504121 -25.328897196760263 -0.13388089127600367 1 
	37.986735667504121 -25.328897196760263 0 1 
	32.447506314592843 -32.344336388981318 0 1 
	32.447506314592843 -32.344336388981318 0.13388089127600367 1 
	32.391783616842829 -32.290633273351965 0.51181000000000054 0.68211091687932002 
	31.762590629163956 -31.684244402540536 0.51181000000000054 0.68211091687932002 
	31.706867931429446 -31.630541286918938 0.13388089127600372 1 
	31.706867931429446 -31.630541286918938 -0.13388089127600361 1 
	31.762590629163956 -31.684244402540536 -0.51181000000000054 0.68211091687932002 
	32.391783616842829 -32.290633273351965 -0.51181000000000054 0.68211091687932002 
	32.447506314592843 -32.344336388981318 -0.13388089127600367 1 
	32.447506314592843 -32.344336388981318 0 1 
	29.150387144118284 -35.450047890443052 0 1 
	29.150387144118284 -35.450047890443052 0.13388089127600367 1 
	29.10015325590026 -35.391178545583699 0.51181000000000054 0.68211091687932002 
	28.53293717533764 -34.726455183762766 0.51181000000000054 0.68211091687932002 
	28.48270328711962 -34.667585838887831 0.13388089127600372 1 
	28.48270328711962 -34.667585838887831 -0.13388089127600361 1 
	28.53293717533764 -34.726455183762766 -0.51181000000000054 0.68211091687932002 
	29.10015325590026 -35.391178545583699 -0.51181000000000054 0.68211091687932002 
	29.150387144118284 -35.450047890443052 -0.13388089127600367 1 
	29.150387144118284 -35.450047890443052 0 1 
	21.774353516500774 -40.58147043069556 0 1 
	21.774353516500774 -40.58147043069556 0.13388089127600367 1 
	21.736625634537216 -40.513900835392917 0.51181000000000054 0.68211091687932002 
	21.310621156447379 -39.750938572835601 0.51181000000000054 0.68211091687932002 
	21.272893274483831 -39.683368977548561 0.13388089127600372 1 
	21.272893274483831 -39.683368977548561 -0.13388089127600361 1 
	21.310621156447379 -39.750938572835601 -0.51181000000000054 0.68211091687932002 
	21.736625634537216 -40.513900835392917 -0.51181000000000054 0.68211091687932002 
	21.774353516500774 -40.58147043069556 -0.13388089127600367 1 
	21.774353516500774 -40.58147043069556 0 1 
	17.696316039406245 -42.606474989266822 0 1 
	17.696316039406245 -42.606474989266822 0.13388089127600367 1 
	17.665340583930998 -42.535555569714298 0.51181000000000054 0.68211091687932002 
	17.315581147262169 -41.734768757865453 0.51181000000000054 0.68211091687932002 
	17.284605691790848 -41.663849338312943 0.13388089127600372 1 
	17.284605691790848 -41.663849338312943 -0.13388089127600361 1 
	17.315581147262169 -41.734768757865453 -0.51181000000000054 0.68211091687932002 
	17.665340583930998 -42.535555569714298 -0.51181000000000054 0.68211091687932002 
	17.696316039406245 -42.606474989266822 -0.13388089127600367 1 
	17.696316039406245 -42.606474989266822 0 1 
	9.103591244799718 -45.389412761199949 0 1 
	9.103591244799718 -45.389412761199949 0.13388089127600367 1 
	9.0871092226816721 -45.313799363870885 0.51181000000000054 0.68211091687932002 
	8.9010024266662349 -44.460010489673628 0.51181000000000054 0.68211091687932002 
	8.8845204045442756 -44.384397092344592 0.13388089127600372 1 
	8.8845204045442756 -44.384397092344592 -0.13388089127600361 1 
	8.9010024266662349 -44.460010489673628 -0.51181000000000054 0.68211091687932002 
	9.0871092226816721 -45.313799363870885 -0.51181000000000054 0.68211091687932002 
	9.103591244799718 -45.389412761199949 -0.13388089127600367 1 
	9.103591244799718 -45.389412761199949 0 1 
	4.5899538113678524 -46.146922787546927 0 1 
	4.5899538113678524 -46.146922787546927 0.13388089127600367 1 
	4.5809059507118217 -46.070064614552855 0.51181000000000054 0.68211091687932002 
	4.4787420083902658 -45.202220352599468 0.51181000000000054 0.68211091687932002 
	4.4696941477343595 -45.125362179589658 0.13388089127600372 1 
	4.4696941477343595 -45.125362179589658 -0.13388089127600361 1 
	4.4787420083902658 -45.202220352599468 -0.51181000000000054 0.68211091687932002 
	4.5809059507118217 -46.070064614552855 -0.51181000000000054 0.68211091687932002 
	4.5899538113678524 -46.146922787546927 -0.13388089127600367 1 
	4.5899538113678524 -46.146922787546927 0 1 
	-4.48737103699934 -46.315743722780461 0 1 
	-4.48737103699934 -46.315743722780461 0.13388089127600367 1 
	-4.481186980034078 -46.238602294375106 0.51181000000000054 0.68211091687932002 
	-4.4113596845961052 -45.367559653319972 0.51181000000000054 0.68211091687932002 
	-4.4051756276309684 -45.29041822493037 0.13388089127600372 1 
	-4.4051756276309684 -45.29041822493037 -0.13388089127600361 1 
	-4.4113596845961052 -45.367559653319972 -0.51181000000000054 0.68211091687932002 
	-4.481186980034078 -46.238602294375106 -0.51181000000000054 0.68211091687932002 
	-4.48737103699934 -46.315743722780461 -0.13388089127600367 1 
	-4.48737103699934 -46.315743722780461 0 1 
	-9.049925091386017 -45.72695442565567 0 1 
	-9.049925091386017 -45.72695442565567 0.13388089127600367 1 
	-9.0362657567354407 -45.650780514435759 0.51181000000000054 0.68211091687932002 
	-8.8820313437639395 -44.790662596231115 0.51181000000000054 0.68211091687932002 
	-8.8683720091173228 -44.714488685027035 0.13388089127600372 1 
	-8.8683720091173228 -44.714488685027035 -0.13388089127600361 1 
	-8.8820313437639395 -44.790662596231115 -0.51181000000000054 0.68211091687932002 
	-9.0362657567354407 -45.650780514435759 -0.51181000000000054 0.68211091687932002 
	-9.049925091386017 -45.72695442565567 -0.13388089127600367 1 
	-9.049925091386017 -45.72695442565567 0 1 
	-17.830146988648327 -43.239974848730398 0 1 
	-17.830146988648327 -43.239974848730398 0.13388089127600367 1 
	-17.801829811153397 -43.167952771371446 0.51181000000000054 0.68211091687932002 
	-17.482086327166101 -42.35471529594907 0.51181000000000054 0.68211091687932002 
	-17.453769149667217 -42.282693218574302 0.13388089127600372 1 
	-17.453769149667217 -42.282693218574302 -0.13388089127600361 1 
	-17.482086327166101 -42.35471529594907 -0.51181000000000054 0.68211091687932002 
	-17.801829811153397 -43.167952771371446 -0.51181000000000054 0.68211091687932002 
	-17.830146988648327 -43.239974848730398 -0.13388089127600367 1 
	-17.830146988648327 -43.239974848730398 0 1 
	-22.046695594929528 -41.342019363876837 0 1 
	-22.046695594929528 -41.342019363876837 0.13388089127600367 1 
	-22.011506175328723 -41.273093704205827 0.51181000000000054 0.68211091687932002 
	-21.614164751637833 -40.494819437429214 0.51181000000000054 0.68211091687932002 
	-21.578975332029078 -40.425893777758233 0.13388089127600372 1 
	-21.578975332029078 -40.425893777758233 -0.13388089127600361 1 
	-21.614164751637833 -40.494819437429214 -0.51181000000000054 0.68211091687932002 
	-22.011506175328723 -41.273093704205827 -0.51181000000000054 0.68211091687932002 
	-22.046695594929528 -41.342019363876837 -0.13388089127600367 1 
	-22.046695594929528 -41.342019363876837 0 1 
	-29.765816788967335 -36.387431465592101 0 1 
	-29.765816788967335 -36.387431465592101 0.13388089127600367 1 
	-29.71780667161665 -36.326734921710518 0.51181000000000054 0.68211091687932002 
	-29.175700305660069 -35.641379737187165 0.51181000000000054 0.68211091687932002 
	-29.127690188317352 -35.580683193305603 0.13388089127600372 1 
	-29.127690188317352 -35.580683193305603 -0.13388089127600361 1 
	-29.175700305660069 -35.641379737187165 -0.51181000000000054 0.68211091687932002 
	-29.71780667161665 -36.326734921710518 -0.51181000000000054 0.68211091687932002 
	-29.765816788967335 -36.387431465592101 -0.13388089127600367 1 
	-29.765816788967335 -36.387431465592101 0 1 
	-33.267381632350215 -33.331351872955551 0 1 
	-33.267381632350215 -33.331351872955551 0.13388089127600367 1 
	-33.213694486661645 -33.27561380836881 0.51181000000000054 0.68211091687932002 
	-32.607485940435311 -32.646247305871363 0.51181000000000054 0.68211091687932002 
	-32.553798794746754 -32.590509241284629 0.13388089127600372 1 
	-32.553798794746754 -32.590509241284629 -0.13388089127600361 1 
	-32.607485940435311 -32.646247305871363 -0.51181000000000054 0.68211091687932002 
	-33.213694486661645 -33.27561380836881 -0.51181000000000054 0.68211091687932002 
	-33.267381632350215 -33.331351872955551 -0.13388089127600367 1 
	-33.267381632350215 -33.331351872955551 0 1 
	-39.245580714538988 -26.313254520470839 0 1 
	-39.245580714538988 -26.313254520470839 0.13388089127600367 1 
	-39.182014760466018 -26.269113712421404 0.51181000000000054 0.68211091687932002 
	-38.464259623282189 -25.770697662652129 0.51181000000000054 0.68211091687932002 
	-38.40069366920924 -25.726556854602702 0.13388089127600372 1 
	-38.40069366920924 -25.726556854602702 -0.13388089127600361 1 
	-38.464259623282189 -25.770697662652129 -0.51181000000000054 0.68211091687932002 
	-39.182014760466018 -26.269113712421404 -0.51181000000000054 0.68211091687932002 
	-39.245580714538988 -26.313254520470839 -0.13388089127600367 1 
	-39.245580714538988 -26.313254520470839 0 1 
	-41.721407367823453 -22.352062819642782 0 1 
	-41.721407367823453 -22.352062819642782 0.13388089127600367 1 
	-41.653848777198043 -22.314315264270547 0.51181000000000054 0.68211091687932002 
	-40.891010773850269 -21.888088643807507 0.51181000000000054 0.68211091687932002 
	-40.823452183224852 -21.850341088435282 0.13388089127600372 1 
	-40.823452183224852 -21.850341088435282 -0.13388089127600361 1 
	-40.891010773850269 -21.888088643807507 -0.51181000000000054 0.68211091687932002 
	-41.653848777198043 -22.314315264270547 -0.51181000000000054 0.68211091687932002 
	-41.721407367823453 -22.352062819642782 -0.13388089127600367 1 
	-41.721407367823453 -22.352062819642782 0 1 
	-45.422881638211749 -13.857606003360564 0 1 
	-45.422881638211749 -13.857606003360564 0.13388089127600367 1 
	-45.349237355068219 -13.833824483961962 0.51181000000000054 0.68211091687932002 
	-44.517682739001764 -13.565295395313047 0.51181000000000054 0.68211091687932002 
	-44.444038455858241 -13.54151387591445 0.13388089127600372 1 
	-44.444038455858241 -13.54151387591445 -0.13388089127600361 1 
	-44.517682739001764 -13.565295395313047 -0.51181000000000054 0.68211091687932002 
	-45.349237355068219 -13.833824483961962 -0.51181000000000054 0.68211091687932002 
	-45.422881638211749 -13.857606003360564 -0.13388089127600367 1 
	-45.422881638211749 -13.857606003360564 0 1 
	-46.647993995650317 -9.3253711992296768 0 1 
	-46.647993995650317 -9.3253711992296768 0.13388089127600367 1 
	-46.572385495735034 -9.3088667907082439 0.51181000000000054 0.68211091687932002 
	-45.718651920640568 -9.1225072186157323 0.51181000000000054 0.68211091687932002 
	-45.643043420725306 -9.1060028100922832 0.13388089127600372 1 
	-45.643043420725306 -9.1060028100922832 -0.13388089127600361 1 
	-45.718651920640568 -9.1225072186157323 -0.51181000000000054 0.68211091687932002 
	-46.572385495735034 -9.3088667907082439 -0.51181000000000054 0.68211091687932002 
	-46.647993995650317 -9.3253711992296768 -0.13388089127600367 1 
	-46.647993995650317 -9.3253711992296768 0 1 
	-47.728907855227284 -0.075676097993151142 0 1 
	-47.728907855227284 -0.075676097993151142 0.13388089127600367 1 
	-47.651531143752592 -0.074303043083435633 0.51181000000000054 0.68211091687932002 
	-46.777831803290361 -0.05879918996614264 0.51181000000000054 0.68211091687932002 
	-46.700455091815677 -0.057426135058446376 0.13388089127600372 1 
	-46.700455091815677 -0.057426135058446376 -0.13388089127600361 1 
	-46.777831803290361 -0.05879918996614264 -0.51181000000000054 0.68211091687932002 
	-47.651531143752592 -0.074303043083435633 -0.51181000000000054 0.68211091687932002 
	-47.728907855227284 -0.075676097993151142 -0.13388089127600367 1 
	-47.728907855227284 -0.075676097993151142 0 1 
	-47.584495650497388 4.6406370642987769 0 1 
	-47.584495650497388 4.6406370642987769 0.13388089127600367 1 
	-47.507352378633357 4.634476218149965 0.51181000000000054 0.68211091687932002 
	-46.636288921956869 4.564911007687642 0.51181000000000054 0.68211091687932002 
	-46.559145650076601 4.5587501615347685 0.13388089127600372 1 
	-46.559145650076601 4.5587501615347685 -0.13388089127600361 1 
	-46.636288921956869 4.564911007687642 -0.51181000000000054 0.68211091687932002 
	-47.507352378633357 4.634476218149965 -0.51181000000000054 0.68211091687932002 
	-47.584495650497388 4.6406370642987769 -0.13388089127600367 1 
	-47.584495650497388 4.6406370642987769 0 1 
	-45.924750255860573 13.851683558595409 0 1 
	-45.924750255860573 13.851683558595409 0.13388089127600367 1 
	-45.850308579987846 13.830529899030072 0.51181000000000054 0.68211091687932002 
	-45.009750201819486 13.591673296598859 0.51181000000000054 0.68211091687932002 
	-44.935308525963002 13.570519637037579 0.13388089127600372 1 
	-44.935308525963002 13.570519637037579 -0.13388089127600361 1 
	-45.009750201819486 13.591673296598859 -0.51181000000000054 0.68211091687932002 
	-45.850308579987846 13.830529899030072 -0.51181000000000054 0.68211091687932002 
	-45.924750255860573 13.851683558595409 -0.13388089127600367 1 
	-45.924750255860573 13.851683558595409 0 1 
	-44.409546689549792 18.345251386638999 0 1 
	-44.409546689549792 18.345251386638999 0.13388089127600367 1 
	-44.337515975683381 18.316956221956882 0.51181000000000054 0.68211091687932002 
	-43.524180981060546 17.997461295722445 0.51181000000000054 0.68211091687932002 
	-43.452150267194156 17.969166131040332 0.13388089127600372 1 
	-43.452150267194156 17.969166131040332 -0.13388089127600361 1 
	-43.524180981060546 17.997461295722445 -0.51181000000000054 0.68211091687932002 
	-44.337515975683381 18.316956221956882 -0.51181000000000054 0.68211091687932002 
	-44.409546689549792 18.345251386638999 -0.13388089127600367 1 
	-44.409546689549792 18.345251386638999 0 1 
	-40.12544897662557 26.719133959010563 0 1 
	-40.12544897662557 26.719133959010563 0.13388089127600367 1 
	-40.060356836422677 26.677276422428537 0.51181000000000054 0.68211091687932002 
	-39.325368764768321 26.204641938389525 0.51181000000000054 0.68211091687932002 
	-39.260276624565428 26.162784401807507 0.13388089127600372 1 
	-39.260276624565428 26.162784401807507 -0.13388089127600361 1 
	-39.325368764768321 26.204641938389525 -0.51181000000000054 0.68211091687932002 
	-40.060356836422677 26.677276422428537 -0.51181000000000054 0.68211091687932002 
	-40.12544897662557 26.719133959010563 -0.13388089127600367 1 
	-40.12544897662557 26.719133959010563 0 1 
	-37.35701994687107 30.598365860317827 0 1 
	-37.35701994687107 30.598365860317827 0.13388089127600367 1 
	-37.296308525132261 30.550374579578367 0.51181000000000054 0.68211091687932002 
	-36.610785347482199 30.008480907166923 0.51181000000000054 0.68211091687932002 
	-36.550073925759797 29.960489626427474 0.13388089127600372 1 
	-36.550073925759797 29.960489626427474 -0.13388089127600361 1 
	-36.610785347482199 30.008480907166923 -0.51181000000000054 0.68211091687932002 
	-37.296308525132261 30.550374579578367 -0.51181000000000054 0.68211091687932002 
	-37.35701994687107 30.598365860317827 -0.13388089127600367 1 
	-37.35701994687107 30.598365860317827 0 1 
	-30.793559646556282 37.401161894897108 0 1 
	-30.793559646556282 37.401161894897108 0.13388089127600367 1 
	-30.743425859789781 37.34220730917049 0.51181000000000054 0.68211091687932002 
	-30.177340074951896 36.676521449954301 0.51181000000000054 0.68211091687932002 
	-30.127206288168999 36.617566864227683 0.13388089127600372 1 
	-30.127206288168999 36.617566864227683 -0.13388089127600361 1 
	-30.177340074951896 36.676521449954301 -0.51181000000000054 0.68211091687932002 
	-30.743425859789781 37.34220730917049 -0.51181000000000054 0.68211091687932002 
	-30.793559646556282 37.401161894897108 -0.13388089127600367 1 
	-30.793559646556282 37.401161894897108 0 1 
	-26.999291922426494 40.323820694663993 0 1 
	-26.999291922426494 40.323820694663993 0.13388089127600367 1 
	-26.955131119035478 40.260268646098964 0.51181000000000054 0.68211091687932002 
	-26.456489291853366 39.542670523157717 0.51181000000000054 0.68211091687932002 
	-26.412328488478831 39.479118474576218 0.13388089127600372 1 
	-26.412328488478831 39.479118474576218 -0.13388089127600361 1 
	-26.456489291853366 39.542670523157717 -0.51181000000000054 0.68211091687932002 
	-26.955131119035478 40.260268646098964 -0.51181000000000054 0.68211091687932002 
	-26.999291922426494 40.323820694663993 -0.13388089127600367 1 
	-26.999291922426494 40.323820694663993 0 1 
	-18.702494169590132 44.950504896147415 0 1 
	-18.702494169590132 44.950504896147415 0.13388089127600367 1 
	-18.671638587278373 44.879533264719448 0.51181000000000054 0.68211091687932002 
	-18.323232698595081 44.078156902281378 0.51181000000000054 0.68211091687932002 
	-18.292377116266856 44.007185270869883 0.13388089127600372 1 
	-18.292377116266856 44.007185270869883 -0.13388089127600361 1 
	-18.323232698595081 44.078156902281378 -0.51181000000000054 0.68211091687932002 
	-18.671638587278373 44.879533264719448 -0.51181000000000054 0.68211091687932002 
	-18.702494169590132 44.950504896147415 -0.13388089127600367 1 
	-18.702494169590132 44.950504896147415 0 1 
	-14.200962760574736 46.653882834976642 0 1 
	-14.200962760574736 46.653882834976642 0.13388089127600367 1 
	-14.177157739861295 46.580246158645501 0.51181000000000054 0.68211091687932002 
	-13.908363286057156 45.748777434845209 0.51181000000000054 0.68211091687932002 
	-13.884558265347859 45.675140758530652 0.13388089127600372 1 
	-13.884558265347859 45.675140758530652 -0.13388089127600361 1 
	-13.908363286057156 45.748777434845209 -0.51181000000000054 0.68211091687932002 
	-14.177157739861295 46.580246158645501 -0.51181000000000054 0.68211091687932002 
	-14.200962760574736 46.653882834976642 -0.13388089127600367 1 
	-14.200962760574736 46.653882834976642 0 1 
	-4.8725196153435295 48.682082772261722 0 1 
	-4.8725196153435295 48.682082772261722 0.13388089127600367 1 
	-4.8636009124440998 48.605209526940918 0.51181000000000054 0.68211091687932002 
	-4.7628953552677196 47.737195075751949 0.51181000000000054 0.68211091687932002 
	-4.7539766523641491 47.660321830414581 0.13388089127600372 1 
	-4.7539766523641491 47.660321830414581 -0.13388089127600361 1 
	-4.7628953552677196 47.737195075751949 -0.51181000000000054 0.68211091687932002 
	-4.8636009124440998 48.605209526940918 -0.51181000000000054 0.68211091687932002 
	-4.8725196153435295 48.682082772261722 -0.13388089127600367 1 
	-4.8725196153435295 48.682082772261722 0 1 
	-0.046757173191722817 49.006573925656426 0 1 
	-0.046757173191722817 49.006573925656426 0.13388089127600367 1 
	-0.045359079427828047 48.92919767521991 0.51181000000000054 0.68211091687932002 
	-0.029572500007982339 48.055503540663814 0.51181000000000054 0.68211091687932002 
	-0.028174406239926848 47.97812729024394 0.13388089127600372 1 
	-0.028174406239926848 47.97812729024394 -0.13388089127600361 1 
	-0.029572500007982339 48.055503540663814 -0.51181000000000054 0.68211091687932002 
	-0.045359079427828047 48.92919767521991 -0.51181000000000054 0.68211091687932002 
	-0.046757173191722817 49.006573925656426 -0.13388089127600367 1 
	-0.046757173191722817 49.006573925656426 0 1 
	9.5152973548710236 48.235004909751034 0 1 
	9.5152973548710236 48.235004909751034 0.13388089127600367 1 
	9.5015107448249179 48.158853953259616 0.51181000000000054 0.68211091687932002 
	9.3458392013201905 47.29899522822096 0.51181000000000054 0.68211091687932002 
	9.3320525912699264 47.222844271712923 0.13388089127600372 1 
	9.3320525912699264 47.222844271712923 -0.13388089127600361 1 
	9.3458392013201905 47.29899522822096 -0.51181000000000054 0.68211091687932002 
	9.5015107448249179 48.158853953259616 -0.51181000000000054 0.68211091687932002 
	9.5152973548710236 48.235004909751034 -0.13388089127600367 1 
	9.5152973548710236 48.235004909751034 0 1 
	14.250387783679788 47.138962329631646 0 1 
	14.250387783679788 47.138962329631646 0.13388089127600367 1 
	14.229258541567582 47.064513732513028 0.51181000000000054 0.68211091687932002 
	13.990677648981583 46.223877202936173 0.51181000000000054 0.68211091687932002 
	13.969548406877751 46.149428605800836 0.13388089127600372 1 
	13.969548406877751 46.149428605800836 -0.13388089127600361 1 
	13.990677648981583 46.223877202936173 -0.51181000000000054 0.68211091687932002 
	14.229258541567582 47.064513732513028 -0.51181000000000054 0.68211091687932002 
	14.250387783679788 47.138962329631646 -0.13388089127600367 1 
	14.250387783679788 47.138962329631646 0 1 
	23.219945281722989 43.6070541946955 0 1 
	23.219945281722989 43.6070541946955 0.13388089127600367 1 
	23.184641354039652 43.53818714036742 0.51181000000000054 0.68211091687932002 
	22.786006961904313 42.760574615841747 0.51181000000000054 0.68211091687932002 
	22.750703034212624 42.691707561530414 0.13388089127600372 1 
	22.750703034212624 42.691707561530414 -0.13388089127600361 1 
	22.786006961904313 42.760574615841747 -0.51181000000000054 0.68211091687932002 
	23.184641354039652 43.53818714036742 -0.51181000000000054 0.68211091687932002 
	23.219945281722989 43.6070541946955 -0.13388089127600367 1 
	23.219945281722989 43.6070541946955 0 1 
	27.453262145281638 41.171556522748901 0 1 
	27.453262145281638 41.171556522748901 0.13388089127600367 1 
	27.411426243192139 41.106450490191783 0.51181000000000054 0.68211091687932002 
	26.939036044962339 40.371305552949316 0.51181000000000054 0.68211091687932002 
	26.897200142864438 40.306199520409002 0.13388089127600372 1 
	26.897200142864438 40.306199520409002 -0.13388089127600361 1 
	26.939036044962339 40.371305552949316 -0.51181000000000054 0.68211091687932002 
	27.411426243192139 41.106450490191783 -0.51181000000000054 0.68211091687932002 
	27.453262145281638 41.171556522748901 -0.13388089127600367 1 
	27.453262145281638 41.171556522748901 0 1 
	35.047510252998904 35.158384655663191 0 1 
	35.047510252998904 35.158384655663191 0.13388089127600367 1 
	34.993731042062208 35.102735445005976 0.51181000000000054 0.68211091687932002 
	34.386482940841518 34.474372236858088 0.51181000000000054 0.68211091687932002 
	34.332703729913234 34.418723026184075 0.13388089127600372 1 
	34.332703729913234 34.418723026184075 -0.13388089127600361 1 
	34.386482940841518 34.474372236858088 -0.51181000000000054 0.68211091687932002 
	34.993731042062208 35.102735445005976 -0.51181000000000054 0.68211091687932002 
	35.047510252998904 35.158384655663191 -0.13388089127600367 1 
	35.047510252998904 35.158384655663191 0 1 
	38.407443091584625 31.581400089169229 0 1 
	38.407443091584625 31.581400089169229 0.13388089127600367 1 
	38.348505385933706 31.531246477849489 0.51181000000000054 0.68211091687932002 
	37.68301012789297 30.96493684420442 0.51181000000000054 0.68211091687932002 
	37.624072422225169 30.914783232893122 0.13388089127600372 1 
	37.624072422225169 30.914783232893122 -0.13388089127600361 1 
	37.68301012789297 30.96493684420442 -0.51181000000000054 0.68211091687932002 
	38.348505385933706 31.531246477849489 -0.51181000000000054 0.68211091687932002 
	38.407443091584625 31.581400089169229 -0.13388089127600367 1 
	38.407443091584625 31.581400089169229 0 1 
	43.95517297997732 23.583812393615897 0 1 
	43.95517297997732 23.583812393615897 0.13388089127600367 1 
	43.887552418814579 23.546176007191679 0.51181000000000054 0.68211091687932002 
	43.124014675276626 23.121204651114262 0.51181000000000054 0.68211091687932002 
	43.056394114130775 23.08356826468161 0.13388089127600372 1 
	43.056394114130775 23.08356826468161 -0.13388089127600361 1 
	43.124014675276626 23.121204651114262 -0.51181000000000054 0.68211091687932002 
	43.887552418814579 23.546176007191679 -0.51181000000000054 0.68211091687932002 
	43.95517297997732 23.583812393615897 -0.13388089127600367 1 
	43.95517297997732 23.583812393615897 0 1 
	46.142211554079736 19.164163871713672 0 1 
	46.142211554079736 19.164163871713672 0.13388089127600367 1 
	46.071250447392885 19.133284122432389 0.51181000000000054 0.68211091687932002 
	45.269992925075982 18.784605352464173 0.51181000000000054 0.68211091687932002 
	45.199031818406105 18.75372560319137 0.13388089127600372 1 
	45.199031818406105 18.75372560319137 -0.13388089127600361 1 
	45.269992925075982 18.784605352464173 -0.51181000000000054 0.68211091687932002 
	46.071250447392885 19.133284122432389 -0.51181000000000054 0.68211091687932002 
	46.142211554079736 19.164163871713672 -0.13388089127600367 1 
	46.142211554079736 19.164163871713672 0 1 
	49.143102997534498 9.8558012745114318 0 1 
	49.143102997534498 9.8558012745114318 0.13388089127600367 1 
	49.067467617276684 9.839420589831029 0.51181000000000054 0.68211091687932002 
	48.213430522863028 9.6544580457979627 0.51181000000000054 0.68211091687932002 
	48.137795142588246 9.6380773611090813 0.13388089127600372 1 
	48.137795142588246 9.6380773611090813 -0.13388089127600361 1 
	48.213430522863028 9.6544580457979627 -0.51181000000000054 0.68211091687932002 
	49.067467617276684 9.839420589831029 -0.51181000000000054 0.68211091687932002 
	49.143102997534498 9.8558012745114318 -0.13388089127600367 1 
	49.143102997534498 9.8558012745114318 0 1 
	49.956505454264708 4.9682264736046235 0 1 
	49.956505454264708 4.9682264736046235 0.13388089127600367 1 
	49.879635277006393 4.9592825746516302 0.51181000000000054 0.68211091687932002 
	49.011655469968545 4.8582925161963431 0.51181000000000054 0.68211091687932002 
	48.934785292761219 4.8493486172497144 0.13388089127600372 1 
	48.934785292761219 4.8493486172497144 -0.13388089127600361 1 
	49.011655469968545 4.8582925161963431 -0.51181000000000054 0.68211091687932002 
	49.879635277006393 4.9592825746516302 -0.51181000000000054 0.68211091687932002 
	49.956505454264708 4.9682264736046235 -0.13388089127600367 1 
	49.956505454264708 4.9682264736046235 0 1 
	50.041330910337628 0.055518391927280135 0 1 
	50.041330910337628 0.055518391927280135 0.13388089127600367 1 
	49.964329271810854 0.054188987968836234 0.51181000000000054 0.68211091687932002 
	49.094865068477702 0.03917801968619701 0.51181000000000054 0.68211091687932002 
	49.017863429950943 0.037848615727752902 0.13388089127600372 1 
	49.017863429950943 0.037848615727752902 -0.13388089127600361 1 
	49.094865068477702 0.03917801968619701 -0.51181000000000054 0.68211091687932002 
	49.964329271810854 0.054188987968836234 -0.51181000000000054 0.68211091687932002 
	50.041330910337628 0.055518391927280135 -0.13388089127600367 1 
	50.041330910337628 0.055518391927280135 0 1 
	0 
	0 
	0 
	2 0 0.5 
	0 
	127 0.0078125 0.015625 0.0234375 0.03125 0.0390625 0.046875 0.0546875 0.0625 0.0703125 0.078125 0.0859375 0.09375 0.1015625 0.109375 0.1171875 0.125 0.1328125 0.140625 0.1484375 0.15625 0.1640625 0.171875 0.1796875 0.1875 0.1953125 0.203125 0.2109375 0.21875 0.2265625 0.234375 0.2421875 0.25 0.2578125 0.265625 0.2734375 0.28125 0.2890625 0.296875 0.3046875 0.3125 0.3203125 0.328125 0.3359375 0.34375 0.3515625 0.359375 0.3671875 0.375 0.3828125 0.390625 0.3984375 0.40625 0.4140625 0.421875 0.4296875 0.4375 0.4453125 0.453125 0.4609375 0.46875 0.4765625 0.484375 0.4921875 0.5 0.5078125 0.515625 0.5234375 0.53125 0.5390625 0.546875 0.5546875 0.5625 0.5703125 0.578125 0.5859375 0.59375 0.6015625 0.609375 0.6171875 0.625 0.6328125 0.640625 0.6484375 0.65625 0.6640625 0.671875 0.6796875 0.6875 0.6953125 0.703125 0.7109375 0.71875 0.7265625 0.734375 0.7421875 0.75 0.7578125 0.765625 0.7734375 0.78125 0.7890625 0.796875 0.8046875 0.8125 0.8203125 0.828125 0.8359375 0.84375 0.8515625 0.859375 0.8671875 0.875 0.8828125 0.890625 0.8984375 0.90625 0.9140625 0.921875 0.9296875 0.9375 0.9453125 0.953125 0.9609375 0.96875 0.9765625 0.984375 0.9921875 
	0 
	F 1 F 0 F 1 F 0 } I I I I #
-51 coedge $-1 -1 -1 $-1 $78 $78 $79 $80 reversed $32 $-1 #
-52 coedge $-1 -1 -1 $-1 $34 $34 $81 $82 reversed $22 $-1 #
-53 coedge $-1 -1 -1 $-1 $36 $35 $78 $83 forward $14 $84 #
-54 coedge $-1 -1 -1 $-1 $81 $79 $35 $55 reversed $49 $85 #
-55 edge $-1 -1 -1 $-1 $61 1 $86 0 $35 $87 forward @7 unknown F #
-56 pcurve $-1 -1 -1 $-1 0 forward { exppc 5 nubs 1 open 2 
	0 1 1 1 
	0.5 0 
	0.5 1 
	0.001 
	-1 
	spline forward { ref 0 } I I I I 
	} 0 0 #
-57 coedge $-1 -1 -1 $-1 $79 $81 $36 $58 forward $49 $88 #
-58 edge $-1 -1 -1 $-1 $60 1 $89 0 $57 $90 forward @7 unknown F #
-59 pcurve $-1 -1 -1 $-1 0 forward { exppc 6 nubs 1 open 2 
	-1 1 -0 1 
	0 1 
	0 0 
	0.001 
	-1 
	spline forward { ref 0 } I I I I 
	} 0 0 #
-60 vertex $-1 -1 -1 $-1 $82 $91 #
-61 vertex $-1 -1 -1 $-1 $55 $92 #
-62 ellipse-curve $-1 -1 -1 $-1 19.050000000000008 0 0 0.042403145678374186 -0.99910058214204778 0 0.51134966894612188 0.021702353989648718 0 1 I I #
-63 integer_attrib-name_attrib-gen-attrib $-1 -1 $-1 $-1 $40 2 1 2 1 1 1 1 1 1 1 1 1 1 1 0 1 1 1 @6 Sweep1 0 #
-64 loop $-1 -1 -1 $-1 $-1 $69 $40 F unknown #
-65 spline-surface $-1 -1 -1 $-1 forward { exactsur 7 full nurbs 3 3 both periodic open none none 5 129 
	0 3 0.25 2 0.5 2 0.75 2 1 3 
	0 3 0.0078125 2 0.015625 2 0.0234375 2 0.03125 2 
	0.0390625 2 0.046875 2 0.0546875 2 0.0625 2 0.0703125 2 
	0.078125 2 0.0859375 2 0.09375 2 0.1015625 2 0.109375 2 
	0.1171875 2 0.125 2 0.1328125 2 0.140625 2 0.1484375 2 
	0.15625 2 0.1640625 2 0.171875 2 0.1796875 2 0.1875 2 
	0.1953125 2 0.203125 2 0.2109375 2 0.21875 2 0.2265625 2 
	0.234375 2 0.2421875 2 0.25 2 0.2578125 2 0.265625 2 
	0.2734375 2 0.28125 2 0.2890625 2 0.296875 2 0.3046875 2 
	0.3125 2 0.3203125 2 0.328125 2 0.3359375 2 0.34375 2 
	0.3515625 2 0.359375 2 0.3671875 2 0.375 2 0.3828125 2 
	0.390625 2 0.3984375 2 0.40625 2 0.4140625 2 0.421875 2 
	0.4296875 2 0.4375 2 0.4453125 2 0.453125 2 0.4609375 2 
	0.46875 2 0.4765625 2 0.484375 2 0.4921875 2 0.5 2 
	0.5078125 2 0.515625 2 0.5234375 2 0.53125 2 0.5390625 2 
	0.546875 2 0.5546875 2 0.5625 2 0.5703125 2 0.578125 2 
	0.5859375 2 0.59375 2 0.6015625 2 0.609375 2 0.6171875 2 
	0.625 2 0.6328125 2 0.640625 2 0.6484375 2 0.65625 2 
	0.6640625 2 0.671875 2 0.6796875 2 0.6875 2 0.6953125 2 
	0.703125 2 0.7109375 2 0.71875 2 0.7265625 2 0.734375 2 
	0.7421875 2 0.75 2 0.7578125 2 0.765625 2 0.7734375 2 
	0.78125 2 0.7890625 2 0.796875 2 0.8046875 2 0.8125 2 
	0.8203125 2 0.828125 2 0.8359375 2 0.84375 2 0.8515625 2 
	0.859375 2 0.8671875 2 0.875 2 0.8828125 2 0.890625 2 
	0.8984375 2 0.90625 2 0.9140625 2 0.921875 2 0.9296875 2 
	0.9375 2 0.9453125 2 0.953125 2 0.9609375 2 0.96875 2 
	0.9765625 2 0.984375 2 0.9921875 2 1 3 
	19.561349668946129 0.021702353989648718 26.987499999999997 1 
	19.561349668946129 0.021702353989648718 27.121380891276001 1 
	19.484405822417475 0.01843675571883828 27.499309999999998 0.68211091687932002 
	18.61559417758253 -0.018436755718838273 27.499309999999998 0.68211091687932002 
	18.538650331053887 -0.021702353989648718 27.121380891276001 1 
	18.538650331053887 -0.021702353989648721 26.853619108723993 1 
	18.61559417758253 -0.01843675571883828 26.475689999999997 0.68211091687932002 
	19.484405822417475 0.018436755718838276 26.475689999999997 0.68211091687932002 
	19.561349668946129 0.021702353989648718 26.853619108723993 1 
	19.561349668946129 0.021702353989648718 26.987499999999997 1 
	19.642855242213763 -1.8986405641945738 26.987499999999997 1 
	19.642855242213763 -1.8986405641945738 27.121380891276001 1 
	19.565587975844107 -1.894285762126489 27.499309999999998 0.68211091687932002 
	18.693124435190349 -1.8451135031596275 27.499309999999998 0.68211091687932002 
	18.615857168817833 -1.8407587010935826 27.121380891276001 1 
	18.615857168817833 -1.8407587010935826 26.853619108723993 1 
	18.693124435190349 -1.8451135031596275 26.475689999999997 0.68211091687932002 
	19.565587975844107 -1.894285762126489 26.475689999999997 0.68211091687932002 
	19.642855242213763 -1.8986405641945738 26.853619108723993 1 
	19.642855242213763 -1.8986405641945738 26.987499999999997 1 
	19.439503917398575 -3.8427712583409717 26.987499999999997 1 
	19.439503917398575 -3.8427712583409717 27.121380891276001 1 
	19.363028455915586 -3.830909298941612 27.499309999999998 0.68211091687932002 
	18.499505582068366 -3.6969699532784199 27.499309999999998 0.68211091687932002 
	18.423030120582009 -3.6851079938790634 27.121380891276001 1 
	18.423030120582009 -3.6851079938790634 26.853619108723993 1 
	18.499505582068366 -3.6969699532784199 26.475689999999997 0.68211091687932002 
	19.363028455915586 -3.830909298941612 26.475689999999997 0.68211091687932002 
	19.439503917398575 -3.8427712583409717 26.853619108723993 1 
	19.439503917398575 -3.8427712583409717 26.987499999999997 1 
	18.467080777149942 -7.6101555449983058 26.987499999999997 1 
	18.467080777149942 -7.6101555449983058 27.121380891276001 1 
	18.394418076743115 -7.5835222154535531 27.499309999999998 0.68211091687932002 
	17.573947004551986 -7.2827919050646983 27.499309999999998 0.68211091687932002 
	17.501284304148545 -7.2561585755199474 27.121380891276001 1 
	17.501284304148545 -7.2561585755199474 26.853619108723993 1 
	17.573947004551986 -7.2827919050646983 26.475689999999997 0.68211091687932002 
	18.394418076743115 -7.5835222154535531 26.475689999999997 0.68211091687932002 
	18.467080777149942 -7.6101555449983058 26.853619108723993 1 
	18.467080777149942 -7.6101555449983058 26.987499999999997 1 
	17.698054618719922 -9.4329159710643609 26.987499999999997 1 
	17.698054618719922 -9.4329159710643609 27.121380891276001 1 
	17.62833193052213 -9.3993310872771332 27.499309999999998 0.68211091687932002 
	16.841058013916697 -9.0201072839211598 27.499309999999998 0.68211091687932002 
	16.771335325715498 -8.986522400133941 27.121380891276001 1 
	16.771335325715498 -8.986522400133941 26.853619108723993 1 
	16.841058013916697 -9.0201072839211598 26.475689999999997 0.68211091687932002 
	17.62833193052213 -9.3993310872771332 26.475689999999997 0.68211091687932002 
	17.698054618719922 -9.4329159710643609 26.853619108723993 1 
	17.698054618719922 -9.4329159710643609 26.987499999999997 1 
	15.64795681352026 -12.794703185502385 26.987499999999997 1 
	15.64795681352026 -12.794703185502385 27.121380891276001 1 
	15.586176608288197 -12.748094131723599 27.499309999999998 0.68211091687932002 
	14.888585258912936 -12.221807878774136 27.499309999999998 0.68211091687932002 
	14.826805053684293 -12.175198824995356 27.121380891276001 1 
	14.826805053684293 -12.175198824995356 26.853619108723993 1 
	14.888585258912936 -12.221807878774136 26.475689999999997 0.68211091687932002 
	15.586176608288197 -12.748094131723599 26.475689999999997 0.68211091687932002 
	15.64795681352026 -12.794703185502385 26.853619108723993 1 
	15.64795681352026 -12.794703185502385 26.987499999999997 1 
	14.367075258735291 -14.333266449107278 26.987499999999997 1 
	14.367075258735291 -14.333266449107278 27.121380891276001 1 
	14.310128988752192 -14.280861148380893 27.499309999999998 0.68211091687932002 
	13.667120031925174 -13.689126557797156 27.499309999999998 0.68211091687932002 
	13.610173761942081 -13.636721257070775 27.121380891276001 1 
	13.610173761942081 -13.636721257070775 26.853619108723993 1 
	13.667120031925174 -13.689126557797156 26.475689999999997 0.68211091687932002 
	14.310128988752192 -14.280861148380893 26.475689999999997 0.68211091687932002 
	14.367075258735291 -14.333266449107278 26.853619108723993 1 
	14.367075258735291 -14.333266449107278 26.987499999999997 1 
	11.393268919060333 -16.984885859351394 26.987499999999997 1 
	11.393268919060333 -16.984885859351394 27.121380891276001 1 
	11.347708216555699 -16.922328560967607 27.499309999999998 0.68211091687932002 
	10.833259424751081 -16.215962662252167 27.499309999999998 0.68211091687932002 
	10.787698722246454 -16.153405363868391 27.121380891276001 1 
	10.787698722246454 -16.153405363868391 26.853619108723993 1 
	10.833259424751081 -16.215962662252167 26.475689999999997 0.68211091687932002 
	11.347708216555699 -16.922328560967607 26.475689999999997 0.68211091687932002 
	11.393268919060333 -16.984885859351394 26.853619108723993 1 
	11.393268919060333 -16.984885859351394 26.987499999999997 1 
	9.700665104549941 -18.097549911193152 26.987499999999997 1 
	9.700665104549941 -18.097549911193152 27.121380891276001 1 
	9.6614144538371232 -18.03085227013699 27.499309999999998 0.68211091687932002 
	9.2182156283806442 -17.277735681230993 27.499309999999998 0.68211091687932002 
	9.1789649776669524 -17.211038040171349 27.121380891276001 1 
	9.1789649776669524 -17.211038040171349 26.853619108723993 1 
	9.2182156283806442 -17.277735681230993 26.475689999999997 0.68211091687932002 
	9.6614144538371232 -18.03085227013699 26.475689999999997 0.68211091687932002 
	9.700665104549941 -18.097549911193152 26.853619108723993 1 
	9.700665104549941 -18.097549911193152 26.987499999999997 1 
	6.0420085943537778 -19.789681624971987 26.987499999999997 1 
	6.0420085943537778 -19.789681624971987 27.121380891276001 1 
	6.0166026702908297 -19.716580818465122 27.499309999999998 0.68211091687932002 
	5.7297316121288535 -18.891162870143781 27.499309999999998 0.68211091687932002 
	5.7043256880667821 -18.818062063640422 27.121380891276001 1 
	5.7043256880667821 -18.818062063640422 26.853619108723993 1 
	5.7297316121288535 -18.891162870143781 26.475689999999997 0.68211091687932002 
	6.0166026702908297 -19.716580818465122 26.475689999999997 0.68211091687932002 
	6.0420085943537778 -19.789681624971987 26.853619108723993 1 
	6.0420085943537778 -19.789681624971987 26.987499999999997 1 
	4.0763822595793924 -20.368865007175224 26.987499999999997 1 
	4.0763822595793924 -20.368865007175224 27.121380891276001 1 
	4.0582172698562831 -20.293637233749362 27.499309999999998 0.68211091687932002 
	3.8531072407686424 -19.444202632839115 27.499309999999998 0.68211091687932002 
	3.8349422510459767 -19.368974859409729 27.121380891276001 1 
	3.8349422510459767 -19.368974859409729 26.853619108723993 1 
	3.8531072407686424 -19.444202632839115 26.475689999999997 0.68211091687932002 
	4.0582172698562831 -20.293637233749362 26.475689999999997 0.68211091687932002 
	4.0763822595793924 -20.368865007175224 26.853619108723993 1 
	4.0763822595793924 -20.368865007175224 26.987499999999997 1 
	0.037540882304032755 -20.930716657336287 26.987499999999997 1 
	0.037540882304032755 -20.930716657336287 27.121380891276001 1 
	0.034483621421999004 -20.853387245805099 27.499309999999998 0.68211091687932002 
	-3.7447845810173117e-05 -19.980221992748337 27.499309999999998 0.68211091687932002 
	-0.0030947087282860546 -19.902892581220701 27.121380891276001 1 
	-0.0030947087282860546 -19.902892581220701 26.853619108723993 1 
	-3.7447845810173117e-05 -19.980221992748337 26.475689999999997 0.68211091687932002 
	0.034483621421999004 -20.853387245805099 26.475689999999997 0.68211091687932002 
	0.037540882304032755 -20.930716657336287 26.853619108723993 1 
	0.037540882304032755 -20.930716657336287 26.987499999999997 1 
	-2.0351778254953445 -20.913236073211284 26.987499999999997 1 
	-2.0351778254953445 -20.913236073211284 27.121380891276001 1 
	-2.0306888094403011 -20.835976578882267 27.499309999999998 0.68211091687932002 
	-1.980001072873445 -19.963600796060252 27.499309999999998 0.68211091687932002 
	-1.9755120568175077 -19.886341301734824 27.121380891276001 1 
	-1.9755120568175077 -19.886341301734824 26.853619108723993 1 
	-1.980001072873445 -19.963600796060252 26.475689999999997 0.68211091687932002 
	-2.0306888094403011 -20.835976578882267 26.475689999999997 0.68211091687932002 
	-2.0351778254953445 -20.913236073211284 26.853619108723993 1 
	-2.0351778254953445 -20.913236073211284 26.987499999999997 1 
	-6.1090724018359328 -20.269410105202649 26.987499999999997 1 
	-6.1090724018359328 -20.269410105202649 27.121380891276001 1 
	-6.0895176869502832 -20.194531577968295 27.499309999999998 0.68211091687932002 
	-5.8687155725545406 -19.349040491382059 27.499309999999998 0.68211091687932002 
	-5.8491608576697889 -19.274161964144135 27.121380891276001 1 
	-5.8491608576697889 -19.274161964144135 26.853619108723993 1 
	-5.8687155725545406 -19.349040491382059 26.475689999999997 0.68211091687932002 
	-6.0895176869502832 -20.194531577968295 26.475689999999997 0.68211091687932002 
	-6.1090724018359328 -20.269410105202649 26.853619108723993 1 
	-6.1090724018359328 -20.269410105202649 26.987499999999997 1 
	-8.1097243695175631 -19.643067489451699 26.987499999999997 1 
	-8.1097243695175631 -19.643067489451699 27.121380891276001 1 
	-8.0829698395184764 -19.570449502894402 27.499309999999998 0.68211091687932002 
	-7.7808709938770146 -18.750483317320271 27.499309999999998 0.68211091687932002 
	-7.7541164638779332 -18.67786533076298 27.121380891276001 1 
	-7.7541164638779332 -18.67786533076298 26.853619108723993 1 
	-7.7808709938770146 -18.750483317320271 26.475689999999997 0.68211091687932002 
	-8.0829698395184764 -19.570449502894402 26.475689999999997 0.68211091687932002 
	-8.1097243695175631 -19.643067489451699 26.853619108723993 1 
	-8.1097243695175631 -19.643067489451699 26.987499999999997 1 
	-11.862564903772197 -17.822380540322214 26.987499999999997 1 
	-11.862564903772197 -17.822380540322214 27.121380891276001 1 
	-11.822087886342834 -17.756420037808731 27.499309999999998 0.68211091687932002 
	-11.365041537906235 -17.011626850669476 27.499309999999998 0.68211091687932002 
	-11.324564520476876 -16.945666348155996 27.121380891276001 1 
	-11.324564520476876 -16.945666348155996 26.853619108723993 1 
	-11.365041537906235 -17.011626850669476 26.475689999999997 0.68211091687932002 
	-11.822087886342834 -17.756420037808731 26.475689999999997 0.68211091687932002 
	-11.862564903772197 -17.822380540322214 26.853619108723993 1 
	-11.862564903772197 -17.822380540322214 26.987499999999997 1 
	-13.614247778729698 -16.628193682831057 26.987499999999997 1 
	-13.614247778729698 -16.628193682831057 27.121380891276001 1 
	-13.567539183816217 -16.566488899764046 27.499309999999998 0.68211091687932002 
	-13.040128961888321 -15.869749179956194 27.499309999999998 0.68211091687932002 
	-12.99342036697667 -15.808044396887363 27.121380891276001 1 
	-12.99342036697667 -15.808044396887363 26.853619108723993 1 
	-13.040128961888321 -15.869749179956194 26.475689999999997 0.68211091687932002 
	-13.567539183816217 -16.566488899764046 26.475689999999997 0.68211091687932002 
	-13.614247778729698 -16.628193682831057 26.853619108723993 1 
	-13.614247778729698 -16.628193682831057 26.987499999999997 1 
	-16.710072692629893 -13.763488202658184 26.987499999999997 1 
	-16.710072692629893 -13.763488202658184 27.121380891276001 1 
	-16.652169792219222 -13.712142051855503 27.499309999999998 0.68211091687932002 
	-15.998359040389657 -13.132366855439626 27.499309999999998 0.68211091687932002 
	-15.940456139977163 -13.08102070463878 27.121380891276001 1 
	-15.940456139977163 -13.08102070463878 26.853619108723993 1 
	-15.998359040389657 -13.132366855439626 26.475689999999997 0.68211091687932002 
	-16.652169792219222 -13.712142051855503 26.475689999999997 0.68211091687932002 
	-16.710072692629893 -13.763488202658184 26.853619108723993 1 
	-16.710072692629893 -13.763488202658184 26.987499999999997 1 
	-18.053772393593558 -12.093271193729803 26.987499999999997 1 
	-18.053772393593558 -12.093271193729803 27.121380891276001 1 
	-17.991144216568969 -12.047808231841691 27.499309999999998 0.68211091687932002 
	-17.283977991506529 -11.534463078483157 27.499309999999998 0.68211091687932002 
	-17.221349814485638 -11.489000116596893 27.121380891276001 1 
	-17.221349814485638 -11.489000116596893 26.853619108723993 1 
	-17.283977991506529 -11.534463078483157 26.475689999999997 0.68211091687932002 
	-17.991144216568969 -12.047808231841691 26.475689999999997 0.68211091687932002 
	-18.053772393593558 -12.093271193729803 26.853619108723993 1 
	-18.053772393593558 -12.093271193729803 26.987499999999997 1 
	-20.206798255591565 -8.4120380356635334 26.987499999999997 1 
	-20.206798255591565 -8.4120380356635334 27.121380891276001 1 
	-20.136470420631639 -8.3797399695238663 27.499309999999998 0.68211091687932002 
	-19.342363487743143 -8.015046271007245 27.499309999999998 0.68211091687932002 
	-19.272035652779529 -7.982748204865735 27.121380891276001 1 
	-19.272035652779529 -7.982748204865735 26.853619108723993 1 
	-19.342363487743143 -8.015046271007245 26.475689999999997 0.68211091687932002 
	-20.136470420631639 -8.3797399695238663 26.475689999999997 0.68211091687932002 
	-20.206798255591565 -8.4120380356635334 26.853619108723993 1 
	-20.206798255591565 -8.4120380356635334 26.987499999999997 1 
	-21.0157859205286 -6.4014440635204259 26.987499999999997 1 
	-21.0157859205286 -6.4014440635204259 27.121380891276001 1 
	-20.942647019281157 -6.3761484696276876 27.499309999999998 0.68211091687932002 
	-20.116798924022657 -6.0905232048573454 27.499309999999998 0.68211091687932002 
	-20.043660022775221 -6.0652276109646079 27.121380891276001 1 
	-20.043660022775221 -6.0652276109646079 26.853619108723993 1 
	-20.116798924022657 -6.0905232048573454 26.475689999999997 0.68211091687932002 
	-20.942647019281157 -6.3761484696276876 26.475689999999997 0.68211091687932002 
	-21.0157859205286 -6.4014440635204259 26.853619108723993 1 
	-21.0157859205286 -6.4014440635204259 26.987499999999997 1 
	-22.016670094822054 -2.2078859639602233 26.987499999999997 1 
	-22.016670094822054 -2.2078859639602233 27.121380891276001 1 
	-21.939990743168263 -2.1974244648449126 27.499309999999998 0.68211091687932002 
	-21.07416564294974 -2.0792984201551694 27.499309999999998 0.68211091687932002 
	-20.997486291295953 -2.0688369210398601 27.121380891276001 1 
	-20.997486291295953 -2.0688369210398601 26.853619108723993 1 
	-21.07416564294974 -2.0792984201551694 26.475689999999997 0.68211091687932002 
	-21.939990743168263 -2.1974244648449126 26.475689999999997 0.68211091687932002 
	-22.016670094822054 -2.2078859639602233 26.853619108723993 1 
	-22.016670094822054 -2.2078859639602233 26.987499999999997 1 
	-22.208364089048096 -0.025429820924569198 26.987499999999997 1 
	-22.208364089048096 -0.025429820924569198 27.121380891276001 1 
	-22.131030445216805 -0.022485321476211143 27.499309999999998 0.68211091687932002 
	-21.257817403130236 0.010762501762947695 27.499309999999998 0.68211091687932002 
	-21.180483759302732 0.013707001211306184 27.121380891276001 1 
	-21.180483759302732 0.013707001211306184 26.853619108723993 1 
	-21.257817403130236 0.010762501762947695 26.475689999999997 0.68211091687932002 
	-22.131030445216805 -0.022485321476211143 26.475689999999997 0.68211091687932002 
	-22.208364089048096 -0.025429820924569198 26.853619108723993 1 
	-22.208364089048096 -0.025429820924569198 26.987499999999997 1 
	-21.944293630317802 4.3246320629137243 26.987499999999997 1 
	-21.944293630317802 4.3246320629137243 27.121380891276001 1 
	-21.867884083740439 4.3123542893489066 27.499309999999998 0.68211091687932002 
	-21.005105488193259 4.1737197769507199 27.499309999999998 0.68211091687932002 
	-20.928695941612133 4.1614420033859059 27.121380891276001 1 
	-20.928695941612133 4.1614420033859059 26.853619108723993 1 
	-21.005105488193259 4.1737197769507199 26.475689999999997 0.68211091687932002 
	-21.867884083740439 4.3123542893489066 26.475689999999997 0.68211091687932002 
	-21.944293630317802 4.3246320629137243 26.853619108723993 1 
	-21.944293630317802 4.3246320629137243 26.987499999999997 1 
	-21.488483407988213 6.491687093844825 26.987499999999997 1 
	-21.488483407988213 6.491687093844825 27.121380891276001 1 
	-21.413632653139697 6.4720268865684796 27.499309999999998 0.68211091687932002 
	-20.568455158505824 6.2500336045807252 27.499309999999998 0.68211091687932002 
	-20.493604403661134 6.2303733973082025 27.121380891276001 1 
	-20.493604403661134 6.2303733973082025 26.853619108723993 1 
	-20.568455158505824 6.2500336045807252 26.475689999999997 0.68211091687932002 
	-21.413632653139697 6.4720268865684796 26.475689999999997 0.68211091687932002 
	-21.488483407988213 6.491687093844825 26.853619108723993 1 
	-21.488483407988213 6.491687093844825 26.987499999999997 1 
	-19.955182715335443 10.620997656080295 26.987499999999997 1 
	-19.955182715335443 10.620997656080295 27.121380891276001 1 
	-19.885640436946197 10.587041349527736 27.499309999999998 0.68211091687932002 
	-19.10040361815885 10.203623625027019 27.499309999999998 0.68211091687932002 
	-19.030861339765792 10.169667318470641 27.121380891276001 1 
	-19.030861339765792 10.169667318470641 26.853619108723993 1 
	-19.10040361815885 10.203623625027019 26.475689999999997 0.68211091687932002 
	-19.885640436946197 10.587041349527736 26.475689999999997 0.68211091687932002 
	-19.955182715335443 10.620997656080295 26.853619108723993 1 
	-19.955182715335443 10.620997656080295 26.987499999999997 1 
	-18.877810537349578 12.582707507063986 26.987499999999997 1 
	-18.877810537349578 12.582707507063986 27.121380891276001 1 
	-18.811905365948224 12.542140717153083 27.499309999999998 0.68211091687932002 
	-18.067736950286001 12.084080702499254 27.499309999999998 0.68211091687932002 
	-18.001831778888516 12.043513912588361 27.121380891276001 1 
	-18.001831778888516 12.043513912588361 26.853619108723993 1 
	-18.067736950286001 12.084080702499254 26.475689999999997 0.68211091687932002 
	-18.811905365948224 12.542140717153083 26.475689999999997 0.68211091687932002 
	-18.877810537349578 12.582707507063986 26.853619108723993 1 
	-18.877810537349578 12.582707507063986 26.987499999999997 1 
	-16.182236266857625 16.125293203443203 26.987499999999997 1 
	-16.182236266857625 16.125293203443203 27.121380891276001 1 
	-16.125565270570466 16.072590696597004 27.499309999999998 0.68211091687932002 
	-15.485664567367428 15.477500202353978 27.499309999999998 0.68211091687932002 
	-15.42899357107642 15.424797695507781 27.121380891276001 1 
	-15.42899357107642 15.424797695507781 26.853619108723993 1 
	-15.485664567367428 15.477500202353978 26.475689999999997 0.68211091687932002 
	-16.125565270570466 16.072590696597004 26.475689999999997 0.68211091687932002 
	-16.182236266857625 16.125293203443203 26.853619108723993 1 
	-16.182236266857625 16.125293203443203 26.987499999999997 1 
	-14.564309474857913 17.70567668535163 26.987499999999997 1 
	-14.564309474857913 17.70567668535163 27.121380891276001 1 
	-14.513039724667243 17.647706299081491 27.499309999999998 0.68211091687932002 
	-13.93412720592754 16.993133530484073 27.499309999999998 0.68211091687932002 
	-13.882857455734928 16.935163144217846 27.121380891276001 1 
	-13.882857455734928 16.935163144217846 26.853619108723993 1 
	-13.93412720592754 16.993133530484073 26.475689999999997 0.68211091687932002 
	-14.513039724667243 17.647706299081491 26.475689999999997 0.68211091687932002 
	-14.564309474857913 17.70567668535163 26.853619108723993 1 
	-14.564309474857913 17.70567668535163 26.987499999999997 1 
	-10.917600252762032 20.339255133248695 26.987499999999997 1 
	-10.917600252762032 20.339255133248695 27.121380891276001 1 
	-10.878692851451419 20.27235694881395 27.499309999999998 0.68211091687932002 
	-10.439369827558313 19.516975923875755 27.499309999999998 0.68211091687932002 
	-10.400462426249659 19.450077739437123 27.121380891276001 1 
	-10.400462426249659 19.450077739437123 26.853619108723993 1 
	-10.439369827558313 19.516975923875755 26.475689999999997 0.68211091687932002 
	-10.878692851451419 20.27235694881395 26.475689999999997 0.68211091687932002 
	-10.917600252762032 20.339255133248695 26.853619108723993 1 
	-10.917600252762032 20.339255133248695 26.987499999999997 1 
	-8.8892290459026597 21.392055602235875 26.987499999999997 1 
	-8.8892290459026597 21.392055602235875 27.121380891276001 1 
	-8.8570206003584104 21.321686816478554 27.499309999999998 0.68211091687932002 
	-8.4933388530336238 20.527117487642439 27.499309999999998 0.68211091687932002 
	-8.4611304074903657 20.456748701885129 27.121380891276001 1 
	-8.4611304074903657 20.456748701885129 26.853619108723993 1 
	-8.4933388530336238 20.527117487642439 26.475689999999997 0.68211091687932002 
	-8.8570206003584104 21.321686816478554 26.475689999999997 0.68211091687932002 
	-8.8892290459026597 21.392055602235875 26.853619108723993 1 
	-8.8892290459026597 21.392055602235875 26.987499999999997 1 
	-4.5903310661895746 22.86727134134572 26.987499999999997 1 
	-4.5903310661895746 22.86727134134572 27.121380891276001 1 
	-4.5725456801251907 22.791953149634725 27.499309999999998 0.68211091687932002 
	-4.3717219467508635 21.941497590377391 27.499309999999998 0.68211091687932002 
	-4.3539365606854972 21.866179398666404 27.121380891276001 1 
	-4.3539365606854972 21.866179398666404 26.853619108723993 1 
	-4.3717219467508635 21.941497590377391 26.475689999999997 0.68211091687932002 
	-4.5725456801251907 22.791953149634725 26.475689999999997 0.68211091687932002 
	-4.5903310661895746 22.86727134134572 26.853619108723993 1 
	-4.5903310661895746 22.86727134134572 26.987499999999997 1 
	-2.3203179119055837 23.289426771436069 26.987499999999997 1 
	-2.3203179119055837 23.289426771436069 27.121380891276001 1 
	-2.3099507980614526 23.212734724800491 27.499309999999998 0.68211091687932002 
	-2.1928905049066323 22.346766279065719 27.499309999999998 0.68211091687932002 
	-2.1825233910624711 22.270074232430147 27.121380891276001 1 
	-2.1825233910624711 22.270074232430147 26.853619108723993 1 
	-2.1928905049066323 22.346766279065719 26.475689999999997 0.68211091687932002 
	-2.3099507980614526 23.212734724800491 26.475689999999997 0.68211091687932002 
	-2.3203179119055837 23.289426771436069 26.853619108723993 1 
	-2.3203179119055837 23.289426771436069 26.987499999999997 1 
	2.2684591944420975 23.453267876804059 26.987499999999997 1 
	2.2684591944420975 23.453267876804059 27.121380891276001 1 
	2.263587750544616 23.376031770671524 27.499309999999998 0.68211091687932002 
	2.2085818290027435 22.50392007580578 27.499309999999998 0.68211091687932002 
	2.2037103851052318 22.426683969673263 27.121380891276001 1 
	2.2037103851052318 22.426683969673263 26.853619108723993 1 
	2.2085818290027435 22.50392007580578 26.475689999999997 0.68211091687932002 
	2.263587750544616 23.376031770671524 26.475689999999997 0.68211091687932002 
	2.2684591944420975 23.453267876804059 26.853619108723993 1 
	2.2684591944420975 23.453267876804059 26.987499999999997 1 
	4.5866503770879419 23.194853989361494 26.987499999999997 1 
	4.5866503770879419 23.194853989361494 27.121380891276001 1 
	4.5742817574266397 23.118459215347034 27.499309999999998 0.68211091687932002 
	4.4346214560898165 22.255847424231135 27.499309999999998 0.68211091687932002 
	4.4222528364275124 22.179452650216696 27.121380891276001 1 
	4.4222528364275124 22.179452650216696 26.853619108723993 1 
	4.4346214560898165 22.255847424231135 26.475689999999997 0.68211091687932002 
	4.5742817574266397 23.118459215347034 26.475689999999997 0.68211091687932002 
	4.5866503770879419 23.194853989361494 26.853619108723993 1 
	4.5866503770879419 23.194853989361494 26.987499999999997 1 
	9.0701543229220984 22.006065645163812 26.987499999999997 1 
	9.0701543229220984 22.006065645163812 27.121380891276001 1 
	9.043047098886877 21.933578800543824 27.499309999999998 0.68211091687932002 
	8.7369658076136414 21.115093404462129 27.499309999999998 0.68211091687932002 
	8.7098585835794253 21.042606559842142 27.121380891276001 1 
	8.7098585835794253 21.042606559842142 26.853619108723993 1 
	8.7369658076136414 21.115093404462129 26.475689999999997 0.68211091687932002 
	9.043047098886877 21.933578800543824 26.475689999999997 0.68211091687932002 
	9.0701543229220984 22.006065645163812 26.853619108723993 1 
	9.0701543229220984 22.006065645163812 26.987499999999997 1 
	11.234884488337242 21.07576386750312 26.987499999999997 1 
	11.234884488337242 21.07576386750312 27.121380891276001 1 
	11.200848331730487 21.006260762840263 27.499309999999998 0.68211091687932002 
	10.816528980171569 20.221466274220987 27.499309999999998 0.68211091687932002 
	10.782492823564818 20.151963169550012 27.121380891276001 1 
	10.782492823564818 20.151963169550012 26.853619108723993 1 
	10.816528980171569 20.221466274220987 26.475689999999997 0.68211091687932002 
	11.200848331730487 21.006260762840263 26.475689999999997 0.68211091687932002 
	11.234884488337242 21.07576386750312 26.853619108723993 1 
	11.234884488337242 21.07576386750312 26.987499999999997 1 
	15.219147986419514 18.610738907198307 26.987499999999997 1 
	15.219147986419514 18.610738907198307 27.121380891276001 1 
	15.172145321092891 18.54925808940342 27.499309999999998 0.68211091687932002 
	14.64141460229688 17.855047274134435 27.499309999999998 0.68211091687932002 
	14.594411936970264 17.793566456347683 27.121380891276001 1 
	14.594411936970264 17.793566456347683 26.853619108723993 1 
	14.64141460229688 17.855047274134435 26.475689999999997 0.68211091687932002 
	15.172145321092891 18.54925808940342 26.475689999999997 0.68211091687932002 
	15.219147986419514 18.610738907198307 26.853619108723993 1 
	15.219147986419514 18.610738907198307 26.987499999999997 1 
	17.038140046183763 17.076257631820326 26.987499999999997 1 
	17.038140046183763 17.076257631820326 27.121380891276001 1 
	16.985374716737574 17.019645275656689 27.499309999999998 0.68211091687932002 
	16.389574860970004 16.380406707591025 27.499309999999998 0.68211091687932002 
	16.336809531523823 16.323794351425338 27.121380891276001 1 
	16.336809531523823 16.323794351425338 26.853619108723993 1 
	16.389574860970004 16.380406707591025 26.475689999999997 0.68211091687932002 
	16.985374716737574 17.019645275656689 26.475689999999997 0.68211091687932002 
	17.038140046183763 17.076257631820326 26.853619108723993 1 
	17.038140046183763 17.076257631820326 26.987499999999997 1 
	20.164985124907805 13.524695433922567 26.987499999999997 1 
	20.164985124907805 13.524695433922567 27.121380891276001 1 
	20.102144428189757 13.479527019224118 27.499309999999998 0.68211091687932002 
	19.392578536390047 12.9695077462183 27.499309999999998 0.68211091687932002 
	19.32973783967201 12.92433933152191 27.121380891276001 1 
	19.32973783967201 12.92433933152191 26.853619108723993 1 
	19.392578536390047 12.9695077462183 26.475689999999997 0.68211091687932002 
	20.102144428189757 13.479527019224118 26.475689999999997 0.68211091687932002 
	20.164985124907805 13.524695433922567 26.853619108723993 1 
	20.164985124907805 13.524695433922567 26.987499999999997 1 
	21.472386690102791 11.508007635084338 26.987499999999997 1 
	21.472386690102791 11.508007635084338 27.121380891276001 1 
	21.40544689687755 11.469172079607475 27.499309999999998 0.68211091687932002 
	20.649596046187906 11.030660303093539 27.499309999999998 0.68211091687932002 
	20.582656252966821 10.991824747616679 27.121380891276001 1 
	20.582656252966821 10.991824747616679 26.853619108723993 1 
	20.649596046187906 11.030660303093539 26.475689999999997 0.68211091687932002 
	21.40544689687755 11.469172079607475 26.475689999999997 0.68211091687932002 
	21.472386690102791 11.508007635084338 26.853619108723993 1 
	21.472386690102791 11.508007635084338 26.987499999999997 1 
	23.451567341758079 7.15852251011931 26.987499999999997 1 
	23.451567341758079 7.15852251011931 27.121380891276001 1 
	23.378312719166569 7.133564614705314 27.499309999999998 0.68211091687932002 
	22.551157956053583 6.8517524732104382 27.499309999999998 0.68211091687932002 
	22.477903333457931 6.8267945777964414 27.121380891276001 1 
	22.477903333457931 6.8267945777964414 26.853619108723993 1 
	22.551157956053583 6.8517524732104382 26.475689999999997 0.68211091687932002 
	23.378312719166569 7.133564614705314 26.475689999999997 0.68211091687932002 
	23.451567341758079 7.15852251011931 26.853619108723993 1 
	23.451567341758079 7.15852251011931 26.987499999999997 1 
	24.123026290619503 4.8262378223776023 26.987499999999997 1 
	24.123026290619503 4.8262378223776023 27.121380891276001 1 
	24.047689810216404 4.8085305214879392 27.499309999999998 0.68211091687932002 
	23.197027744191153 4.6085884870585243 27.499309999999998 0.68211091687932002 
	23.121691263788072 4.5908811861683354 27.121380891276001 1 
	23.121691263788072 4.5908811861683354 26.853619108723993 1 
	23.197027744191153 4.6085884870585243 26.475689999999997 0.68211091687932002 
	24.047689810216404 4.8085305214879392 26.475689999999997 0.68211091687932002 
	24.123026290619503 4.8262378223776023 26.853619108723993 1 
	24.123026290619503 4.8262378223776023 26.987499999999997 1 
	24.759029686230015 0.042988770268569731 26.987499999999997 1 
	24.759029686230015 0.042988770268569731 27.121380891276001 1 
	24.681683671206738 0.040394982686397553 27.499309999999998 0.68211091687932002 
	23.808330939771988 0.011107223404001243 27.499309999999998 0.68211091687932002 
	23.730984924748721 0.0085134358223538237 27.121380891276001 1 
	23.730984924748721 0.0085134358223538237 26.853619108723993 1 
	23.808330939771988 0.011107223404001243 26.475689999999997 0.68211091687932002 
	24.681683671206738 0.040394982686397553 26.475689999999997 0.68211091687932002 
	24.759029686230015 0.042988770268569731 26.853619108723993 1 
	24.759029686230015 0.042988770268569731 26.987499999999997 1 
	24.72341601225305 -2.4073862880146817 26.987499999999997 1 
	24.72341601225305 -2.4073862880146817 27.121380891276001 1 
	24.646184921609692 -2.4024375514560266 27.499309999999998 0.68211091687932002 
	23.774129859154613 -2.3465588796239918 27.499309999999998 0.68211091687932002 
	23.696898768515485 -2.3416101430653393 27.121380891276001 1 
	23.696898768515485 -2.3416101430653393 26.853619108723993 1 
	23.774129859154613 -2.3465588796239918 26.475689999999997 0.68211091687932002 
	24.646184921609692 -2.4024375514560266 26.475689999999997 0.68211091687932002 
	24.72341601225305 -2.4073862880146817 26.853619108723993 1 
	24.72341601225305 -2.4073862880146817 26.987499999999997 1 
	23.934458698724306 -7.2151597101112781 26.987499999999997 1 
	23.934458698724306 -7.2151597101112781 27.121380891276001 1 
	23.859696523341775 -7.1951659992048373 27.499309999999998 0.68211091687932002 
	23.015519223919661 -6.96940696008246 27.499309999999998 0.68211091687932002 
	22.940757048532916 -6.949413249176021 27.121380891276001 1 
	22.940757048532916 -6.949413249176021 26.853619108723993 1 
	23.015519223919661 -6.96940696008246 26.475689999999997 0.68211091687932002 
	23.859696523341775 -7.1951659992048373 26.475689999999997 0.68211091687932002 
	23.934458698724306 -7.2151597101112781 26.853619108723993 1 
	23.934458698724306 -7.2151597101112781 26.987499999999997 1 
	23.181135946107073 -9.5719425145002113 26.987499999999997 1 
	23.181135946107073 -9.5719425145002113 27.121380891276001 1 
	23.108675425001305 -9.544765283673911 27.499309999999998 0.68211091687932002 
	22.290487260939724 -9.2378935105741729 27.499309999999998 0.68211091687932002 
	22.218026739838237 -9.2107162797500095 27.121380891276001 1 
	22.218026739838237 -9.2107162797500095 26.853619108723993 1 
	22.290487260939724 -9.2378935105741729 26.475689999999997 0.68211091687932002 
	23.108675425001305 -9.544765283673911 26.475689999999997 0.68211091687932002 
	23.181135946107073 -9.5719425145002113 26.853619108723993 1 
	23.181135946107073 -9.5719425145002113 26.987499999999997 1 
	21.008533174581295 -13.984931911983843 26.987499999999997 1 
	21.008533174581295 -13.984931911983843 27.121380891276001 1 
	20.942806683648154 -13.944076589524796 27.499309999999998 0.68211091687932002 
	20.200655838928277 -13.482758608812956 27.499309999999998 0.68211091687932002 
	20.13492934799088 -13.44190328635178 27.121380891276001 1 
	20.13492934799088 -13.44190328635178 26.853619108723993 1 
	20.200655838928277 -13.482758608812956 26.475689999999997 0.68211091687932002 
	20.942806683648154 -13.944076589524796 26.475689999999997 0.68211091687932002 
	21.008533174581295 -13.984931911983843 26.853619108723993 1 
	21.008533174581295 -13.984931911983843 26.987499999999997 1 
	19.589454577328262 -16.040550361380486 26.987499999999997 1 
	19.589454577328262 -16.040550361380486 27.121380891276001 1 
	19.528017716804015 -15.993490411636532 27.499309999999998 0.68211091687932002 
	18.83430324516571 -15.462112865769495 27.499309999999998 0.68211091687932002 
	18.772866384650087 -15.415052916034158 27.121380891276001 1 
	18.772866384650087 -15.415052916034158 26.853619108723993 1 
	18.83430324516571 -15.462112865769495 26.475689999999997 0.68211091687932002 
	19.528017716804015 -15.993490411636532 26.475689999999997 0.68211091687932002 
	19.589454577328262 -16.040550361380486 26.853619108723993 1 
	19.589454577328262 -16.040550361380486 26.987499999999997 1 
	16.196355552152124 -19.665942579101284 26.987499999999997 1 
	16.196355552152124 -19.665942579101284 27.121380891276001 1 
	16.145336474666593 -19.607751682724615 27.499309999999998 0.68211091687932002 
	15.569254427393604 -18.950689023639402 27.499309999999998 0.68211091687932002 
	15.518235349899465 -18.892498127254125 27.121380891276001 1 
	15.518235349899465 -18.892498127254125 26.853619108723993 1 
	15.569254427393604 -18.950689023639402 26.475689999999997 0.68211091687932002 
	16.145336474666593 -19.607751682724615 26.475689999999997 0.68211091687932002 
	16.196355552152124 -19.665942579101284 26.853619108723993 1 
	16.196355552152124 -19.665942579101284 26.987499999999997 1 
	14.222702726179374 -21.235207864667174 26.987499999999997 1 
	14.222702726179374 -21.235207864667174 27.121380891276001 1 
	14.177590976142936 -21.17232659178913 27.499309999999998 0.68211091687932002 
	13.668211532335507 -20.46230253425162 27.499309999999998 0.68211091687932002 
	13.623099782299072 -20.399421261373583 27.121380891276001 1 
	13.623099782299072 -20.399421261373583 26.853619108723993 1 
	13.668211532335507 -20.46230253425162 26.475689999999997 0.68211091687932002 
	14.177590976142936 -21.17232659178913 26.475689999999997 0.68211091687932002 
	14.222702726179374 -21.235207864667174 26.853619108723993 1 
	14.222702726179374 -21.235207864667174 26.987499999999997 1 
	9.882103197874466 -23.741613490464527 26.987499999999997 1 
	9.882103197874466 -23.741613490464527 27.121380891276001 1 
	9.8501938086568241 -23.671108771908806 27.499309999999998 0.68211091687932002 
	9.4898888566174637 -22.875004557416744 27.499309999999998 0.68211091687932002 
	9.4579794673998254 -22.804499838861034 27.121380891276001 1 
	9.4579794673998254 -22.804499838861034 26.853619108723993 1 
	9.4898888566174637 -22.875004557416744 26.475689999999997 0.68211091687932002 
	9.8501938086568241 -23.671108771908806 26.475689999999997 0.68211091687932002 
	9.882103197874466 -23.741613490464527 26.853619108723993 1 
	9.882103197874466 -23.741613490464527 26.987499999999997 1 
	7.5156610201787126 -24.678371193469815 26.987499999999997 1 
	7.5156610201787126 -24.678371193469815 27.121380891276001 1 
	7.4907668236628995 -24.605094994880705 27.499309999999998 0.68211091687932002 
	7.2096739384195079 -23.777696606311878 27.499309999999998 0.68211091687932002 
	7.1847797419025996 -23.704420407718395 27.121380891276001 1 
	7.1847797419025996 -23.704420407718395 26.853619108723993 1 
	7.2096739384195079 -23.777696606311878 26.475689999999997 0.68211091687932002 
	7.4907668236628995 -24.605094994880705 26.475689999999997 0.68211091687932002 
	7.5156610201787126 -24.678371193469815 26.853619108723993 1 
	7.5156610201787126 -24.678371193469815 26.987499999999997 1 
	2.5885479142215742 -25.826014763579064 26.987499999999997 1 
	2.5885479142215742 -25.826014763579064 27.121380891276001 1 
	2.5785012946397816 -25.749280235974339 27.499309999999998 0.68211091687932002 
	2.4650598632977538 -24.8828321163782 27.499309999999998 0.68211091687932002 
	2.4550132437170604 -24.806097588777885 27.121380891276001 1 
	2.4550132437170604 -24.806097588777885 26.853619108723993 1 
	2.4650598632977538 -24.8828321163782 26.475689999999997 0.68211091687932002 
	2.5785012946397816 -25.749280235974339 26.475689999999997 0.68211091687932002 
	2.5885479142215742 -25.826014763579064 26.853619108723993 1 
	2.5885479142215742 -25.826014763579064 26.987499999999997 1 
	0.028476585628853072 -26.036679779460602 26.987499999999997 1 
	0.028476585628853072 -26.036679779460602 27.121380891276001 1 
	0.025947647157066336 -25.959331704753794 27.499309999999998 0.68211091687932002 
	-0.0026078682357406381 -25.085955716346088 27.499309999999998 0.68211091687932002 
	-0.0051368067075265034 -25.008607641639294 27.121380891276001 1 
	-0.0051368067075265034 -25.008607641639294 26.853619108723993 1 
	-0.0026078682357406381 -25.085955716346088 26.475689999999997 0.68211091687932002 
	0.025947647157066336 -25.959331704753794 26.475689999999997 0.68211091687932002 
	0.028476585628853072 -26.036679779460602 26.853619108723993 1 
	0.028476585628853072 -26.036679779460602 26.987499999999997 1 
	-5.0661556761451383 -25.700109527911231 26.987499999999997 1 
	-5.0661556761451383 -25.700109527911231 27.121380891276001 1 
	-5.0534730337363394 -25.623766415820857 27.499309999999998 0.68211091687932002 
	-4.9102669437144417 -24.7617379655102 27.499309999999998 0.68211091687932002 
	-4.8975843013056446 -24.68539485341983 27.121380891276001 1 
	-4.8975843013056446 -24.68539485341983 26.853619108723993 1 
	-4.9102669437144417 -24.7617379655102 26.475689999999997 0.68211091687932002 
	-5.0534730337363394 -25.623766415820857 26.475689999999997 0.68211091687932002 
	-5.0661556761451383 -25.700109527911231 26.853619108723993 1 
	-5.0661556761451383 -25.700109527911231 26.987499999999997 1 
	-7.6000729064375632 -25.1528375391974 26.987499999999997 1 
	-7.6000729064375632 -25.1528375391974 27.121380891276001 1 
	-7.5800187727115134 -25.078091637239819 27.499309999999998 0.68211091687932002 
	-7.3535774691653009 -24.234098089304521 27.499309999999998 0.68211091687932002 
	-7.3335233354414919 -24.159352187342488 27.121380891276001 1 
	-7.3335233354414919 -24.159352187342488 26.853619108723993 1 
	-7.3535774691653009 -24.234098089304521 26.475689999999997 0.68211091687932002 
	-7.5800187727115134 -25.078091637239819 26.475689999999997 0.68211091687932002 
	-7.6000729064375632 -25.1528375391974 26.853619108723993 1 
	-7.6000729064375632 -25.1528375391974 26.987499999999997 1 
	-12.420847317127292 -23.334021498555284 26.987499999999997 1 
	-12.420847317127292 -23.334021498555284 27.121380891276001 1 
	-12.386530103017838 -23.264656904235462 27.499309999999998 0.68211091687932002 
	-11.999037189910783 -22.481426405578375 27.499309999999998 0.68211091687932002 
	-11.964719975799097 -22.41206181126303 27.121380891276001 1 
	-11.964719975799097 -22.41206181126303 26.853619108723993 1 
	-11.999037189910783 -22.481426405578375 26.475689999999997 0.68211091687932002 
	-12.386530103017838 -23.264656904235462 26.475689999999997 0.68211091687932002 
	-12.420847317127292 -23.334021498555284 26.853619108723993 1 
	-12.420847317127292 -23.334021498555284 26.987499999999997 1 
	-14.707072455025044 -22.062631392041158 26.987499999999997 1 
	-14.707072455025044 -22.062631392041158 27.121380891276001 1 
	-14.666165947839113 -21.996936842710848 27.499309999999998 0.68211091687932002 
	-14.204270014625319 -21.255146666737925 27.499309999999998 0.68211091687932002 
	-14.163363507434886 -21.189452117412134 27.121380891276001 1 
	-14.163363507434886 -21.189452117412134 26.853619108723993 1 
	-14.204270014625319 -21.255146666737925 26.475689999999997 0.68211091687932002 
	-14.666165947839113 -21.996936842710848 26.475689999999997 0.68211091687932002 
	-14.707072455025044 -22.062631392041158 26.853619108723993 1 
	-14.707072455025044 -22.062631392041158 26.987499999999997 1 
	-18.828467068021169 -18.893114608481007 26.987499999999997 1 
	-18.828467068021169 -18.893114608481007 27.121380891276001 1 
	-18.775476537205371 -18.836713192041486 27.499309999999998 0.68211091687932002 
	-18.177133819612525 -18.199856450373101 27.499309999999998 0.68211091687932002 
	-18.124143288801243 -18.143455033929072 27.121380891276001 1 
	-18.124143288801243 -18.143455033929072 26.853619108723993 1 
	-18.177133819612525 -18.199856450373101 26.475689999999997 0.68211091687932002 
	-18.775476537205371 -18.836713192041486 26.475689999999997 0.68211091687932002 
	-18.828467068021169 -18.893114608481007 26.853619108723993 1 
	-18.828467068021169 -18.893114608481007 26.987499999999997 1 
	-20.663071885812084 -16.995322419513535 26.987499999999997 1 
	-20.663071885812084 -16.995322419513535 27.121380891276001 1 
	-20.604842729427567 -16.944347135848187 27.499309999999998 0.68211091687932002 
	-19.947348057463586 -16.368759586679825 27.499309999999998 0.68211091687932002 
	-19.889118901074539 -16.317784303016758 27.121380891276001 1 
	-19.889118901074539 -16.317784303016758 26.853619108723993 1 
	-19.947348057463586 -16.368759586679825 26.475689999999997 0.68211091687932002 
	-20.604842729427567 -16.944347135848187 26.475689999999997 0.68211091687932002 
	-20.663071885812084 -16.995322419513535 26.853619108723993 1 
	-20.663071885812084 -16.995322419513535 26.987499999999997 1 
	-23.712957683211304 -12.72705913027287 26.987499999999997 1 
	-23.712957683211304 -12.72705913027287 27.121380891276001 1 
	-23.645866014609474 -12.688486832019406 27.499309999999998 0.68211091687932002 
	-22.888300262632868 -12.252947625146122 27.499309999999998 0.68211091687932002 
	-22.8212085940356 -12.214375326890384 27.121380891276001 1 
	-22.8212085940356 -12.214375326890384 26.853619108723993 1 
	-22.888300262632868 -12.252947625146122 26.475689999999997 0.68211091687932002 
	-23.645866014609474 -12.688486832019406 26.475689999999997 0.68211091687932002 
	-23.712957683211304 -12.72705913027287 26.853619108723993 1 
	-23.712957683211304 -12.72705913027287 26.987499999999997 1 
	-24.927792166316479 -10.357076878063895 26.987499999999997 1 
	-24.927792166316479 -10.357076878063895 27.121380891276001 1 
	-24.85726443509137 -10.32521857564149 27.499309999999998 0.68211091687932002 
	-24.060900373046 -9.9654904702667135 27.499309999999998 0.68211091687932002 
	-23.990372641816307 -9.9336321678420152 27.121380891276001 1 
	-23.990372641816307 -9.9336321678420152 26.853619108723993 1 
	-24.060900373046 -9.9654904702667135 26.475689999999997 0.68211091687932002 
	-24.85726443509137 -10.32521857564149 26.475689999999997 0.68211091687932002 
	-24.927792166316479 -10.357076878063895 26.853619108723993 1 
	-24.927792166316479 -10.357076878063895 26.987499999999997 1 
	-26.620961578412651 -5.3425410960473201 26.987499999999997 1 
	-26.620961578412651 -5.3425410960473201 27.121380891276001 1 
	-26.545557288682271 -5.3251254310770779 27.499309999999998 0.68211091687932002 
	-25.694129553456225 -5.1284764044350553 27.499309999999998 0.68211091687932002 
	-25.618725263730447 -5.111060739467109 27.121380891276001 1 
	-25.618725263730447 -5.111060739467109 26.853619108723993 1 
	-25.694129553456225 -5.1284764044350553 26.475689999999997 0.68211091687932002 
	-26.545557288682271 -5.3251254310770779 26.475689999999997 0.68211091687932002 
	-26.620961578412651 -5.3425410960473201 26.853619108723993 1 
	-26.620961578412651 -5.3425410960473201 26.987499999999997 1 
	-27.099009440363712 -2.6985905618517307 26.987499999999997 1 
	-27.099009440363712 -2.6985905618517307 27.121380891276001 1 
	-27.022268001414833 -2.6885974637111798 27.499309999999998 0.68211091687932002 
	-26.155741842338013 -2.5757603698540574 27.499309999999998 0.68211091687932002 
	-26.079000403389152 -2.5657672717135425 27.121380891276001 1 
	-26.079000403389152 -2.5657672717135065 26.853619108723993 1 
	-26.155741842338013 -2.5757603698540574 26.475689999999997 0.68211091687932002 
	-27.022268001414833 -2.6885974637111798 26.475689999999997 0.68211091687932002 
	-27.099009440363712 -2.6985905618517307 26.853619108723993 1 
	-27.099009440363712 -2.6985905618517307 26.987499999999997 1 
	-27.263680518224323 2.6382778349040534 26.987499999999997 1 
	-27.263680518224323 2.6382778349040534 27.121380891276001 1 
	-27.186468989422902 2.633034718199156 27.499309999999998 0.68211091687932002 
	-26.314634809462685 2.5738320521777918 27.499309999999998 0.68211091687932002 
	-26.237423280661268 2.5685889354729312 27.121380891276001 1 
	-26.237423280661268 2.5685889354728948 26.853619108723993 1 
	-26.314634809462685 2.5738320521777918 26.475689999999997 0.68211091687932002 
	-27.186468989422902 2.633034718199156 26.475689999999997 0.68211091687932002 
	-27.263680518224323 2.6382778349040534 26.853619108723993 1 
	-27.263680518224323 2.6382778349040534 26.987499999999997 1 
	-26.950204061698255 5.3305294959809117 26.987499999999997 1 
	-26.950204061698255 5.3305294959809117 27.121380891276001 1 
	-26.873869554768142 5.3177956152453039 27.499309999999998 0.68211091687932002 
	-26.01193826962821 5.1740109675179635 27.499309999999998 0.68211091687932002 
	-25.935603762707451 5.1612770867811903 27.121380891276001 1 
	-25.935603762707451 5.1612770867811903 26.853619108723993 1 
	-26.01193826962821 5.1740109675179635 26.475689999999997 0.68211091687932002 
	-26.873869554768142 5.3177956152453039 26.475689999999997 0.68211091687932002 
	-26.950204061698255 5.3305294959809117 26.853619108723993 1 
	-26.950204061698255 5.3305294959809117 26.987499999999997 1 
	-25.545050512803819 10.530153100699946 26.987499999999997 1 
	-25.545050512803819 10.530153100699946 27.121380891276001 1 
	-25.472692734320336 10.502703864816182 27.499309999999998 0.68211091687932002 
	-24.655664688822334 10.192760745870569 27.499309999999998 0.68211091687932002 
	-24.583306910329508 10.165311509987973 27.121380891276001 1 
	-24.583306910329508 10.165311509987973 26.853619108723993 1 
	-24.655664688822334 10.192760745870569 26.475689999999997 0.68211091687932002 
	-25.472692734320336 10.502703864816182 26.475689999999997 0.68211091687932002 
	-25.545050512803819 10.530153100699946 26.853619108723993 1 
	-25.545050512803819 10.530153100699946 26.987499999999997 1 
	-24.453473116573171 13.036853005848167 26.987499999999997 1 
	-24.453473116573171 13.036853005848167 27.121380891276001 1 
	-24.38413077295424 13.00249101669626 27.499309999999998 0.68211091687932002 
	-23.601151518134671 12.614492526085945 27.499309999999998 0.68211091687932002 
	-23.531809174511039 12.580130536934041 27.121380891276001 1 
	-23.531809174511039 12.580130536934041 26.853619108723993 1 
	-23.601151518134671 12.614492526085945 26.475689999999997 0.68211091687932002 
	-24.38413077295424 13.00249101669626 26.475689999999997 0.68211091687932002 
	-24.453473116573171 13.036853005848167 26.853619108723993 1 
	-24.453473116573171 13.036853005848167 26.987499999999997 1 
	-21.573521000589519 17.643592787098623 26.987499999999997 1 
	-21.573521000589519 17.643592787098623 27.121380891276001 1 
	-21.51225894808271 17.59630570818851 27.499309999999998 0.68211091687932002 
	-20.820518321586984 17.062363532682156 27.499309999999998 0.68211091687932002 
	-20.759256269084904 17.015076453772057 27.121380891276001 1 
	-20.759256269084904 17.015076453772057 26.853619108723993 1 
	-20.820518321586984 17.062363532682156 26.475689999999997 0.68211091687932002 
	-21.51225894808271 17.59630570818851 26.475689999999997 0.68211091687932002 
	-21.573521000589519 17.643592787098623 26.853619108723993 1 
	-21.573521000589519 17.643592787098623 26.987499999999997 1 
	-19.785440005112413 19.743013643558005 26.987499999999997 1 
	-19.785440005112413 19.743013643558005 27.121380891276001 1 
	-19.729071581629267 19.689988120959558 27.499309999999998 0.68211091687932002 
	-19.092587380024145 19.091250293547745 27.499309999999998 0.68211091687932002 
	-19.036218956541006 19.038224770954056 27.121380891276001 1 
	-19.036218956541006 19.038224770954056 26.853619108723993 1 
	-19.092587380024145 19.091250293547745 26.475689999999997 0.68211091687932002 
	-19.729071581629267 19.689988120959558 26.475689999999997 0.68211091687932002 
	-19.785440005112413 19.743013643558005 26.853619108723993 1 
	-19.785440005112413 19.743013643558005 26.987499999999997 1 
	-15.656121948577725 23.345084390166509 26.987499999999997 1 
	-15.656121948577725 23.345084390166509 27.121380891276001 1 
	-15.611240167185858 23.282038923213165 27.499309999999998 0.68211091687932002 
	-15.104457414953716 22.570160867747823 27.499309999999998 0.68211091687932002 
	-15.059575633561854 22.507115400789729 27.121380891276001 1 
	-15.059575633561854 22.507115400789729 26.853619108723993 1 
	-15.104457414953716 22.570160867747823 26.475689999999997 0.68211091687932002 
	-15.611240167185858 23.282038923213165 26.475689999999997 0.68211091687932002 
	-15.656121948577725 23.345084390166509 26.853619108723993 1 
	-15.656121948577725 23.345084390166509 26.987499999999997 1 
	-13.315350165718456 24.847223469353427 26.987499999999997 1 
	-13.315350165718456 24.847223469353427 27.121380891276001 1 
	-13.276817993009411 24.780108827009006 27.499309999999998 0.68211091687932002 
	-12.841731863851752 24.022283666927841 27.499309999999998 0.68211091687932002 
	-12.80319969114511 23.955169024583423 27.121380891276001 1 
	-12.80319969114511 23.955169024583423 26.853619108723993 1 
	-12.841731863851752 24.022283666927841 26.475689999999997 0.68211091687932002 
	-13.276817993009411 24.780108827009006 26.475689999999997 0.68211091687932002 
	-13.315350165718456 24.847223469353427 26.853619108723993 1 
	-13.315350165718456 24.847223469353427 26.987499999999997 1 
	-8.275036425785105 27.113453058203167 26.987499999999997 1 
	-8.275036425785105 27.113453058203167 27.121380891276001 1 
	-8.2504062542380829 27.040087819885471 27.499309999999998 0.68211091687932002 
	-7.972294607608581 26.211684039114012 27.499309999999998 0.68211091687932002 
	-7.9476644360591662 26.138318800796327 27.121380891276001 1 
	-7.9476644360591662 26.138318800796327 26.853619108723993 1 
	-7.972294607608581 26.211684039114012 26.475689999999997 0.68211091687932002 
	-8.2504062542380829 27.040087819885471 26.475689999999997 0.68211091687932002 
	-8.275036425785105 27.113453058203167 26.853619108723993 1 
	-8.275036425785105 27.113453058203167 26.987499999999997 1 
	-5.5760933851811965 27.87718757441494 26.987499999999997 1 
	-5.5760933851811965 27.87718757441494 27.121380891276001 1 
	-5.5587210267865057 27.80177336425059 27.499309999999998 0.68211091687932002 
	-5.3625609964226175 26.950233612384825 27.499309999999998 0.68211091687932002 
	-5.3451886380279285 26.874819402220485 27.121380891276001 1 
	-5.3451886380279285 26.874819402220485 26.853619108723993 1 
	-5.3625609964226175 26.950233612384825 26.475689999999997 0.68211091687932002 
	-5.5587210267865057 27.80177336425059 26.475689999999997 0.68211091687932002 
	-5.5760933851811965 27.87718757441494 26.853619108723993 1 
	-5.5760933851811965 27.87718757441494 26.987499999999997 1 
	-0.048436658227747703 28.587342714772586 26.987499999999997 1 
	-0.048436658227747703 28.587342714772586 27.121380891276001 1 
	-0.046182395442424098 28.509986265634108 27.499309999999998 0.68211091687932002 
	-0.020728381288660603 27.636515717397664 27.499309999999998 0.68211091687932002 
	-0.018474118503337446 27.559159268259197 27.121380891276001 1 
	-0.018474118503337446 27.559159268259197 26.853619108723993 1 
	-0.020728381288660603 27.636515717397664 26.475689999999997 0.68211091687932002 
	-0.046182395442424098 28.509986265634108 26.475689999999997 0.68211091687932002 
	-0.048436658227747703 28.587342714772586 26.853619108723993 1 
	-0.048436658227747703 28.587342714772586 26.987499999999997 1 
	2.7795947506269076 28.533595951609826 26.987499999999997 1 
	2.7795947506269076 28.533595951609826 27.121380891276001 1 
	2.7743090714536551 28.456387390248487 27.499309999999998 0.68211091687932002 
	2.7146258111961945 27.584586717184845 27.499309999999998 0.68211091687932002 
	2.7093401320229438 27.507378155818635 27.121380891276001 1 
	2.7093401320229438 27.507378155818635 26.853619108723993 1 
	2.7146258111961945 27.584586717184845 26.475689999999997 0.68211091687932002 
	2.7743090714536551 28.456387390248487 26.475689999999997 0.68211091687932002 
	2.7795947506269076 28.533595951609826 26.853619108723993 1 
	2.7795947506269076 28.533595951609826 26.987499999999997 1 
	8.321247018293672 27.599507291931005 26.987499999999997 1 
	8.321247018293672 27.599507291931005 27.121380891276001 1 
	8.3009312257811363 27.524832202920461 27.499309999999998 0.68211091687932002 
	8.0715354013681715 26.681638239551589 27.499309999999998 0.68211091687932002 
	8.0512196088556394 26.606963150545933 27.121380891276001 1 
	8.0512196088556394 26.606963150545933 26.853619108723993 1 
	8.0715354013681715 26.681638239551589 26.475689999999997 0.68211091687932002 
	8.3009312257811363 27.524832202920461 26.475689999999997 0.68211091687932002 
	8.321247018293672 27.599507291931005 26.853619108723993 1 
	8.321247018293672 27.599507291931005 26.987499999999997 1 
	11.0341606596599 26.71920440306025 26.987499999999997 1 
	11.0341606596599 26.71920440306025 27.121380891276001 1 
	11.006673164702221 26.646861217945197 27.499309999999998 0.68211091687932002 
	10.696298043307348 25.829997953555534 27.499309999999998 0.68211091687932002 
	10.668810548349672 25.757654768440482 27.121380891276001 1 
	10.668810548349672 25.757654768440482 26.853619108723993 1 
	10.696298043307348 25.829997953555534 26.475689999999997 0.68211091687932002 
	11.006673164702221 26.646861217945197 26.475689999999997 0.68211091687932002 
	11.0341606596599 26.71920440306025 26.853619108723993 1 
	11.0341606596599 26.71920440306025 26.987499999999997 1 
	16.107298920018426 24.194685808542609 26.987499999999997 1 
	16.107298920018426 24.194685808542609 27.121380891276001 1 
	16.066165694914414 24.129133107638619 27.499309999999998 0.68211091687932002 
	15.60170977580036 23.388944613463369 27.499309999999998 0.68211091687932002 
	15.560576550696352 23.323391912559387 27.121380891276001 1 
	15.560576550696352 23.323391912559387 26.853619108723993 1 
	15.60170977580036 23.388944613463369 26.475689999999997 0.68211091687932002 
	16.066165694914414 24.129133107638619 26.475689999999997 0.68211091687932002 
	16.107298920018426 24.194685808542609 26.853619108723993 1 
	16.107298920018426 24.194685808542609 26.987499999999997 1 
	18.466852944245488 22.550715472021295 26.987499999999997 1 
	18.466852944245488 22.550715472021295 27.121380891276001 1 
	18.419534820614441 22.489477473322186 27.499309999999998 0.68211091687932002 
	17.885242103628997 21.798008450413349 27.499309999999998 0.68211091687932002 
	17.837923980002913 21.736770451704338 27.121380891276001 1 
	17.837923980002913 21.736770451704338 26.853619108723993 1 
	17.885242103628997 21.798008450413349 26.475689999999997 0.68211091687932002 
	18.419534820614441 22.489477473322186 26.475689999999997 0.68211091687932002 
	18.466852944245488 22.550715472021295 26.853619108723993 1 
	18.466852944245488 22.550715472021295 26.987499999999997 1 
	22.621812465358428 18.629222901450291 26.987499999999997 1 
	22.621812465358428 18.629222901450291 27.121380891276001 1 
	22.563409907329838 18.578446543604425 27.499309999999998 0.68211091687932002 
	21.90395727014225 18.005105165869537 27.499309999999998 0.68211091687932002 
	21.845554712108711 17.954328808033587 27.121380891276001 1 
	21.845554712108711 17.954328808033587 26.853619108723993 1 
	21.90395727014225 18.005105165869537 26.475689999999997 0.68211091687932002 
	22.563409907329838 18.578446543604425 26.475689999999997 0.68211091687932002 
	22.621812465358428 18.629222901450291 26.853619108723993 1 
	22.621812465358428 18.629222901450291 26.987499999999997 1 
	24.416643336003808 16.352134258747245 26.987499999999997 1 
	24.416643336003808 16.352134258747245 27.121380891276001 1 
	24.353576096807522 16.307283180922294 27.499309999999998 0.68211091687932002 
	23.641452200068716 15.800847118030058 27.499309999999998 0.68211091687932002 
	23.578384960872445 15.755996040202611 27.121380891276001 1 
	23.578384960872445 15.755996040202611 26.853619108723993 1 
	23.641452200068716 15.800847118030058 26.475689999999997 0.68211091687932002 
	24.353576096807522 16.307283180922294 26.475689999999997 0.68211091687932002 
	24.416643336003808 16.352134258747245 26.853619108723993 1 
	24.416643336003808 16.352134258747245 26.987499999999997 1 
	27.276428725074499 11.352168359967107 26.987499999999997 1 
	27.276428725074499 11.352168359967107 27.121380891276001 1 
	27.205794276974498 11.320547629804448 27.499309999999998 0.68211091687932002 
	26.408225221024381 10.963502072285683 27.499309999999998 0.68211091687932002 
	26.337590772924401 10.931881342125529 27.121380891276001 1 
	26.337590772924401 10.931881342125529 26.853619108723993 1 
	26.408225221024381 10.963502072285683 26.475689999999997 0.68211091687932002 
	27.205794276974498 11.320547629804448 26.475689999999997 0.68211091687932002 
	27.276428725074499 11.352168359967107 26.853619108723993 1 
	27.276428725074499 11.352168359967107 26.987499999999997 1 
	28.340956466712722 8.6298779768742815 26.987499999999997 1 
	28.340956466712722 8.6298779768742815 27.121380891276001 1 
	28.26757982001531 8.6052819989371336 27.499309999999998 0.68211091687932002 
	27.439047221475132 8.3275564495591077 27.499309999999998 0.68211091687932002 
	27.365670574777724 8.3029604716219598 27.121380891276001 1 
	27.365670574777724 8.3029604716219598 26.853619108723993 1 
	27.439047221475132 8.3275564495591077 26.475689999999997 0.68211091687932002 
	28.26757982001531 8.6052819989371336 26.475689999999997 0.68211091687932002 
	28.340956466712722 8.6298779768742815 26.853619108723993 1 
	28.340956466712722 8.6298779768742815 26.987499999999997 1 
	29.635359432034427 2.9692098644455958 26.987499999999997 1 
	29.635359432034427 2.9692098644455958 27.121380891276001 1 
	29.558585324127794 2.959471755900053 27.499309999999998 0.68211091687932002 
	28.691690283341824 2.8495138777303648 27.499309999999998 0.68211091687932002 
	28.614916175435201 2.8397757691848251 27.121380891276001 1 
	28.614916175435201 2.8397757691848251 26.853619108723993 1 
	28.691690283341824 2.8495138777303648 26.475689999999997 0.68211091687932002 
	29.558585324127794 2.959471755900053 26.475689999999997 0.68211091687932002 
	29.635359432034427 2.9692098644455958 26.853619108723993 1 
	29.635359432034427 2.9692098644455958 26.987499999999997 1 
	29.864995470175391 0.031523350283110554 26.987499999999997 1 
	29.864995470175391 0.031523350283110554 27.121380891276001 1 
	29.787638081540855 0.029303567165810899 27.499309999999998 0.68211091687932002 
	28.914156924911651 0.0042388802771278246 27.499309999999998 0.68211091687932002 
	28.836799536266973 0.0020190971610966821 27.121380891276001 1 
	28.836799536266973 0.0020190971610966821 26.853619108723993 1 
	28.914156924911651 0.0042388802771278246 26.475689999999997 0.68211091687932002 
	29.787638081540855 0.029303567165810899 26.475689999999997 0.68211091687932002 
	29.864995470175391 0.031523350283110554 26.853619108723993 1 
	29.864995470175391 0.031523350283110554 26.987499999999997 1 
	29.455925425202381 -5.8076792893265434 26.987499999999997 1 
	29.455925425202381 -5.8076792893265434 27.121380891276001 1 
	29.379633188069825 -5.7946951620862146 27.499309999999998 0.68211091687932002 
	28.518179192460888 -5.6480848553068919 27.499309999999998 0.68211091687932002 
	28.441886955338504 -5.6351007280678367 27.121380891276001 1 
	28.441886955338504 -5.6351007280678367 26.853619108723993 1 
	28.518179192460888 -5.6480848553068919 26.475689999999997 0.68211091687932002 
	29.379633188069825 -5.7946951620862146 26.475689999999997 0.68211091687932002 
	29.455925425202381 -5.8076792893265434 26.853619108723993 1 
	29.455925425202381 -5.8076792893265434 26.987499999999997 1 
	28.817191670657664 -8.708458719159891 26.987499999999997 1 
	28.817191670657664 -8.708458719159891 27.121380891276001 1 
	28.742525299299707 -8.6881111237689641 27.499309999999998 0.68211091687932002 
	27.899429771333693 -8.4583561970471042 27.499309999999998 0.68211091687932002 
	27.824763399970628 -8.4380086016587406 27.121380891276001 1 
	27.824763399970628 -8.4380086016587406 26.853619108723993 1 
	27.899429771333693 -8.4583561970471042 26.475689999999997 0.68211091687932002 
	28.742525299299707 -8.6881111237689641 26.475689999999997 0.68211091687932002 
	28.817191670657664 -8.708458719159891 26.853619108723993 1 
	28.817191670657664 -8.708458719159891 26.987499999999997 1 
	26.712860281524069 -14.220696978044682 26.987499999999997 1 
	26.712860281524069 -14.220696978044682 27.121380891276001 1 
	26.643629655223048 -14.186110679822487 27.499309999999998 0.68211091687932002 
	25.861911856806309 -13.795579402768077 27.499309999999998 0.68211091687932002 
	25.792681230510407 -13.760993104543324 27.121380891276001 1 
	25.792681230510407 -13.760993104543324 26.853619108723993 1 
	25.861911856806309 -13.795579402768077 26.475689999999997 0.68211091687932002 
	26.643629655223048 -14.186110679822487 26.475689999999997 0.68211091687932002 
	26.712860281524069 -14.220696978044682 26.853619108723993 1 
	26.712860281524069 -14.220696978044682 26.987499999999997 1 
	25.247452246936923 -16.831437403182527 26.987499999999997 1 
	25.247452246936923 -16.831437403182527 27.121380891276001 1 
	25.181916338400406 -16.790277531818944 27.499309999999998 0.68211091687932002 
	24.441917455317252 -16.325520736436282 27.499309999999998 0.68211091687932002 
	24.376381546780738 -16.284360865083013 27.121380891276001 1 
	24.376381546780738 -16.284360865083013 26.853619108723993 1 
	24.441917455317252 -16.325520736436282 26.475689999999997 0.68211091687932002 
	25.181916338400406 -16.790277531818944 26.475689999999997 0.68211091687932002 
	25.247452246936923 -16.831437403182527 26.853619108723993 1 
	25.247452246936923 -16.831437403182527 26.987499999999997 1 
	21.603992949900242 -21.531640932402748 26.987499999999997 1 
	21.603992949900242 -21.531640932402748 27.121380891276001 1 
	21.54779444353338 -21.478435498537678 27.499309999999998 0.68211091687932002 
	20.913228861531806 -20.877666202492964 27.499309999999998 0.68211091687932002 
	20.857030355164955 -20.82446076861758 27.121380891276001 1 
	20.857030355164955 -20.82446076861758 26.853619108723993 1 
	20.913228861531806 -20.877666202492964 26.475689999999997 0.68211091687932002 
	21.54779444353338 -21.478435498537678 26.475689999999997 0.68211091687932002 
	21.603992949900242 -21.531640932402748 26.853619108723993 1 
	21.603992949900242 -21.531640932402748 26.987499999999997 1 
	19.426335364311011 -23.620467086502675 26.987499999999997 1 
	19.426335364311011 -23.620467086502675 27.121380891276001 1 
	19.375581724049081 -23.562044855995733 27.499309999999998 0.68211091687932002 
	18.802496861903375 -22.902370087069961 27.499309999999998 0.68211091687932002 
	18.751743221641448 -22.843947856563034 27.121380891276001 1 
	18.751743221641448 -22.843947856563034 26.853619108723993 1 
	18.802496861903375 -22.902370087069961 26.475689999999997 0.68211091687932002 
	19.375581724049081 -23.562044855995733 26.475689999999997 0.68211091687932002 
	19.426335364311011 -23.620467086502675 26.853619108723993 1 
	19.426335364311011 -23.620467086502675 26.987499999999997 1 
	14.536518007641861 -27.0866602329438 26.987499999999997 1 
	14.536518007641861 -27.0866602329438 27.121380891276001 1 
	14.498198042722024 -27.019424310262469 27.499309999999998 0.68211091687932002 
	14.065508058395331 -26.260229712971036 27.499309999999998 0.68211091687932002 
	14.0271880934755 -26.192993790289705 27.121380891276001 1 
	14.0271880934755 -26.192993790289705 26.853619108723993 1 
	14.065508058395331 -26.260229712971036 26.475689999999997 0.68211091687932002 
	14.498198042722024 -27.019424310262469 26.475689999999997 0.68211091687932002 
	14.536518007641861 -27.0866602329438 26.853619108723993 1 
	14.536518007641861 -27.0866602329438 26.987499999999997 1 
	11.824924710275967 -28.463528730660077 26.987499999999997 1 
	11.824924710275967 -28.463528730660077 27.121380891276001 1 
	11.793330144809559 -28.392882632542477 27.499309999999998 0.68211091687932002 
	11.436580025988542 -27.595182030377291 27.499309999999998 0.68211091687932002 
	11.404985460519518 -27.524535932259699 27.121380891276001 1 
	11.404985460519518 -27.524535932259699 26.853619108723993 1 
	11.436580025988542 -27.595182030377291 26.475689999999997 0.68211091687932002 
	11.793330144809559 -28.392882632542477 26.475689999999997 0.68211091687932002 
	11.824924710275967 -28.463528730660077 26.853619108723993 1 
	11.824924710275967 -28.463528730660077 26.987499999999997 1 
	6.0947511258541951 -30.374651815216556 26.987499999999997 1 
	6.0947511258541951 -30.374651815216556 27.121380891276001 1 
	6.0776141563180968 -30.299183861651699 27.499309999999998 0.68211091687932002 
	5.8841120198779402 -29.447037266114567 27.499309999999998 0.68211091687932002 
	5.8669750503444611 -29.37156931254972 27.121380891276001 1 
	5.8669750503444611 -29.37156931254972 26.853619108723993 1 
	5.8841120198779402 -29.447037266114567 26.475689999999997 0.68211091687932002 
	6.0776141563180968 -30.299183861651699 26.475689999999997 0.68211091687932002 
	6.0947511258541951 -30.374651815216556 26.853619108723993 1 
	6.0947511258541951 -30.374651815216556 26.987499999999997 1 
	3.0768632117768457 -30.908592109541715 26.987499999999997 1 
	3.0768632117768457 -30.908592109541715 27.121380891276001 1 
	3.0671521573469227 -30.831814626333049 27.499309999999998 0.68211091687932002 
	2.9574997607874631 -29.964881473436289 27.499309999999998 0.68211091687932002 
	2.947788706357541 -29.888103990227638 27.121380891276001 1 
	2.947788706357541 -29.888103990227638 26.853619108723993 1 
	2.9574997607875462 -29.964881473436289 26.475689999999997 0.68211091687932002 
	3.0671521573470057 -30.831814626333049 26.475689999999997 0.68211091687932002 
	3.0768632117768457 -30.908592109541715 26.853619108723993 1 
	3.0768632117768457 -30.908592109541715 26.987499999999997 1 
	-3.0080964753449733 -31.07409315939417 26.987499999999997 1 
	-3.0080964753449733 -31.07409315939417 27.121380891276001 1 
	-3.0025728412233645 -30.996901346592466 27.499309999999998 0.68211091687932002 
	-2.9402027120551955 -30.125289789860943 27.499309999999998 0.68211091687932002 
	-2.9346790779335876 -30.048097977059246 27.121380891276001 1 
	-2.9346790779335876 -30.048097977059246 26.853619108723993 1 
	-2.9402027120552781 -30.125289789860943 26.475689999999997 0.68211091687932002 
	-3.002572841223448 -30.996901346592466 26.475689999999997 0.68211091687932002 
	-3.0080964753449733 -31.07409315939417 26.853619108723993 1 
	-3.0080964753449733 -31.07409315939417 26.987499999999997 1 
	-6.0744086149706717 -30.705554134234156 26.987499999999997 1 
	-6.0744086149706717 -30.705554134234156 27.121380891276001 1 
	-6.0613989455910078 -30.629266299072928 27.499309999999998 0.68211091687932002 
	-5.914500229667361 -29.767862008246436 27.499309999999998 0.68211091687932002 
	-5.9014905602850343 -29.691574173085218 27.121380891276001 1 
	-5.9014905602850343 -29.691574173085218 26.853619108723993 1 
	-5.914500229667361 -29.767862008246436 26.475689999999997 0.68211091687932002 
	-6.0613989455910078 -30.629266299072928 26.475689999999997 0.68211091687932002 
	-6.0744086149706717 -30.705554134234156 26.853619108723993 1 
	-6.0744086149706717 -30.705554134234156 26.987499999999997 1 
	-11.990151878380946 -29.08403538024471 26.987499999999997 1 
	-11.990151878380946 -29.08403538024471 27.121380891276001 1 
	-11.962444201619066 -29.011776332820155 27.499309999999998 0.68211091687932002 
	-11.649582896819343 -28.195863109420237 27.499309999999998 0.68211091687932002 
	-11.621875220060128 -28.123604061995689 27.121380891276001 1 
	-11.621875220060128 -28.123604061995689 26.853619108723993 1 
	-11.649582896819343 -28.195863109420237 26.475689999999997 0.68211091687932002 
	-11.962444201619066 -29.011776332820155 26.475689999999997 0.68211091687932002 
	-11.990151878380946 -29.08403538024471 26.853619108723993 1 
	-11.990151878380946 -29.08403538024471 26.987499999999997 1 
	-14.838821523518614 -27.831182365840277 26.987499999999997 1 
	-14.838821523518614 -27.831182365840277 27.121380891276001 1 
	-14.804213238122642 -27.761962782725284 27.499309999999998 0.68211091687932002 
	-14.413433692814939 -26.980369678363935 27.499309999999998 0.68211091687932002 
	-14.378825407413615 -26.91115009523287 27.121380891276001 1 
	-14.378825407413615 -26.91115009523287 26.853619108723993 1 
	-14.413433692814939 -26.980369678363935 26.475689999999997 0.68211091687932002 
	-14.804213238122642 -27.761962782725284 26.475689999999997 0.68211091687932002 
	-14.838821523518614 -27.831182365840277 26.853619108723993 1 
	-14.838821523518614 -27.831182365840277 26.987499999999997 1 
	-20.068037587618189 -24.536303093783658 26.987499999999997 1 
	-20.068037587618189 -24.536303093783658 27.121380891276001 1 
	-20.020535403470447 -24.475207868092909 27.499309999999998 0.68211091687932002 
	-19.484164366621112 -23.785350967122088 27.499309999999998 0.68211091687932002 
	-19.436662182478742 -23.724255741447422 27.121380891276001 1 
	-19.436662182478742 -23.724255741447422 26.853619108723993 1 
	-19.484164366621112 -23.785350967122088 26.475689999999997 0.68211091687932002 
	-20.020535403470447 -24.475207868092909 26.475689999999997 0.68211091687932002 
	-20.068037587618189 -24.536303093783658 26.853619108723993 1 
	-20.068037587618189 -24.536303093783658 26.987499999999997 1 
	-22.447887241117172 -22.494622378548705 26.987499999999997 1 
	-22.447887241117172 -22.494622378548705 27.121380891276001 1 
	-22.394664907366625 -22.438439942342139 27.499309999999998 0.68211091687932002 
	-21.793704786243534 -21.804055816712854 27.499309999999998 0.68211091687932002 
	-21.740482452492994 -21.747873380527896 27.121380891276001 1 
	-21.740482452492994 -21.747873380527896 26.853619108723993 1 
	-21.793704786243534 -21.804055816712854 26.475689999999997 0.68211091687932002 
	-22.394664907366625 -22.438439942342139 26.475689999999997 0.68211091687932002 
	-22.447887241117172 -22.494622378548705 26.853619108723993 1 
	-22.447887241117172 -22.494622378548705 26.987499999999997 1 
	-26.525183655240255 -17.787548463088708 26.987499999999997 1 
	-26.525183655240255 -17.787548463088708 27.121380891276001 1 
	-26.46198332699376 -17.742885262918243 27.499309999999998 0.68211091687932002 
	-25.748356654902118 -17.238570620966026 27.499309999999998 0.68211091687932002 
	-25.68515632665564 -17.193907420773964 27.121380891276001 1 
	-25.68515632665564 -17.193907420773964 26.853619108723993 1 
	-25.748356654902118 -17.238570620966026 26.475689999999997 0.68211091687932002 
	-26.46198332699376 -17.742885262918243 26.475689999999997 0.68211091687932002 
	-26.525183655240255 -17.787548463088708 26.853619108723993 1 
	-26.525183655240255 -17.787548463088708 26.987499999999997 1 
	-28.222060248838289 -15.122692696434271 26.987499999999997 1 
	-28.222060248838289 -15.122692696434271 27.121380891276001 1 
	-28.154813443087214 -15.084391927107434 27.499309999999998 0.68211091687932002 
	-27.395495959689725 -14.651918689859514 27.499309999999998 0.68211091687932002 
	-27.328249153949532 -14.613617920538127 27.121380891276001 1 
	-27.328249153949532 -14.613617920538127 26.853619108723993 1 
	-27.395495959689725 -14.651918689859514 26.475689999999997 0.68211091687932002 
	-28.154813443087214 -15.084391927107434 26.475689999999997 0.68211091687932002 
	-28.222060248838289 -15.122692696434271 26.853619108723993 1 
	-28.222060248838289 -15.122692696434271 26.987499999999997 1 
	-30.775338774414045 -9.391550341369209 26.987499999999997 1 
	-30.775338774414045 -9.391550341369209 27.121380891276001 1 
	-30.70189018593118 -9.3671702950973472 27.499309999999998 0.68211091687932002 
	-29.872545256414568 -9.0918829386554556 27.499309999999998 0.68211091687932002 
	-29.799096667920821 -9.0675028923781564 27.121380891276001 1 
	-29.799096667920821 -9.0675028923781564 26.853619108723993 1 
	-29.872545256414568 -9.0918829386554556 26.475689999999997 0.68211091687932002 
	-30.70189018593118 -9.3671702950973472 26.475689999999997 0.68211091687932002 
	-30.775338774414045 -9.391550341369209 26.853619108723993 1 
	-30.775338774414045 -9.391550341369209 26.987499999999997 1 
	-31.631348858415322 -6.3259489479879845 26.987499999999997 1 
	-31.631348858415322 -6.3259489479879845 27.121380891276001 1 
	-31.555876337192132 -6.308832311508672 27.499309999999998 0.68211091687932002 
	-30.703678165803964 -6.1155597658265206 27.499309999999998 0.68211091687932002 
	-30.628205644569825 -6.0984431293472099 27.121380891276001 1 
	-30.628205644569825 -6.0984431293472099 26.853619108723993 1 
	-30.703678165803964 -6.1155597658265206 26.475689999999997 0.68211091687932002 
	-31.555876337192132 -6.308832311508672 26.475689999999997 0.68211091687932002 
	-31.631348858415322 -6.3259489479879845 26.853619108723993 1 
	-31.631348858415322 -6.3259489479879845 26.987499999999997 1 
	-32.415655743110221 -0.053884546183730758 26.987499999999997 1 
	-32.415655743110221 -0.053884546183730758 27.121380891276001 1 
	-32.338292306636269 -0.051889703453882663 27.499309999999998 0.68211091687932002 
	-31.464742860931615 -0.029364931533033042 27.499309999999998 0.68211091687932002 
	-31.387379424468634 -0.027370088803184076 27.121380891276001 1 
	-31.387379424468634 -0.027370088803184076 26.853619108723993 1 
	-31.464742860931615 -0.029364931533033042 26.475689999999997 0.68211091687932002 
	-32.338292306636269 -0.051889703453882663 26.475689999999997 0.68211091687932002 
	-32.415655743110221 -0.053884546183730758 26.853619108723993 1 
	-32.415655743110221 -0.053884546183730758 26.987499999999997 1 
	-32.343775891177714 3.1518032132981846 26.987499999999997 1 
	-32.343775891177714 3.1518032132981846 27.121380891276001 1 
	-32.266585527045152 3.1462599916623808 27.499309999999998 0.68211091687932002 
	-31.394990328001207 3.0836686900244517 27.499309999999998 0.68211091687932002 
	-31.317799963857613 3.0781254683886483 27.121380891276001 1 
	-31.317799963857613 3.0781254683886483 26.853619108723993 1 
	-31.394990328001207 3.0836686900244517 26.475689999999997 0.68211091687932002 
	-32.266585527045152 3.1462599916623808 26.475689999999997 0.68211091687932002 
	-32.343775891177714 3.1518032132981846 26.853619108723993 1 
	-32.343775891177714 3.1518032132981846 26.987499999999997 1 
	-31.264555884926569 9.427334326417057 26.987499999999997 1 
	-31.264555884926569 9.427334326417057 27.121380891276001 1 
	-31.189948398382612 9.4067721629233638 27.499309999999998 0.68211091687932002 
	-30.347517768479367 9.1745944399198844 27.499309999999998 0.68211091687932002 
	-30.272910281946469 9.154032276426193 27.121380891276001 1 
	-30.272910281946469 9.154032276426193 26.853619108723993 1 
	-30.347517768479367 9.1745944399198844 26.475689999999997 0.68211091687932002 
	-31.189948398382612 9.4067721629233638 26.475689999999997 0.68211091687932002 
	-31.264555884926569 9.427334326417057 26.853619108723993 1 
	-31.264555884926569 9.427334326417057 26.987499999999997 1 
	-30.257272860169955 12.496378804942012 26.987499999999997 1 
	-30.257272860169955 12.496378804942012 27.121380891276001 1 
	-30.185020467792356 12.468653899950731 27.499309999999998 0.68211091687932002 
	-29.369182389800628 12.155598062511224 27.499309999999998 0.68211091687932002 
	-29.296929997423046 12.127873157517165 27.121380891276001 1 
	-29.296929997423046 12.127873157517165 26.853619108723993 1 
	-29.369182389800628 12.155598062511224 26.475689999999997 0.68211091687932002 
	-30.185020467792356 12.468653899950731 26.475689999999997 0.68211091687932002 
	-30.257272860169955 12.496378804942012 26.853619108723993 1 
	-30.257272860169955 12.496378804942012 26.987499999999997 1 
	-27.380838442347457 18.229665927930498 26.987499999999997 1 
	-27.380838442347457 18.229665927930498 27.121380891276001 1 
	-27.315419891436473 18.188319927492653 27.499309999999998 0.68211091687932002 
	-26.576746152294337 17.721461455166427 27.499309999999998 0.68211091687932002 
	-26.511327601383368 17.680115454731375 27.121380891276001 1 
	-26.511327601383368 17.680115454731375 26.853619108723993 1 
	-26.576746152294337 17.721461455166427 26.475689999999997 0.68211091687932002 
	-27.315419891436473 18.188319927492653 26.475689999999997 0.68211091687932002 
	-27.380838442347457 18.229665927930498 26.853619108723993 1 
	-27.380838442347457 18.229665927930498 26.987499999999997 1 
	-25.511976366847595 20.8931555272876 26.987499999999997 1 
	-25.511976366847595 20.8931555272876 27.121380891276001 1 
	-25.450891809078485 20.845639694928256 27.499309999999998 0.68211091687932002 
	-24.761155364834128 20.309114549113811 27.499309999999998 0.68211091687932002 
	-24.700070807065025 20.261598716743272 27.121380891276001 1 
	-24.700070807065025 20.261598716743272 26.853619108723993 1 
	-24.761155364834128 20.309114549113811 26.475689999999997 0.68211091687932002 
	-25.450891809078485 20.845639694928256 26.475689999999997 0.68211091687932002 
	-25.511976366847595 20.8931555272876 26.853619108723993 1 
	-25.511976366847595 20.8931555272876 26.987499999999997 1 
	-21.062090250615093 25.57768235143859 26.987499999999997 1 
	-21.062090250615093 25.57768235143859 27.121380891276001 1 
	-21.011501151906156 25.519117681104984 27.499309999999998 0.68211091687932002 
	-20.440274211205956 24.857834552605308 27.499309999999998 0.68211091687932002 
	-20.389685112497023 24.799269882282914 27.121380891276001 1 
	-20.389685112497023 24.799269882282914 26.853619108723993 1 
	-20.440274211205956 24.857834552605308 26.475689999999997 0.68211091687932002 
	-21.011501151906156 25.519117681104984 26.475689999999997 0.68211091687932002 
	-21.062090250615093 25.57768235143859 26.853619108723993 1 
	-21.062090250615093 25.57768235143859 26.987499999999997 1 
	-18.481565791400403 27.598078807545761 26.987499999999997 1 
	-18.481565791400403 27.598078807545761 27.121380891276001 1 
	-18.436915847397589 27.534869164222524 27.499309999999998 0.68211091687932002 
	-17.932750887576344 26.821137310890229 27.499309999999998 0.68211091687932002 
	-17.888100943570716 26.757927667561354 27.121380891276001 1 
	-17.888100943570716 26.757927667561354 26.853619108723993 1 
	-17.932750887576344 26.821137310890229 26.475689999999997 0.68211091687932002 
	-18.436915847397589 27.534869164222524 26.475689999999997 0.68211091687932002 
	-18.481565791400403 27.598078807545761 26.853619108723993 1 
	-18.481565791400403 27.598078807545761 26.987499999999997 1 
	-12.822233521974461 30.811243959479139 26.987499999999997 1 
	-12.822233521974461 30.811243959479139 27.121380891276001 1 
	-12.790835626976314 30.740510313362233 27.499309999999998 0.68211091687932002 
	-12.436306213310946 29.941821162764519 27.499309999999998 0.68211091687932002 
	-12.404908318315622 29.871087516653258 27.121380891276001 1 
	-12.404908318315622 29.871087516653258 26.853619108723993 1 
	-12.436306213310946 29.941821162764519 26.475689999999997 0.68211091687932002 
	-12.790835626976314 30.740510313362233 26.475689999999997 0.68211091687932002 
	-12.822233521974461 30.811243959479139 26.853619108723993 1 
	-12.822233521974461 30.811243959479139 26.987499999999997 1 
	-9.744094933590727 32.003541740157118 26.987499999999997 1 
	-9.744094933590727 32.003541740157118 27.121380891276001 1 
	-9.7197292365577663 31.930088433042521 27.499309999999998 0.68211091687932002 
	-9.4446039046037935 31.100690223348042 27.499309999999998 0.68211091687932002 
	-9.4202382075694135 31.027236916256204 27.121380891276001 1 
	-9.4202382075694135 31.027236916256204 26.853619108723993 1 
	-9.4446039046037935 31.100690223348042 26.475689999999997 0.68211091687932002 
	-9.7197292365577663 31.930088433042521 26.475689999999997 0.68211091687932002 
	-9.744094933590727 32.003541740157118 26.853619108723993 1 
	-9.744094933590727 32.003541740157118 26.987499999999997 1 
	-3.3498718146489015 33.444704100288249 26.987499999999997 1 
	-3.3498718146489015 33.444704100288249 27.121380891276001 1 
	-3.3403720966256363 33.367900253610301 27.499309999999998 0.68211091687932002 
	-3.2331060056727376 32.500669417262749 27.499309999999998 0.68211091687932002 
	-3.2236062876508953 32.423865570562072 27.121380891276001 1 
	-3.2236062876508953 32.423865570562072 26.853619108723993 1 
	-3.2331060056727376 32.500669417262749 26.475689999999997 0.68211091687932002 
	-3.3403720966256363 33.367900253610301 26.475689999999997 0.68211091687932002 
	-3.3498718146489015 33.444704100288249 26.853619108723993 1 
	-3.3498718146489015 33.444704100288249 26.987499999999997 1 
	-0.03457011490182052 33.693311161076565 26.987499999999997 1 
	-0.03457011490182052 33.693311161076565 27.121380891276001 1 
	-0.032589300797449851 33.615947403949491 27.499309999999998 0.68211091687932002 
	-0.010222933139735022 32.742394337344443 27.499309999999998 0.68211091687932002 
	-0.0082421190353630484 32.665030580205944 27.121380891276001 1 
	-0.0082421190353630484 32.665030580205944 26.853619108723993 1 
	-0.010222933139735022 32.742394337344443 26.475689999999997 0.68211091687932002 
	-0.032589300797449851 33.615947403949491 26.475689999999997 0.68211091687932002 
	-0.03457011490182052 33.693311161076565 26.853619108723993 1 
	-0.03457011490182052 33.693311161076565 26.987499999999997 1 
	6.5492029024725209 33.211741322307148 26.987499999999997 1 
	6.5492029024725209 33.211741322307148 27.121380891276001 1 
	6.5359855690733069 33.13548926242013 27.499309999999998 0.68211091687932002 
	6.3867420143342946 32.274488928410328 27.499309999999998 0.68211091687932002 
	6.373524680935085 32.198236868534771 27.121380891276001 1 
	6.373524680935085 32.198236868534771 26.853619108723993 1 
	6.3867420143342946 32.274488928410328 26.475689999999997 0.68211091687932002 
	6.5359855690733069 33.13548926242013 26.475689999999997 0.68211091687932002 
	6.5492029024725209 33.211741322307148 26.853619108723993 1 
	6.5492029024725209 33.211741322307148 26.987499999999997 1 
	9.816844531963353 32.48154580228497 26.987499999999997 1 
	9.816844531963353 32.48154580228497 27.121380891276001 1 
	9.7962698633470815 32.406941803715156 27.499309999999998 0.68211091687932002 
	9.5639509386772339 31.564550558243745 27.499309999999998 0.68211091687932002 
	9.5433762700580864 31.489946559685482 27.121380891276001 1 
	9.5433762700580864 31.489946559685482 26.853619108723993 1 
	9.5639509386772339 31.564550558243745 26.475689999999997 0.68211091687932002 
	9.7962698633470815 32.406941803715156 26.475689999999997 0.68211091687932002 
	9.816844531963353 32.48154580228497 26.853619108723993 1 
	9.816844531963353 32.48154580228497 26.987499999999997 1 
	16.02054663888093 30.091699064325816 26.987499999999997 1 
	16.02054663888093 30.091699064325816 27.121380891276001 1 
	15.985752001426736 30.02257304324753 27.499309999999998 0.68211091687932002 
	15.592868261416465 29.242036394983963 27.499309999999998 0.68211091687932002 
	15.558073623965152 29.172910373894162 27.121380891276001 1 
	15.558073623965152 29.172910373894162 26.853619108723993 1 
	15.592868261416465 29.242036394983963 26.475689999999997 0.68211091687932002 
	15.985752001426736 30.02257304324753 26.475689999999997 0.68211091687932002 
	16.02054663888093 30.091699064325816 26.853619108723993 1 
	16.02054663888093 30.091699064325816 26.987499999999997 1 
	18.955802351468407 28.43227310195806 26.987499999999997 1 
	18.955802351468407 28.43227310195806 27.121380891276001 1 
	18.914446266137233 28.366860971083309 27.499309999999998 0.68211091687932002 
	18.447473920137977 27.628259723844948 27.499309999999998 0.68211091687932002 
	18.406117834806814 27.562847592981811 27.121380891276001 1 
	18.406117834806814 27.562847592981811 26.853619108723993 1 
	18.447473920137977 27.628259723844948 26.475689999999997 0.68211091687932002 
	18.914446266137233 28.366860971083309 26.475689999999997 0.68211091687932002 
	18.955802351468407 28.43227310195806 26.853619108723993 1 
	18.955802351468407 28.43227310195806 26.987499999999997 1 
	24.234814796655911 24.314871291194084 26.987499999999997 1 
	24.234814796655911 24.314871291194084 27.121380891276001 1 
	24.181442881709746 24.258831025772089 27.499309999999998 0.68211091687932002 
	23.578793764188529 23.626052221761885 27.499309999999998 0.68211091687932002 
	23.52542184924237 23.57001195632829 27.121380891276001 1 
	23.52542184924237 23.57001195632829 26.853619108723993 1 
	23.578793764188529 23.626052221761885 26.475689999999997 0.68211091687932002 
	24.181442881709746 24.258831025772089 26.475689999999997 0.68211091687932002 
	24.234814796655911 24.314871291194084 26.853619108723993 1 
	24.234814796655911 24.314871291194084 26.987499999999997 1 
	26.577862287351273 21.857348309176633 26.987499999999997 1 
	26.577862287351273 21.857348309176633 27.121380891276001 1 
	26.519290488337887 21.806767521251864 27.499309999999998 0.68211091687932002 
	25.857926866221721 21.235634421768125 27.499309999999998 0.68211091687932002 
	25.799355067214204 21.185053633837505 27.121380891276001 1 
	25.799355067214204 21.185053633837505 26.853619108723993 1 
	25.857926866221721 21.235634421768125 26.475689999999997 0.68211091687932002 
	26.519290488337887 21.806767521251864 26.475689999999997 0.68211091687932002 
	26.577862287351273 21.857348309176633 26.853619108723993 1 
	26.577862287351273 21.857348309176633 26.987499999999997 1 
	30.46036278251821 16.345976884942818 26.987499999999997 1 
	30.46036278251821 16.345976884942818 27.121380891276001 1 
	30.393015178025646 16.307853769777193 27.499309999999998 0.68211091687932002 
	29.632559525277532 15.877386514922625 27.499309999999998 0.68211091687932002 
	29.565211920779124 15.839263399762855 27.121380891276001 1 
	29.565211920779124 15.839263399762855 26.853619108723993 1 
	29.632559525277532 15.877386514922625 26.475689999999997 0.68211091687932002 
	30.393015178025646 16.307853769777193 26.475689999999997 0.68211091687932002 
	30.46036278251821 16.345976884942818 26.853619108723993 1 
	30.46036278251821 16.345976884942818 26.987499999999997 1 
	31.999265295149918 13.292772542521869 26.987499999999997 1 
	31.999265295149918 13.292772542521869 27.121380891276001 1 
	31.92852764017977 13.261383770316051 27.499309999999998 0.68211091687932002 
	31.129793223500084 12.906957366637258 27.499309999999998 0.68211091687932002 
	31.059055568518168 12.875568594431449 27.121380891276001 1 
	31.059055568518168 12.875568594431449 26.853619108723993 1 
	31.129793223500084 12.906957366637258 26.475689999999997 0.68211091687932002 
	31.92852764017977 13.261383770316051 26.475689999999997 0.68211091687932002 
	31.999265295149918 13.292772542521869 26.853619108723993 1 
	31.999265295149918 13.292772542521869 26.987499999999997 1 
	34.128342051874277 6.8469611556271142 26.987499999999997 1 
	34.128342051874277 6.8469611556271142 27.121380891276001 1 
	34.052825129691115 6.8300417787846746 27.499309999999998 0.68211091687932002 
	33.200125604945768 6.6389965908148918 27.499309999999998 0.68211091687932002 
	33.124608682774394 6.6220772139724513 27.121380891276001 1 
	33.124608682774394 6.6220772139724513 26.853619108723993 1 
	33.200125604945768 6.6389965908148918 26.475689999999997 0.68211091687932002 
	34.052825129691115 6.8300417787846746 26.475689999999997 0.68211091687932002 
	34.128342051874277 6.8469611556271142 26.853619108723993 1 
	34.128342051874277 6.8469611556271142 26.987499999999997 1 
	34.718174778883771 3.4551358616879875 26.987499999999997 1 
	34.718174778883771 3.4551358616879875 27.121380891276001 1 
	34.641369863345801 3.4456450807252184 27.499309999999998 0.68211091687932002 
	33.774126957927145 3.3384799025987695 27.499309999999998 0.68211091687932002 
	33.697322042377316 3.3289891216360918 27.121380891276001 1 
	33.697322042377316 3.3289891216360918 26.853619108723993 1 
	33.774126957927145 3.3384799025987695 26.475689999999997 0.68211091687932002 
	34.641369863345801 3.445645080725217 26.475689999999997 0.68211091687932002 
	34.718174778883771 3.4551358616879875 26.853619108723993 1 
	34.718174778883771 3.4551358616879875 26.987499999999997 1 
	34.884505800400014 -3.3779151157719185 26.987499999999997 1 
	34.884505800400014 -3.3779151157719185 27.121380891276001 1 
	34.807330094788981 -3.3721722560106544 27.499309999999998 0.68211091687932002 
	33.935900412746719 -3.3073267399585173 27.499309999999998 0.68211091687932002 
	33.858724707147552 -3.3015838801973443 27.121380891276001 1 
	33.858724707147552 -3.3015838801973443 26.853619108723993 1 
	33.935900412746719 -3.3073267399585173 26.475689999999997 0.68211091687932002 
	34.807330094788981 -3.3721722560106531 26.475689999999997 0.68211091687932002 
	34.884505800400014 -3.3779151157719185 26.853619108723993 1 
	34.884505800400014 -3.3779151157719185 26.987499999999997 1 
	34.460904206974718 -6.8182877340157155 26.987499999999997 1 
	34.460904206974718 -6.8182877340157155 27.121380891276001 1 
	34.384653557993786 -6.8050624683798979 27.499309999999998 0.68211091687932002 
	33.523669155217206 -6.6557293468225289 27.499309999999998 0.68211091687932002 
	33.447418506248233 -6.6425040811897009 27.121380891276001 1 
	33.447418506248233 -6.6425040811897009 26.853619108723993 1 
	33.523669155217206 -6.6557293468225289 26.475689999999997 0.68211091687932002 
	34.384653557993786 -6.8050624683798979 26.475689999999997 0.68211091687932002 
	34.460904206974718 -6.8182877340157155 26.853619108723993 1 
	34.460904206974718 -6.8182877340157155 26.987499999999997 1 
	32.623020247480952 -13.450150656006556 26.987499999999997 1 
	32.623020247480952 -13.450150656006556 27.121380891276001 1 
	32.550839154264807 -13.42224082092401 27.499309999999998 0.68211091687932002 
	31.735806150816156 -13.107096844858479 27.499309999999998 0.68211091687932002 
	31.663625057588089 -13.079187009772951 27.121380891276001 1 
	31.663625057588089 -13.079187009772951 26.853619108723993 1 
	31.735806150816156 -13.107096844858479 26.475689999999997 0.68211091687932002 
	32.550839154264807 -13.42224082092401 26.475689999999997 0.68211091687932002 
	32.623020247480952 -13.450150656006556 26.853619108723993 1 
	32.623020247480952 -13.450150656006556 26.987499999999997 1 
	31.208891615245612 -16.640790041279214 26.987499999999997 1 
	31.208891615245612 -16.640790041279214 27.121380891276001 1 
	31.13976883170967 -16.605989048836292 27.499309999999998 0.68211091687932002 
	30.359268740186586 -16.213033551355526 27.499309999999998 0.68211091687932002 
	30.290145956650662 -16.178232558906601 27.121380891276001 1 
	30.290145956650662 -16.178232558906601 26.853619108723993 1 
	30.359268740186586 -16.213033551355526 26.475689999999997 0.68211091687932002 
	31.13976883170967 -16.605989048836292 26.475689999999997 0.68211091687932002 
	31.208891615245612 -16.640790041279214 26.853619108723993 1 
	31.208891615245612 -16.640790041279214 26.987499999999997 1 
	27.499085186839505 -22.492482388047716 26.987499999999997 1 
	27.499085186839505 -22.492482388047716 27.121380891276001 1 
	27.438121375292624 -22.444811831562994 27.499309999999998 0.68211091687932002 
	26.749748337334282 -21.90653961807633 27.499309999999998 0.68211091687932002 
	26.688784525787412 -21.858869061597623 27.121380891276001 1 
	26.688784525787412 -21.858869061597623 26.853619108723993 1 
	26.749748337334282 -21.90653961807633 26.475689999999997 0.68211091687932002 
	27.438121375292624 -22.444811831562994 26.475689999999997 0.68211091687932002 
	27.499085186839505 -22.492482388047716 26.853619108723993 1 
	27.499085186839505 -22.492482388047716 26.987499999999997 1 
	25.203804752070901 -25.152760838824136 26.987499999999997 1 
	25.203804752070901 -25.152760838824136 27.121380891276001 1 
	25.147768805229259 -25.099384438451491 27.499309999999998 0.68211091687932002 
	24.515038764495376 -24.496684673722051 27.499309999999998 0.68211091687932002 
	24.459002817647704 -24.443308273355456 27.121380891276001 1 
	24.459002817647704 -24.443308273355456 26.853619108723993 1 
	24.515038764495376 -24.496684673722051 26.475689999999997 0.68211091687932002 
	25.147768805229259 -25.099384438451491 26.475689999999997 0.68211091687932002 
	25.203804752070901 -25.152760838824136 26.853619108723993 1 
	25.203804752070901 -25.152760838824136 26.987499999999997 1 
	19.918974977513798 -29.705282920166216 26.987499999999997 1 
	19.918974977513798 -29.705282920166216 27.121380891276001 1 
	19.874483962944648 -29.64196138297234 27.499309999999998 0.68211091687932002 
	19.372113555314058 -28.926966079672393 27.499309999999998 0.68211091687932002 
	19.327622540750966 -28.863644542472482 27.121380891276001 1 
	19.327622540750966 -28.863644542472482 26.853619108723993 1 
	19.372113555314058 -28.926966079672393 26.475689999999997 0.68211091687932002 
	19.874483962944648 -29.64196138297234 26.475689999999997 0.68211091687932002 
	19.918974977513798 -29.705282920166216 26.853619108723993 1 
	19.918974977513798 -29.705282920166216 26.987499999999997 1 
	16.930035227185773 -31.596897028451405 26.987499999999997 1 
	16.930035227185773 -31.596897028451405 27.121380891276001 1 
	16.89191677467765 -31.529546822617139 27.499309999999998 0.68211091687932002 
	16.461502168173961 -30.769061796839587 27.499309999999998 0.68211091687932002 
	16.42338371565976 -30.701711590993153 27.121380891276001 1 
	16.42338371565976 -30.701711590993153 26.853619108723993 1 
	16.461502168173961 -30.769061796839587 26.475689999999997 0.68211091687932002 
	16.89191677467765 -31.529546822617139 26.475689999999997 0.68211091687932002 
	16.930035227185773 -31.596897028451405 26.853619108723993 1 
	16.930035227185773 -31.596897028451405 26.987499999999997 1 
	10.508064256917624 -34.437224490496646 26.987499999999997 1 
	10.508064256917624 -34.437224490496646 27.121380891276001 1 
	10.48388137387497 -34.363710853591336 27.499309999999998 0.68211091687932002 
	10.210820286644998 -33.533631429712067 27.499309999999998 0.68211091687932002 
	10.186637403608437 -33.460117792818977 27.121380891276001 1 
	10.186637403608437 -33.460117792818977 26.853619108723993 1 
	10.210820286644998 -33.533631429712067 26.475689999999997 0.68211091687932002 
	10.48388137387497 -34.363710853591336 26.475689999999997 0.68211091687932002 
	10.508064256917624 -34.437224490496646 26.853619108723993 1 
	10.508064256917624 -34.437224490496646 26.987499999999997 1 
	7.0758045107966456 -35.385510142588394 26.987499999999997 1 
	7.0758045107966456 -35.385510142588394 27.121380891276001 1 
	7.0588895026415521 -35.309992274780697 27.499309999999998 0.68211091687932002 
	6.8678936437105289 -34.457282072594907 27.499309999999998 0.68211091687932002 
	6.850978635555439 -34.381764204799474 27.121380891276001 1 
	6.850978635555439 -34.381764204799474 26.853619108723993 1 
	6.8678936437105289 -34.457282072594907 26.475689999999997 0.68211091687932002 
	7.0588895026415521 -35.309992274780697 26.475689999999997 0.68211091687932002 
	7.0758045107966456 -35.385510142588394 26.853619108723993 1 
	7.0758045107966456 -35.385510142588394 26.987499999999997 1 
	0.059332434137971714 -36.243968771275171 26.987499999999997 1 
	0.059332434137971714 -36.243968771275171 27.121380891276001 1 
	0.057542257915587591 -36.166600424268815 27.499309999999998 0.68211091687932002 
	0.037328478400915771 -35.292995530994375 27.499309999999998 0.68211091687932002 
	0.035538302178532516 -35.215627183975769 27.121380891276001 1 
	0.035538302178532516 -35.215627183975769 26.853619108723993 1 
	0.037328478400915771 -35.292995530994375 26.475689999999997 0.68211091687932002 
	0.057542257915587591 -36.166600424268815 26.475689999999997 0.68211091687932002 
	0.059332434137971714 -36.243968771275171 26.853619108723993 1 
	0.059332434137971714 -36.243968771275171 26.987499999999997 1 
	-3.5240116760101077 -36.153955830891292 26.987499999999997 1 
	-3.5240116760101077 -36.153955830891292 27.121380891276001 1 
	-3.5182652107917285 -36.076780425356333 27.499309999999998 0.68211091687932002 
	-3.4533789837279945 -35.205354131458577 27.499309999999998 0.68211091687932002 
	-3.4476325185111594 -35.128178725935967 27.121380891276001 1 
	-3.4476325185111594 -35.128178725935967 26.853619108723993 1 
	-3.4533789837279945 -35.205354131458577 26.475689999999997 0.68211091687932002 
	-3.5182652107917285 -36.076780425356333 26.475689999999997 0.68211091687932002 
	-3.5240116760101077 -36.153955830891292 26.853619108723993 1 
	-3.5240116760101077 -36.153955830891292 26.987499999999997 1 
	-10.533421634499916 -34.929604477776373 26.987499999999997 1 
	-10.533421634499916 -34.929604477776373 27.121380891276001 1 
	-10.512664928812752 -34.85505097856764 27.499309999999998 0.68211091687932002 
	-10.278290532101845 -34.013229946699461 27.499309999999998 0.68211091687932002 
	-10.257533826413143 -33.938676447478393 27.121380891276001 1 
	-10.257533826413143 -33.938676447478393 26.853619108723993 1 
	-10.278290532101845 -34.013229946699461 26.475689999999997 0.68211091687932002 
	-10.512664928812752 -34.85505097856764 26.475689999999997 0.68211091687932002 
	-10.533421634499916 -34.929604477776373 26.853619108723993 1 
	-10.533421634499916 -34.929604477776373 26.987499999999997 1 
	-13.958596950297581 -33.795341317384739 26.987499999999997 1 
	-13.958596950297581 -33.795341317384739 27.121380891276001 1 
	-13.930684530888001 -33.723161256680541 27.499309999999998 0.68211091687932002 
	-13.61551137391583 -32.908139911983618 27.499309999999998 0.68211091687932002 
	-13.587598954506252 -32.835959851279426 27.121380891276001 1 
	-13.587598954506252 -32.835959851279426 26.853619108723993 1 
	-13.61551137391583 -32.908139911983618 26.475689999999997 0.68211091687932002 
	-13.930684530888001 -33.723161256680541 26.475689999999997 0.68211091687932002 
	-13.958596950297581 -33.795341317384739 26.853619108723993 1 
	-13.958596950297581 -33.795341317384739 26.987499999999997 1 
	-20.352032935769302 -30.566991076047103 26.987499999999997 1 
	-20.352032935769302 -30.566991076047103 27.121380891276001 1 
	-20.310518800298308 -30.501679202150822 27.499309999999998 0.68211091687932002 
	-19.841761830791125 -29.764210006785035 27.499309999999998 0.68211091687932002 
	-19.800247695320135 -29.698898132888765 27.121380891276001 1 
	-19.800247695320135 -29.698898132888765 26.853619108723993 1 
	-19.841761830791125 -29.764210006785035 26.475689999999997 0.68211091687932002 
	-20.310518800298308 -30.501679202150822 26.475689999999997 0.68211091687932002 
	-20.352032935769302 -30.566991076047103 26.853619108723993 1 
	-20.352032935769302 -30.566991076047103 26.987499999999997 1 
	-23.319458110422328 -28.473237261767338 26.987499999999997 1 
	-23.319458110422328 -28.473237261767338 27.121380891276001 1 
	-23.271786025266177 -28.412274684129976 27.499309999999998 0.68211091687932002 
	-22.733496550757177 -27.72391557891801 27.499309999999998 0.68211091687932002 
	-22.685824465601041 -27.662953001280652 27.121380891276001 1 
	-22.685824465601041 -27.662953001280652 26.853619108723993 1 
	-22.733496550757177 -27.72391557891801 26.475689999999997 0.68211091687932002 
	-23.271786025266177 -28.412274684129976 26.475689999999997 0.68211091687932002 
	-23.319458110422328 -28.473237261767338 26.853619108723993 1 
	-23.319458110422328 -28.473237261767338 26.987499999999997 1 
	-28.533552237425955 -23.494957599686607 26.987499999999997 1 
	-28.533552237425955 -23.494957599686607 27.121380891276001 1 
	-28.474859434256679 -23.444517353597252 27.499309999999998 0.68211091687932002 
	-27.812129493336624 -22.874971182586627 27.499309999999998 0.68211091687932002 
	-27.753436690167344 -22.824530936497293 27.121380891276001 1 
	-27.753436690167344 -22.824530936497293 26.853619108723993 1 
	-27.812129493336624 -22.874971182586627 26.475689999999997 0.68211091687932002 
	-28.474859434256679 -23.444517353597252 26.475689999999997 0.68211091687932002 
	-28.533552237425955 -23.494957599686607 26.853619108723993 1 
	-28.533552237425955 -23.494957599686607 26.987499999999997 1 
	-30.77951427921111 -20.610997324117434 26.987499999999997 1 
	-30.77951427921111 -20.610997324117434 27.121380891276001 1 
	-30.716192098406896 -20.566507277359211 27.499309999999998 0.68211091687932002 
	-30.00118952776085 -20.064147797677968 27.499309999999998 0.68211091687932002 
	-29.937867346956647 -20.01965775091346 27.121380891276001 1 
	-29.937867346956647 -20.01965775091346 26.853619108723993 1 
	-30.00118952776085 -20.064147797677968 26.475689999999997 0.68211091687932002 
	-30.716192098406896 -20.566507277359211 26.475689999999997 0.68211091687932002 
	-30.77951427921111 -20.610997324117434 26.853619108723993 1 
	-30.77951427921111 -20.610997324117434 26.987499999999997 1 
	-34.346059193760432 -14.292298683917826 26.987499999999997 1 
	-34.346059193760432 -14.292298683917826 27.121380891276001 1 
	-34.275247245034734 -14.261078005557231 27.499309999999998 0.68211091687932002 
	-33.475673940376836 -13.908549634036056 27.499309999999998 0.68211091687932002 
	-33.404861991651146 -13.877328955681756 27.121380891276001 1 
	-33.404861991651146 -13.877328955681756 26.853619108723993 1 
	-33.475673940376836 -13.908549634036056 26.475689999999997 0.68211091687932002 
	-34.275247245034734 -14.261078005557231 26.475689999999997 0.68211091687932002 
	-34.346059193760432 -14.292298683917826 26.853619108723993 1 
	-34.346059193760432 -14.292298683917826 26.987499999999997 1 
	-35.666127013750604 -10.858311890320589 26.987499999999997 1 
	-35.666127013750604 -10.858311890320589 27.121380891276001 1 
	-35.592613287338921 -10.834129372764542 27.499309999999998 0.68211091687932002 
	-34.762532852825466 -10.561072412354937 27.499309999999998 0.68211091687932002 
	-34.689019126426459 -10.53688989479731 27.121380891276001 1 
	-34.689019126426459 -10.53688989479731 26.853619108723993 1 
	-34.762532852825466 -10.561072412354937 26.475689999999997 0.68211091687932002 
	-35.592613287338921 -10.834129372764542 26.475689999999997 0.68211091687932002 
	-35.666127013750604 -10.858311890320589 26.853619108723993 1 
	-35.666127013750604 -10.858311890320589 26.987499999999997 1 
	-37.254048768393055 -3.730533764838567 26.987499999999997 1 
	-37.254048768393055 -3.730533764838567 27.121380891276001 1 
	-37.177221779169457 -3.7212237783820177 27.499309999999998 0.68211091687932002 
	-36.309729628874329 -3.6161000419117504 27.499309999999998 0.68211091687932002 
	-36.23290263963807 -3.6067900554567864 27.121380891276001 1 
	-36.23290263963807 -3.6067900554567864 26.853619108723993 1 
	-36.309729628874329 -3.6161000419117504 26.475689999999997 0.68211091687932002 
	-37.177221779169457 -3.7212237783820177 26.475689999999997 0.68211091687932002 
	-37.254048768393055 -3.730533764838567 26.853619108723993 1 
	-37.254048768393055 -3.730533764838567 26.987499999999997 1 
	-37.521626852101406 -0.037616879494713901 26.987499999999997 1 
	-37.521626852101406 -0.037616879494713901 27.121380891276001 1 
	-37.444258542847642 -0.035826307698146126 27.499309999999998 0.68211091687932002 
	-36.570654076188049 -0.0156080615694742 27.499309999999998 0.68211091687932002 
	-36.493285766947047 -0.0138174897737031 27.121380891276001 1 
	-36.493285766947047 -0.0138174897737031 26.853619108723993 1 
	-36.570654076188049 -0.0156080615694742 26.475689999999997 0.68211091687932002 
	-37.444258542847642 -0.035826307698146126 26.475689999999997 0.68211091687932002 
	-37.521626852101406 -0.037616879494713901 26.853619108723993 1 
	-37.521626852101406 -0.037616879494713901 26.987499999999997 1 
	-36.967557219288224 7.2907265155924321 26.987499999999997 1 
	-36.967557219288224 7.2907265155924321 27.121380891276001 1 
	-36.891337677511217 7.2773234238921551 27.499309999999998 0.68211091687932002 
	-36.030704521529742 7.1259823788212096 27.499309999999998 0.68211091687932002 
	-35.954484979739995 7.1125792871217284 27.121380891276001 1 
	-35.954484979739995 7.1125792871217284 26.853619108723993 1 
	-36.030704521529742 7.1259823788212096 26.475689999999997 0.68211091687932002 
	-36.891337677511217 7.2773234238921551 26.475689999999997 0.68211091687932002 
	-36.967557219288224 7.2907265155924321 26.853619108723993 1 
	-36.967557219288224 7.2907265155924321 26.987499999999997 1 
	-36.145899934026353 10.925230344833784 26.987499999999997 1 
	-36.145899934026353 10.925230344833784 27.121380891276001 1 
	-36.07134615262526 10.904474757400767 27.499309999999998 0.68211091687932002 
	-35.229521934388615 10.670112987409007 27.499309999999998 0.68211091687932002 
	-35.154968152987543 10.649357399972788 27.121380891276001 1 
	-35.154968152987543 10.649357399972788 26.853619108723993 1 
	-35.229521934388615 10.670112987409007 26.475689999999997 0.68211091687932002 
	-36.07134615262526 10.904474757400767 26.475689999999997 0.68211091687932002 
	-36.145899934026353 10.925230344833784 26.853619108723993 1 
	-36.145899934026353 10.925230344833784 26.987499999999997 1 
	-33.470537847013524 17.820396299650088 26.987499999999997 1 
	-33.470537847013524 17.820396299650088 27.121380891276001 1 
	-33.401495762282622 17.785435589354613 27.499309999999998 0.68211091687932002 
	-32.62190688156312 17.390676637449822 27.499309999999998 0.68211091687932002 
	-32.552864796832232 17.355715927157569 27.121380891276001 1 
	-32.552864796832232 17.355715927157569 26.853619108723993 1 
	-32.62190688156312 17.390676637449822 26.475689999999997 0.68211091687932002 
	-33.401495762282622 17.785435589354613 26.475689999999997 0.68211091687932002 
	-33.470537847013524 17.820396299650088 26.853619108723993 1 
	-33.470537847013524 17.820396299650088 26.987499999999997 1 
	-31.617093957065961 21.080167299819244 26.987499999999997 1 
	-31.617093957065961 21.080167299819244 27.121380891276001 1 
	-31.551781089823059 21.038654778491566 27.499309999999998 0.68211091687932002 
	-30.814300678128493 20.569916035041196 27.499309999999998 0.68211091687932002 
	-30.74898781087915 20.528403513707069 27.121380891276001 1 
	-30.74898781087915 20.528403513707069 26.853619108723993 1 
	-30.814300678128493 20.569916035041196 26.475689999999997 0.68211091687932002 
	-31.551781089823059 21.038654778491566 26.475689999999997 0.68211091687932002 
	-31.617093957065961 21.080167299819244 26.853619108723993 1 
	-31.617093957065961 21.080167299819244 26.987499999999997 1 
	-27.02574963240108 26.93798866084423 26.987499999999997 1 
	-27.02574963240108 26.93798866084423 27.121380891276001 1 
	-26.969836221799603 26.88448398287218 27.499309999999998 0.68211091687932002 
	-26.33848979934357 26.28033577128236 27.499309999999998 0.68211091687932002 
	-26.282576388748559 26.226831093316772 27.121380891276001 1 
	-26.282576388748559 26.226831093316772 26.853619108723993 1 
	-26.33848979934357 26.28033577128236 26.475689999999997 0.68211091687932002 
	-26.969836221799603 26.88448398287218 26.475689999999997 0.68211091687932002 
	-27.02574963240108 26.93798866084423 26.853619108723993 1 
	-27.02574963240108 26.93798866084423 26.987499999999997 1 
	-24.288361254120012 29.535257488325655 26.987499999999997 1 
	-24.288361254120012 29.535257488325655 27.121380891276001 1 
	-24.237919036247316 29.476566415365522 27.499309999999998 0.68211091687932002 
	-23.668350600929106 28.813856011054007 27.499309999999998 0.68211091687932002 
	-23.61790838305642 28.755164938087386 27.121380891276001 1 
	-23.61790838305642 28.755164938087386 26.853619108723993 1 
	-23.668350600929106 28.813856011054007 26.475689999999997 0.68211091687932002 
	-24.237919036247316 29.476566415365522 26.475689999999997 0.68211091687932002 
	-24.288361254120012 29.535257488325655 26.853619108723993 1 
	-24.288361254120012 29.535257488325655 26.987499999999997 1 
	-18.155435762165816 33.834065331966961 26.987499999999997 1 
	-18.155435762165816 33.834065331966961 27.121380891276001 1 
	-18.117470496003723 33.76662871023079 27.499309999999998 0.68211091687932002 
	-17.688785593527289 33.005167919156001 27.499309999999998 0.68211091687932002 
	-17.650820327365203 32.937731297426339 27.121380891276001 1 
	-17.650820327365203 32.937731297426339 26.853619108723993 1 
	-17.688785593527289 33.005167919156001 26.475689999999997 0.68211091687932002 
	-18.117470496003723 33.76662871023079 26.475689999999997 0.68211091687932002 
	-18.155435762165816 33.834065331966961 26.853619108723993 1 
	-18.155435762165816 33.834065331966961 26.987499999999997 1 
	-14.760620374795041 35.535001859782739 26.987499999999997 1 
	-14.760620374795041 35.535001859782739 27.121380891276001 1 
	-14.729396653414442 35.464191281749081 27.499309999999998 0.68211091687932002 
	-14.376833921544394 34.664633454319493 27.499309999999998 0.68211091687932002 
	-14.34561020015726 34.593822876285849 27.121380891276001 1 
	-14.34561020015726 34.593822876285849 26.853619108723993 1 
	-14.376833921544394 34.664633454319493 26.475689999999997 0.68211091687932002 
	-14.729396653414442 35.464191281749081 26.475689999999997 0.68211091687932002 
	-14.760620374795041 35.535001859782739 26.853619108723993 1 
	-14.760620374795041 35.535001859782739 26.987499999999997 1 
	-7.5991711853730139 37.882032288388949 26.987499999999997 1 
	-7.5991711853730139 37.882032288388949 27.121380891276001 1 
	-7.5824264038994187 37.806476540593572 27.499309999999998 0.68211091687932002 
	-7.3933526600117814 36.95333861613323 27.499309999999998 0.68211091687932002 
	-7.3766078785447231 36.87778286833786 27.121380891276001 1 
	-7.3766078785447231 36.87778286833786 26.853619108723993 1 
	-7.3933526600117814 36.95333861613323 26.475689999999997 0.68211091687932002 
	-7.5824264038994187 37.806476540593572 26.475689999999997 0.68211091687932002 
	-7.5991711853730139 37.882032288388949 26.853619108723993 1 
	-7.5991711853730139 37.882032288388949 26.987499999999997 1 
	-3.8334085115887886 38.527757448346172 26.987499999999997 1 
	-3.8334085115887886 38.527757448346172 27.121380891276001 1 
	-3.8240945193793898 38.450930970843913 27.499309999999998 0.68211091687932002 
	-3.7189255519242037 37.583444598652271 27.499309999999998 0.68211091687932002 
	-3.7096115597147037 37.506618121150026 27.121380891276001 1 
	-3.7096115597147037 37.506618121150026 26.853619108723993 1 
	-3.7189255519241016 37.583444598652271 26.475689999999997 0.68211091687932002 
	-3.8240945193793898 38.450930970843913 26.475689999999997 0.68211091687932002 
	-3.8334085115887886 38.527757448346172 26.853619108723993 1 
	-3.8334085115887886 38.527757448346172 26.987499999999997 1 
	3.7477337561883806 38.694918441285466 26.987499999999997 1 
	3.7477337561883806 38.694918441285466 27.121380891276001 1 
	3.7418148569865375 38.617756114174412 27.499309999999998 0.68211091687932002 
	3.6749815911285291 37.746477495296467 27.499309999999998 0.68211091687932002 
	3.6690626919265839 37.66931516818542 27.121380891276001 1 
	3.6690626919265839 37.66931516818542 26.853619108723993 1 
	3.674981591128426 37.746477495296467 26.475689999999997 0.68211091687932002 
	3.7418148569865375 38.617756114174412 26.475689999999997 0.68211091687932002 
	3.7477337561883806 38.694918441285466 26.853619108723993 1 
	3.7477337561883806 38.694918441285466 26.987499999999997 1 
	7.5621668531055537 38.216254279792999 26.987499999999997 1 
	7.5621668531055537 38.216254279792999 27.121380891276001 1 
	7.5487684204140963 38.140033944775723 27.499309999999998 0.68211091687932002 
	7.3974799825337723 37.279391832131388 27.499309999999998 0.68211091687932002 
	7.3840815498423167 37.20317149711412 27.121380891276001 1 
	7.3840815498423167 37.20317149711412 26.853619108723993 1 
	7.3974799825337723 37.279391832131388 26.475689999999997 0.68211091687932002 
	7.5487684204140963 38.140033944775723 26.475689999999997 0.68211091687932002 
	7.5621668531055537 38.216254279792999 26.853619108723993 1 
	7.5621668531055537 38.216254279792999 26.987499999999997 1 
	14.910149433587595 36.162005114639406 26.987499999999997 1 
	14.910149433587595 36.162005114639406 27.121380891276001 1 
	14.882077146328017 36.089887126929526 27.499309999999998 0.68211091687932002 
	14.56509884113966 35.275566679537931 27.499309999999998 0.68211091687932002 
	14.537026553880084 35.203448691828065 27.121380891276001 1 
	14.537026553880084 35.203448691828065 26.853619108723993 1 
	14.56509884113966 35.275566679537931 26.475689999999997 0.68211091687932002 
	14.882077146328017 36.089887126929526 26.475689999999997 0.68211091687932002 
	14.910149433587595 36.162005114639406 26.853619108723993 1 
	14.910149433587595 36.162005114639406 26.987499999999997 1 
	18.442758559114377 34.586600864726329 26.987499999999997 1 
	18.442758559114377 34.586600864726329 27.121380891276001 1 
	18.407802678673132 34.517556362601155 27.499309999999998 0.68211091687932002 
	18.013098262963151 33.737940185864396 27.499309999999998 0.68211091687932002 
	17.978142382521916 33.66889568373923 27.121380891276001 1 
	17.978142382521916 33.66889568373923 26.853619108723993 1 
	18.013098262963151 33.737940185864396 26.475689999999997 0.68211091687932002 
	18.407802678673132 34.517556362601155 26.475689999999997 0.68211091687932002 
	18.442758559114377 34.586600864726329 26.853619108723993 1 
	18.442758559114377 34.586600864726329 26.987499999999997 1 
	24.916927188402457 30.461867279820101 26.987499999999997 1 
	24.916927188402457 30.461867279820101 27.121380891276001 1 
	24.869121258946063 30.40100965946365 27.499309999999998 0.68211091687932002 
	24.329320481184745 29.713835679579006 27.499309999999998 0.68211091687932002 
	24.281514551728364 29.652978059222558 27.121380891276001 1 
	24.281514551728364 29.652978059222558 26.853619108723993 1 
	24.329320481184745 29.713835679579006 26.475689999999997 0.68211091687932002 
	24.869121258946063 30.40100965946365 26.475689999999997 0.68211091687932002 
	24.916927188402457 30.461867279820101 26.853619108723993 1 
	24.916927188402457 30.461867279820101 26.987499999999997 1 
	27.85763443659539 27.912987125650478 26.987499999999997 1 
	27.85763443659539 27.912987125650478 27.121380891276001 1 
	27.804134156679481 27.857069540816433 27.499309999999998 0.68211091687932002 
	27.200035605691021 27.225675985054995 27.499309999999998 0.68211091687932002 
	27.146535325768411 27.169758400227646 27.121380891276001 1 
	27.146535325768411 27.169758400227646 26.853619108723993 1 
	27.200035605691021 27.225675985054995 26.475689999999997 0.68211091687932002 
	27.804134156679481 27.857069540816433 26.475689999999997 0.68211091687932002 
	27.85763443659539 27.912987125650478 26.853619108723993 1 
	27.85763443659539 27.912987125650478 26.987499999999997 1 
	32.885382185027758 22.050401491881601 26.987499999999997 1 
	32.885382185027758 22.050401491881601 27.121380891276001 1 
	32.82196320090938 22.006049618252735 27.499309999999998 0.68211091687932002 
	32.105867575477276 21.505250320860885 27.499309999999998 0.68211091687932002 
	32.042448591365606 21.460898447225333 27.121380891276001 1 
	32.042448591365606 21.460898447225333 26.853619108723993 1 
	32.105867575477276 21.505250320860885 26.475689999999997 0.68211091687932002 
	32.82196320090938 22.006049618252735 26.475689999999997 0.68211091687932002 
	32.885382185027758 22.050401491881601 26.853619108723993 1 
	32.885382185027758 22.050401491881601 26.987499999999997 1 
	34.971733808159549 18.737377757983023 26.987499999999997 1 
	34.971733808159549 18.737377757983023 27.121380891276001 1 
	34.904300501416721 18.699406653284079 27.499309999999998 0.68211091687932002 
	34.142877141548105 18.270655825013783 27.499309999999998 0.68211091687932002 
	34.075443834805284 18.232684720318215 27.121380891276001 1 
	34.075443834805284 18.232684720318215 26.853619108723993 1 
	34.142877141548105 18.270655825013783 26.475689999999997 0.68211091687932002 
	34.904300501416721 18.699406653284079 26.475689999999997 0.68211091687932002 
	34.971733808159549 18.737377757983023 26.853619108723993 1 
	34.971733808159549 18.737377757983023 26.987499999999997 1 
	38.099110206484312 11.624578172420172 26.987499999999997 1 
	38.099110206484312 11.624578172420172 27.121380891276001 1 
	38.025544396937931 11.600554698255896 27.499309999999998 0.68211091687932002 
	37.194875865509154 11.329293576734402 27.499309999999998 0.68211091687932002 
	37.121310055962788 11.305270102566764 27.121380891276001 1 
	37.121310055962788 11.305270102566764 26.853619108723993 1 
	37.194875865509154 11.329293576734402 26.475689999999997 0.68211091687932002 
	38.025544396937931 11.600554698255896 26.475689999999997 0.68211091687932002 
	38.099110206484312 11.624578172420172 26.853619108723993 1 
	38.099110206484312 11.624578172420172 26.987499999999997 1 
	39.139671426887318 7.8256600736083488 26.987499999999997 1 
	39.139671426887318 7.8256600736083488 27.121380891276001 1 
	39.06411729343592 7.8089081190072402 27.499309999999998 0.68211091687932002 
	38.210997597391334 7.6197533797075696 27.499309999999998 0.68211091687932002 
	38.135443463939957 7.603001425106461 27.121380891276001 1 
	38.135443463939957 7.603001425106461 26.853619108723993 1 
	38.210997597391334 7.6197533797075696 26.475689999999997 0.68211091687932002 
	39.06411729343592 7.8089081190072402 26.475689999999997 0.68211091687932002 
	39.139671426887318 7.8256600736083488 26.853619108723993 1 
	39.139671426887318 7.8256600736083488 26.987499999999997 1 
	40.07228179931424 0.064780322088919734 26.987499999999997 1 
	40.07228179931424 0.064780322088919734 27.121380891276001 1 
	39.994909867838118 0.063155735433480242 27.499309999999998 0.68211091687932002 
	39.121264500761988 0.044811710949194117 27.499309999999998 0.68211091687932002 
	39.043892569285887 0.043187124293756797 27.121380891276001 1 
	39.043892569285887 0.043187124293756797 26.853619108723993 1 
	39.121264500761988 0.044811710949194117 26.475689999999997 0.68211091687932002 
	39.994909867838118 0.063155735433480242 26.475689999999997 0.68211091687932002 
	40.07228179931424 0.064780322088919734 26.853619108723993 1 
	40.07228179931424 0.064780322088919734 26.987499999999997 1 
	39.964135770681047 -3.8962201387553295 26.987499999999997 1 
	39.964135770681047 -3.8962201387553295 27.121380891276001 1 
	39.886972856890878 -3.8903091974978281 27.499309999999998 0.68211091687932002 
	39.015687613496205 -3.8235657888008729 27.499309999999998 0.68211091687932002 
	38.938524699706051 -3.8176548475450791 27.121380891276001 1 
	38.938524699706051 -3.8176548475450791 26.853619108723993 1 
	39.015687613496205 -3.8235657888008729 26.475689999999997 0.68211091687932002 
	39.886972856890878 -3.8903091974978281 26.475689999999997 0.68211091687932002 
	39.964135770681047 -3.8962201387553295 26.853619108723993 1 
	39.964135770681047 -3.8962201387553295 26.987499999999997 1 
	38.594653070550116 -11.639508942549231 26.987499999999997 1 
	38.594653070550116 -11.639508942549231 27.121380891276001 1 
	38.520143674286061 -11.618594728344338 27.499309999999998 0.68211091687932002 
	37.678820630999184 -11.382441823798652 27.499309999999998 0.68211091687932002 
	37.604311234735142 -11.361527609592057 27.121380891276001 1 
	37.604311234735142 -11.361527609592057 26.853619108723993 1 
	37.678820630999184 -11.382441823798652 26.475689999999997 0.68211091687932002 
	38.520143674286061 -11.618594728344338 26.475689999999997 0.68211091687932002 
	38.594653070550116 -11.639508942549231 26.853619108723993 1 
	38.594653070550116 -11.639508942549231 26.987499999999997 1 
	37.333409774748858 -15.420815095707122 26.987499999999997 1 
	37.333409774748858 -15.420815095707122 27.121380891276001 1 
	37.26128869091292 -15.39275082670494 27.499309999999998 0.68211091687932002 
	36.446933283707551 -15.075863059730782 27.499309999999998 0.68211091687932002 
	36.374812199885355 -15.047798790735468 27.121380891276001 1 
	36.374812199885355 -15.047798790735468 26.853619108723993 1 
	36.446933283707551 -15.075863059730782 26.475689999999997 0.68211091687932002 
	37.26128869091292 -15.39275082670494 26.475689999999997 0.68211091687932002 
	37.333409774748858 -15.420815095707122 26.853619108723993 1 
	37.333409774748858 -15.420815095707122 26.987499999999997 1 
	33.753143709597502 -22.474399943553916 26.987499999999997 1 
	33.753143709597502 -22.474399943553916 27.121380891276001 1 
	33.687918691742716 -22.432749601798168 27.499309999999998 0.68211091687932002 
	32.951430231568224 -21.962454658598585 27.499309999999998 0.68211091687932002 
	32.886205213699732 -21.920804316835987 27.121380891276001 1 
	32.886205213699732 -21.920804316835987 26.853619108723993 1 
	32.951430231568224 -21.962454658598585 26.475689999999997 0.68211091687932002 
	33.687918691742716 -22.432749601798168 26.475689999999997 0.68211091687932002 
	33.753143709597502 -22.474399943553916 26.853619108723993 1 
	33.753143709597502 -22.474399943553916 26.987499999999997 1 
	31.434498156754287 -25.74576069368662 26.987499999999997 1 
	31.434498156754287 -25.74576069368662 27.121380891276001 1 
	31.373634871341427 -25.697962013131221 27.499309999999998 0.68211091687932002 
	30.686396924594543 -25.158243086277722 27.499309999999998 0.68211091687932002 
	30.625533639181683 -25.11044440571543 27.121380891276001 1 
	30.625533639181683 -25.11044440571543 26.853619108723993 1 
	30.686396924594543 -25.158243086277722 26.475689999999997 0.68211091687932002 
	31.373634871341427 -25.697962013131221 26.475689999999997 0.68211091687932002 
	31.434498156754287 -25.74576069368662 26.853619108723993 1 
	31.434498156754287 -25.74576069368662 26.987499999999997 1 
	25.927824948690727 -31.489422123283919 26.987499999999997 1 
	25.927824948690727 -31.489422123283919 27.121380891276001 1 
	25.877505862437506 -31.430625499845807 27.499309999999998 0.68211091687932002 
	25.309327767982257 -30.766723272150006 27.499309999999998 0.68211091687932002 
	25.259008681729039 -30.707926648718811 27.121380891276001 1 
	25.259008681729039 -30.707926648718811 26.853619108723993 1 
	25.309327767982257 -30.766723272150006 26.475689999999997 0.68211091687932002 
	25.877505862437506 -31.430625499845807 26.475689999999997 0.68211091687932002 
	25.927824948690727 -31.489422123283919 26.853619108723993 1 
	25.927824948690727 -31.489422123283919 26.987499999999997 1 
	22.740428856854987 -33.960949750976042 26.987499999999997 1 
	22.740428856854987 -33.960949750976042 27.121380891276001 1 
	22.696068970279558 -33.89753639834138 27.499309999999998 0.68211091687932002 
	22.195179194829628 -33.181504360726386 27.499309999999998 0.68211091687932002 
	22.150819308261152 -33.118091008091731 27.121380891276001 1 
	22.150819308261152 -33.118091008091731 26.853619108723993 1 
	22.195179194829628 -33.181504360726386 26.475689999999997 0.68211091687932002 
	22.696068970279558 -33.89753639834138 26.475689999999997 0.68211091687932002 
	22.740428856854987 -33.960949750976042 26.853619108723993 1 
	22.740428856854987 -33.960949750976042 26.987499999999997 1 
	15.762363845840902 -37.880874427942018 26.987499999999997 1 
	15.762363845840902 -37.880874427942018 27.121380891276001 1 
	15.731287470552889 -37.809999102726181 27.499309999999998 0.68211091687932002 
	15.380388497368321 -37.009710182270013 27.499309999999998 0.68211091687932002 
	15.349312122073373 -36.938834857054175 27.121380891276001 1 
	15.349312122073373 -36.938834857054175 26.853619108723993 1 
	15.380388497368321 -37.009710182270013 26.475689999999997 0.68211091687932002 
	15.731287470552889 -37.809999102726181 26.475689999999997 0.68211091687932002 
	15.762363845840902 -37.880874427942018 26.853619108723993 1 
	15.762363845840902 -37.880874427942018 26.987499999999997 1 
	11.972528847069713 -39.328712287404969 26.987499999999997 1 
	11.972528847069713 -39.328712287404969 27.121380891276001 1 
	11.94849551517237 -39.255149720487331 27.499309999999998 0.68211091687932002 
	11.677123085047421 -38.424517803171938 27.499309999999998 0.68211091687932002 
	11.653089753153575 -38.350955236254308 27.121380891276001 1 
	11.653089753153575 -38.350955236254308 26.853619108723993 1 
	11.677123085047421 -38.424517803171938 26.475689999999997 0.68211091687932002 
	11.94849551517237 -39.255149720487331 26.475689999999997 0.68211091687932002 
	11.972528847069713 -39.328712287404969 26.853619108723993 1 
	11.972528847069713 -39.328712287404969 26.987499999999997 1 
	4.1111957150092282 -41.063393436436897 26.987499999999997 1 
	4.1111957150092282 -41.063393436436897 27.121380891276001 1 
	4.1020403168696973 -40.986547935747424 27.499309999999998 0.68211091687932002 
	3.9986621147582184 -40.118846763287856 27.499309999999998 0.68211091687932002 
	3.9895067166151996 -40.04200126259839 27.121380891276001 1 
	3.9895067166151996 -40.04200126259839 26.853619108723993 1 
	3.9986621147582184 -40.118846763287856 26.475689999999997 0.68211091687932002 
	4.1020403168696973 -40.986547935747424 26.475689999999997 0.68211091687932002 
	4.1111957150092282 -41.063393436436897 26.853619108723993 1 
	4.1111957150092282 -41.063393436436897 26.987499999999997 1 
	0.040663644071994333 -41.349942543222276 26.987499999999997 1 
	0.040663644071994333 -41.349942543222276 27.121380891276001 1 
	0.039028109763206316 -41.272570863671895 27.499309999999998 0.68211091687932002 
	0.02056046984111326 -40.398928341156882 27.499309999999998 0.68211091687932002 
	0.018924935532321774 -40.321556661606508 27.121380891276001 1 
	0.018924935532321774 -40.321556661606508 26.853619108723993 1 
	0.02056046984111326 -40.398928341156882 26.475689999999997 0.68211091687932002 
	0.039028109763206316 -41.272570863671895 26.475689999999997 0.68211091687932002 
	0.040663644071994333 -41.349942543222276 26.853619108723993 1 
	0.040663644071994333 -41.349942543222276 26.987499999999997 1 
	-8.0322501286969992 -40.723373116173299 26.987499999999997 1 
	-8.0322501286969992 -40.723373116173299 27.121380891276001 1 
	-8.0186955856464888 -40.647180425398474 27.499309999999998 0.68211091687932002 
	-7.8656444272640558 -39.786850457720774 27.499309999999998 0.68211091687932002 
	-7.8520898842135427 -39.710657766945971 27.121380891276001 1 
	-7.8520898842135427 -39.710657766945971 26.853619108723993 1 
	-7.8656444272640558 -39.786850457720774 26.475689999999997 0.68211091687932002 
	-8.0186955856464888 -40.647180425398474 26.475689999999997 0.68211091687932002 
	-8.0322501286969992 -40.723373116173299 26.853619108723993 1 
	-8.0322501286969992 -40.723373116173299 26.987499999999997 1 
	-12.033616157758185 -39.810254065870687 26.987499999999997 1 
	-12.033616157758185 -39.810254065870687 27.121380891276001 1 
	-12.012713034721772 -39.73574157901178 27.499309999999998 0.68211091687932002 
	-11.776685366196526 -38.89438363813067 27.499309999999998 0.68211091687932002 
	-11.755782243163647 -38.819871151243518 27.121380891276001 1 
	-11.755782243163647 -38.819871151243518 26.853619108723993 1 
	-11.776685366196526 -38.89438363813067 26.475689999999997 0.68211091687932002 
	-12.012713034721772 -39.73574157901178 26.475689999999997 0.68211091687932002 
	-12.033616157758185 -39.810254065870687 26.853619108723993 1 
	-12.033616157758185 -39.810254065870687 26.987499999999997 1 
	-19.620245960365512 -36.849376629598197 26.987499999999997 1 
	-19.620245960365512 -36.849376629598197 27.121380891276001 1 
	-19.585149768554714 -36.780403384276475 27.499309999999998 0.68211091687932002 
	-19.188861026645366 -36.001591804002082 27.499309999999998 0.68211091687932002 
	-19.153764834831048 -35.932618558708612 27.121380891276001 1 
	-19.153764834831048 -35.932618558708612 26.853619108723993 1 
	-19.188861026645366 -36.001591804002082 26.475689999999997 0.68211091687932002 
	-19.585149768554714 -36.780403384276475 26.475689999999997 0.68211091687932002 
	-19.620245960365512 -36.849376629598197 26.853619108723993 1 
	-19.620245960365512 -36.849376629598197 26.987499999999997 1 
	-23.204532248295841 -34.801914812256463 26.987499999999997 1 
	-23.204532248295841 -34.801914812256463 27.121380891276001 1 
	-23.162892088493646 -34.736683318041941 27.499309999999998 0.68211091687932002 
	-22.692712115024328 -34.000121730114735 27.499309999999998 0.68211091687932002 
	-22.651071955229238 -33.93489023590022 27.121380891276001 1 
	-22.651071955229238 -33.93489023590022 26.853619108723993 1 
	-22.692712115024328 -34.000121730114735 26.475689999999997 0.68211091687932002 
	-23.162892088493646 -34.736683318041941 26.475689999999997 0.68211091687932002 
	-23.204532248295841 -34.801914812256463 26.853619108723993 1 
	-23.204532248295841 -34.801914812256463 26.987499999999997 1 
	-29.641162524906598 -29.736627973525632 26.987499999999997 1 
	-29.641162524906598 -29.736627973525632 27.121380891276001 1 
	-29.5875495027989 -29.680818524506851 27.499309999999998 0.68211091687932002 
	-28.982177922966613 -29.05064598453037 27.499309999999998 0.68211091687932002 
	-28.928564900851828 -28.994836535511595 27.121380891276001 1 
	-28.928564900851828 -28.994836535511595 26.853619108723993 1 
	-28.982177922966613 -29.05064598453037 26.475689999999997 0.68211091687932002 
	-29.5875495027989 -29.680818524506851 26.475689999999997 0.68211091687932002 
	-29.641162524906598 -29.736627973525632 26.853619108723993 1 
	-29.641162524906598 -29.736627973525632 26.987499999999997 1 
	-32.492652689332701 -26.719374199096485 26.987499999999997 1 
	-32.492652689332701 -26.719374199096485 27.121380891276001 1 
	-32.433864281765281 -26.669045545398806 27.499309999999998 0.68211091687932002 
	-31.770054823725967 -26.10075942023968 27.499309999999998 0.68211091687932002 
	-31.711266416172855 -26.050430766542011 27.121380891276001 1 
	-31.711266416172855 -26.050430766542011 26.853619108723993 1 
	-31.770054823725967 -26.10075942023968 26.475689999999997 0.68211091687932002 
	-32.433864281765281 -26.669045545398806 26.475689999999997 0.68211091687932002 
	-32.492652689332701 -26.719374199096485 26.853619108723993 1 
	-32.492652689332701 -26.719374199096485 26.987499999999997 1 
	-37.207767881382914 -19.964894639355947 26.987499999999997 1 
	-37.207767881382914 -19.964894639355947 27.121380891276001 1 
	-37.140258646093926 -19.927058764973008 27.499309999999998 0.68211091687932002 
	-36.377977938651341 -19.499834890131105 27.499309999999998 0.68211091687932002 
	-36.310468703348064 -19.461999015748173 27.121380891276001 1 
	-36.310468703348064 -19.461999015748173 26.853619108723993 1 
	-36.377977938651341 -19.499834890131105 26.475689999999997 0.68211091687932002 
	-37.140258646093926 -19.927058764973008 26.475689999999997 0.68211091687932002 
	-37.207767881382914 -19.964894639355947 26.853619108723993 1 
	-37.207767881382914 -19.964894639355947 26.987499999999997 1 
	-39.070738424516108 -16.228468207096338 26.987499999999997 1 
	-39.070738424516108 -16.228468207096338 27.121380891276001 1 
	-38.999868397196458 -16.197379801177537 27.499309999999998 0.68211091687932002 
	-38.199639297884247 -15.846344984260103 27.499309999999998 0.68211091687932002 
	-38.128769270564611 -15.815256578341302 27.121380891276001 1 
	-38.128769270564611 -15.815256578341302 26.853619108723993 1 
	-38.199639297884247 -15.846344984260103 26.475689999999997 0.68211091687932002 
	-38.999868397196458 -16.197379801177537 26.475689999999997 0.68211091687932002 
	-39.070738424516108 -16.228468207096338 26.853619108723993 1 
	-39.070738424516108 -16.228468207096338 26.987499999999997 1 
	-41.635722524803157 -8.3513812150905231 26.987499999999997 1 
	-41.635722524803157 -8.3513812150905231 27.121380891276001 1 
	-41.560135243703037 -8.3347796282099615 27.499309999999998 0.68211091687932002 
	-40.706641260963615 -8.1473227663840735 27.499309999999998 0.68211091687932002 
	-40.631053979863502 -8.1307211795035155 27.121380891276001 1 
	-40.631053979863502 -8.1307211795035155 26.853619108723993 1 
	-40.706641260963615 -8.1473227663840735 26.475689999999997 0.68211091687932002 
	-41.560135243703037 -8.3347796282099615 26.475689999999997 0.68211091687932002 
	-41.635722524803157 -8.3513812150905231 26.853619108723993 1 
	-41.635722524803157 -8.3513812150905231 26.987499999999997 1 
	-42.337340117949182 -4.2116811614821126 26.987499999999997 1 
	-42.337340117949182 -4.2116811614821126 27.121380891276001 1 
	-42.260496255126903 -4.2025121909657486 27.499309999999998 0.68211091687932002 
	-41.392813576711042 -4.0989807363379063 27.499309999999998 0.68211091687932002 
	-41.315969713888784 -4.0898117658215432 27.121380891276001 1 
	-41.315969713888784 -4.0898117658215432 26.853619108723993 1 
	-41.392813576711042 -4.0989807363379063 26.475689999999997 0.68211091687932002 
	-42.260496255126903 -4.2025121909657486 26.475689999999997 0.68211091687932002 
	-42.337340117949182 -4.2116811614821126 26.853619108723993 1 
	-42.337340117949182 -4.2116811614821126 26.987499999999997 1 
	-42.505331082030331 4.1175523965976399 26.987499999999997 1 
	-42.505331082030331 4.1175523965976399 27.121380891276001 1 
	-42.42818002990029 4.1114890293397419 27.499309999999998 0.68211091687932002 
	-41.557028722337805 4.0430245020481621 27.499309999999998 0.68211091687932002 
	-41.479877670207784 4.0369611347902632 27.121380891276001 1 
	-41.479877670207784 4.0369611347902632 26.853619108723993 1 
	-41.557028722337805 4.0430245020481621 26.475689999999997 0.68211091687932002 
	-42.42818002990029 4.1114890293397419 26.475689999999997 0.68211091687932002 
	-42.505331082030331 4.1175523965976399 26.853619108723993 1 
	-42.505331082030331 4.1175523965976399 26.987499999999997 1 
	-41.971604352663491 8.3060459722208293 26.987499999999997 1 
	-41.971604352663491 8.3060459722208293 27.121380891276001 1 
	-41.895409197156717 8.292505400737177 27.499309999999998 0.68211091687932002 
	-41.035051399038331 8.1396120022958041 27.499309999999998 0.68211091687932002 
	-40.958856243531571 8.12607143081215 27.121380891276001 1 
	-40.958856243531571 8.12607143081215 26.853619108723993 1 
	-41.035051399038331 8.1396120022958041 26.475689999999997 0.68211091687932002 
	-41.895409197156717 8.292505400737177 26.475689999999997 0.68211091687932002 
	-41.971604352663491 8.3060459722208293 26.853619108723993 1 
	-41.971604352663491 8.3060459722208293 26.987499999999997 1 
	-39.700989981745721 16.370148211142929 26.987499999999997 1 
	-39.700989981745721 16.370148211142929 27.121380891276001 1 
	-39.628924121414549 16.341942527878789 27.499309999999998 0.68211091687932002 
	-38.815192270439418 16.02345798137139 27.499309999999998 0.68211091687932002 
	-38.743126410108253 15.995252298107248 27.121380891276001 1 
	-38.743126410108253 15.995252298107248 26.853619108723993 1 
	-38.815192270439418 16.02345798137139 26.475689999999997 0.68211091687932002 
	-39.628924121414549 16.341942527878789 26.475689999999997 0.68211091687932002 
	-39.700989981745721 16.370148211142929 26.853619108723993 1 
	-39.700989981745721 16.370148211142929 26.987499999999997 1 
	-37.964310114245464 20.244727077016904 26.987499999999997 1 
	-37.964310114245464 20.244727077016904 27.121380891276001 1 
	-37.895330222729989 20.209643991381967 27.499309999999998 0.68211091687932002 
	-37.116443596767773 19.813503237966113 27.499309999999998 0.68211091687932002 
	-37.047463705252305 19.778420152331194 27.121380891276001 1 
	-37.047463705252305 19.778420152331194 26.853619108723993 1 
	-37.116443596767773 19.813503237966113 26.475689999999997 0.68211091687932002 
	-37.895330222729989 20.209643991381967 26.475689999999997 0.68211091687932002 
	-37.964310114245464 20.244727077016904 26.853619108723993 1 
	-37.964310114245464 20.244727077016904 26.987499999999997 1 
	-33.42464937276214 27.341371988690085 26.987499999999997 1 
	-33.42464937276214 27.341371988690085 27.121380891276001 1 
	-33.363879344369181 27.293454852117367 27.499309999999998 0.68211091687932002 
	-32.677694409464273 26.752398378838333 27.499309999999998 0.68211091687932002 
	-32.616924381071321 26.704481242265619 27.121380891276001 1 
	-32.616924381071321 26.704481242265619 26.853619108723993 1 
	-32.677694409464273 26.752398378838333 26.475689999999997 0.68211091687932002 
	-33.363879344369181 27.293454852117367 26.475689999999997 0.68211091687932002 
	-33.42464937276214 27.341371988690085 26.853619108723993 1 
	-33.42464937276214 27.341371988690085 26.987499999999997 1 
	-30.622169499277021 30.562508034458055 26.987499999999997 1 
	-30.622169499277021 30.562508034458055 27.121380891276001 1 
	-30.566349538539978 30.508905983618899 27.499309999999998 0.68211091687932002 
	-29.936058305377745 29.903658285955707 27.499309999999998 0.68211091687932002 
	-29.880238344626012 29.850056235116558 27.121380891276001 1 
	-29.880238344626012 29.850056235116558 26.853619108723993 1 
	-29.936058305377745 29.903658285955707 26.475689999999997 0.68211091687932002 
	-30.566349538539978 30.508905983618899 26.475689999999997 0.68211091687932002 
	-30.622169499277021 30.562508034458055 26.853619108723993 1 
	-30.622169499277021 30.562508034458055 26.987499999999997 1 
	-24.18182800620222 36.065481449798106 26.987499999999997 1 
	-24.18182800620222 36.065481449798106 27.121380891276001 1 
	-24.137590906598625 36.001982419178731 27.499309999999998 0.68211091687932002 
	-23.638087580562168 35.284982948498872 27.499309999999998 0.68211091687932002 
	-23.593850480973273 35.22148391787951 27.121380891276001 1 
	-23.593850480973273 35.22148391787951 26.853619108723993 1 
	-23.638087580562168 35.284982948498872 26.475689999999997 0.68211091687932002 
	-24.137590906598625 36.001982419178731 26.475689999999997 0.68211091687932002 
	-24.18182800620222 36.065481449798106 26.853619108723993 1 
	-24.18182800620222 36.065481449798106 26.987499999999997 1 
	-20.544720288805649 38.346570587970888 26.987499999999997 1 
	-20.544720288805649 38.346570587970888 27.121380891276001 1 
	-20.50687074139487 38.279069038477594 27.499309999999998 0.68211091687932002 
	-20.079492477623745 37.51687511549612 27.499309999999998 0.68211091687932002 
	-20.041642930220359 37.449373566017627 27.121380891276001 1 
	-20.041642930220359 37.449373566017627 26.853619108723993 1 
	-20.079492477623745 37.51687511549612 26.475689999999997 0.68211091687932002 
	-20.50687074139487 38.279069038477594 26.475689999999997 0.68211091687932002 
	-20.544720288805649 38.346570587970888 26.853619108723993 1 
	-20.544720288805649 38.346570587970888 26.987499999999997 1 
	-12.741092087897613 41.760995922368636 26.987499999999997 1 
	-12.741092087897613 41.760995922368636 27.121380891276001 1 
	-12.717200163137894 41.687387340344067 27.499309999999998 0.68211091687932002 
	-12.447424432001784 40.856235843282846 27.499309999999998 0.68211091687932002 
	-12.423532507234679 40.782627261243512 27.121380891276001 1 
	-12.423532507234679 40.782627261243512 26.853619108723993 1 
	-12.447424432001784 40.856235843282846 26.475689999999997 0.68211091687932002 
	-12.717200163137894 41.687387340344067 26.475689999999997 0.68211091687932002 
	-12.741092087897613 41.760995922368636 26.853619108723993 1 
	-12.741092087897613 41.760995922368636 26.987499999999997 1 
	-8.5755156364163696 42.893832711205604 26.987499999999997 1 
	-8.5755156364163696 42.893832711205604 27.121380891276001 1 
	-8.5588982622920824 42.818248917614639 27.499309999999998 0.68211091687932002 
	-8.3712631388024423 41.964794314001125 27.499309999999998 0.68211091687932002 
	-8.3546457646781551 41.889210520395316 27.121380891276001 1 
	-8.3546457646781551 41.889210520395316 26.853619108723993 1 
	-8.3712631388024423 41.964794314001125 26.475689999999997 0.68211091687932002 
	-8.5588982622939405 42.818248917614639 26.475689999999997 0.68211091687932002 
	-8.5755156364163696 42.893832711205604 26.853619108723993 1 
	-8.5755156364163696 42.893832711205604 26.987499999999997 1 
	-0.07022821004383073 43.900594827333954 26.987499999999997 1 
	-0.07022821004383073 43.900594827333954 27.121380891276001 1 
	-0.068740350410874229 43.823220198099087 27.499309999999998 0.68211091687932002 
	-0.051940179456338997 42.94954436929828 27.499309999999998 0.68211091687932002 
	-0.050452319823381629 42.872169740078299 27.121380891276001 1 
	-0.050452319823381629 42.872169740078299 26.853619108723993 1 
	-0.051940179456338997 42.94954436929828 26.475689999999997 0.68211091687932002 
	-0.068740350409017201 43.823220198099087 26.475689999999997 0.68211091687932002 
	-0.07022821004383073 43.900594827333954 26.853619108723993 1 
	-0.07022821004383073 43.900594827333954 26.987499999999997 1 
	4.2684286015177779 43.774315710549025 26.987499999999997 1 
	4.2684286015177779 43.774315710549025 27.121380891276001 1 
	4.2623818272308291 43.697163373828275 27.499309999999998 0.68211091687932002 
	4.1941046594728633 42.825997561428053 27.499309999999998 0.68211091687932002 
	4.1880578851859163 42.74884522470731 27.121380891276001 1 
	4.1880578851859163 42.74884522470731 26.853619108723993 1 
	4.1941046594728633 42.825997561428053 26.475689999999997 0.68211091687932002 
	4.2623818272308291 43.697163373828275 26.475689999999997 0.68211091687932002 
	4.2684286015177779 43.774315710549025 26.853619108723993 1 
	4.2684286015177779 43.774315710549025 26.987499999999997 1 
	12.745596250581585 42.259701663245544 26.987499999999997 1 
	12.745596250581585 42.259701663245544 27.121380891276001 1 
	12.7245519074937 42.185228969176038 27.499309999999998 0.68211091687932002 
	12.486929652377269 41.344320348827694 27.499309999999998 0.68211091687932002 
	12.465885309289385 41.269847654758195 27.121380891276001 1 
	12.465885309289385 41.269847654758195 26.853619108723993 1 
	12.486929652377269 41.344320348827694 26.475689999999997 0.68211091687932002 
	12.7245519074937 42.185228969176038 26.475689999999997 0.68211091687932002 
	12.745596250581585 42.259701663245544 26.853619108723993 1 
	12.745596250581585 42.259701663245544 26.987499999999997 1 
	16.883033241150713 40.871478232177502 26.987499999999997 1 
	16.883033241150713 40.871478232177502 27.121380891276001 1 
	16.854843497609579 40.799406153861398 27.499309999999998 0.68211091687932002 
	16.536538934493056 39.985604092756809 27.499309999999998 0.68211091687932002 
	16.508349190951929 39.91353201445574 27.121380891276001 1 
	16.508349190951929 39.91353201445574 26.853619108723993 1 
	16.536538934493056 39.985604092756809 26.475689999999997 0.68211091687932002 
	16.854843497609579 40.799406153861398 26.475689999999997 0.68211091687932002 
	16.883033241150713 40.871478232177502 26.853619108723993 1 
	16.883033241150713 40.871478232177502 26.987499999999997 1 
	24.596766951304719 36.939296343083306 26.987499999999997 1 
	24.596766951304719 36.939296343083306 27.121380891276001 1 
	24.555004027436802 36.874143413018565 27.499309999999998 0.68211091687932002 
	24.083437863079091 36.138468932169204 27.499309999999998 0.68211091687932002 
	24.041674939211177 36.07331600208947 27.121380891276001 1 
	24.041674939211177 36.07331600208947 26.853619108723993 1 
	24.083437863079091 36.138468932169204 26.475689999999997 0.68211091687932002 
	24.555004027436802 36.874143413018565 26.475689999999997 0.68211091687932002 
	24.596766951304719 36.939296343083306 26.853619108723993 1 
	24.596766951304719 36.939296343083306 26.987499999999997 1 
	28.172063276934814 34.395759051785646 26.987499999999997 1 
	28.172063276934814 34.395759051785646 27.121380891276001 1 
	28.124159948219798 34.334978160164191 27.499309999999998 0.68211091687932002 
	27.583259386440048 33.648670562996649 27.499309999999998 0.68211091687932002 
	27.535356057725036 33.587889671360102 27.121380891276001 1 
	27.535356057725036 33.587889671360102 26.853619108723993 1 
	27.583259386440048 33.648670562996649 26.475689999999997 0.68211091687932002 
	28.124159948219798 34.334978160164191 26.475689999999997 0.68211091687932002 
	28.172063276934814 34.395759051785646 26.853619108723993 1 
	28.172063276934814 34.395759051785646 26.987499999999997 1 
	34.445292009157789 28.360692297650662 26.987499999999997 1 
	34.445292009157789 28.360692297650662 27.121380891276001 1 
	34.386409559554792 28.310473747148375 27.499309999999998 0.68211091687932002 
	33.721538225450765 27.743430852520806 27.499309999999998 0.68211091687932002 
	33.662655775847782 27.693212302033629 27.121380891276001 1 
	33.662655775847782 27.693212302033629 26.853619108723993 1 
	33.721538225450765 27.743430852520806 26.475689999999997 0.68211091687932002 
	34.386409559554792 28.310473747148375 26.475689999999997 0.68211091687932002 
	34.445292009157789 28.360692297650662 26.853619108723993 1 
	34.445292009157789 28.360692297650662 26.987499999999997 1 
	37.142385222802254 24.869860389635082 26.987499999999997 1 
	37.142385222802254 24.869860389635082 27.121380891276001 1 
	37.078896508728434 24.825608514447058 27.499309999999998 0.68211091687932002 
	36.362013527233088 24.325938349756385 27.499309999999998 0.68211091687932002 
	36.298524813159283 24.281686474568357 27.121380891276001 1 
	36.298524813159283 24.281686474568357 26.853619108723993 1 
	36.362013527233088 24.325938349756385 26.475689999999997 0.68211091687932002 
	37.078896508728434 24.825608514447058 26.475689999999997 0.68211091687932002 
	37.142385222802254 24.869860389635082 26.853619108723993 1 
	37.142385222802254 24.869860389635082 26.987499999999997 1 
	41.415689662062462 17.232429007721191 26.987499999999997 1 
	41.415689662062462 17.232429007721191 27.121380891276001 1 
	41.344761992125044 17.201472410566591 27.499309999999998 0.68211091687932002 
	40.543882021100572 16.851925912594275 27.499309999999998 0.68211091687932002 
	40.472954351163168 16.820969315439683 27.121380891276001 1 
	40.472954351163168 16.820969315439683 26.853619108723993 1 
	40.543882021100572 16.851925912594275 26.475689999999997 0.68211091687932002 
	41.344761992125044 17.201472410566591 26.475689999999997 0.68211091687932002 
	41.415689662062462 17.232429007721191 26.853619108723993 1 
	41.415689662062462 17.232429007721191 26.987499999999997 1 
	42.991297561193356 13.086745803814427 26.987499999999997 1 
	42.991297561193356 13.086745803814427 27.121380891276001 1 
	42.917694697675003 13.062836321472927 27.499309999999998 0.68211091687932002 
	42.086607771312053 12.79286233890077 27.499309999999998 0.68211091687932002 
	42.013004907778452 12.768952856555456 27.121380891276001 1 
	42.013004907778452 12.768952856555456 26.853619108723993 1 
	42.086607771312053 12.79286233890077 26.475689999999997 0.68211091687932002 
	42.917694697675003 13.062836321472927 26.475689999999997 0.68211091687932002 
	42.991297561193356 13.086745803814427 26.853619108723993 1 
	42.991297561193356 13.086745803814427 26.987499999999997 1 
	44.872738104346752 4.491857665184023 26.987499999999997 1 
	44.872738104346752 4.491857665184023 27.121380891276001 1 
	44.79587746548826 4.4828306471762156 27.499309999999998 0.68211091687932002 
	43.928005360228482 4.3809020496904125 27.499309999999998 0.68211091687932002 
	43.851144721385275 4.3718750316864234 27.121380891276001 1 
	43.851144721385275 4.3718750316864234 26.853619108723993 1 
	43.928005360228482 4.3809020496904125 26.475689999999997 0.68211091687932002 
	44.79587746548826 4.4828306471762156 26.475689999999997 0.68211091687932002 
	44.872738104346752 4.491857665184023 26.853619108723993 1 
	44.872738104346752 4.491857665184023 26.987499999999997 1 
	45.178258234382561 0.04371040863656965 26.987499999999997 1 
	45.178258234382561 0.04371040863656965 27.121380891276001 1 
	45.100883987122735 0.04220365005508115 27.499309999999998 0.68211091687932002 
	44.227212471291566 0.025190081590107521 27.499309999999998 0.68211091687932002 
	44.149838224001051 0.023683323010535891 27.121380891276001 1 
	44.149838224001051 0.023683323010535891 26.853619108723993 1 
	44.227212471291566 0.025190081590107521 26.475689999999997 0.68211091687932002 
	45.100883987122735 0.04220365005508115 26.475689999999997 0.68211091687932002 
	45.178258234382561 0.04371040863656965 26.853619108723993 1 
	45.178258234382561 0.04371040863656965 26.987499999999997 1 
	44.479189013018932 -8.7737737417885651 26.987499999999997 1 
	44.479189013018932 -8.7737737417885651 27.121380891276001 1 
	44.403018864799293 -8.7600933551689888 27.499309999999998 0.68211091687932002 
	43.542943436460902 -8.6056212337911226 27.499309999999998 0.68211091687932002 
	43.466773288271959 -8.5919408471734631 27.121380891276001 1 
	43.466773288271959 -8.5919408471734631 26.853619108723993 1 
	43.542943436460902 -8.6056212337911226 26.475689999999997 0.68211091687932002 
	44.403018864799293 -8.7600933551689888 26.475689999999997 0.68211091687932002 
	44.479189013018932 -8.7737737417885651 26.853619108723993 1 
	44.479189013018932 -8.7737737417885651 26.987499999999997 1 
	43.474608197756346 -13.142001970696047 26.987499999999997 1 
	43.474608197756346 -13.142001970696047 27.121380891276001 1 
	43.400130264091729 -13.120976237320308 27.499309999999998 0.68211091687932002 
	42.55916248105548 -12.883564113796277 27.499309999999998 0.68211091687932002 
	42.484684547390877 -12.862538380412829 27.121380891276001 1 
	42.484684547390877 -12.862538380412829 26.853619108723993 1 
	42.55916248105548 -12.883564113796277 26.475689999999997 0.68211091687932002 
	43.400130264091729 -13.120976237320308 26.475689999999997 0.68211091687932002 
	43.474608197756346 -13.142001970696047 26.853619108723993 1 
	43.474608197756346 -13.142001970696047 26.987499999999997 1 
	40.228215412141658 -21.420095621067205 26.987499999999997 1 
	40.228215412141658 -21.420095621067205 27.121380891276001 1 
	40.15929964452846 -21.384886800682654 27.499309999999998 0.68211091687932002 
	39.381137073589727 -20.9873263129682 27.499309999999998 0.68211091687932002 
	39.312221305976557 -20.952117492591373 27.121380891276001 1 
	39.312221305976557 -20.952117492591373 26.853619108723993 1 
	39.381137073589727 -20.9873263129682 26.475689999999997 0.68211091687932002 
	40.15929964452846 -21.384886800682654 26.475689999999997 0.68211091687932002 
	40.228215412141658 -21.420095621067205 26.853619108723993 1 
	40.228215412141658 -21.420095621067205 26.987499999999997 1 
	37.986735667504121 -25.328897196760263 26.987499999999997 1 
	37.986735667504121 -25.328897196760263 27.121380891276001 1 
	37.921572091017381 -25.287150915828313 27.499309999999998 0.68211091687932002 
	37.185777396172476 -24.815772675087079 27.499309999999998 0.68211091687932002 
	37.120613819670233 -24.77402639414737 27.121380891276001 1 
	37.120613819670233 -24.77402639414737 26.853619108723993 1 
	37.185777396172476 -24.815772675087079 26.475689999999997 0.68211091687932002 
	37.921572091017381 -25.287150915828313 26.475689999999997 0.68211091687932002 
	37.986735667504121 -25.328897196760263 26.853619108723993 1 
	37.986735667504121 -25.328897196760263 26.987499999999997 1 
	32.447506314592843 -32.344336388981318 26.987499999999997 1 
	32.447506314592843 -32.344336388981318 27.121380891276001 1 
	32.391783616842829 -32.290633273351965 27.499309999999998 0.68211091687932002 
	31.762590629163956 -31.684244402540536 27.499309999999998 0.68211091687932002 
	31.706867931429446 -31.630541286918938 27.121380891276001 1 
	31.706867931429446 -31.630541286918938 26.853619108723993 1 
	31.762590629163956 -31.684244402540536 26.475689999999997 0.68211091687932002 
	32.391783616842829 -32.290633273351965 26.475689999999997 0.68211091687932002 
	32.447506314592843 -32.344336388981318 26.853619108723993 1 
	32.447506314592843 -32.344336388981318 26.987499999999997 1 
	29.150387144118284 -35.450047890443052 26.987499999999997 1 
	29.150387144118284 -35.450047890443052 27.121380891276001 1 
	29.10015325590026 -35.391178545583699 27.499309999999998 0.68211091687932002 
	28.53293717533764 -34.726455183762766 27.499309999999998 0.68211091687932002 
	28.48270328711962 -34.667585838887831 27.121380891276001 1 
	28.48270328711962 -34.667585838887831 26.853619108723993 1 
	28.53293717533764 -34.726455183762766 26.475689999999997 0.68211091687932002 
	29.10015325590026 -35.391178545583699 26.475689999999997 0.68211091687932002 
	29.150387144118284 -35.450047890443052 26.853619108723993 1 
	29.150387144118284 -35.450047890443052 26.987499999999997 1 
	21.774353516500774 -40.58147043069556 26.987499999999997 1 
	21.774353516500774 -40.58147043069556 27.121380891276001 1 
	21.736625634537216 -40.513900835392917 27.499309999999998 0.68211091687932002 
	21.310621156447379 -39.750938572835601 27.499309999999998 0.68211091687932002 
	21.272893274483831 -39.683368977548561 27.121380891276001 1 
	21.272893274483831 -39.683368977548561 26.853619108723993 1 
	21.310621156447379 -39.750938572835601 26.475689999999997 0.68211091687932002 
	21.736625634537216 -40.513900835392917 26.475689999999997 0.68211091687932002 
	21.774353516500774 -40.58147043069556 26.853619108723993 1 
	21.774353516500774 -40.58147043069556 26.987499999999997 1 
	17.696316039406245 -42.606474989266822 26.987499999999997 1 
	17.696316039406245 -42.606474989266822 27.121380891276001 1 
	17.665340583930998 -42.535555569714298 27.499309999999998 0.68211091687932002 
	17.315581147262169 -41.734768757865453 27.499309999999998 0.68211091687932002 
	17.284605691790848 -41.663849338312943 27.121380891276001 1 
	17.284605691790848 -41.663849338312943 26.853619108723993 1 
	17.315581147262169 -41.734768757865453 26.475689999999997 0.68211091687932002 
	17.665340583930998 -42.535555569714298 26.475689999999997 0.68211091687932002 
	17.696316039406245 -42.606474989266822 26.853619108723993 1 
	17.696316039406245 -42.606474989266822 26.987499999999997 1 
	9.103591244799718 -45.389412761199949 26.987499999999997 1 
	9.103591244799718 -45.389412761199949 27.121380891276001 1 
	9.0871092226816721 -45.313799363870885 27.499309999999998 0.68211091687932002 
	8.9010024266662349 -44.460010489673628 27.499309999999998 0.68211091687932002 
	8.8845204045442756 -44.384397092344592 27.121380891276001 1 
	8.8845204045442756 -44.384397092344592 26.853619108723993 1 
	8.9010024266662349 -44.460010489673628 26.475689999999997 0.68211091687932002 
	9.0871092226816721 -45.313799363870885 26.475689999999997 0.68211091687932002 
	9.103591244799718 -45.389412761199949 26.853619108723993 1 
	9.103591244799718 -45.389412761199949 26.987499999999997 1 
	4.5899538113678524 -46.146922787546927 26.987499999999997 1 
	4.5899538113678524 -46.146922787546927 27.121380891276001 1 
	4.5809059507118217 -46.070064614552855 27.499309999999998 0.68211091687932002 
	4.4787420083902658 -45.202220352599468 27.499309999999998 0.68211091687932002 
	4.4696941477343595 -45.125362179589658 27.121380891276001 1 
	4.4696941477343595 -45.125362179589658 26.853619108723993 1 
	4.4787420083902658 -45.202220352599468 26.475689999999997 0.68211091687932002 
	4.5809059507118217 -46.070064614552855 26.475689999999997 0.68211091687932002 
	4.5899538113678524 -46.146922787546927 26.853619108723993 1 
	4.5899538113678524 -46.146922787546927 26.987499999999997 1 
	-4.48737103699934 -46.315743722780461 26.987499999999997 1 
	-4.48737103699934 -46.315743722780461 27.121380891276001 1 
	-4.481186980034078 -46.238602294375106 27.499309999999998 0.68211091687932002 
	-4.4113596845961052 -45.367559653319972 27.499309999999998 0.68211091687932002 
	-4.4051756276309684 -45.29041822493037 27.121380891276001 1 
	-4.4051756276309684 -45.29041822493037 26.853619108723993 1 
	-4.4113596845961052 -45.367559653319972 26.475689999999997 0.68211091687932002 
	-4.481186980034078 -46.238602294375106 26.475689999999997 0.68211091687932002 
	-4.48737103699934 -46.315743722780461 26.853619108723993 1 
	-4.48737103699934 -46.315743722780461 26.987499999999997 1 
	-9.049925091386017 -45.72695442565567 26.987499999999997 1 
	-9.049925091386017 -45.72695442565567 27.121380891276001 1 
	-9.0362657567354407 -45.650780514435759 27.499309999999998 0.68211091687932002 
	-8.8820313437639395 -44.790662596231115 27.499309999999998 0.68211091687932002 
	-8.8683720091173228 -44.714488685027035 27.121380891276001 1 
	-8.8683720091173228 -44.714488685027035 26.853619108723993 1 
	-8.8820313437639395 -44.790662596231115 26.475689999999997 0.68211091687932002 
	-9.0362657567354407 -45.650780514435759 26.475689999999997 0.68211091687932002 
	-9.049925091386017 -45.72695442565567 26.853619108723993 1 
	-9.049925091386017 -45.72695442565567 26.987499999999997 1 
	-17.830146988648327 -43.239974848730398 26.987499999999997 1 
	-17.830146988648327 -43.239974848730398 27.121380891276001 1 
	-17.801829811153397 -43.167952771371446 27.499309999999998 0.68211091687932002 
	-17.482086327166101 -42.35471529594907 27.499309999999998 0.68211091687932002 
	-17.453769149667217 -42.282693218574302 27.121380891276001 1 
	-17.453769149667217 -42.282693218574302 26.853619108723993 1 
	-17.482086327166101 -42.35471529594907 26.475689999999997 0.68211091687932002 
	-17.801829811153397 -43.167952771371446 26.475689999999997 0.68211091687932002 
	-17.830146988648327 -43.239974848730398 26.853619108723993 1 
	-17.830146988648327 -43.239974848730398 26.987499999999997 1 
	-22.046695594929528 -41.342019363876837 26.987499999999997 1 
	-22.046695594929528 -41.342019363876837 27.121380891276001 1 
	-22.011506175328723 -41.273093704205827 27.499309999999998 0.68211091687932002 
	-21.614164751637833 -40.494819437429214 27.499309999999998 0.68211091687932002 
	-21.578975332029078 -40.425893777758233 27.121380891276001 1 
	-21.578975332029078 -40.425893777758233 26.853619108723993 1 
	-21.614164751637833 -40.494819437429214 26.475689999999997 0.68211091687932002 
	-22.011506175328723 -41.273093704205827 26.475689999999997 0.68211091687932002 
	-22.046695594929528 -41.342019363876837 26.853619108723993 1 
	-22.046695594929528 -41.342019363876837 26.987499999999997 1 
	-29.765816788967335 -36.387431465592101 26.987499999999997 1 
	-29.765816788967335 -36.387431465592101 27.121380891276001 1 
	-29.71780667161665 -36.326734921710518 27.499309999999998 0.68211091687932002 
	-29.175700305660069 -35.641379737187165 27.499309999999998 0.68211091687932002 
	-29.127690188317352 -35.580683193305603 27.121380891276001 1 
	-29.127690188317352 -35.580683193305603 26.853619108723993 1 
	-29.175700305660069 -35.641379737187165 26.475689999999997 0.68211091687932002 
	-29.71780667161665 -36.326734921710518 26.475689999999997 0.68211091687932002 
	-29.765816788967335 -36.387431465592101 26.853619108723993 1 
	-29.765816788967335 -36.387431465592101 26.987499999999997 1 
	-33.267381632350215 -33.331351872955551 26.987499999999997 1 
	-33.267381632350215 -33.331351872955551 27.121380891276001 1 
	-33.213694486661645 -33.27561380836881 27.499309999999998 0.68211091687932002 
	-32.607485940435311 -32.646247305871363 27.499309999999998 0.68211091687932002 
	-32.553798794746754 -32.590509241284629 27.121380891276001 1 
	-32.553798794746754 -32.590509241284629 26.853619108723993 1 
	-32.607485940435311 -32.646247305871363 26.475689999999997 0.68211091687932002 
	-33.213694486661645 -33.27561380836881 26.475689999999997 0.68211091687932002 
	-33.267381632350215 -33.331351872955551 26.853619108723993 1 
	-33.267381632350215 -33.331351872955551 26.987499999999997 1 
	-39.245580714538988 -26.313254520470839 26.987499999999997 1 
	-39.245580714538988 -26.313254520470839 27.121380891276001 1 
	-39.182014760466018 -26.269113712421404 27.499309999999998 0.68211091687932002 
	-38.464259623282189 -25.770697662652129 27.499309999999998 0.68211091687932002 
	-38.40069366920924 -25.726556854602702 27.121380891276001 1 
	-38.40069366920924 -25.726556854602702 26.853619108723993 1 
	-38.464259623282189 -25.770697662652129 26.475689999999997 0.68211091687932002 
	-39.182014760466018 -26.269113712421404 26.475689999999997 0.68211091687932002 
	-39.245580714538988 -26.313254520470839 26.853619108723993 1 
	-39.245580714538988 -26.313254520470839 26.987499999999997 1 
	-41.721407367823453 -22.352062819642782 26.987499999999997 1 
	-41.721407367823453 -22.352062819642782 27.121380891276001 1 
	-41.653848777198043 -22.314315264270547 27.499309999999998 0.68211091687932002 
	-40.891010773850269 -21.888088643807507 27.499309999999998 0.68211091687932002 
	-40.823452183224852 -21.850341088435282 27.121380891276001 1 
	-40.823452183224852 -21.850341088435282 26.853619108723993 1 
	-40.891010773850269 -21.888088643807507 26.475689999999997 0.68211091687932002 
	-41.653848777198043 -22.314315264270547 26.475689999999997 0.68211091687932002 
	-41.721407367823453 -22.352062819642782 26.853619108723993 1 
	-41.721407367823453 -22.352062819642782 26.987499999999997 1 
	-45.422881638211749 -13.857606003360564 26.987499999999997 1 
	-45.422881638211749 -13.857606003360564 27.121380891276001 1 
	-45.349237355068219 -13.833824483961962 27.499309999999998 0.68211091687932002 
	-44.517682739001764 -13.565295395313047 27.499309999999998 0.68211091687932002 
	-44.444038455858241 -13.54151387591445 27.121380891276001 1 
	-44.444038455858241 -13.54151387591445 26.853619108723993 1 
	-44.517682739001764 -13.565295395313047 26.475689999999997 0.68211091687932002 
	-45.349237355068219 -13.833824483961962 26.475689999999997 0.68211091687932002 
	-45.422881638211749 -13.857606003360564 26.853619108723993 1 
	-45.422881638211749 -13.857606003360564 26.987499999999997 1 
	-46.647993995650317 -9.3253711992296768 26.987499999999997 1 
	-46.647993995650317 -9.3253711992296768 27.121380891276001 1 
	-46.572385495735034 -9.3088667907082439 27.499309999999998 0.68211091687932002 
	-45.718651920640568 -9.1225072186157323 27.499309999999998 0.68211091687932002 
	-45.643043420725306 -9.1060028100922832 27.121380891276001 1 
	-45.643043420725306 -9.1060028100922832 26.853619108723993 1 
	-45.718651920640568 -9.1225072186157323 26.475689999999997 0.68211091687932002 
	-46.572385495735034 -9.3088667907082439 26.475689999999997 0.68211091687932002 
	-46.647993995650317 -9.3253711992296768 26.853619108723993 1 
	-46.647993995650317 -9.3253711992296768 26.987499999999997 1 
	-47.728907855227284 -0.075676097993151142 26.987499999999997 1 
	-47.728907855227284 -0.075676097993151142 27.121380891276001 1 
	-47.651531143752592 -0.074303043083435633 27.499309999999998 0.68211091687932002 
	-46.777831803290361 -0.05879918996614264 27.499309999999998 0.68211091687932002 
	-46.700455091815677 -0.057426135058446376 27.121380891276001 1 
	-46.700455091815677 -0.057426135058446376 26.853619108723993 1 
	-46.777831803290361 -0.05879918996614264 26.475689999999997 0.68211091687932002 
	-47.651531143752592 -0.074303043083435633 26.475689999999997 0.68211091687932002 
	-47.728907855227284 -0.075676097993151142 26.853619108723993 1 
	-47.728907855227284 -0.075676097993151142 26.987499999999997 1 
	-47.584495650497388 4.6406370642987769 26.987499999999997 1 
	-47.584495650497388 4.6406370642987769 27.121380891276001 1 
	-47.507352378633357 4.634476218149965 27.499309999999998 0.68211091687932002 
	-46.636288921956869 4.564911007687642 27.499309999999998 0.68211091687932002 
	-46.559145650076601 4.5587501615347685 27.121380891276001 1 
	-46.559145650076601 4.5587501615347685 26.853619108723993 1 
	-46.636288921956869 4.564911007687642 26.475689999999997 0.68211091687932002 
	-47.507352378633357 4.634476218149965 26.475689999999997 0.68211091687932002 
	-47.584495650497388 4.6406370642987769 26.853619108723993 1 
	-47.584495650497388 4.6406370642987769 26.987499999999997 1 
	-45.924750255860573 13.851683558595409 26.987499999999997 1 
	-45.924750255860573 13.851683558595409 27.121380891276001 1 
	-45.850308579987846 13.830529899030072 27.499309999999998 0.68211091687932002 
	-45.009750201819486 13.591673296598859 27.499309999999998 0.68211091687932002 
	-44.935308525963002 13.570519637037579 27.121380891276001 1 
	-44.935308525963002 13.570519637037579 26.853619108723993 1 
	-45.009750201819486 13.591673296598859 26.475689999999997 0.68211091687932002 
	-45.850308579987846 13.830529899030072 26.475689999999997 0.68211091687932002 
	-45.924750255860573 13.851683558595409 26.853619108723993 1 
	-45.924750255860573 13.851683558595409 26.987499999999997 1 
	-44.409546689549792 18.345251386638999 26.987499999999997 1 
	-44.409546689549792 18.345251386638999 27.121380891276001 1 
	-44.337515975683381 18.316956221956882 27.499309999999998 0.68211091687932002 
	-43.524180981060546 17.997461295722445 27.499309999999998 0.68211091687932002 
	-43.452150267194156 17.969166131040332 27.121380891276001 1 
	-43.452150267194156 17.969166131040332 26.853619108723993 1 
	-43.524180981060546 17.997461295722445 26.475689999999997 0.68211091687932002 
	-44.337515975683381 18.316956221956882 26.475689999999997 0.68211091687932002 
	-44.409546689549792 18.345251386638999 26.853619108723993 1 
	-44.409546689549792 18.345251386638999 26.987499999999997 1 
	-40.12544897662557 26.719133959010563 26.987499999999997 1 
	-40.12544897662557 26.719133959010563 27.121380891276001 1 
	-40.060356836422677 26.677276422428537 27.499309999999998 0.68211091687932002 
	-39.325368764768321 26.204641938389525 27.499309999999998 0.68211091687932002 
	-39.260276624565428 26.162784401807507 27.121380891276001 1 
	-39.260276624565428 26.162784401807507 26.853619108723993 1 
	-39.325368764768321 26.204641938389525 26.475689999999997 0.68211091687932002 
	-40.060356836422677 26.677276422428537 26.475689999999997 0.68211091687932002 
	-40.12544897662557 26.719133959010563 26.853619108723993 1 
	-40.12544897662557 26.719133959010563 26.987499999999997 1 
	-37.35701994687107 30.598365860317827 26.987499999999997 1 
	-37.35701994687107 30.598365860317827 27.121380891276001 1 
	-37.296308525132261 30.550374579578367 27.499309999999998 0.68211091687932002 
	-36.610785347482199 30.008480907166923 27.499309999999998 0.68211091687932002 
	-36.550073925759797 29.960489626427474 27.121380891276001 1 
	-36.550073925759797 29.960489626427474 26.853619108723993 1 
	-36.610785347482199 30.008480907166923 26.475689999999997 0.68211091687932002 
	-37.296308525132261 30.550374579578367 26.475689999999997 0.68211091687932002 
	-37.35701994687107 30.598365860317827 26.853619108723993 1 
	-37.35701994687107 30.598365860317827 26.987499999999997 1 
	-30.793559646556282 37.401161894897108 26.987499999999997 1 
	-30.793559646556282 37.401161894897108 27.121380891276001 1 
	-30.743425859789781 37.34220730917049 27.499309999999998 0.68211091687932002 
	-30.177340074951896 36.676521449954301 27.499309999999998 0.68211091687932002 
	-30.127206288168999 36.617566864227683 27.121380891276001 1 
	-30.127206288168999 36.617566864227683 26.853619108723993 1 
	-30.177340074951896 36.676521449954301 26.475689999999997 0.68211091687932002 
	-30.743425859789781 37.34220730917049 26.475689999999997 0.68211091687932002 
	-30.793559646556282 37.401161894897108 26.853619108723993 1 
	-30.793559646556282 37.401161894897108 26.987499999999997 1 
	-26.999291922426494 40.323820694663993 26.987499999999997 1 
	-26.999291922426494 40.323820694663993 27.121380891276001 1 
	-26.955131119035478 40.260268646098964 27.499309999999998 0.68211091687932002 
	-26.456489291853366 39.542670523157717 27.499309999999998 0.68211091687932002 
	-26.412328488478831 39.479118474576218 27.121380891276001 1 
	-26.412328488478831 39.479118474576218 26.853619108723993 1 
	-26.456489291853366 39.542670523157717 26.475689999999997 0.68211091687932002 
	-26.955131119035478 40.260268646098964 26.475689999999997 0.68211091687932002 
	-26.999291922426494 40.323820694663993 26.853619108723993 1 
	-26.999291922426494 40.323820694663993 26.987499999999997 1 
	-18.702494169590132 44.950504896147415 26.987499999999997 1 
	-18.702494169590132 44.950504896147415 27.121380891276001 1 
	-18.671638587278373 44.879533264719448 27.499309999999998 0.68211091687932002 
	-18.323232698595081 44.078156902281378 27.499309999999998 0.68211091687932002 
	-18.292377116266856 44.007185270869883 27.121380891276001 1 
	-18.292377116266856 44.007185270869883 26.853619108723993 1 
	-18.323232698595081 44.078156902281378 26.475689999999997 0.68211091687932002 
	-18.671638587278373 44.879533264719448 26.475689999999997 0.68211091687932002 
	-18.702494169590132 44.950504896147415 26.853619108723993 1 
	-18.702494169590132 44.950504896147415 26.987499999999997 1 
	-14.200962760574736 46.653882834976642 26.987499999999997 1 
	-14.200962760574736 46.653882834976642 27.121380891276001 1 
	-14.177157739861295 46.580246158645501 27.499309999999998 0.68211091687932002 
	-13.908363286057156 45.748777434845209 27.499309999999998 0.68211091687932002 
	-13.884558265347859 45.675140758530652 27.121380891276001 1 
	-13.884558265347859 45.675140758530652 26.853619108723993 1 
	-13.908363286057156 45.748777434845209 26.475689999999997 0.68211091687932002 
	-14.177157739861295 46.580246158645501 26.475689999999997 0.68211091687932002 
	-14.200962760574736 46.653882834976642 26.853619108723993 1 
	-14.200962760574736 46.653882834976642 26.987499999999997 1 
	-4.8725196153435295 48.682082772261722 26.987499999999997 1 
	-4.8725196153435295 48.682082772261722 27.121380891276001 1 
	-4.8636009124440998 48.605209526940918 27.499309999999998 0.68211091687932002 
	-4.7628953552677196 47.737195075751949 27.499309999999998 0.68211091687932002 
	-4.7539766523641491 47.660321830414581 27.121380891276001 1 
	-4.7539766523641491 47.660321830414581 26.853619108723993 1 
	-4.7628953552677196 47.737195075751949 26.475689999999997 0.68211091687932002 
	-4.8636009124440998 48.605209526940918 26.475689999999997 0.68211091687932002 
	-4.8725196153435295 48.682082772261722 26.853619108723993 1 
	-4.8725196153435295 48.682082772261722 26.987499999999997 1 
	-0.046757173191722817 49.006573925656426 26.987499999999997 1 
	-0.046757173191722817 49.006573925656426 27.121380891276001 1 
	-0.045359079427828047 48.92919767521991 27.499309999999998 0.68211091687932002 
	-0.029572500007982339 48.055503540663814 27.499309999999998 0.68211091687932002 
	-0.028174406239926848 47.97812729024394 27.121380891276001 1 
	-0.028174406239926848 47.97812729024394 26.853619108723993 1 
	-0.029572500007982339 48.055503540663814 26.475689999999997 0.68211091687932002 
	-0.045359079427828047 48.92919767521991 26.475689999999997 0.68211091687932002 
	-0.046757173191722817 49.006573925656426 26.853619108723993 1 
	-0.046757173191722817 49.006573925656426 26.987499999999997 1 
	9.5152973548710236 48.235004909751034 26.987499999999997 1 
	9.5152973548710236 48.235004909751034 27.121380891276001 1 
	9.5015107448249179 48.158853953259616 27.499309999999998 0.68211091687932002 
	9.3458392013201905 47.29899522822096 27.499309999999998 0.68211091687932002 
	9.3320525912699264 47.222844271712923 27.121380891276001 1 
	9.3320525912699264 47.222844271712923 26.853619108723993 1 
	9.3458392013201905 47.29899522822096 26.475689999999997 0.68211091687932002 
	9.5015107448249179 48.158853953259616 26.475689999999997 0.68211091687932002 
	9.5152973548710236 48.235004909751034 26.853619108723993 1 
	9.5152973548710236 48.235004909751034 26.987499999999997 1 
	14.250387783679788 47.138962329631646 26.987499999999997 1 
	14.250387783679788 47.138962329631646 27.121380891276001 1 
	14.229258541567582 47.064513732513028 27.499309999999998 0.68211091687932002 
	13.990677648981583 46.223877202936173 27.499309999999998 0.68211091687932002 
	13.969548406877751 46.149428605800836 27.121380891276001 1 
	13.969548406877751 46.149428605800836 26.853619108723993 1 
	13.990677648981583 46.223877202936173 26.475689999999997 0.68211091687932002 
	14.229258541567582 47.064513732513028 26.475689999999997 0.68211091687932002 
	14.250387783679788 47.138962329631646 26.853619108723993 1 
	14.250387783679788 47.138962329631646 26.987499999999997 1 
	23.219945281722989 43.6070541946955 26.987499999999997 1 
	23.219945281722989 43.6070541946955 27.121380891276001 1 
	23.184641354039652 43.53818714036742 27.499309999999998 0.68211091687932002 
	22.786006961904313 42.760574615841747 27.499309999999998 0.68211091687932002 
	22.750703034212624 42.691707561530414 27.121380891276001 1 
	22.750703034212624 42.691707561530414 26.853619108723993 1 
	22.786006961904313 42.760574615841747 26.475689999999997 0.68211091687932002 
	23.184641354039652 43.53818714036742 26.475689999999997 0.68211091687932002 
	23.219945281722989 43.6070541946955 26.853619108723993 1 
	23.219945281722989 43.6070541946955 26.987499999999997 1 
	27.453262145281638 41.171556522748901 26.987499999999997 1 
	27.453262145281638 41.171556522748901 27.121380891276001 1 
	27.411426243192139 41.106450490191783 27.499309999999998 0.68211091687932002 
	26.939036044962339 40.371305552949316 27.499309999999998 0.68211091687932002 
	26.897200142864438 40.306199520409002 27.121380891276001 1 
	26.897200142864438 40.306199520409002 26.853619108723993 1 
	26.939036044962339 40.371305552949316 26.475689999999997 0.68211091687932002 
	27.411426243192139 41.106450490191783 26.475689999999997 0.68211091687932002 
	27.453262145281638 41.171556522748901 26.853619108723993 1 
	27.453262145281638 41.171556522748901 26.987499999999997 1 
	35.047510252998904 35.158384655663191 26.987499999999997 1 
	35.047510252998904 35.158384655663191 27.121380891276001 1 
	34.993731042062208 35.102735445005976 27.499309999999998 0.68211091687932002 
	34.386482940841518 34.474372236858088 27.499309999999998 0.68211091687932002 
	34.332703729913234 34.418723026184075 27.121380891276001 1 
	34.332703729913234 34.418723026184075 26.853619108723993 1 
	34.386482940841518 34.474372236858088 26.475689999999997 0.68211091687932002 
	34.993731042062208 35.102735445005976 26.475689999999997 0.68211091687932002 
	35.047510252998904 35.158384655663191 26.853619108723993 1 
	35.047510252998904 35.158384655663191 26.987499999999997 1 
	38.407443091584625 31.581400089169229 26.987499999999997 1 
	38.407443091584625 31.581400089169229 27.121380891276001 1 
	38.348505385933706 31.531246477849489 27.499309999999998 0.68211091687932002 
	37.68301012789297 30.96493684420442 27.499309999999998 0.68211091687932002 
	37.624072422225169 30.914783232893122 27.121380891276001 1 
	37.624072422225169 30.914783232893122 26.853619108723993 1 
	37.68301012789297 30.96493684420442 26.475689999999997 0.68211091687932002 
	38.348505385933706 31.531246477849489 26.475689999999997 0.68211091687932002 
	38.407443091584625 31.581400089169229 26.853619108723993 1 
	38.407443091584625 31.581400089169229 26.987499999999997 1 
	43.95517297997732 23.583812393615897 26.987499999999997 1 
	43.95517297997732 23.583812393615897 27.121380891276001 1 
	43.887552418814579 23.546176007191679 27.499309999999998 0.68211091687932002 
	43.124014675276626 23.121204651114262 27.499309999999998 0.68211091687932002 
	43.056394114130775 23.08356826468161 27.121380891276001 1 
	43.056394114130775 23.08356826468161 26.853619108723993 1 
	43.124014675276626 23.121204651114262 26.475689999999997 0.68211091687932002 
	43.887552418814579 23.546176007191679 26.475689999999997 0.68211091687932002 
	43.95517297997732 23.583812393615897 26.853619108723993 1 
	43.95517297997732 23.583812393615897 26.987499999999997 1 
	46.142211554079736 19.164163871713672 26.987499999999997 1 
	46.142211554079736 19.164163871713672 27.121380891276001 1 
	46.071250447392885 19.133284122432389 27.499309999999998 0.68211091687932002 
	45.269992925075982 18.784605352464173 27.499309999999998 0.68211091687932002 
	45.199031818406105 18.75372560319137 27.121380891276001 1 
	45.199031818406105 18.75372560319137 26.853619108723993 1 
	45.269992925075982 18.784605352464173 26.475689999999997 0.68211091687932002 
	46.071250447392885 19.133284122432389 26.475689999999997 0.68211091687932002 
	46.142211554079736 19.164163871713672 26.853619108723993 1 
	46.142211554079736 19.164163871713672 26.987499999999997 1 
	49.143102997534498 9.8558012745114318 26.987499999999997 1 
	49.143102997534498 9.8558012745114318 27.121380891276001 1 
	49.067467617276684 9.839420589831029 27.499309999999998 0.68211091687932002 
	48.213430522863028 9.6544580457979627 27.499309999999998 0.68211091687932002 
	48.137795142588246 9.6380773611090813 27.121380891276001 1 
	48.137795142588246 9.6380773611090813 26.853619108723993 1 
	48.213430522863028 9.6544580457979627 26.475689999999997 0.68211091687932002 
	49.067467617276684 9.839420589831029 26.475689999999997 0.68211091687932002 
	49.143102997534498 9.8558012745114318 26.853619108723993 1 
	49.143102997534498 9.8558012745114318 26.987499999999997 1 
	49.956505454264708 4.9682264736046235 26.987499999999997 1 
	49.956505454264708 4.9682264736046235 27.121380891276001 1 
	49.879635277006393 4.9592825746516302 27.499309999999998 0.68211091687932002 
	49.011655469968545 4.8582925161963431 27.499309999999998 0.68211091687932002 
	48.934785292761219 4.8493486172497144 27.121380891276001 1 
	48.934785292761219 4.8493486172497144 26.853619108723993 1 
	49.011655469968545 4.8582925161963431 26.475689999999997 0.68211091687932002 
	49.879635277006393 4.9592825746516302 26.475689999999997 0.68211091687932002 
	49.956505454264708 4.9682264736046235 26.853619108723993 1 
	49.956505454264708 4.9682264736046235 26.987499999999997 1 
	50.041330910337628 0.055518391927280135 26.987499999999997 1 
	50.041330910337628 0.055518391927280135 27.121380891276001 1 
	49.964329271810854 0.054188987968836234 27.499309999999998 0.68211091687932002 
	49.094865068477702 0.03917801968619701 27.499309999999998 0.68211091687932002 
	49.017863429950943 0.037848615727752902 27.121380891276001 1 
	49.017863429950943 0.037848615727752902 26.853619108723993 1 
	49.094865068477702 0.03917801968619701 26.475689999999997 0.68211091687932002 
	49.964329271810854 0.054188987968836234 26.475689999999997 0.68211091687932002 
	50.041330910337628 0.055518391927280135 26.853619108723993 1 
	50.041330910337628 0.055518391927280135 26.987499999999997 1 
	0 
	0 
	0 
	2 0 0.5 
	0 
	127 0.0078125 0.015625 0.0234375 0.03125 0.0390625 0.046875 0.0546875 0.0625 0.0703125 0.078125 0.0859375 0.09375 0.1015625 0.109375 0.1171875 0.125 0.1328125 0.140625 0.1484375 0.15625 0.1640625 0.171875 0.1796875 0.1875 0.1953125 0.203125 0.2109375 0.21875 0.2265625 0.234375 0.2421875 0.25 0.2578125 0.265625 0.2734375 0.28125 0.2890625 0.296875 0.3046875 0.3125 0.3203125 0.328125 0.3359375 0.34375 0.3515625 0.359375 0.3671875 0.375 0.3828125 0.390625 0.3984375 0.40625 0.4140625 0.421875 0.4296875 0.4375 0.4453125 0.453125 0.4609375 0.46875 0.4765625 0.484375 0.4921875 0.5 0.5078125 0.515625 0.5234375 0.53125 0.5390625 0.546875 0.5546875 0.5625 0.5703125 0.578125 0.5859375 0.59375 0.6015625 0.609375 0.6171875 0.625 0.6328125 0.640625 0.6484375 0.65625 0.6640625 0.671875 0.6796875 0.6875 0.6953125 0.703125 0.7109375 0.71875 0.7265625 0.734375 0.7421875 0.75 0.7578125 0.765625 0.7734375 0.78125 0.7890625 0.796875 0.8046875 0.8125 0.8203125 0.828125 0.8359375 0.84375 0.8515625 0.859375 0.8671875 0.875 0.8828125 0.890625 0.8984375 0.90625 0.9140625 0.921875 0.9296875 0.9375 0.9453125 0.953125 0.9609375 0.96875 0.9765625 0.984375 0.9921875 
	0 
	F 1 F 0 F 1 F 0 } I I I I #
-66 coedge $-1 -1 -1 $-1 $93 $93 $94 $95 reversed $41 $-1 #
-67 coedge $-1 -1 -1 $-1 $43 $43 $96 $97 reversed $27 $-1 #
-68 coedge $-1 -1 -1 $-1 $45 $44 $93 $98 forward $18 $99 #
-69 coedge $-1 -1 -1 $-1 $96 $94 $44 $70 reversed $64 $100 #
-70 edge $-1 -1 -1 $-1 $76 1 $101 0 $44 $102 forward @7 unknown F #
-71 pcurve $-1 -1 -1 $-1 0 forward { exppc 8 nubs 1 open 2 
	0 1 1 1 
	0.5 0 
	0.5 1 
	0.001 
	-1 
	spline forward { ref 1 } I I I I 
	} 0 0 #
-72 coedge $-1 -1 -1 $-1 $94 $96 $45 $73 forward $64 $103 #
-73 edge $-1 -1 -1 $-1 $75 1 $104 0 $72 $105 forward @7 unknown F #
-74 pcurve $-1 -1 -1 $-1 0 forward { exppc 9 nubs 1 open 2 
	-1 1 -0 1 
	0 1 
	0 0 
	0.001 
	-1 
	spline forward { ref 1 } I I I I 
	} 0 0 #
-75 vertex $-1 -1 -1 $-1 $97 $106 #
-76 vertex $-1 -1 -1 $-1 $70 $107 #
-77 ellipse-curve $-1 -1 -1 $-1 19.050000000000008 0 26.987499999999997 0.042403145678374186 -0.99910058214204778 0 0.51134966894612188 0.021702353989648718 0 1 I I #
-78 coedge $-1 -1 -1 $-1 $51 $51 $53 $83 reversed $32 $-1 #
-79 coedge $-1 -1 -1 $-1 $54 $57 $51 $80 forward $49 $108 #
-80 edge $-1 -1 -1 $-1 $89 1 $86 0 $79 $109 forward @7 unknown F #
-81 coedge $-1 -1 -1 $-1 $57 $54 $52 $82 forward $49 $110 #
-82 edge $-1 -1 -1 $-1 $61 1 $60 0 $81 $111 forward @7 unknown F #
-83 edge $-1 -1 -1 $-1 $86 1 $89 0 $53 $112 forward @7 unknown F #
-84 pcurve $-1 -1 -1 $-1 0 forward { exppc 10 nubs 2 open 7 
	-3.1415926535897931 2 -2.6179938779914944 2 -2.0943951023931957 2 -1.5707963267948966 2 -1.0471975511965979 2 
	-0.5235987755982987 2 -8.1713871282453551e-32 2 
	0.5 1 
	0.42141380084453273 1 
	0.37934292116095647 1 
	0.33592687340950167 1 
	0.30578576264596447 1 
	0.27527658492792884 1 
	0.25 1 
	0.22472341507206728 1 
	0.19421423735402538 1 
	0.16407312659049025 1 
	0.12065707883904055 1 
	0.078586199155465247 1 
	0 1 
	0.001 
	0.00021918365003888163 
	spline forward { ref 0 } I I I I 
	} 0 0 #
-85 pcurve $-1 -1 -1 $-1 0 forward { exppc 11 nubs 1 open 2 
	-1 1 -0 1 
	0.5 1 
	0.5 0 
	0.001 
	-1 
	spline forward { ref 4 } I I I I 
	} 0 0 #
-86 vertex $-1 -1 -1 $-1 $55 $113 #
-87 intcurve-curve $-1 -1 -1 $-1 forward { exactcur 12 full nubs 3 open 129 
	0 3 0.0078125 2 0.015625 2 0.0234375 2 0.03125 2 
	0.0390625 2 0.046875 2 0.0546875 2 0.0625 2 0.0703125 2 
	0.078125 2 0.0859375 2 0.09375 2 0.1015625 2 0.109375 2 
	0.1171875 2 0.125 2 0.1328125 2 0.140625 2 0.1484375 2 
	0.15625 2 0.1640625 2 0.171875 2 0.1796875 2 0.1875 2 
	0.1953125 2 0.203125 2 0.2109375 2 0.21875 2 0.2265625 2 
	0.234375 2 0.2421875 2 0.25 2 0.2578125 2 0.265625 2 
	0.2734375 2 0.28125 2 0.2890625 2 0.296875 2 0.3046875 2 
	0.3125 2 0.3203125 2 0.328125 2 0.3359375 2 0.34375 2 
	0.3515625 2 0.359375 2 0.3671875 2 0.375 2 0.3828125 2 
	0.390625 2 0.3984375 2 0.40625 2 0.4140625 2 0.421875 2 
	0.4296875 2 0.4375 2 0.4453125 2 0.453125 2 0.4609375 2 
	0.46875 2 0.4765625 2 0.484375 2 0.4921875 2 0.5 2 
	0.5078125 2 0.515625 2 0.5234375 2 0.53125 2 0.5390625 2 
	0.546875 2 0.5546875 2 0.5625 2 0.5703125 2 0.578125 2 
	0.5859375 2 0.59375 2 0.6015625 2 0.609375 2 0.6171875 2 
	0.625 2 0.6328125 2 0.640625 2 0.6484375 2 0.65625 2 
	0.6640625 2 0.671875 2 0.6796875 2 0.6875 2 0.6953125 2 
	0.703125 2 0.7109375 2 0.71875 2 0.7265625 2 0.734375 2 
	0.7421875 2 0.75 2 0.7578125 2 0.765625 2 0.7734375 2 
	0.78125 2 0.7890625 2 0.796875 2 0.8046875 2 0.8125 2 
	0.8203125 2 0.828125 2 0.8359375 2 0.84375 2 0.8515625 2 
	0.859375 2 0.8671875 2 0.875 2 0.8828125 2 0.890625 2 
	0.8984375 2 0.90625 2 0.9140625 2 0.921875 2 0.9296875 2 
	0.9375 2 0.9453125 2 0.953125 2 0.9609375 2 0.96875 2 
	0.9765625 2 0.984375 2 0.9921875 2 1 3 
	18.538650331053887 -0.021702353989648718 5.4210108624275222e-17 
	18.615857168817833 -1.8407587010935826 5.4210108624275222e-17 
	18.423030120582009 -3.6851079938790634 5.4210108624275222e-17 
	17.501284304148545 -7.2561585755199474 5.4210108624275222e-17 
	16.771335325715498 -8.986522400133941 5.4210108624275222e-17 
	14.826805053684293 -12.175198824995356 5.4210108624275222e-17 
	13.610173761942081 -13.636721257070775 5.4210108624275222e-17 
	10.787698722246454 -16.153405363868391 5.4210108624275222e-17 
	9.1789649776669524 -17.211038040171349 5.4210108624275222e-17 
	5.7043256880667821 -18.818062063640422 5.4210108624275222e-17 
	3.8349422510459767 -19.368974859409729 5.4210108624275222e-17 
	-0.0030947087282860546 -19.902892581220701 5.4210108624275222e-17 
	-1.9755120568175077 -19.886341301734824 5.4210108624275222e-17 
	-5.8491608576697889 -19.274161964144135 5.4210108624275222e-17 
	-7.7541164638779332 -18.67786533076298 5.4210108624275222e-17 
	-11.324564520476876 -16.945666348155996 5.4210108624275222e-17 
	-12.99342036697667 -15.808044396887363 5.4210108624275222e-17 
	-15.940456139977163 -13.08102070463878 5.4210108624275222e-17 
	-17.221349814485638 -11.489000116596893 5.4210108624275222e-17 
	-19.272035652779529 -7.982748204865735 5.4210108624275222e-17 
	-20.043660022775221 -6.0652276109646079 5.4210108624275222e-17 
	-20.997486291295953 -2.0688369210398601 5.4210108624275222e-17 
	-21.180483759302732 0.013707001211306184 5.4210108624275222e-17 
	-20.928695941612133 4.1614420033859059 5.4210108624275222e-17 
	-20.493604403661134 6.2303733973082025 5.4210108624275222e-17 
	-19.030861339765792 10.169667318470641 5.4210108624275222e-17 
	-18.001831778888516 12.043513912588361 5.4210108624275222e-17 
	-15.42899357107642 15.424797695507781 5.4210108624275222e-17 
	-13.882857455734928 16.935163144217846 5.4210108624275222e-17 
	-10.400462426249659 19.450077739437123 5.4210108624275222e-17 
	-8.4611304074903657 20.456748701885129 5.4210108624275222e-17 
	-4.3539365606854972 21.866179398666404 5.4210108624275222e-17 
	-2.1825233910624711 22.270074232430147 5.4210108624275222e-17 
	2.2037103851052318 22.426683969673263 5.4210108624275222e-17 
	4.4222528364275124 22.179452650216696 5.4210108624275222e-17 
	8.7098585835794253 21.042606559842142 5.4210108624275222e-17 
	10.782492823564818 20.151963169550012 5.4210108624275222e-17 
	14.594411936970264 17.793566456347683 5.4210108624275222e-17 
	16.336809531523823 16.323794351425338 5.4210108624275222e-17 
	19.32973783967201 12.92433933152191 5.4210108624275222e-17 
	20.582656252966821 10.991824747616679 5.4210108624275222e-17 
	22.477903333457931 6.8267945777964414 5.4210108624275222e-17 
	23.121691263788072 4.5908811861683354 5.4210108624275222e-17 
	23.730984924748721 0.0085134358223538237 5.4210108624275222e-17 
	23.696898768515485 -2.3416101430653393 5.4210108624275222e-17 
	22.940757048532916 -6.949413249176021 5.4210108624275222e-17 
	22.218026739838237 -9.2107162797500095 5.4210108624275222e-17 
	20.13492934799088 -13.44190328635178 5.4210108624275222e-17 
	18.772866384650087 -15.415052916034158 5.4210108624275222e-17 
	15.518235349899465 -18.892498127254125 5.4210108624275222e-17 
	13.623099782299072 -20.399421261373583 5.4210108624275222e-17 
	9.4579794673998254 -22.804499838861034 5.4210108624275222e-17 
	7.1847797419025996 -23.704420407718395 5.4210108624275222e-17 
	2.4550132437170604 -24.806097588777885 5.4210108624275222e-17 
	-0.0051368067075265034 -25.008607641639294 5.4210108624275222e-17 
	-4.8975843013056446 -24.68539485341983 5.4210108624275222e-17 
	-7.3335233354414919 -24.159352187342488 5.4210108624275222e-17 
	-11.964719975799097 -22.41206181126303 5.4210108624275222e-17 
	-14.163363507434886 -21.189452117412134 5.4210108624275222e-17 
	-18.124143288801243 -18.143455033929072 5.4210108624275222e-17 
	-19.889118901074539 -16.317784303016758 5.4210108624275222e-17 
	-22.8212085940356 -12.214375326890384 5.4210108624275222e-17 
	-23.990372641816307 -9.9336321678420152 5.4210108624275222e-17 
	-25.618725263730447 -5.111060739467109 5.4210108624275222e-17 
	-26.079000403389152 -2.5657672717135243 5.4210108624275222e-17 
	-26.237423280661268 2.568588935472913 5.4210108624275222e-17 
	-25.935603762707451 5.1612770867811903 5.4210108624275222e-17 
	-24.583306910329508 10.165311509987973 5.4210108624275222e-17 
	-23.531809174511039 12.580130536934041 5.4210108624275222e-17 
	-20.759256269084904 17.015076453772057 5.4210108624275222e-17 
	-19.036218956541006 19.038224770954056 5.4210108624275222e-17 
	-15.059575633561854 22.507115400789729 5.4210108624275222e-17 
	-12.80319969114511 23.955169024583423 5.4210108624275222e-17 
	-7.9476644360591662 26.138318800796327 5.4210108624275222e-17 
	-5.3451886380279285 26.874819402220485 5.4210108624275222e-17 
	-0.018474118503337446 27.559159268259197 5.4210108624275222e-17 
	2.7093401320229438 27.507378155818635 5.4210108624275222e-17 
	8.0512196088556394 26.606963150545933 5.4210108624275222e-17 
	10.668810548349672 25.757654768440482 5.4210108624275222e-17 
	15.560576550696352 23.323391912559387 5.4210108624275222e-17 
	17.837923980002913 21.736770451704338 5.4210108624275222e-17 
	21.845554712108711 17.954328808033587 5.4210108624275222e-17 
	23.578384960872445 15.755996040202611 5.4210108624275222e-17 
	26.337590772924401 10.931881342125529 5.4210108624275222e-17 
	27.365670574777724 8.3029604716219598 5.4210108624275222e-17 
	28.614916175435201 2.8397757691848251 5.4210108624275222e-17 
	28.836799536266973 0.0020190971610966821 5.4210108624275222e-17 
	28.441886955338504 -5.6351007280678367 5.4210108624275222e-17 
	27.824763399970628 -8.4380086016587406 5.4210108624275222e-17 
	25.792681230510407 -13.760993104543324 5.4210108624275222e-17 
	24.376381546780738 -16.284360865083013 5.4210108624275222e-17 
	20.857030355164955 -20.82446076861758 5.4210108624275222e-17 
	18.751743221641448 -22.843947856563034 5.4210108624275222e-17 
	14.0271880934755 -26.192993790289705 5.4210108624275222e-17 
	11.404985460519518 -27.524535932259699 5.4210108624275222e-17 
	5.8669750503444611 -29.37156931254972 5.4210108624275222e-17 
	2.947788706357541 -29.888103990227638 5.4210108624275222e-17 
	-2.9346790779335876 -30.048097977059246 5.4210108624275222e-17 
	-5.9014905602850343 -29.691574173085218 5.4210108624275222e-17 
	-11.621875220060128 -28.123604061995689 5.4210108624275222e-17 
	-14.378825407413615 -26.91115009523287 5.4210108624275222e-17 
	-19.436662182478742 -23.724255741447422 5.4210108624275222e-17 
	-21.740482452492994 -21.747873380527896 5.4210108624275222e-17 
	-25.68515632665564 -17.193907420773964 5.4210108624275222e-17 
	-27.328249153949532 -14.613617920538127 5.4210108624275222e-17 
	-29.799096667920821 -9.0675028923781564 5.4210108624275222e-17 
	-30.628205644569825 -6.0984431293472099 5.4210108624275222e-17 
	-31.387379424468634 -0.027370088803184076 5.4210108624275222e-17 
	-31.317799963857613 3.0781254683886483 5.4210108624275222e-17 
	-30.272910281946469 9.154032276426193 5.4210108624275222e-17 
	-29.296929997423046 12.127873157517165 5.4210108624275222e-17 
	-26.511327601383368 17.680115454731375 5.4210108624275222e-17 
	-24.700070807065025 20.261598716743272 5.4210108624275222e-17 
	-20.389685112497023 24.799269882282914 5.4210108624275222e-17 
	-17.888100943570716 26.757927667561354 5.4210108624275222e-17 
	-12.404908318315622 29.871087516653258 5.4210108624275222e-17 
	-9.4202382075694135 31.027236916256204 5.4210108624275222e-17 
	-3.2236062876508953 32.423865570562072 5.4210108624275222e-17 
	-0.0082421190353630484 32.665030580205944 5.4210108624275222e-17 
	6.373524680935085 32.198236868534771 5.4210108624275222e-17 
	9.5433762700580864 31.489946559685482 5.4210108624275222e-17 
	15.558073623965152 29.172910373894162 5.4210108624275222e-17 
	18.406117834806814 27.562847592981811 5.4210108624275222e-17 
	23.52542184924237 23.57001195632829 5.4210108624275222e-17 
	25.799355067214204 21.185053633837505 5.4210108624275222e-17 
	29.565211920779124 15.839263399762855 5.4210108624275222e-17 
	31.059055568518168 12.875568594431449 5.4210108624275222e-17 
	33.124608682774394 6.6220772139724513 5.4210108624275222e-17 
	33.697322042377316 3.3289891216360918 5.4210108624275222e-17 
	33.858724707147552 -3.3015838801973443 5.4210108624275222e-17 
	33.447418506248233 -6.6425040811897009 5.4210108624275222e-17 
	31.663625057588089 -13.079187009772951 5.4210108624275222e-17 
	30.290145956650662 -16.178232558906601 5.4210108624275222e-17 
	26.688784525787412 -21.858869061597623 5.4210108624275222e-17 
	24.459002817647704 -24.443308273355456 5.4210108624275222e-17 
	19.327622540750966 -28.863644542472482 5.4210108624275222e-17 
	16.42338371565976 -30.701711590993153 5.4210108624275222e-17 
	10.186637403608437 -33.460117792818977 5.4210108624275222e-17 
	6.850978635555439 -34.381764204799474 5.4210108624275222e-17 
	0.035538302178532516 -35.215627183975769 5.4210108624275222e-17 
	-3.4476325185111594 -35.128178725935967 5.4210108624275222e-17 
	-10.257533826413143 -33.938676447478393 5.4210108624275222e-17 
	-13.587598954506252 -32.835959851279426 5.4210108624275222e-17 
	-19.800247695320135 -29.698898132888765 5.4210108624275222e-17 
	-22.685824465601041 -27.662953001280652 5.4210108624275222e-17 
	-27.753436690167344 -22.824530936497293 5.4210108624275222e-17 
	-29.937867346956647 -20.01965775091346 5.4210108624275222e-17 
	-33.404861991651146 -13.877328955681756 5.4210108624275222e-17 
	-34.689019126426459 -10.53688989479731 5.4210108624275222e-17 
	-36.23290263963807 -3.6067900554567864 5.4210108624275222e-17 
	-36.493285766947047 -0.0138174897737031 5.4210108624275222e-17 
	-35.954484979739995 7.1125792871217284 5.4210108624275222e-17 
	-35.154968152987543 10.649357399972788 5.4210108624275222e-17 
	-32.552864796832232 17.355715927157569 5.4210108624275222e-17 
	-30.74898781087915 20.528403513707069 5.4210108624275222e-17 
	-26.282576388748559 26.226831093316772 5.4210108624275222e-17 
	-23.61790838305642 28.755164938087386 5.4210108624275222e-17 
	-17.650820327365203 32.937731297426339 5.4210108624275222e-17 
	-14.34561020015726 34.593822876285849 5.4210108624275222e-17 
	-7.3766078785447231 36.87778286833786 5.4210108624275222e-17 
	-3.7096115597147037 37.506618121150026 5.4210108624275222e-17 
	3.6690626919265839 37.66931516818542 5.4210108624275222e-17 
	7.3840815498423167 37.20317149711412 5.4210108624275222e-17 
	14.537026553880084 35.203448691828065 5.4210108624275222e-17 
	17.978142382521916 33.66889568373923 5.4210108624275222e-17 
	24.281514551728364 29.652978059222558 5.4210108624275222e-17 
	27.146535325768411 27.169758400227646 5.4210108624275222e-17 
	32.042448591365606 21.460898447225333 5.4210108624275222e-17 
	34.075443834805284 18.232684720318215 5.4210108624275222e-17 
	37.121310055962788 11.305270102566764 5.4210108624275222e-17 
	38.135443463939957 7.603001425106461 5.4210108624275222e-17 
	39.043892569285887 0.043187124293756797 5.4210108624275222e-17 
	38.938524699706051 -3.8176548475450791 5.4210108624275222e-17 
	37.604311234735142 -11.361527609592057 5.4210108624275222e-17 
	36.374812199885355 -15.047798790735468 5.4210108624275222e-17 
	32.886205213699732 -21.920804316835987 5.4210108624275222e-17 
	30.625533639181683 -25.11044440571543 5.4210108624275222e-17 
	25.259008681729039 -30.707926648718811 5.4210108624275222e-17 
	22.150819308261152 -33.118091008091731 5.4210108624275222e-17 
	15.349312122073373 -36.938834857054175 5.4210108624275222e-17 
	11.653089753153575 -38.350955236254308 5.4210108624275222e-17 
	3.9895067166151996 -40.04200126259839 5.4210108624275222e-17 
	0.018924935532321774 -40.321556661606508 5.4210108624275222e-17 
	-7.8520898842135427 -39.710657766945971 5.4210108624275222e-17 
	-11.755782243163647 -38.819871151243518 5.4210108624275222e-17 
	-19.153764834831048 -35.932618558708612 5.4210108624275222e-17 
	-22.651071955229238 -33.93489023590022 5.4210108624275222e-17 
	-28.928564900851828 -28.994836535511595 5.4210108624275222e-17 
	-31.711266416172855 -26.050430766542011 5.4210108624275222e-17 
	-36.310468703348064 -19.461999015748173 5.4210108624275222e-17 
	-38.128769270564611 -15.815256578341302 5.4210108624275222e-17 
	-40.631053979863502 -8.1307211795035155 5.4210108624275222e-17 
	-41.315969713888784 -4.0898117658215432 5.4210108624275222e-17 
	-41.479877670207784 4.0369611347902632 5.4210108624275222e-17 
	-40.958856243531571 8.12607143081215 5.4210108624275222e-17 
	-38.743126410108253 15.995252298107248 5.4210108624275222e-17 
	-37.047463705252305 19.778420152331194 5.4210108624275222e-17 
	-32.616924381071321 26.704481242265619 5.4210108624275222e-17 
	-29.880238344626012 29.850056235116558 5.4210108624275222e-17 
	-23.593850480973273 35.22148391787951 5.4210108624275222e-17 
	-20.041642930220359 37.449373566017627 5.4210108624275222e-17 
	-12.423532507234679 40.782627261243512 5.4210108624275222e-17 
	-8.3546457646781551 41.889210520395316 5.4210108624275222e-17 
	-0.050452319823381629 42.872169740078299 5.4210108624275222e-17 
	4.1880578851859163 42.74884522470731 5.4210108624275222e-17 
	12.465885309289385 41.269847654758195 5.4210108624275222e-17 
	16.508349190951929 39.91353201445574 5.4210108624275222e-17 
	24.041674939211177 36.07331600208947 5.4210108624275222e-17 
	27.535356057725036 33.587889671360102 5.4210108624275222e-17 
	33.662655775847782 27.693212302033629 5.4210108624275222e-17 
	36.298524813159283 24.281686474568357 5.4210108624275222e-17 
	40.472954351163168 16.820969315439683 5.4210108624275222e-17 
	42.013004907778452 12.768952856555456 5.4210108624275222e-17 
	43.851144721385275 4.3718750316864234 5.4210108624275222e-17 
	44.149838224001051 0.023683323010535891 5.4210108624275222e-17 
	43.466773288271959 -8.5919408471734631 5.4210108624275222e-17 
	42.484684547390877 -12.862538380412829 5.4210108624275222e-17 
	39.312221305976557 -20.952117492591373 5.4210108624275222e-17 
	37.120613819670233 -24.77402639414737 5.4210108624275222e-17 
	31.706867931429446 -31.630541286918938 5.4210108624275222e-17 
	28.48270328711962 -34.667585838887831 5.4210108624275222e-17 
	21.272893274483831 -39.683368977548561 5.4210108624275222e-17 
	17.284605691790848 -41.663849338312943 5.4210108624275222e-17 
	8.8845204045442756 -44.384397092344592 5.4210108624275222e-17 
	4.4696941477343595 -45.125362179589658 5.4210108624275222e-17 
	-4.4051756276309684 -45.29041822493037 5.4210108624275222e-17 
	-8.8683720091173228 -44.714488685027035 5.4210108624275222e-17 
	-17.453769149667217 -42.282693218574302 5.4210108624275222e-17 
	-21.578975332029078 -40.425893777758233 5.4210108624275222e-17 
	-29.127690188317352 -35.580683193305603 5.4210108624275222e-17 
	-32.553798794746754 -32.590509241284629 5.4210108624275222e-17 
	-38.40069366920924 -25.726556854602702 5.4210108624275222e-17 
	-40.823452183224852 -21.850341088435282 5.4210108624275222e-17 
	-44.444038455858241 -13.54151387591445 5.4210108624275222e-17 
	-45.643043420725306 -9.1060028100922832 5.4210108624275222e-17 
	-46.700455091815677 -0.057426135058446376 5.4210108624275222e-17 
	-46.559145650076601 4.5587501615347685 5.4210108624275222e-17 
	-44.935308525963002 13.570519637037579 5.4210108624275222e-17 
	-43.452150267194156 17.969166131040332 5.4210108624275222e-17 
	-39.260276624565428 26.162784401807507 5.4210108624275222e-17 
	-36.550073925759797 29.960489626427474 5.4210108624275222e-17 
	-30.127206288168999 36.617566864227683 5.4210108624275222e-17 
	-26.412328488478831 39.479118474576218 5.4210108624275222e-17 
	-18.292377116266856 44.007185270869883 5.4210108624275222e-17 
	-13.884558265347859 45.675140758530652 5.4210108624275222e-17 
	-4.7539766523641491 47.660321830414581 5.4210108624275222e-17 
	-0.028174406239926848 47.97812729024394 5.4210108624275222e-17 
	9.3320525912699264 47.222844271712923 5.4210108624275222e-17 
	13.969548406877751 46.149428605800836 5.4210108624275222e-17 
	22.750703034212624 42.691707561530414 5.4210108624275222e-17 
	26.897200142864438 40.306199520409002 5.4210108624275222e-17 
	34.332703729913234 34.418723026184075 5.4210108624275222e-17 
	37.624072422225169 30.914783232893122 5.4210108624275222e-17 
	43.056394114130775 23.08356826468161 5.4210108624275222e-17 
	45.199031818406105 18.75372560319137 5.4210108624275222e-17 
	48.137795142588246 9.6380773611090813 5.4210108624275222e-17 
	48.934785292761219 4.8493486172497144 5.4210108624275222e-17 
	49.01786342995095 0.037848615727754123 5.4210108624275197e-17 
	0 
	null_surface 
	null_surface 
	nullbs 
	nullbs 
	-1 
	-1 
	I I 
	0 
	127 0.0078125 0.015625 0.0234375 0.03125 0.0390625 0.046875 0.0546875 0.0625 0.0703125 0.078125 0.0859375 0.09375 0.1015625 0.109375 0.1171875 0.125 0.1328125 0.140625 0.1484375 0.15625 0.1640625 0.171875 0.1796875 0.1875 0.1953125 0.203125 0.2109375 0.21875 0.2265625 0.234375 0.2421875 0.25 0.2578125 0.265625 0.2734375 0.28125 0.2890625 0.296875 0.3046875 0.3125 0.3203125 0.328125 0.3359375 0.34375 0.3515625 0.359375 0.3671875 0.375 0.3828125 0.390625 0.3984375 0.40625 0.4140625 0.421875 0.4296875 0.4375 0.4453125 0.453125 0.4609375 0.46875 0.4765625 0.484375 0.4921875 0.5 0.5078125 0.515625 0.5234375 0.53125 0.5390625 0.546875 0.5546875 0.5625 0.5703125 0.578125 0.5859375 0.59375 0.6015625 0.609375 0.6171875 0.625 0.6328125 0.640625 0.6484375 0.65625 0.6640625 0.671875 0.6796875 0.6875 0.6953125 0.703125 0.7109375 0.71875 0.7265625 0.734375 0.7421875 0.75 0.7578125 0.765625 0.7734375 0.78125 0.7890625 0.796875 0.8046875 0.8125 0.8203125 0.828125 0.8359375 0.84375 0.8515625 0.859375 0.8671875 0.875 0.8828125 0.890625 0.8984375 0.90625 0.9140625 0.921875 0.9296875 0.9375 0.9453125 0.953125 0.9609375 0.96875 0.9765625 0.984375 0.9921875 
	0 
	
	-1 
	none F F 1 F 0 } I I #
-88 pcurve $-1 -1 -1 $-1 0 forward { exppc 13 nubs 1 open 2 
	0 1 1 1 
	1 0 
	1 1 
	0.001 
	-1 
	spline forward { ref 4 } I I I I 
	} 0 0 #
-89 vertex $-1 -1 -1 $-1 $83 $114 #
-90 intcurve-curve $-1 -1 -1 $-1 forward { exactcur 14 full nubs 3 open 129 
	0 3 0.0078125 2 0.015625 2 0.0234375 2 0.03125 2 
	0.0390625 2 0.046875 2 0.0546875 2 0.0625 2 0.0703125 2 
	0.078125 2 0.0859375 2 0.09375 2 0.1015625 2 0.109375 2 
	0.1171875 2 0.125 2 0.1328125 2 0.140625 2 0.1484375 2 
	0.15625 2 0.1640625 2 0.171875 2 0.1796875 2 0.1875 2 
	0.1953125 2 0.203125 2 0.2109375 2 0.21875 2 0.2265625 2 
	0.234375 2 0.2421875 2 0.25 2 0.2578125 2 0.265625 2 
	0.2734375 2 0.28125 2 0.2890625 2 0.296875 2 0.3046875 2 
	0.3125 2 0.3203125 2 0.328125 2 0.3359375 2 0.34375 2 
	0.3515625 2 0.359375 2 0.3671875 2 0.375 2 0.3828125 2 
	0.390625 2 0.3984375 2 0.40625 2 0.4140625 2 0.421875 2 
	0.4296875 2 0.4375 2 0.4453125 2 0.453125 2 0.4609375 2 
	0.46875 2 0.4765625 2 0.484375 2 0.4921875 2 0.5 2 
	0.5078125 2 0.515625 2 0.5234375 2 0.53125 2 0.5390625 2 
	0.546875 2 0.5546875 2 0.5625 2 0.5703125 2 0.578125 2 
	0.5859375 2 0.59375 2 0.6015625 2 0.609375 2 0.6171875 2 
	0.625 2 0.6328125 2 0.640625 2 0.6484375 2 0.65625 2 
	0.6640625 2 0.671875 2 0.6796875 2 0.6875 2 0.6953125 2 
	0.703125 2 0.7109375 2 0.71875 2 0.7265625 2 0.734375 2 
	0.7421875 2 0.75 2 0.7578125 2 0.765625 2 0.7734375 2 
	0.78125 2 0.7890625 2 0.796875 2 0.8046875 2 0.8125 2 
	0.8203125 2 0.828125 2 0.8359375 2 0.84375 2 0.8515625 2 
	0.859375 2 0.8671875 2 0.875 2 0.8828125 2 0.890625 2 
	0.8984375 2 0.90625 2 0.9140625 2 0.921875 2 0.9296875 2 
	0.9375 2 0.9453125 2 0.953125 2 0.9609375 2 0.96875 2 
	0.9765625 2 0.984375 2 0.9921875 2 1 3 
	19.561349668946129 0.021702353989648718 0 
	19.642855242213763 -1.8986405641945738 0 
	19.439503917398575 -3.8427712583409717 0 
	18.467080777149942 -7.6101555449983058 0 
	17.698054618719922 -9.4329159710643609 0 
	15.64795681352026 -12.794703185502385 0 
	14.367075258735291 -14.333266449107278 0 
	11.393268919060333 -16.984885859351394 0 
	9.700665104549941 -18.097549911193152 0 
	6.0420085943537778 -19.789681624971987 0 
	4.0763822595793924 -20.368865007175224 0 
	0.037540882304032755 -20.930716657336287 0 
	-2.0351778254953445 -20.913236073211284 0 
	-6.1090724018359328 -20.269410105202649 0 
	-8.1097243695175631 -19.643067489451699 0 
	-11.862564903772197 -17.822380540322214 0 
	-13.614247778729698 -16.628193682831057 0 
	-16.710072692629893 -13.763488202658184 0 
	-18.053772393593558 -12.093271193729803 0 
	-20.206798255591565 -8.4120380356635334 0 
	-21.0157859205286 -6.4014440635204259 0 
	-22.016670094822054 -2.2078859639602233 0 
	-22.208364089048096 -0.025429820924569198 0 
	-21.944293630317802 4.3246320629137243 0 
	-21.488483407988213 6.491687093844825 0 
	-19.955182715335443 10.620997656080295 0 
	-18.877810537349578 12.582707507063986 0 
	-16.182236266857625 16.125293203443203 0 
	-14.564309474857913 17.70567668535163 0 
	-10.917600252762032 20.339255133248695 0 
	-8.8892290459026597 21.392055602235875 0 
	-4.5903310661895746 22.86727134134572 0 
	-2.3203179119055837 23.289426771436069 0 
	2.2684591944420975 23.453267876804059 0 
	4.5866503770879419 23.194853989361494 0 
	9.0701543229220984 22.006065645163812 0 
	11.234884488337242 21.07576386750312 0 
	15.219147986419514 18.610738907198307 0 
	17.038140046183763 17.076257631820326 0 
	20.164985124907805 13.524695433922567 0 
	21.472386690102791 11.508007635084338 0 
	23.451567341758079 7.15852251011931 0 
	24.123026290619503 4.8262378223776023 0 
	24.759029686230015 0.042988770268569731 0 
	24.72341601225305 -2.4073862880146817 0 
	23.934458698724306 -7.2151597101112781 0 
	23.181135946107073 -9.5719425145002113 0 
	21.008533174581295 -13.984931911983843 0 
	19.589454577328262 -16.040550361380486 0 
	16.196355552152124 -19.665942579101284 0 
	14.222702726179374 -21.235207864667174 0 
	9.882103197874466 -23.741613490464527 0 
	7.5156610201787126 -24.678371193469815 0 
	2.5885479142215742 -25.826014763579064 0 
	0.028476585628853072 -26.036679779460602 0 
	-5.0661556761451383 -25.700109527911231 0 
	-7.6000729064375632 -25.1528375391974 0 
	-12.420847317127292 -23.334021498555284 0 
	-14.707072455025044 -22.062631392041158 0 
	-18.828467068021169 -18.893114608481007 0 
	-20.663071885812084 -16.995322419513535 0 
	-23.712957683211304 -12.72705913027287 0 
	-24.927792166316479 -10.357076878063895 0 
	-26.620961578412651 -5.3425410960473201 0 
	-27.099009440363712 -2.6985905618517307 0 
	-27.263680518224323 2.6382778349040534 0 
	-26.950204061698255 5.3305294959809117 0 
	-25.545050512803819 10.530153100699946 0 
	-24.453473116573171 13.036853005848167 0 
	-21.573521000589519 17.643592787098623 0 
	-19.785440005112413 19.743013643558005 0 
	-15.656121948577725 23.345084390166509 0 
	-13.315350165718456 24.847223469353427 0 
	-8.275036425785105 27.113453058203167 0 
	-5.5760933851811965 27.87718757441494 0 
	-0.048436658227747703 28.587342714772586 0 
	2.7795947506269076 28.533595951609826 0 
	8.321247018293672 27.599507291931005 0 
	11.0341606596599 26.71920440306025 0 
	16.107298920018426 24.194685808542609 0 
	18.466852944245488 22.550715472021295 0 
	22.621812465358428 18.629222901450291 0 
	24.416643336003808 16.352134258747245 0 
	27.276428725074499 11.352168359967107 0 
	28.340956466712722 8.6298779768742815 0 
	29.635359432034427 2.9692098644455958 0 
	29.864995470175391 0.031523350283110554 0 
	29.455925425202381 -5.8076792893265434 0 
	28.817191670657664 -8.708458719159891 0 
	26.712860281524069 -14.220696978044682 0 
	25.247452246936923 -16.831437403182527 0 
	21.603992949900242 -21.531640932402748 0 
	19.426335364311011 -23.620467086502675 0 
	14.536518007641861 -27.0866602329438 0 
	11.824924710275967 -28.463528730660077 0 
	6.0947511258541951 -30.374651815216556 0 
	3.0768632117768457 -30.908592109541715 0 
	-3.0080964753449733 -31.07409315939417 0 
	-6.0744086149706717 -30.705554134234156 0 
	-11.990151878380946 -29.08403538024471 0 
	-14.838821523518614 -27.831182365840277 0 
	-20.068037587618189 -24.536303093783658 0 
	-22.447887241117172 -22.494622378548705 0 
	-26.525183655240255 -17.787548463088708 0 
	-28.222060248838289 -15.122692696434271 0 
	-30.775338774414045 -9.391550341369209 0 
	-31.631348858415322 -6.3259489479879845 0 
	-32.415655743110221 -0.053884546183730758 0 
	-32.343775891177714 3.1518032132981846 0 
	-31.264555884926569 9.427334326417057 0 
	-30.257272860169955 12.496378804942012 0 
	-27.380838442347457 18.229665927930498 0 
	-25.511976366847595 20.8931555272876 0 
	-21.062090250615093 25.57768235143859 0 
	-18.481565791400403 27.598078807545761 0 
	-12.822233521974461 30.811243959479139 0 
	-9.744094933590727 32.003541740157118 0 
	-3.3498718146489015 33.444704100288249 0 
	-0.03457011490182052 33.693311161076565 0 
	6.5492029024725209 33.211741322307148 0 
	9.816844531963353 32.48154580228497 0 
	16.02054663888093 30.091699064325816 0 
	18.955802351468407 28.43227310195806 0 
	24.234814796655911 24.314871291194084 0 
	26.577862287351273 21.857348309176633 0 
	30.46036278251821 16.345976884942818 0 
	31.999265295149918 13.292772542521869 0 
	34.128342051874277 6.8469611556271142 0 
	34.718174778883771 3.4551358616879875 0 
	34.884505800400014 -3.3779151157719185 0 
	34.460904206974718 -6.8182877340157155 0 
	32.623020247480952 -13.450150656006556 0 
	31.208891615245612 -16.640790041279214 0 
	27.499085186839505 -22.492482388047716 0 
	25.203804752070901 -25.152760838824136 0 
	19.918974977513798 -29.705282920166216 0 
	16.930035227185773 -31.596897028451405 0 
	10.508064256917624 -34.437224490496646 0 
	7.0758045107966456 -35.385510142588394 0 
	0.059332434137971714 -36.243968771275171 0 
	-3.5240116760101077 -36.153955830891292 0 
	-10.533421634499916 -34.929604477776373 0 
	-13.958596950297581 -33.795341317384739 0 
	-20.352032935769302 -30.566991076047103 0 
	-23.319458110422328 -28.473237261767338 0 
	-28.533552237425955 -23.494957599686607 0 
	-30.77951427921111 -20.610997324117434 0 
	-34.346059193760432 -14.292298683917826 0 
	-35.666127013750604 -10.858311890320589 0 
	-37.254048768393055 -3.730533764838567 0 
	-37.521626852101406 -0.037616879494713901 0 
	-36.967557219288224 7.2907265155924321 0 
	-36.145899934026353 10.925230344833784 0 
	-33.470537847013524 17.820396299650088 0 
	-31.617093957065961 21.080167299819244 0 
	-27.02574963240108 26.93798866084423 0 
	-24.288361254120012 29.535257488325655 0 
	-18.155435762165816 33.834065331966961 0 
	-14.760620374795041 35.535001859782739 0 
	-7.5991711853730139 37.882032288388949 0 
	-3.8334085115887886 38.527757448346172 0 
	3.7477337561883806 38.694918441285466 0 
	7.5621668531055537 38.216254279792999 0 
	14.910149433587595 36.162005114639406 0 
	18.442758559114377 34.586600864726329 0 
	24.916927188402457 30.461867279820101 0 
	27.85763443659539 27.912987125650478 0 
	32.885382185027758 22.050401491881601 0 
	34.971733808159549 18.737377757983023 0 
	38.099110206484312 11.624578172420172 0 
	39.139671426887318 7.8256600736083488 0 
	40.07228179931424 0.064780322088919734 0 
	39.964135770681047 -3.8962201387553295 0 
	38.594653070550116 -11.639508942549231 0 
	37.333409774748858 -15.420815095707122 0 
	33.753143709597502 -22.474399943553916 0 
	31.434498156754287 -25.74576069368662 0 
	25.927824948690727 -31.489422123283919 0 
	22.740428856854987 -33.960949750976042 0 
	15.762363845840902 -37.880874427942018 0 
	11.972528847069713 -39.328712287404969 0 
	4.1111957150092282 -41.063393436436897 0 
	0.040663644071994333 -41.349942543222276 0 
	-8.0322501286969992 -40.723373116173299 0 
	-12.033616157758185 -39.810254065870687 0 
	-19.620245960365512 -36.849376629598197 0 
	-23.204532248295841 -34.801914812256463 0 
	-29.641162524906598 -29.736627973525632 0 
	-32.492652689332701 -26.719374199096485 0 
	-37.207767881382914 -19.964894639355947 0 
	-39.070738424516108 -16.228468207096338 0 
	-41.635722524803157 -8.3513812150905231 0 
	-42.337340117949182 -4.2116811614821126 0 
	-42.505331082030331 4.1175523965976399 0 
	-41.971604352663491 8.3060459722208293 0 
	-39.700989981745721 16.370148211142929 0 
	-37.964310114245464 20.244727077016904 0 
	-33.42464937276214 27.341371988690085 0 
	-30.622169499277021 30.562508034458055 0 
	-24.18182800620222 36.065481449798106 0 
	-20.544720288805649 38.346570587970888 0 
	-12.741092087897613 41.760995922368636 0 
	-8.5755156364163696 42.893832711205604 0 
	-0.07022821004383073 43.900594827333954 0 
	4.2684286015177779 43.774315710549025 0 
	12.745596250581585 42.259701663245544 0 
	16.883033241150713 40.871478232177502 0 
	24.596766951304719 36.939296343083306 0 
	28.172063276934814 34.395759051785646 0 
	34.445292009157789 28.360692297650662 0 
	37.142385222802254 24.869860389635082 0 
	41.415689662062462 17.232429007721191 0 
	42.991297561193356 13.086745803814427 0 
	44.872738104346752 4.491857665184023 0 
	45.178258234382561 0.04371040863656965 0 
	44.479189013018932 -8.7737737417885651 0 
	43.474608197756346 -13.142001970696047 0 
	40.228215412141658 -21.420095621067205 0 
	37.986735667504121 -25.328897196760263 0 
	32.447506314592843 -32.344336388981318 0 
	29.150387144118284 -35.450047890443052 0 
	21.774353516500774 -40.58147043069556 0 
	17.696316039406245 -42.606474989266822 0 
	9.103591244799718 -45.389412761199949 0 
	4.5899538113678524 -46.146922787546927 0 
	-4.48737103699934 -46.315743722780461 0 
	-9.049925091386017 -45.72695442565567 0 
	-17.830146988648327 -43.239974848730398 0 
	-22.046695594929528 -41.342019363876837 0 
	-29.765816788967335 -36.387431465592101 0 
	-33.267381632350215 -33.331351872955551 0 
	-39.245580714538988 -26.313254520470839 0 
	-41.721407367823453 -22.352062819642782 0 
	-45.422881638211749 -13.857606003360564 0 
	-46.647993995650317 -9.3253711992296768 0 
	-47.728907855227284 -0.075676097993151142 0 
	-47.584495650497388 4.6406370642987769 0 
	-45.924750255860573 13.851683558595409 0 
	-44.409546689549792 18.345251386638999 0 
	-40.12544897662557 26.719133959010563 0 
	-37.35701994687107 30.598365860317827 0 
	-30.793559646556282 37.401161894897108 0 
	-26.999291922426494 40.323820694663993 0 
	-18.702494169590132 44.950504896147415 0 
	-14.200962760574736 46.653882834976642 0 
	-4.8725196153435295 48.682082772261722 0 
	-0.046757173191722817 49.006573925656426 0 
	9.5152973548710236 48.235004909751034 0 
	14.250387783679788 47.138962329631646 0 
	23.219945281722989 43.6070541946955 0 
	27.453262145281638 41.171556522748901 0 
	35.047510252998904 35.158384655663191 0 
	38.407443091584625 31.581400089169229 0 
	43.95517297997732 23.583812393615897 0 
	46.142211554079736 19.164163871713672 0 
	49.143102997534498 9.8558012745114318 0 
	49.956505454264708 4.9682264736046235 0 
	50.041330910337628 0.055518391927280378 -1.1754943508222875e-35 
	0 
	null_surface 
	null_surface 
	nullbs 
	nullbs 
	-1 
	-1 
	I I 
	0 
	127 0.0078125 0.015625 0.0234375 0.03125 0.0390625 0.046875 0.0546875 0.0625 0.0703125 0.078125 0.0859375 0.09375 0.1015625 0.109375 0.1171875 0.125 0.1328125 0.140625 0.1484375 0.15625 0.1640625 0.171875 0.1796875 0.1875 0.1953125 0.203125 0.2109375 0.21875 0.2265625 0.234375 0.2421875 0.25 0.2578125 0.265625 0.2734375 0.28125 0.2890625 0.296875 0.3046875 0.3125 0.3203125 0.328125 0.3359375 0.34375 0.3515625 0.359375 0.3671875 0.375 0.3828125 0.390625 0.3984375 0.40625 0.4140625 0.421875 0.4296875 0.4375 0.4453125 0.453125 0.4609375 0.46875 0.4765625 0.484375 0.4921875 0.5 0.5078125 0.515625 0.5234375 0.53125 0.5390625 0.546875 0.5546875 0.5625 0.5703125 0.578125 0.5859375 0.59375 0.6015625 0.609375 0.6171875 0.625 0.6328125 0.640625 0.6484375 0.65625 0.6640625 0.671875 0.6796875 0.6875 0.6953125 0.703125 0.7109375 0.71875 0.7265625 0.734375 0.7421875 0.75 0.7578125 0.765625 0.7734375 0.78125 0.7890625 0.796875 0.8046875 0.8125 0.8203125 0.828125 0.8359375 0.84375 0.8515625 0.859375 0.8671875 0.875 0.8828125 0.890625 0.8984375 0.90625 0.9140625 0.921875 0.9296875 0.9375 0.9453125 0.953125 0.9609375 0.96875 0.9765625 0.984375 0.9921875 
	0 
	
	-1 
	none F F 1 F 0 } I I #
-91 point $-1 -1 -1 $-1 19.561349668946129 0.021702353989648718 0 #
-92 point $-1 -1 -1 $-1 18.538650331053887 -0.021702353989648718 5.4210108624275222e-17 #
-93 coedge $-1 -1 -1 $-1 $66 $66 $68 $98 reversed $41 $-1 #
-94 coedge $-1 -1 -1 $-1 $69 $72 $66 $95 forward $64 $115 #
-95 edge $-1 -1 -1 $-1 $104 1 $101 0 $94 $116 forward @7 unknown F #
-96 coedge $-1 -1 -1 $-1 $72 $69 $67 $97 forward $64 $117 #
-97 edge $-1 -1 -1 $-1 $76 1 $75 0 $96 $118 forward @7 unknown F #
-98 edge $-1 -1 -1 $-1 $101 1 $104 0 $68 $119 forward @7 unknown F #
-99 pcurve $-1 -1 -1 $-1 0 forward { exppc 15 nubs 2 open 7 
	-3.1415926535897931 2 -2.6179938779914944 2 -2.0943951023931957 2 -1.5707963267948966 2 -1.0471975511965979 2 
	-0.5235987755982987 2 5.2476793864468041e-20 2 
	0.5 1 
	0.42141380084453173 1 
	0.37934292116095575 1 
	0.33592687340950478 1 
	0.30578576264596846 1 
	0.27527658492793011 1 
	0.25 1 
	0.22472341507206722 1 
	0.19421423735402427 1 
	0.16407312659048817 1 
	0.12065707883904073 1 
	0.078586199155466802 1 
	0 1 
	0.001 
	0.00021918365003656404 
	spline forward { ref 1 } I I I I 
	} 0 0 #
-100 pcurve $-1 -1 -1 $-1 0 forward { exppc 16 nubs 1 open 2 
	-1 1 -0 1 
	0.5 1 
	0.5 0 
	0.001 
	-1 
	spline forward { ref 7 } I I I I 
	} 0 0 #
-101 vertex $-1 -1 -1 $-1 $70 $120 #
-102 intcurve-curve $-1 -1 -1 $-1 forward { exactcur 17 full nubs 3 open 129 
	0 3 0.0078125 2 0.015625 2 0.0234375 2 0.03125 2 
	0.0390625 2 0.046875 2 0.0546875 2 0.0625 2 0.0703125 2 
	0.078125 2 0.0859375 2 0.09375 2 0.1015625 2 0.109375 2 
	0.1171875 2 0.125 2 0.1328125 2 0.140625 2 0.1484375 2 
	0.15625 2 0.1640625 2 0.171875 2 0.1796875 2 0.1875 2 
	0.1953125 2 0.203125 2 0.2109375 2 0.21875 2 0.2265625 2 
	0.234375 2 0.2421875 2 0.25 2 0.2578125 2 0.265625 2 
	0.2734375 2 0.28125 2 0.2890625 2 0.296875 2 0.3046875 2 
	0.3125 2 0.3203125 2 0.328125 2 0.3359375 2 0.34375 2 
	0.3515625 2 0.359375 2 0.3671875 2 0.375 2 0.3828125 2 
	0.390625 2 0.3984375 2 0.40625 2 0.4140625 2 0.421875 2 
	0.4296875 2 0.4375 2 0.4453125 2 0.453125 2 0.4609375 2 
	0.46875 2 0.4765625 2 0.484375 2 0.4921875 2 0.5 2 
	0.5078125 2 0.515625 2 0.5234375 2 0.53125 2 0.5390625 2 
	0.546875 2 0.5546875 2 0.5625 2 0.5703125 2 0.578125 2 
	0.5859375 2 0.59375 2 0.6015625 2 0.609375 2 0.6171875 2 
	0.625 2 0.6328125 2 0.640625 2 0.6484375 2 0.65625 2 
	0.6640625 2 0.671875 2 0.6796875 2 0.6875 2 0.6953125 2 
	0.703125 2 0.7109375 2 0.71875 2 0.7265625 2 0.734375 2 
	0.7421875 2 0.75 2 0.7578125 2 0.765625 2 0.7734375 2 
	0.78125 2 0.7890625 2 0.796875 2 0.8046875 2 0.8125 2 
	0.8203125 2 0.828125 2 0.8359375 2 0.84375 2 0.8515625 2 
	0.859375 2 0.8671875 2 0.875 2 0.8828125 2 0.890625 2 
	0.8984375 2 0.90625 2 0.9140625 2 0.921875 2 0.9296875 2 
	0.9375 2 0.9453125 2 0.953125 2 0.9609375 2 0.96875 2 
	0.9765625 2 0.984375 2 0.9921875 2 1 3 
	18.538650331053887 -0.021702353989648718 26.987499999999997 
	18.615857168817833 -1.8407587010935826 26.987499999999997 
	18.423030120582009 -3.6851079938790634 26.987499999999997 
	17.501284304148545 -7.2561585755199474 26.987499999999997 
	16.771335325715498 -8.986522400133941 26.987499999999997 
	14.826805053684293 -12.175198824995356 26.987499999999997 
	13.610173761942081 -13.636721257070775 26.987499999999997 
	10.787698722246454 -16.153405363868391 26.987499999999997 
	9.1789649776669524 -17.211038040171349 26.987499999999997 
	5.7043256880667821 -18.818062063640422 26.987499999999997 
	3.8349422510459767 -19.368974859409729 26.987499999999997 
	-0.0030947087282860546 -19.902892581220701 26.987499999999997 
	-1.9755120568175077 -19.886341301734824 26.987499999999997 
	-5.8491608576697889 -19.274161964144135 26.987499999999997 
	-7.7541164638779332 -18.67786533076298 26.987499999999997 
	-11.324564520476876 -16.945666348155996 26.987499999999997 
	-12.99342036697667 -15.808044396887363 26.987499999999997 
	-15.940456139977163 -13.08102070463878 26.987499999999997 
	-17.221349814485638 -11.489000116596893 26.987499999999997 
	-19.272035652779529 -7.982748204865735 26.987499999999997 
	-20.043660022775221 -6.0652276109646079 26.987499999999997 
	-20.997486291295953 -2.0688369210398601 26.987499999999997 
	-21.180483759302732 0.013707001211306184 26.987499999999997 
	-20.928695941612133 4.1614420033859059 26.987499999999997 
	-20.493604403661134 6.2303733973082025 26.987499999999997 
	-19.030861339765792 10.169667318470641 26.987499999999997 
	-18.001831778888516 12.043513912588361 26.987499999999997 
	-15.42899357107642 15.424797695507781 26.987499999999997 
	-13.882857455734928 16.935163144217846 26.987499999999997 
	-10.400462426249659 19.450077739437123 26.987499999999997 
	-8.4611304074903657 20.456748701885129 26.987499999999997 
	-4.3539365606854972 21.866179398666404 26.987499999999997 
	-2.1825233910624711 22.270074232430147 26.987499999999997 
	2.2037103851052318 22.426683969673263 26.987499999999997 
	4.4222528364275124 22.179452650216696 26.987499999999997 
	8.7098585835794253 21.042606559842142 26.987499999999997 
	10.782492823564818 20.151963169550012 26.987499999999997 
	14.594411936970264 17.793566456347683 26.987499999999997 
	16.336809531523823 16.323794351425338 26.987499999999997 
	19.32973783967201 12.92433933152191 26.987499999999997 
	20.582656252966821 10.991824747616679 26.987499999999997 
	22.477903333457931 6.8267945777964414 26.987499999999997 
	23.121691263788072 4.5908811861683354 26.987499999999997 
	23.730984924748721 0.0085134358223538237 26.987499999999997 
	23.696898768515485 -2.3416101430653393 26.987499999999997 
	22.940757048532916 -6.949413249176021 26.987499999999997 
	22.218026739838237 -9.2107162797500095 26.987499999999997 
	20.13492934799088 -13.44190328635178 26.987499999999997 
	18.772866384650087 -15.415052916034158 26.987499999999997 
	15.518235349899465 -18.892498127254125 26.987499999999997 
	13.623099782299072 -20.399421261373583 26.987499999999997 
	9.4579794673998254 -22.804499838861034 26.987499999999997 
	7.1847797419025996 -23.704420407718395 26.987499999999997 
	2.4550132437170604 -24.806097588777885 26.987499999999997 
	-0.0051368067075265034 -25.008607641639294 26.987499999999997 
	-4.8975843013056446 -24.68539485341983 26.987499999999997 
	-7.3335233354414919 -24.159352187342488 26.987499999999997 
	-11.964719975799097 -22.41206181126303 26.987499999999997 
	-14.163363507434886 -21.189452117412134 26.987499999999997 
	-18.124143288801243 -18.143455033929072 26.987499999999997 
	-19.889118901074539 -16.317784303016758 26.987499999999997 
	-22.8212085940356 -12.214375326890384 26.987499999999997 
	-23.990372641816307 -9.9336321678420152 26.987499999999997 
	-25.618725263730447 -5.111060739467109 26.987499999999997 
	-26.079000403389152 -2.5657672717135243 26.987499999999997 
	-26.237423280661268 2.568588935472913 26.987499999999997 
	-25.935603762707451 5.1612770867811903 26.987499999999997 
	-24.583306910329508 10.165311509987973 26.987499999999997 
	-23.531809174511039 12.580130536934041 26.987499999999997 
	-20.759256269084904 17.015076453772057 26.987499999999997 
	-19.036218956541006 19.038224770954056 26.987499999999997 
	-15.059575633561854 22.507115400789729 26.987499999999997 
	-12.80319969114511 23.955169024583423 26.987499999999997 
	-7.9476644360591662 26.138318800796327 26.987499999999997 
	-5.3451886380279285 26.874819402220485 26.987499999999997 
	-0.018474118503337446 27.559159268259197 26.987499999999997 
	2.7093401320229438 27.507378155818635 26.987499999999997 
	8.0512196088556394 26.606963150545933 26.987499999999997 
	10.668810548349672 25.757654768440482 26.987499999999997 
	15.560576550696352 23.323391912559387 26.987499999999997 
	17.837923980002913 21.736770451704338 26.987499999999997 
	21.845554712108711 17.954328808033587 26.987499999999997 
	23.578384960872445 15.755996040202611 26.987499999999997 
	26.337590772924401 10.931881342125529 26.987499999999997 
	27.365670574777724 8.3029604716219598 26.987499999999997 
	28.614916175435201 2.8397757691848251 26.987499999999997 
	28.836799536266973 0.0020190971610966821 26.987499999999997 
	28.441886955338504 -5.6351007280678367 26.987499999999997 
	27.824763399970628 -8.4380086016587406 26.987499999999997 
	25.792681230510407 -13.760993104543324 26.987499999999997 
	24.376381546780738 -16.284360865083013 26.987499999999997 
	20.857030355164955 -20.82446076861758 26.987499999999997 
	18.751743221641448 -22.843947856563034 26.987499999999997 
	14.0271880934755 -26.192993790289705 26.987499999999997 
	11.404985460519518 -27.524535932259699 26.987499999999997 
	5.8669750503444611 -29.37156931254972 26.987499999999997 
	2.947788706357541 -29.888103990227638 26.987499999999997 
	-2.9346790779335876 -30.048097977059246 26.987499999999997 
	-5.9014905602850343 -29.691574173085218 26.987499999999997 
	-11.621875220060128 -28.123604061995689 26.987499999999997 
	-14.378825407413615 -26.91115009523287 26.987499999999997 
	-19.436662182478742 -23.724255741447422 26.987499999999997 
	-21.740482452492994 -21.747873380527896 26.987499999999997 
	-25.68515632665564 -17.193907420773964 26.987499999999997 
	-27.328249153949532 -14.613617920538127 26.987499999999997 
	-29.799096667920821 -9.0675028923781564 26.987499999999997 
	-30.628205644569825 -6.0984431293472099 26.987499999999997 
	-31.387379424468634 -0.027370088803184076 26.987499999999997 
	-31.317799963857613 3.0781254683886483 26.987499999999997 
	-30.272910281946469 9.154032276426193 26.987499999999997 
	-29.296929997423046 12.127873157517165 26.987499999999997 
	-26.511327601383368 17.680115454731375 26.987499999999997 
	-24.700070807065025 20.261598716743272 26.987499999999997 
	-20.389685112497023 24.799269882282914 26.987499999999997 
	-17.888100943570716 26.757927667561354 26.987499999999997 
	-12.404908318315622 29.871087516653258 26.987499999999997 
	-9.4202382075694135 31.027236916256204 26.987499999999997 
	-3.2236062876508953 32.423865570562072 26.987499999999997 
	-0.0082421190353630484 32.665030580205944 26.987499999999997 
	6.373524680935085 32.198236868534771 26.987499999999997 
	9.5433762700580864 31.489946559685482 26.987499999999997 
	15.558073623965152 29.172910373894162 26.987499999999997 
	18.406117834806814 27.562847592981811 26.987499999999997 
	23.52542184924237 23.57001195632829 26.987499999999997 
	25.799355067214204 21.185053633837505 26.987499999999997 
	29.565211920779124 15.839263399762855 26.987499999999997 
	31.059055568518168 12.875568594431449 26.987499999999997 
	33.124608682774394 6.6220772139724513 26.987499999999997 
	33.697322042377316 3.3289891216360918 26.987499999999997 
	33.858724707147552 -3.3015838801973443 26.987499999999997 
	33.447418506248233 -6.6425040811897009 26.987499999999997 
	31.663625057588089 -13.079187009772951 26.987499999999997 
	30.290145956650662 -16.178232558906601 26.987499999999997 
	26.688784525787412 -21.858869061597623 26.987499999999997 
	24.459002817647704 -24.443308273355456 26.987499999999997 
	19.327622540750966 -28.863644542472482 26.987499999999997 
	16.42338371565976 -30.701711590993153 26.987499999999997 
	10.186637403608437 -33.460117792818977 26.987499999999997 
	6.850978635555439 -34.381764204799474 26.987499999999997 
	0.035538302178532516 -35.215627183975769 26.987499999999997 
	-3.4476325185111594 -35.128178725935967 26.987499999999997 
	-10.257533826413143 -33.938676447478393 26.987499999999997 
	-13.587598954506252 -32.835959851279426 26.987499999999997 
	-19.800247695320135 -29.698898132888765 26.987499999999997 
	-22.685824465601041 -27.662953001280652 26.987499999999997 
	-27.753436690167344 -22.824530936497293 26.987499999999997 
	-29.937867346956647 -20.01965775091346 26.987499999999997 
	-33.404861991651146 -13.877328955681756 26.987499999999997 
	-34.689019126426459 -10.53688989479731 26.987499999999997 
	-36.23290263963807 -3.6067900554567864 26.987499999999997 
	-36.493285766947047 -0.0138174897737031 26.987499999999997 
	-35.954484979739995 7.1125792871217284 26.987499999999997 
	-35.154968152987543 10.649357399972788 26.987499999999997 
	-32.552864796832232 17.355715927157569 26.987499999999997 
	-30.74898781087915 20.528403513707069 26.987499999999997 
	-26.282576388748559 26.226831093316772 26.987499999999997 
	-23.61790838305642 28.755164938087386 26.987499999999997 
	-17.650820327365203 32.937731297426339 26.987499999999997 
	-14.34561020015726 34.593822876285849 26.987499999999997 
	-7.3766078785447231 36.87778286833786 26.987499999999997 
	-3.7096115597147037 37.506618121150026 26.987499999999997 
	3.6690626919265839 37.66931516818542 26.987499999999997 
	7.3840815498423167 37.20317149711412 26.987499999999997 
	14.537026553880084 35.203448691828065 26.987499999999997 
	17.978142382521916 33.66889568373923 26.987499999999997 
	24.281514551728364 29.652978059222558 26.987499999999997 
	27.146535325768411 27.169758400227646 26.987499999999997 
	32.042448591365606 21.460898447225333 26.987499999999997 
	34.075443834805284 18.232684720318215 26.987499999999997 
	37.121310055962788 11.305270102566764 26.987499999999997 
	38.135443463939957 7.603001425106461 26.987499999999997 
	39.043892569285887 0.043187124293756797 26.987499999999997 
	38.938524699706051 -3.8176548475450791 26.987499999999997 
	37.604311234735142 -11.361527609592057 26.987499999999997 
	36.374812199885355 -15.047798790735468 26.987499999999997 
	32.886205213699732 -21.920804316835987 26.987499999999997 
	30.625533639181683 -25.11044440571543 26.987499999999997 
	25.259008681729039 -30.707926648718811 26.987499999999997 
	22.150819308261152 -33.118091008091731 26.987499999999997 
	15.349312122073373 -36.938834857054175 26.987499999999997 
	11.653089753153575 -38.350955236254308 26.987499999999997 
	3.9895067166151996 -40.04200126259839 26.987499999999997 
	0.018924935532321774 -40.321556661606508 26.987499999999997 
	-7.8520898842135427 -39.710657766945971 26.987499999999997 
	-11.755782243163647 -38.819871151243518 26.987499999999997 
	-19.153764834831048 -35.932618558708612 26.987499999999997 
	-22.651071955229238 -33.93489023590022 26.987499999999997 
	-28.928564900851828 -28.994836535511595 26.987499999999997 
	-31.711266416172855 -26.050430766542011 26.987499999999997 
	-36.310468703348064 -19.461999015748173 26.987499999999997 
	-38.128769270564611 -15.815256578341302 26.987499999999997 
	-40.631053979863502 -8.1307211795035155 26.987499999999997 
	-41.315969713888784 -4.0898117658215432 26.987499999999997 
	-41.479877670207784 4.0369611347902632 26.987499999999997 
	-40.958856243531571 8.12607143081215 26.987499999999997 
	-38.743126410108253 15.995252298107248 26.987499999999997 
	-37.047463705252305 19.778420152331194 26.987499999999997 
	-32.616924381071321 26.704481242265619 26.987499999999997 
	-29.880238344626012 29.850056235116558 26.987499999999997 
	-23.593850480973273 35.22148391787951 26.987499999999997 
	-20.041642930220359 37.449373566017627 26.987499999999997 
	-12.423532507234679 40.782627261243512 26.987499999999997 
	-8.3546457646781551 41.889210520395316 26.987499999999997 
	-0.050452319823381629 42.872169740078299 26.987499999999997 
	4.1880578851859163 42.74884522470731 26.987499999999997 
	12.465885309289385 41.269847654758195 26.987499999999997 
	16.508349190951929 39.91353201445574 26.987499999999997 
	24.041674939211177 36.07331600208947 26.987499999999997 
	27.535356057725036 33.587889671360102 26.987499999999997 
	33.662655775847782 27.693212302033629 26.987499999999997 
	36.298524813159283 24.281686474568357 26.987499999999997 
	40.472954351163168 16.820969315439683 26.987499999999997 
	42.013004907778452 12.768952856555456 26.987499999999997 
	43.851144721385275 4.3718750316864234 26.987499999999997 
	44.149838224001051 0.023683323010535891 26.987499999999997 
	43.466773288271959 -8.5919408471734631 26.987499999999997 
	42.484684547390877 -12.862538380412829 26.987499999999997 
	39.312221305976557 -20.952117492591373 26.987499999999997 
	37.120613819670233 -24.77402639414737 26.987499999999997 
	31.706867931429446 -31.630541286918938 26.987499999999997 
	28.48270328711962 -34.667585838887831 26.987499999999997 
	21.272893274483831 -39.683368977548561 26.987499999999997 
	17.284605691790848 -41.663849338312943 26.987499999999997 
	8.8845204045442756 -44.384397092344592 26.987499999999997 
	4.4696941477343595 -45.125362179589658 26.987499999999997 
	-4.4051756276309684 -45.29041822493037 26.987499999999997 
	-8.8683720091173228 -44.714488685027035 26.987499999999997 
	-17.453769149667217 -42.282693218574302 26.987499999999997 
	-21.578975332029078 -40.425893777758233 26.987499999999997 
	-29.127690188317352 -35.580683193305603 26.987499999999997 
	-32.553798794746754 -32.590509241284629 26.987499999999997 
	-38.40069366920924 -25.726556854602702 26.987499999999997 
	-40.823452183224852 -21.850341088435282 26.987499999999997 
	-44.444038455858241 -13.54151387591445 26.987499999999997 
	-45.643043420725306 -9.1060028100922832 26.987499999999997 
	-46.700455091815677 -0.057426135058446376 26.987499999999997 
	-46.559145650076601 4.5587501615347685 26.987499999999997 
	-44.935308525963002 13.570519637037579 26.987499999999997 
	-43.452150267194156 17.969166131040332 26.987499999999997 
	-39.260276624565428 26.162784401807507 26.987499999999997 
	-36.550073925759797 29.960489626427474 26.987499999999997 
	-30.127206288168999 36.617566864227683 26.987499999999997 
	-26.412328488478831 39.479118474576218 26.987499999999997 
	-18.292377116266856 44.007185270869883 26.987499999999997 
	-13.884558265347859 45.675140758530652 26.987499999999997 
	-4.7539766523641491 47.660321830414581 26.987499999999997 
	-0.028174406239926848 47.97812729024394 26.987499999999997 
	9.3320525912699264 47.222844271712923 26.987499999999997 
	13.969548406877751 46.149428605800836 26.987499999999997 
	22.750703034212624 42.691707561530414 26.987499999999997 
	26.897200142864438 40.306199520409002 26.987499999999997 
	34.332703729913234 34.418723026184075 26.987499999999997 
	37.624072422225169 30.914783232893122 26.987499999999997 
	43.056394114130775 23.08356826468161 26.987499999999997 
	45.199031818406105 18.75372560319137 26.987499999999997 
	48.137795142588246 9.6380773611090813 26.987499999999997 
	48.934785292761219 4.8493486172497144 26.987499999999997 
	49.01786342995095 0.037848615727754123 26.987499999999997 
	0 
	null_surface 
	null_surface 
	nullbs 
	nullbs 
	-1 
	-1 
	I I 
	0 
	127 0.0078125 0.015625 0.0234375 0.03125 0.0390625 0.046875 0.0546875 0.0625 0.0703125 0.078125 0.0859375 0.09375 0.1015625 0.109375 0.1171875 0.125 0.1328125 0.140625 0.1484375 0.15625 0.1640625 0.171875 0.1796875 0.1875 0.1953125 0.203125 0.2109375 0.21875 0.2265625 0.234375 0.2421875 0.25 0.2578125 0.265625 0.2734375 0.28125 0.2890625 0.296875 0.3046875 0.3125 0.3203125 0.328125 0.3359375 0.34375 0.3515625 0.359375 0.3671875 0.375 0.3828125 0.390625 0.3984375 0.40625 0.4140625 0.421875 0.4296875 0.4375 0.4453125 0.453125 0.4609375 0.46875 0.4765625 0.484375 0.4921875 0.5 0.5078125 0.515625 0.5234375 0.53125 0.5390625 0.546875 0.5546875 0.5625 0.5703125 0.578125 0.5859375 0.59375 0.6015625 0.609375 0.6171875 0.625 0.6328125 0.640625 0.6484375 0.65625 0.6640625 0.671875 0.6796875 0.6875 0.6953125 0.703125 0.7109375 0.71875 0.7265625 0.734375 0.7421875 0.75 0.7578125 0.765625 0.7734375 0.78125 0.7890625 0.796875 0.8046875 0.8125 0.8203125 0.828125 0.8359375 0.84375 0.8515625 0.859375 0.8671875 0.875 0.8828125 0.890625 0.8984375 0.90625 0.9140625 0.921875 0.9296875 0.9375 0.9453125 0.953125 0.9609375 0.96875 0.9765625 0.984375 0.9921875 
	0 
	
	-1 
	none F F 1 F 0 } I I #
-103 pcurve $-1 -1 -1 $-1 0 forward { exppc 18 nubs 1 open 2 
	0 1 1 1 
	1 0 
	1 1 
	0.001 
	-1 
	spline forward { ref 7 } I I I I 
	} 0 0 #
-104 vertex $-1 -1 -1 $-1 $98 $121 #
-105 intcurve-curve $-1 -1 -1 $-1 forward { exactcur 19 full nubs 3 open 129 
	0 3 0.0078125 2 0.015625 2 0.0234375 2 0.03125 2 
	0.0390625 2 0.046875 2 0.0546875 2 0.0625 2 0.0703125 2 
	0.078125 2 0.0859375 2 0.09375 2 0.1015625 2 0.109375 2 
	0.1171875 2 0.125 2 0.1328125 2 0.140625 2 0.1484375 2 
	0.15625 2 0.1640625 2 0.171875 2 0.1796875 2 0.1875 2 
	0.1953125 2 0.203125 2 0.2109375 2 0.21875 2 0.2265625 2 
	0.234375 2 0.2421875 2 0.25 2 0.2578125 2 0.265625 2 
	0.2734375 2 0.28125 2 0.2890625 2 0.296875 2 0.3046875 2 
	0.3125 2 0.3203125 2 0.328125 2 0.3359375 2 0.34375 2 
	0.3515625 2 0.359375 2 0.3671875 2 0.375 2 0.3828125 2 
	0.390625 2 0.3984375 2 0.40625 2 0.4140625 2 0.421875 2 
	0.4296875 2 0.4375 2 0.4453125 2 0.453125 2 0.4609375 2 
	0.46875 2 0.4765625 2 0.484375 2 0.4921875 2 0.5 2 
	0.5078125 2 0.515625 2 0.5234375 2 0.53125 2 0.5390625 2 
	0.546875 2 0.5546875 2 0.5625 2 0.5703125 2 0.578125 2 
	0.5859375 2 0.59375 2 0.6015625 2 0.609375 2 0.6171875 2 
	0.625 2 0.6328125 2 0.640625 2 0.6484375 2 0.65625 2 
	0.6640625 2 0.671875 2 0.6796875 2 0.6875 2 0.6953125 2 
	0.703125 2 0.7109375 2 0.71875 2 0.7265625 2 0.734375 2 
	0.7421875 2 0.75 2 0.7578125 2 0.765625 2 0.7734375 2 
	0.78125 2 0.7890625 2 0.796875 2 0.8046875 2 0.8125 2 
	0.8203125 2 0.828125 2 0.8359375 2 0.84375 2 0.8515625 2 
	0.859375 2 0.8671875 2 0.875 2 0.8828125 2 0.890625 2 
	0.8984375 2 0.90625 2 0.9140625 2 0.921875 2 0.9296875 2 
	0.9375 2 0.9453125 2 0.953125 2 0.9609375 2 0.96875 2 
	0.9765625 2 0.984375 2 0.9921875 2 1 3 
	19.561349668946129 0.021702353989648718 26.987499999999997 
	19.642855242213763 -1.8986405641945738 26.987499999999997 
	19.439503917398575 -3.8427712583409717 26.987499999999997 
	18.467080777149942 -7.6101555449983058 26.987499999999997 
	17.698054618719922 -9.4329159710643609 26.987499999999997 
	15.64795681352026 -12.794703185502385 26.987499999999997 
	14.367075258735291 -14.333266449107278 26.987499999999997 
	11.393268919060333 -16.984885859351394 26.987499999999997 
	9.700665104549941 -18.097549911193152 26.987499999999997 
	6.0420085943537778 -19.789681624971987 26.987499999999997 
	4.0763822595793924 -20.368865007175224 26.987499999999997 
	0.037540882304032755 -20.930716657336287 26.987499999999997 
	-2.0351778254953445 -20.913236073211284 26.987499999999997 
	-6.1090724018359328 -20.269410105202649 26.987499999999997 
	-8.1097243695175631 -19.643067489451699 26.987499999999997 
	-11.862564903772197 -17.822380540322214 26.987499999999997 
	-13.614247778729698 -16.628193682831057 26.987499999999997 
	-16.710072692629893 -13.763488202658184 26.987499999999997 
	-18.053772393593558 -12.093271193729803 26.987499999999997 
	-20.206798255591565 -8.4120380356635334 26.987499999999997 
	-21.0157859205286 -6.4014440635204259 26.987499999999997 
	-22.016670094822054 -2.2078859639602233 26.987499999999997 
	-22.208364089048096 -0.025429820924569198 26.987499999999997 
	-21.944293630317802 4.3246320629137243 26.987499999999997 
	-21.488483407988213 6.491687093844825 26.987499999999997 
	-19.955182715335443 10.620997656080295 26.987499999999997 
	-18.877810537349578 12.582707507063986 26.987499999999997 
	-16.182236266857625 16.125293203443203 26.987499999999997 
	-14.564309474857913 17.70567668535163 26.987499999999997 
	-10.917600252762032 20.339255133248695 26.987499999999997 
	-8.8892290459026597 21.392055602235875 26.987499999999997 
	-4.5903310661895746 22.86727134134572 26.987499999999997 
	-2.3203179119055837 23.289426771436069 26.987499999999997 
	2.2684591944420975 23.453267876804059 26.987499999999997 
	4.5866503770879419 23.194853989361494 26.987499999999997 
	9.0701543229220984 22.006065645163812 26.987499999999997 
	11.234884488337242 21.07576386750312 26.987499999999997 
	15.219147986419514 18.610738907198307 26.987499999999997 
	17.038140046183763 17.076257631820326 26.987499999999997 
	20.164985124907805 13.524695433922567 26.987499999999997 
	21.472386690102791 11.508007635084338 26.987499999999997 
	23.451567341758079 7.15852251011931 26.987499999999997 
	24.123026290619503 4.8262378223776023 26.987499999999997 
	24.759029686230015 0.042988770268569731 26.987499999999997 
	24.72341601225305 -2.4073862880146817 26.987499999999997 
	23.934458698724306 -7.2151597101112781 26.987499999999997 
	23.181135946107073 -9.5719425145002113 26.987499999999997 
	21.008533174581295 -13.984931911983843 26.987499999999997 
	19.589454577328262 -16.040550361380486 26.987499999999997 
	16.196355552152124 -19.665942579101284 26.987499999999997 
	14.222702726179374 -21.235207864667174 26.987499999999997 
	9.882103197874466 -23.741613490464527 26.987499999999997 
	7.5156610201787126 -24.678371193469815 26.987499999999997 
	2.5885479142215742 -25.826014763579064 26.987499999999997 
	0.028476585628853072 -26.036679779460602 26.987499999999997 
	-5.0661556761451383 -25.700109527911231 26.987499999999997 
	-7.6000729064375632 -25.1528375391974 26.987499999999997 
	-12.420847317127292 -23.334021498555284 26.987499999999997 
	-14.707072455025044 -22.062631392041158 26.987499999999997 
	-18.828467068021169 -18.893114608481007 26.987499999999997 
	-20.663071885812084 -16.995322419513535 26.987499999999997 
	-23.712957683211304 -12.72705913027287 26.987499999999997 
	-24.927792166316479 -10.357076878063895 26.987499999999997 
	-26.620961578412651 -5.3425410960473201 26.987499999999997 
	-27.099009440363712 -2.6985905618517307 26.987499999999997 
	-27.263680518224323 2.6382778349040534 26.987499999999997 
	-26.950204061698255 5.3305294959809117 26.987499999999997 
	-25.545050512803819 10.530153100699946 26.987499999999997 
	-24.453473116573171 13.036853005848167 26.987499999999997 
	-21.573521000589519 17.643592787098623 26.987499999999997 
	-19.785440005112413 19.743013643558005 26.987499999999997 
	-15.656121948577725 23.345084390166509 26.987499999999997 
	-13.315350165718456 24.847223469353427 26.987499999999997 
	-8.275036425785105 27.113453058203167 26.987499999999997 
	-5.5760933851811965 27.87718757441494 26.987499999999997 
	-0.048436658227747703 28.587342714772586 26.987499999999997 
	2.7795947506269076 28.533595951609826 26.987499999999997 
	8.321247018293672 27.599507291931005 26.987499999999997 
	11.0341606596599 26.71920440306025 26.987499999999997 
	16.107298920018426 24.194685808542609 26.987499999999997 
	18.466852944245488 22.550715472021295 26.987499999999997 
	22.621812465358428 18.629222901450291 26.987499999999997 
	24.416643336003808 16.352134258747245 26.987499999999997 
	27.276428725074499 11.352168359967107 26.987499999999997 
	28.340956466712722 8.6298779768742815 26.987499999999997 
	29.635359432034427 2.9692098644455958 26.987499999999997 
	29.864995470175391 0.031523350283110554 26.987499999999997 
	29.455925425202381 -5.8076792893265434 26.987499999999997 
	28.817191670657664 -8.708458719159891 26.987499999999997 
	26.712860281524069 -14.220696978044682 26.987499999999997 
	25.247452246936923 -16.831437403182527 26.987499999999997 
	21.603992949900242 -21.531640932402748 26.987499999999997 
	19.426335364311011 -23.620467086502675 26.987499999999997 
	14.536518007641861 -27.0866602329438 26.987499999999997 
	11.824924710275967 -28.463528730660077 26.987499999999997 
	6.0947511258541951 -30.374651815216556 26.987499999999997 
	3.0768632117768457 -30.908592109541715 26.987499999999997 
	-3.0080964753449733 -31.07409315939417 26.987499999999997 
	-6.0744086149706717 -30.705554134234156 26.987499999999997 
	-11.990151878380946 -29.08403538024471 26.987499999999997 
	-14.838821523518614 -27.831182365840277 26.987499999999997 
	-20.068037587618189 -24.536303093783658 26.987499999999997 
	-22.447887241117172 -22.494622378548705 26.987499999999997 
	-26.525183655240255 -17.787548463088708 26.987499999999997 
	-28.222060248838289 -15.122692696434271 26.987499999999997 
	-30.775338774414045 -9.391550341369209 26.987499999999997 
	-31.631348858415322 -6.3259489479879845 26.987499999999997 
	-32.415655743110221 -0.053884546183730758 26.987499999999997 
	-32.343775891177714 3.1518032132981846 26.987499999999997 
	-31.264555884926569 9.427334326417057 26.987499999999997 
	-30.257272860169955 12.496378804942012 26.987499999999997 
	-27.380838442347457 18.229665927930498 26.987499999999997 
	-25.511976366847595 20.8931555272876 26.987499999999997 
	-21.062090250615093 25.57768235143859 26.987499999999997 
	-18.481565791400403 27.598078807545761 26.987499999999997 
	-12.822233521974461 30.811243959479139 26.987499999999997 
	-9.744094933590727 32.003541740157118 26.987499999999997 
	-3.3498718146489015 33.444704100288249 26.987499999999997 
	-0.03457011490182052 33.693311161076565 26.987499999999997 
	6.5492029024725209 33.211741322307148 26.987499999999997 
	9.816844531963353 32.48154580228497 26.987499999999997 
	16.02054663888093 30.091699064325816 26.987499999999997 
	18.955802351468407 28.43227310195806 26.987499999999997 
	24.234814796655911 24.314871291194084 26.987499999999997 
	26.577862287351273 21.857348309176633 26.987499999999997 
	30.46036278251821 16.345976884942818 26.987499999999997 
	31.999265295149918 13.292772542521869 26.987499999999997 
	34.128342051874277 6.8469611556271142 26.987499999999997 
	34.718174778883771 3.4551358616879875 26.987499999999997 
	34.884505800400014 -3.3779151157719185 26.987499999999997 
	34.460904206974718 -6.8182877340157155 26.987499999999997 
	32.623020247480952 -13.450150656006556 26.987499999999997 
	31.208891615245612 -16.640790041279214 26.987499999999997 
	27.499085186839505 -22.492482388047716 26.987499999999997 
	25.203804752070901 -25.152760838824136 26.987499999999997 
	19.918974977513798 -29.705282920166216 26.987499999999997 
	16.930035227185773 -31.596897028451405 26.987499999999997 
	10.508064256917624 -34.437224490496646 26.987499999999997 
	7.0758045107966456 -35.385510142588394 26.987499999999997 
	0.059332434137971714 -36.243968771275171 26.987499999999997 
	-3.5240116760101077 -36.153955830891292 26.987499999999997 
	-10.533421634499916 -34.929604477776373 26.987499999999997 
	-13.958596950297581 -33.795341317384739 26.987499999999997 
	-20.352032935769302 -30.566991076047103 26.987499999999997 
	-23.319458110422328 -28.473237261767338 26.987499999999997 
	-28.533552237425955 -23.494957599686607 26.987499999999997 
	-30.77951427921111 -20.610997324117434 26.987499999999997 
	-34.346059193760432 -14.292298683917826 26.987499999999997 
	-35.666127013750604 -10.858311890320589 26.987499999999997 
	-37.254048768393055 -3.730533764838567 26.987499999999997 
	-37.521626852101406 -0.037616879494713901 26.987499999999997 
	-36.967557219288224 7.2907265155924321 26.987499999999997 
	-36.145899934026353 10.925230344833784 26.987499999999997 
	-33.470537847013524 17.820396299650088 26.987499999999997 
	-31.617093957065961 21.080167299819244 26.987499999999997 
	-27.02574963240108 26.93798866084423 26.987499999999997 
	-24.288361254120012 29.535257488325655 26.987499999999997 
	-18.155435762165816 33.834065331966961 26.987499999999997 
	-14.760620374795041 35.535001859782739 26.987499999999997 
	-7.5991711853730139 37.882032288388949 26.987499999999997 
	-3.8334085115887886 38.527757448346172 26.987499999999997 
	3.7477337561883806 38.694918441285466 26.987499999999997 
	7.5621668531055537 38.216254279792999 26.987499999999997 
	14.910149433587595 36.162005114639406 26.987499999999997 
	18.442758559114377 34.586600864726329 26.987499999999997 
	24.916927188402457 30.461867279820101 26.987499999999997 
	27.85763443659539 27.912987125650478 26.987499999999997 
	32.885382185027758 22.050401491881601 26.987499999999997 
	34.971733808159549 18.737377757983023 26.987499999999997 
	38.099110206484312 11.624578172420172 26.987499999999997 
	39.139671426887318 7.8256600736083488 26.987499999999997 
	40.07228179931424 0.064780322088919734 26.987499999999997 
	39.964135770681047 -3.8962201387553295 26.987499999999997 
	38.594653070550116 -11.639508942549231 26.987499999999997 
	37.333409774748858 -15.420815095707122 26.987499999999997 
	33.753143709597502 -22.474399943553916 26.987499999999997 
	31.434498156754287 -25.74576069368662 26.987499999999997 
	25.927824948690727 -31.489422123283919 26.987499999999997 
	22.740428856854987 -33.960949750976042 26.987499999999997 
	15.762363845840902 -37.880874427942018 26.987499999999997 
	11.972528847069713 -39.328712287404969 26.987499999999997 
	4.1111957150092282 -41.063393436436897 26.987499999999997 
	0.040663644071994333 -41.349942543222276 26.987499999999997 
	-8.0322501286969992 -40.723373116173299 26.987499999999997 
	-12.033616157758185 -39.810254065870687 26.987499999999997 
	-19.620245960365512 -36.849376629598197 26.987499999999997 
	-23.204532248295841 -34.801914812256463 26.987499999999997 
	-29.641162524906598 -29.736627973525632 26.987499999999997 
	-32.492652689332701 -26.719374199096485 26.987499999999997 
	-37.207767881382914 -19.964894639355947 26.987499999999997 
	-39.070738424516108 -16.228468207096338 26.987499999999997 
	-41.635722524803157 -8.3513812150905231 26.987499999999997 
	-42.337340117949182 -4.2116811614821126 26.987499999999997 
	-42.505331082030331 4.1175523965976399 26.987499999999997 
	-41.971604352663491 8.3060459722208293 26.987499999999997 
	-39.700989981745721 16.370148211142929 26.987499999999997 
	-37.964310114245464 20.244727077016904 26.987499999999997 
	-33.42464937276214 27.341371988690085 26.987499999999997 
	-30.622169499277021 30.562508034458055 26.987499999999997 
	-24.18182800620222 36.065481449798106 26.987499999999997 
	-20.544720288805649 38.346570587970888 26.987499999999997 
	-12.741092087897613 41.760995922368636 26.987499999999997 
	-8.5755156364163696 42.893832711205604 26.987499999999997 
	-0.07022821004383073 43.900594827333954 26.987499999999997 
	4.2684286015177779 43.774315710549025 26.987499999999997 
	12.745596250581585 42.259701663245544 26.987499999999997 
	16.883033241150713 40.871478232177502 26.987499999999997 
	24.596766951304719 36.939296343083306 26.987499999999997 
	28.172063276934814 34.395759051785646 26.987499999999997 
	34.445292009157789 28.360692297650662 26.987499999999997 
	37.142385222802254 24.869860389635082 26.987499999999997 
	41.415689662062462 17.232429007721191 26.987499999999997 
	42.991297561193356 13.086745803814427 26.987499999999997 
	44.872738104346752 4.491857665184023 26.987499999999997 
	45.178258234382561 0.04371040863656965 26.987499999999997 
	44.479189013018932 -8.7737737417885651 26.987499999999997 
	43.474608197756346 -13.142001970696047 26.987499999999997 
	40.228215412141658 -21.420095621067205 26.987499999999997 
	37.986735667504121 -25.328897196760263 26.987499999999997 
	32.447506314592843 -32.344336388981318 26.987499999999997 
	29.150387144118284 -35.450047890443052 26.987499999999997 
	21.774353516500774 -40.58147043069556 26.987499999999997 
	17.696316039406245 -42.606474989266822 26.987499999999997 
	9.103591244799718 -45.389412761199949 26.987499999999997 
	4.5899538113678524 -46.146922787546927 26.987499999999997 
	-4.48737103699934 -46.315743722780461 26.987499999999997 
	-9.049925091386017 -45.72695442565567 26.987499999999997 
	-17.830146988648327 -43.239974848730398 26.987499999999997 
	-22.046695594929528 -41.342019363876837 26.987499999999997 
	-29.765816788967335 -36.387431465592101 26.987499999999997 
	-33.267381632350215 -33.331351872955551 26.987499999999997 
	-39.245580714538988 -26.313254520470839 26.987499999999997 
	-41.721407367823453 -22.352062819642782 26.987499999999997 
	-45.422881638211749 -13.857606003360564 26.987499999999997 
	-46.647993995650317 -9.3253711992296768 26.987499999999997 
	-47.728907855227284 -0.075676097993151142 26.987499999999997 
	-47.584495650497388 4.6406370642987769 26.987499999999997 
	-45.924750255860573 13.851683558595409 26.987499999999997 
	-44.409546689549792 18.345251386638999 26.987499999999997 
	-40.12544897662557 26.719133959010563 26.987499999999997 
	-37.35701994687107 30.598365860317827 26.987499999999997 
	-30.793559646556282 37.401161894897108 26.987499999999997 
	-26.999291922426494 40.323820694663993 26.987499999999997 
	-18.702494169590132 44.950504896147415 26.987499999999997 
	-14.200962760574736 46.653882834976642 26.987499999999997 
	-4.8725196153435295 48.682082772261722 26.987499999999997 
	-0.046757173191722817 49.006573925656426 26.987499999999997 
	9.5152973548710236 48.235004909751034 26.987499999999997 
	14.250387783679788 47.138962329631646 26.987499999999997 
	23.219945281722989 43.6070541946955 26.987499999999997 
	27.453262145281638 41.171556522748901 26.987499999999997 
	35.047510252998904 35.158384655663191 26.987499999999997 
	38.407443091584625 31.581400089169229 26.987499999999997 
	43.95517297997732 23.583812393615897 26.987499999999997 
	46.142211554079736 19.164163871713672 26.987499999999997 
	49.143102997534498 9.8558012745114318 26.987499999999997 
	49.956505454264708 4.9682264736046235 26.987499999999997 
	50.041330910337628 0.055518391927280378 26.987499999999997 
	0 
	null_surface 
	null_surface 
	nullbs 
	nullbs 
	-1 
	-1 
	I I 
	0 
	127 0.0078125 0.015625 0.0234375 0.03125 0.0390625 0.046875 0.0546875 0.0625 0.0703125 0.078125 0.0859375 0.09375 0.1015625 0.109375 0.1171875 0.125 0.1328125 0.140625 0.1484375 0.15625 0.1640625 0.171875 0.1796875 0.1875 0.1953125 0.203125 0.2109375 0.21875 0.2265625 0.234375 0.2421875 0.25 0.2578125 0.265625 0.2734375 0.28125 0.2890625 0.296875 0.3046875 0.3125 0.3203125 0.328125 0.3359375 0.34375 0.3515625 0.359375 0.3671875 0.375 0.3828125 0.390625 0.3984375 0.40625 0.4140625 0.421875 0.4296875 0.4375 0.4453125 0.453125 0.4609375 0.46875 0.4765625 0.484375 0.4921875 0.5 0.5078125 0.515625 0.5234375 0.53125 0.5390625 0.546875 0.5546875 0.5625 0.5703125 0.578125 0.5859375 0.59375 0.6015625 0.609375 0.6171875 0.625 0.6328125 0.640625 0.6484375 0.65625 0.6640625 0.671875 0.6796875 0.6875 0.6953125 0.703125 0.7109375 0.71875 0.7265625 0.734375 0.7421875 0.75 0.7578125 0.765625 0.7734375 0.78125 0.7890625 0.796875 0.8046875 0.8125 0.8203125 0.828125 0.8359375 0.84375 0.8515625 0.859375 0.8671875 0.875 0.8828125 0.890625 0.8984375 0.90625 0.9140625 0.921875 0.9296875 0.9375 0.9453125 0.953125 0.9609375 0.96875 0.9765625 0.984375 0.9921875 
	0 
	
	-1 
	none F F 1 F 0 } I I #
-106 point $-1 -1 -1 $-1 19.561349668946129 0.021702353989648718 26.987499999999997 #
-107 point $-1 -1 -1 $-1 18.538650331053887 -0.021702353989648718 26.987499999999997 #
-108 pcurve $-1 -1 -1 $-1 0 forward { exppc 20 nubs 2 open 7 
	-8.1713871282453551e-32 2 0.52359877559829882 2 1.0471975511965976 2 1.5707963267948966 2 2.0943951023931953 2 
	2.6179938779914944 2 3.1415926535897931 2 
	1 1 
	0.92141380084453672 1 
	0.8793429211609608 1 
	0.83592687340951088 1 
	0.8057857626459759 1 
	0.77527658492793661 1 
	0.75000000000000688 1 
	0.72472341507207372 1 
	0.69421423735402998 1 
	0.66407312659049311 1 
	0.62065707883904331 1 
	0.57858619915546738 1 
	0.50000000000000011 1 
	0.001 
	0.00021918365004014451 
	spline forward { ref 4 } I I I I 
	} 0 0 #
-109 ellipse-curve $-1 -1 -1 $-1 49.529597170144292 0.04668350382751725 -2.6858147867814892e-20 -0.017262046657476628 0.9998509997720636 -1.3504079102246437e-34 0.51173374019333751 0.0088348880997631274 2.6858147867773267e-20 1 I I #
-110 pcurve $-1 -1 -1 $-1 0 forward { exppc 21 nubs 2 open 7 
	-3.1415926535897931 2 -2.6179938779914944 2 -2.0943951023931957 2 -1.5707963267948966 2 -1.0471975511965979 2 
	-0.5235987755982987 2 0 2 
	0.5 0 
	0.57858619915546627 5.8803234138240099e-20 
	0.6206570788390422 9.0283364428559236e-20 
	0.66407312659049389 3.1095086233170051e-19 
	0.69421423735403043 4.6414683111927129e-19 
	0.72472341507206994 4.4021631849313693e-19 
	0.75 4.2039009963028861e-19 
	0.77527658492793106 3.2604326318684316e-19 
	0.80578576264597179 2.1216536360527272e-19 
	0.835926873409508 2.6813817975838628e-19 
	0.87934292116095913 3.4876289455246281e-19 
	0.9214138008445345 2.2715575872592834e-19 
	1 0 
	0.001 
	0.00021918365003847917 
	spline forward { ref 4 } I I I I 
	} 0 0 #
-111 ellipse-curve $-1 -1 -1 $-1 19.050000000000008 0 0 0.042403145678374186 -0.99910058214204778 0 0.51134966894612188 0.021702353989648718 0 1 I I #
-112 ellipse-curve $-1 -1 -1 $-1 49.529597170144292 0.04668350382751725 -2.6858147867814892e-20 -0.017262046657476628 0.9998509997720636 -1.3504079102246437e-34 0.51173374019333751 0.0088348880997631274 2.6858147867773267e-20 1 I I #
-113 point $-1 -1 -1 $-1 49.01786342995095 0.037848615727754123 5.4210108624275197e-17 #
-114 point $-1 -1 -1 $-1 50.041330910337628 0.055518391927280378 -1.1754943508222875e-35 #
-115 pcurve $-1 -1 -1 $-1 0 forward { exppc 22 nubs 2 open 7 
	5.2476793864468041e-20 2 0.52359877559829882 2 1.0471975511965976 2 1.5707963267948966 2 2.0943951023931953 2 
	2.6179938779914944 2 3.1415926535897931 2 
	1 1 
	0.9214138008445345 1 
	0.87934292116096047 1 
	0.83592687340950955 1 
	0.80578576264597235 1 
	0.77527658492793528 1 
	0.75000000000000688 1 
	0.72472341507207427 1 
	0.69421423735403243 1 
	0.66407312659049533 1 
	0.62065707883904309 1 
	0.57858619915546683 1 
	0.5 1 
	0.001 
	0.00021918365003881224 
	spline forward { ref 7 } I I I I 
	} 0 0 #
-116 ellipse-curve $-1 -1 -1 $-1 49.529597170144292 0.04668350382751725 26.987499999999997 -0.017262046657476628 0.9998509997720636 -1.3504079102246437e-34 0.51173374019333751 0.0088348880997631274 2.6858147867773267e-20 1 I I #
-117 pcurve $-1 -1 -1 $-1 0 forward { exppc 23 nubs 2 open 7 
	-3.1415926535897931 2 -2.6179938779914944 2 -2.0943951023931957 2 -1.5707963267948966 2 -1.0471975511965979 2 
	-0.5235987755982987 2 0 2 
	0.5 0 
	0.57858619915546561 1.2141137755246976e-19 
	0.6206570788390422 1.8640858459543176e-19 
	0.66407312659049311 7.6383616618633247e-20 
	0.69421423735402821 0 
	0.72472341507206872 2.2991092443998746e-19 
	0.75 4.203900996302823e-19 
	0.77527658492793217 5.7169954944777548e-19 
	0.80578576264597401 7.543320889329525e-19 
	0.83592687340950755 6.7242988427916633e-19 
	0.87934292116096302 5.5445579712308404e-19 
	0.92141380084454183 3.6112737118177014e-19 
	1 0 
	0.001 
	0.00021918365004280904 
	spline forward { ref 7 } I I I I 
	} 0 0 #
-118 ellipse-curve $-1 -1 -1 $-1 19.050000000000008 0 26.987499999999997 0.042403145678374186 -0.99910058214204778 0 0.51134966894612188 0.021702353989648718 0 1 I I #
-119 ellipse-curve $-1 -1 -1 $-1 49.529597170144292 0.04668350382751725 26.987499999999997 -0.017262046657476628 0.9998509997720636 -1.3504079102246437e-34 0.51173374019333751 0.0088348880997631274 2.6858147867773267e-20 1 I I #
-120 point $-1 -1 -1 $-1 49.01786342995095 0.037848615727754123 26.987499999999997 #
-121 point $-1 -1 -1 $-1 50.041330910337628 0.055518391927280378 26.987499999999997 #
End-of-ACIS-data 