ISO-10303-21;
HEADER;
FILE_DESCRIPTION (( 'STEP AP214' ),
    '1' );
FILE_NAME ('Coils.STEP',
    '2025-12-04T20:10:26',
    ( '' ),
    ( '' ),
    'SwSTEP 2.0',
    'SolidWorks 2025',
    '' );
FILE_SCHEMA (( 'AUTOMOTIVE_DESIGN' ));
ENDSEC;

DATA;
#1 = CARTESIAN_POINT ( 'NONE',  ( -0.8637791631168607598, -0.08651277420649261529, 0.02015000000000002206 ) ) ;
#2 = CARTESIAN_POINT ( 'NONE',  ( -0.1714148252238384684, 0.8608732046719057562, 0.005270901231338729134 ) ) ;
#3 = CARTESIAN_POINT ( 'NONE',  ( 1.307091559249833557, 0.2613778185360193795, -0.02015000000000002206 ) ) ;
#4 = CARTESIAN_POINT ( 'NONE',  ( 0.7733407575674710044, -0.07474962851159740185, 0.000000000000000000 ) ) ;
#5 = CARTESIAN_POINT ( 'NONE',  ( -0.7615103735331946178, -0.3155530027955608663, -0.02015000000000002206 ) ) ;
#6 = CARTESIAN_POINT ( 'NONE',  ( -0.4147016391535399693, -1.375181278652612971, 0.000000000000000000 ) ) ;
#7 = CARTESIAN_POINT ( 'NONE',  ( 0.6665368199679438943, -1.243972323954779746, 0.005270901231338727400 ) ) ;
#8 = CARTESIAN_POINT ( 'NONE',  ( 1.748150349007846049, -0.3448855651641334341, 0.02015000000000002206 ) ) ;
#9 = CARTESIAN_POINT ( 'NONE',  ( 0.6376517933918159908, -0.7742497078386332277, -0.005270901231338727400 ) ) ;
#10 = CARTESIAN_POINT ( 'NONE',  ( 0.7382576071512380045, -0.8993680258489382684, -0.005270901231338724797 ) ) ;
#11 = CARTESIAN_POINT ( 'NONE',  ( -0.3257888356608308889, 1.067458781819022429, 0.000000000000000000 ) ) ;
#12 = CARTESIAN_POINT ( 'NONE',  ( 0.3746180060972844061, 1.899015941328781043, -0.005270901231338727400 ) ) ;
#13 = CARTESIAN_POINT ( 'NONE',  ( 0.9103028056609476781, 0.1807433537861549422, 2.134256245050205639E-18 ) ) ;
#14 = CARTESIAN_POINT ( 'NONE',  ( -0.7554669695529671047, -1.417385504094569981, 0.02015000000000002206 ) ) ;
#15 = CARTESIAN_POINT ( 'NONE',  ( 0.5734290882338448636, 1.388801837777083881, 0.02015000000000002206 ) ) ;
#16 = CARTESIAN_POINT ( 'NONE',  ( -1.188386632590250347, 0.4908918858248318418, -0.02015000000000002206 ) ) ;
#17 = CARTESIAN_POINT ( 'NONE',  ( 1.135307068356967486, 7.949201421640480429E-05, 0.005270901231338729134 ) ) ;
#18 = CARTESIAN_POINT ( 'NONE',  ( -0.3376187258431641580, 1.688733571307307280, 0.000000000000000000 ) ) ;
#19 = CARTESIAN_POINT ( 'NONE',  ( 1.319829494299890049, -0.2620365884575798776, -0.02015000000000002206 ) ) ;
#20 = CARTESIAN_POINT ( 'NONE',  ( -0.09135109889392062366, 0.9169065658045697509, -0.005270901231338727400 ) ) ;
#21 = CARTESIAN_POINT ( 'NONE',  ( 0.8906225380062372521, 0.7334339724980429853, 0.000000000000000000 ) ) ;
#22 = CARTESIAN_POINT ( 'NONE',  ( -1.563031101643532317, 0.6444940240607452964, 0.000000000000000000 ) ) ;
#23 = CARTESIAN_POINT ( 'NONE',  ( 1.748150349007846049, -0.3448855651641334341, 0.02015000000000002206 ) ) ;
#24 = CARTESIAN_POINT ( 'NONE',  ( 0.7609300212894080095, -1.136363958365058435, 2.134256245050205639E-18 ) ) ;
#25 = CARTESIAN_POINT ( 'NONE',  ( -0.7087335346019101312, 0.4741540910467859082, -0.005270901231338724797 ) ) ;
#26 = CARTESIAN_POINT ( 'NONE',  ( -0.4109988121085950130, 0.7683848788927464257, 0.02015000000000002206 ) ) ;
#27 = CARTESIAN_POINT ( 'NONE',  ( -0.4709623701424829334, -1.142195918614966832, -0.02015000000000002206 ) ) ;
#28 = CARTESIAN_POINT ( 'NONE',  ( 0.002265443225023133170, -1.423881906467276082, 0.02015000000000002206 ) ) ;
#29 = CARTESIAN_POINT ( 'NONE',  ( 0.8952924746793301525, -1.337045265786458437, 0.000000000000000000 ) ) ;
#30 = CARTESIAN_POINT ( 'NONE',  ( 1.051687412658427911, -0.5598699597655386606, 0.005270901231338727400 ) ) ;
#31 = CARTESIAN_POINT ( 'NONE',  ( -0.8112142806861246669, -0.6671002809389049437, 0.02015000000000002206 ) ) ;
#32 = CARTESIAN_POINT ( 'NONE',  ( -0.7795373108393753858, -1.169247957987746611, 0.005270901231338729134 ) ) ;
#33 = CARTESIAN_POINT ( 'NONE',  ( -0.4900560800000702821, 1.608513222176490176, -0.02015000000000002206 ) ) ;
#34 = CARTESIAN_POINT ( 'NONE',  ( -0.8667980352292148361, -0.08692464425040249965, 0.000000000000000000 ) ) ;
#35 = CARTESIAN_POINT ( 'NONE',  ( -0.8495659579539007744, -1.591570621171583877, -0.005270901231338724797 ) ) ;
#36 = CARTESIAN_POINT ( 'NONE',  ( -0.1800214834694956745, 0.8973209901430994062, 0.02015000000000002206 ) ) ;
#37 = CARTESIAN_POINT ( 'NONE',  ( -0.5811267864092536373, 1.399015821251289093, 0.000000000000000000 ) ) ;
#38 = CARTESIAN_POINT ( 'NONE',  ( 1.166746434332063931, 0.1168980261592754283, 0.005270901231338727400 ) ) ;
#39 = CARTESIAN_POINT ( 'NONE',  ( -1.785403045475126849, -0.5446387592111008313, 0.02015000000000002206 ) ) ;
#40 = CARTESIAN_POINT ( 'NONE',  ( -1.073373248748989095, 0.1038692060985847848, -0.005270901231338727400 ) ) ;
#41 = CARTESIAN_POINT ( 'NONE',  ( 0.8211429273686990937, -0.8198606601817944872, -0.005270901231338724797 ) ) ;
#42 = CARTESIAN_POINT ( 'NONE',  ( 1.356728512085618732, -0.2684365249612486459, 0.000000000000000000 ) ) ;
#43 = CARTESIAN_POINT ( 'NONE',  ( -1.748407349982275427, 0.7222539915999606208, -0.005270901231338727400 ) ) ;
#44 = CARTESIAN_POINT ( 'NONE',  ( 0.3429078182511584583, 0.8284490771591395131, 2.134256245050205639E-18 ) ) ;
#45 = CARTESIAN_POINT ( 'NONE',  ( 0.6602887923510039059, -0.3538000944934622249, 0.005270901231338729134 ) ) ;
#46 = CARTESIAN_POINT ( 'NONE',  ( 1.340662406680752650, 0.2688992826293178928, -0.02015000000000002206 ) ) ;
#47 = CARTESIAN_POINT ( 'NONE',  ( -1.232984250545575255, 0.1211860420625452128, 0.005270901231338729134 ) ) ;
#48 = CARTESIAN_POINT ( 'NONE',  ( 0.6967053558821356685, -1.677420275167984975, 0.000000000000000000 ) ) ;
#49 = CARTESIAN_POINT ( 'NONE',  ( -1.036948417296990943, 1.034658888633163798, -0.02015000000000002206 ) ) ;
#50 = CARTESIAN_POINT ( 'NONE',  ( 0.7938970521617246812, 0.5324683241701797520, -0.005270901231338727400 ) ) ;
#51 = CARTESIAN_POINT ( 'NONE',  ( 0.5723038585685772395, -1.066403946178889672, 0.000000000000000000 ) ) ;
#52 = CARTESIAN_POINT ( 'NONE',  ( 0.6160612918708763264, -0.5037284718701726671, 0.005270901231338727400 ) ) ;
#53 = CARTESIAN_POINT ( 'NONE',  ( -1.577179403008766911, 1.050286473323958081, 0.02015000000000002206 ) ) ;
#54 = CARTESIAN_POINT ( 'NONE',  ( 0.9944491606979937171, -1.208973490107039916, 2.134256245050205639E-18 ) ) ;
#55 = CARTESIAN_POINT ( 'NONE',  ( 0.6510448399406715270, 1.574236381604599000, 0.02015000000000002206 ) ) ;
#56 = CARTESIAN_POINT ( 'NONE',  ( 0.6126211240431634897, 0.9182437760850152841, -0.005270901231338724797 ) ) ;
#57 = CARTESIAN_POINT ( 'NONE',  ( -0.7882100552547419703, -0.9635908609485397402, -0.02015000000000002206 ) ) ;
#58 = CARTESIAN_POINT ( 'NONE',  ( -1.270338012875793510, 0.1238685036087551622, 0.02015000000000002206 ) ) ;
#59 = CARTESIAN_POINT ( 'NONE',  ( -0.5811267864092536373, 1.399015821251289093, 0.000000000000000000 ) ) ;
#60 = CARTESIAN_POINT ( 'NONE',  ( -1.077985765446750399, 0.7177033829893897376, 0.005270901231338727400 ) ) ;
#61 = CARTESIAN_POINT ( 'NONE',  ( -0.7406261955097727112, 0.4937850676044521769, 0.02015000000000002206 ) ) ;
#62 = CARTESIAN_POINT ( 'NONE',  ( 0.9629528668365238131, -0.9623349713919471249, 0.005270901231338729134 ) ) ;
#63 = CARTESIAN_POINT ( 'NONE',  ( -1.429516914522611426, -0.1423661433823523725, -0.02015000000000002206 ) ) ;
#64 = CARTESIAN_POINT ( 'NONE',  ( -0.7363186680940996265, 1.769704917171158076, -0.005270901231338727400 ) ) ;
#65 = CARTESIAN_POINT ( 'NONE',  ( -0.6871562657349298275, -1.664672961361193027, -0.005270901231338724797 ) ) ;
#66 = CARTESIAN_POINT ( 'NONE',  ( -1.748407349982275427, 0.7222539915999606208, 0.005270901231338727400 ) ) ;
#67 = EDGE_CURVE ( 'NONE', #5396, #2843, #5352, .T. ) ;
#68 = CARTESIAN_POINT ( 'NONE',  ( 1.519474530336618612, -0.4582483835649303616, 0.000000000000000000 ) ) ;
#69 = CARTESIAN_POINT ( 'NONE',  ( 0.1211363469203482618, -1.216873705100067538, 0.005270901231338727400 ) ) ;
#70 = CARTESIAN_POINT ( 'NONE',  ( 1.459799075146788860, 0.9773861619861045069, 0.02015000000000002206 ) ) ;
#71 = CARTESIAN_POINT ( 'NONE',  ( -0.6163827538810128237, 0.9190978106364767752, -0.005270901231338727400 ) ) ;
#72 = CARTESIAN_POINT ( 'NONE',  ( 0.7390892277421293732, -0.6068918470879590688, -0.005270901231338724797 ) ) ;
#73 = CARTESIAN_POINT ( 'NONE',  ( 0.3276081503265225736, 1.086594775272874180, 0.000000000000000000 ) ) ;
#74 = CARTESIAN_POINT ( 'NONE',  ( 0.7733407575674710044, -0.07474962851159740185, 0.000000000000000000 ) ) ;
#75 = DIRECTION ( 'NONE',  ( 0.04240314567837418641, -0.9991005821420477773, 0.000000000000000000 ) ) ;
#76 = CARTESIAN_POINT ( 'NONE',  ( -1.772037409520452078, 0.5351052478975928395, 0.02015000000000002206 ) ) ;
#77 = CARTESIAN_POINT ( 'NONE',  ( -0.07795279814462383050, -0.7859685352779626211, 0.02015000000000002206 ) ) ;
#78 = CARTESIAN_POINT ( 'NONE',  ( 1.363833459186842623, 0.1356553181387880891, -0.02015000000000002206 ) ) ;
#79 = CARTESIAN_POINT ( 'NONE',  ( -1.191846861493955467, 0.3603949715128422215, 0.005270901231338729134 ) ) ;
#80 = CARTESIAN_POINT ( 'NONE',  ( -1.279238294855618019, -1.051943866106160863, 0.000000000000000000 ) ) ;
#81 = CARTESIAN_POINT ( 'NONE',  ( 1.536050693444732440, -0.1505340861732626934, -0.02015000000000002206 ) ) ;
#82 = CARTESIAN_POINT ( 'NONE',  ( -1.061031655972372256, 0.2098633659835004439, -0.005270901231338727400 ) ) ;
#83 = CARTESIAN_POINT ( 'NONE',  ( 1.051687412658427911, -0.5598699597655386606, 0.000000000000000000 ) ) ;
#84 = CARTESIAN_POINT ( 'NONE',  ( 0.8572580124606603569, -1.597695686247856628, 0.000000000000000000 ) ) ;
#85 = CARTESIAN_POINT ( 'NONE',  ( -0.7156351897485245805, -0.7165297815107519730, 0.02015000000000002206 ) ) ;
#86 = CARTESIAN_POINT ( 'NONE',  ( -1.525319937405836823, 0.6297343424451672389, 2.134256245050205639E-18 ) ) ;
#87 = CARTESIAN_POINT ( 'NONE',  ( 1.264010534467609137, 0.8466633984590899997, 0.02015000000000002206 ) ) ;
#88 = CARTESIAN_POINT ( 'NONE',  ( -0.1714148252238384684, 0.8608732046719057562, -0.005270901231338724797 ) ) ;
#89 = CARTESIAN_POINT ( 'NONE',  ( 1.071094262873011793, 0.4456908515671042514, -0.02015000000000002206 ) ) ;
#90 = CARTESIAN_POINT ( 'NONE',  ( 0.9588022085357291724, 0.6420190228709564684, 0.02015000000000002206 ) ) ;
#91 = CARTESIAN_POINT ( 'NONE',  ( -0.4147016391535399693, -1.375181278652612971, 0.000000000000000000 ) ) ;
#92 = CARTESIAN_POINT ( 'NONE',  ( 1.134535105144002465, -0.3428527054787358641, 0.005270901231338727400 ) ) ;
#93 = CARTESIAN_POINT ( 'NONE',  ( -0.2386377537634254975, -1.205876625947753134, 0.02015000000000002206 ) ) ;
#94 = CARTESIAN_POINT ( 'NONE',  ( -1.315152046915399442, -0.5463515336882580620, 0.005270901231338729134 ) ) ;
#95 = CARTESIAN_POINT ( 'NONE',  ( 0.4916114036369004237, 1.627729147591641556, -0.02015000000000002206 ) ) ;
#96 = CARTESIAN_POINT ( 'NONE',  ( 1.159682103354424454, -0.2286487909183678446, 0.000000000000000000 ) ) ;
#97 = CARTESIAN_POINT ( 'NONE',  ( -1.749765293537725919, -0.5331304675556870487, -0.005270901231338724797 ) ) ;
#98 = CARTESIAN_POINT ( 'NONE',  ( 1.512104058723804378, 1.243362208235009092, 0.005270901231338727400 ) ) ;
#99 = CARTESIAN_POINT ( 'NONE',  ( -1.639201674204848747, -0.3287945360271859463, 0.000000000000000000 ) ) ;
#100 = CARTESIAN_POINT ( 'NONE',  ( 1.159682103354424454, -0.2286487909183678446, 0.005270901231338727400 ) ) ;
#101 = CARTESIAN_POINT ( 'NONE',  ( 0.7283269914200144468, -0.1455499981605677118, -0.02015000000000002206 ) ) ;
#102 = CARTESIAN_POINT ( 'NONE',  ( 0.2977231044529745629, 1.504576940149330744, -0.005270901231338727400 ) ) ;
#103 = CARTESIAN_POINT ( 'NONE',  ( 0.6126211240431634897, 0.9182437760850152841, -0.005270901231338724797 ) ) ;
#104 = CARTESIAN_POINT ( 'NONE',  ( -1.273377003589673873, 0.1240867406810308854, 0.000000000000000000 ) ) ;
#105 = CARTESIAN_POINT ( 'NONE',  ( -1.642575093221395832, -0.8800024732142828210, -0.005270901231338727400 ) ) ;
#106 = CARTESIAN_POINT ( 'NONE',  ( 0.7701318767301625901, 0.0008544233854192408899, 0.000000000000000000 ) ) ;
#107 = CARTESIAN_POINT ( 'NONE',  ( 1.596215827602384563, 0.6634616501021368684, 0.02015000000000002206 ) ) ;
#108 = CARTESIAN_POINT ( 'NONE',  ( -0.1505549023377712736, 1.513816179954484697, -0.02015000000000002206 ) ) ;
#109 = CARTESIAN_POINT ( 'NONE',  ( 0.9261977106000932602, 0.9279532266270980045, 0.005270901231338729134 ) ) ;
#110 = CARTESIAN_POINT ( 'NONE',  ( -0.9135642617439307944, -1.370154126466789801, 0.000000000000000000 ) ) ;
#111 = CARTESIAN_POINT ( 'NONE',  ( 1.123343983281009484, -1.367183274951289995, -0.02015000000000002206 ) ) ;
#112 = CARTESIAN_POINT ( 'NONE',  ( 0.9733628351280728674, -0.09477898771711344705, -0.005270901231338727400 ) ) ;
#113 = CARTESIAN_POINT ( 'NONE',  ( -1.276206919020087538, -0.002121438826131132483, 0.000000000000000000 ) ) ;
#114 = CARTESIAN_POINT ( 'NONE',  ( -0.0001026719777850645108, -0.9876360518246491971, 0.02015000000000002206 ) ) ;
#115 = CARTESIAN_POINT ( 'NONE',  ( -0.001986311804070143086, 1.687880698428279480, 2.134256245050205639E-18 ) ) ;
#116 = CARTESIAN_POINT ( 'NONE',  ( 1.327619615175227086, 1.092261057185858641, 0.02015000000000002206 ) ) ;
#117 = CARTESIAN_POINT ( 'NONE',  ( -0.4710519675511455340, -0.8823646382387019260, -0.005270901231338724797 ) ) ;
#118 = CARTESIAN_POINT ( 'NONE',  ( 0.9900696380011519970, -0.9881647416713185139, -0.02015000000000002206 ) ) ;
#119 = CARTESIAN_POINT ( 'NONE',  ( 1.363833459186842623, 0.1356553181387881446, 0.02015000000000002206 ) ) ;
#120 = CARTESIAN_POINT ( 'NONE',  ( -1.666824414092487494, -0.1658142189559886903, 0.000000000000000000 ) ) ;
#121 = CARTESIAN_POINT ( 'NONE',  ( 1.046372530998081585, 0.8605255239833320413, 0.005270901231338727400 ) ) ;
#122 = CARTESIAN_POINT ( 'NONE',  ( -0.7258628286377003525, 1.084049967095374933, 0.02015000000000002206 ) ) ;
#123 = CARTESIAN_POINT ( 'NONE',  ( -0.2323421480427178831, -1.168959613113591312, 0.005270901231338729134 ) ) ;
#124 = CARTESIAN_POINT ( 'NONE',  ( -1.317939918912473862, -0.5475806942533880672, -0.02015000000000002206 ) ) ;
#125 = CARTESIAN_POINT ( 'NONE',  ( -1.511838333433434434, -1.012856569078846469, -0.005270901231338724797 ) ) ;
#126 = CARTESIAN_POINT ( 'NONE',  ( -1.579742085693920162, 1.051934407835061647, 0.005270901231338727400 ) ) ;
#127 = CARTESIAN_POINT ( 'NONE',  ( 1.766643232454596424, 0.1768447899678749213, 0.000000000000000000 ) ) ;
#128 = CARTESIAN_POINT ( 'NONE',  ( 0.6205655057417678311, -1.491373008974095304, 0.005270901231338727400 ) ) ;
#129 = CARTESIAN_POINT ( 'NONE',  ( 0.5380755918080777356, -0.5389419904644549009, -0.02015000000000002206 ) ) ;
#130 = CARTESIAN_POINT ( 'NONE',  ( -0.5495510610353377956, -1.330525248715934472, -0.005270901231338727400 ) ) ;
#131 = CARTESIAN_POINT ( 'NONE',  ( -0.7494574392338979596, 0.7495364083052779014, -0.005270901231338724797 ) ) ;
#132 = CARTESIAN_POINT ( 'NONE',  ( 0.6665368199679438943, -1.243972323954779746, 0.000000000000000000 ) ) ;
#133 = CARTESIAN_POINT ( 'NONE',  ( 0.5599489262275344492, -0.8360318056955580168, 0.000000000000000000 ) ) ;
#134 = CARTESIAN_POINT ( 'NONE',  ( 1.483583075901298010, 1.219092001740331499, 0.02015000000000002206 ) ) ;
#135 = CARTESIAN_POINT ( 'NONE',  ( 1.748150349007846049, -0.3448855651641334341, -0.02015000000000002206 ) ) ;
#136 = CARTESIAN_POINT ( 'NONE',  ( -0.1357335637209117762, -1.382999162438423912, 0.005270901231338729134 ) ) ;
#137 = CARTESIAN_POINT ( 'NONE',  ( 0.6160612918708763264, -0.5037284718701726671, 0.000000000000000000 ) ) ;
#138 = CARTESIAN_POINT ( 'NONE',  ( -1.250789559989211375, -1.027588953552743378, -0.02015000000000002206 ) ) ;
#139 = CARTESIAN_POINT ( 'NONE',  ( 0.9541265667974768716, 0.9572783972911057537, -0.005270901231338727400 ) ) ;
#140 = CARTESIAN_POINT ( 'NONE',  ( 1.046372530998081585, 0.8605255239833320413, 0.000000000000000000 ) ) ;
#141 = ADVANCED_FACE ( 'NONE', ( #575 ), #1489, .F. ) ;
#142 = CARTESIAN_POINT ( 'NONE',  ( 0.8129762222908625269, 0.4342779646887219847, 0.02015000000000002206 ) ) ;
#143 = CARTESIAN_POINT ( 'NONE',  ( -1.429546011942837369, -0.7662204336908730040, 2.134256245050205639E-18 ) ) ;
#144 = CARTESIAN_POINT ( 'NONE',  ( 1.656953061862679322, 0.5036559975945186229, 0.02015000000000002206 ) ) ;
#145 = CARTESIAN_POINT ( 'NONE',  ( -1.365709414426238721, -0.4148381848345397693, -0.005270901231338724797 ) ) ;
#146 = CARTESIAN_POINT ( 'NONE',  ( 0.6650360934912461497, -1.241320741047918785, -0.02015000000000002206 ) ) ;
#147 = CARTESIAN_POINT ( 'NONE',  ( -0.3369644985154363614, 1.685757831402151297, 0.02015000000000002206 ) ) ;
#148 = CARTESIAN_POINT ( 'NONE',  ( 1.577648889736781079, 0.002550406381453532677, 0.000000000000000000 ) ) ;
#149 = CARTESIAN_POINT ( 'NONE',  ( 1.284370875885076924, -0.5295334903939589166, 0.005270901231338727400 ) ) ;
#150 = CARTESIAN_POINT ( 'NONE',  ( 0.6650360934912461497, -1.241320741047918785, 0.02015000000000002206 ) ) ;
#151 = CARTESIAN_POINT ( 'NONE',  ( -0.4046571075630648884, -1.339103541208640280, 0.02015000000000002206 ) ) ;
#152 = CARTESIAN_POINT ( 'NONE',  ( -0.7042559426602643669, 1.053461719195328827, 0.005270901231338729134 ) ) ;
#153 = CARTESIAN_POINT ( 'NONE',  ( -0.8934138627962333601, -1.338587469689556553, -0.02015000000000002206 ) ) ;
#154 = CARTESIAN_POINT ( 'NONE',  ( 1.018185506173476584, -0.5431330473530738834, -0.02015000000000002206 ) ) ;
#155 = CARTESIAN_POINT ( 'NONE',  ( -0.7927744260091197370, -0.3299110224221994403, 0.02015000000000002206 ) ) ;
#156 = CARTESIAN_POINT ( 'NONE',  ( -1.317737710512343563, 0.7015904054980349747, 0.000000000000000000 ) ) ;
#157 = CARTESIAN_POINT ( 'NONE',  ( -1.538218048209295752, -0.6389160711455251773, 0.005270901231338727400 ) ) ;
#158 = CARTESIAN_POINT ( 'NONE',  ( 1.248301887064151572, -1.245296901059800732, -0.005270901231338724797 ) ) ;
#159 = CARTESIAN_POINT ( 'NONE',  ( -1.477229403626039606, -0.001480979507665901610, -0.005270901231338727400 ) ) ;
#160 = CARTESIAN_POINT ( 'NONE',  ( 1.326666222140839402, 0.1310625638439406326, -0.005270901231338724797 ) ) ;
#161 = CARTESIAN_POINT ( 'NONE',  ( -0.001906955048336523911, 1.125485933652464077, 0.000000000000000000 ) ) ;
#162 = CARTESIAN_POINT ( 'NONE',  ( 0.1604874905346217739, -0.8019238191801268956, 0.000000000000000000 ) ) ;
#163 = CARTESIAN_POINT ( 'NONE',  ( 1.675557577994310376, -0.5072269336140265983, 0.02015000000000002206 ) ) ;
#164 = CARTESIAN_POINT ( 'NONE',  ( -1.462214907326532476, -0.7845298726367326836, -0.02015000000000002206 ) ) ;
#165 = CARTESIAN_POINT ( 'NONE',  ( 0.2509261685407513931, 1.267647120808455652, 0.005270901231338729134 ) ) ;
#166 = CARTESIAN_POINT ( 'NONE',  ( 1.970131138202268817, 0.002185763461703942295, 0.000000000000000000 ) ) ;
#167 = CARTESIAN_POINT ( 'NONE',  ( 0.7091770969670531111, 1.328265361648204523, -0.02015000000000002206 ) ) ;
#168 = CARTESIAN_POINT ( 'NONE',  ( -0.1184289950923217705, -1.223389494464337313, -0.005270901231338727400 ) ) ;
#169 = CARTESIAN_POINT ( 'NONE',  ( -1.652425368215098223, 0.3270096839457019566, 0.000000000000000000 ) ) ;
#170 = CARTESIAN_POINT ( 'NONE',  ( 0.2838454306464373023, -0.9361297876500739301, 0.02015000000000002206 ) ) ;
#171 = CARTESIAN_POINT ( 'NONE',  ( 0.4587830611477785592, -1.509880127411586948, 2.134256245050205639E-18 ) ) ;
#172 = CARTESIAN_POINT ( 'NONE',  ( 1.483418135078708122, -0.4481276308582146650, 0.02015000000000002206 ) ) ;
#173 = CARTESIAN_POINT ( 'NONE',  ( 0.5522514997431299255, -1.031220227964161795, -0.005270901231338724797 ) ) ;
#174 = CARTESIAN_POINT ( 'NONE',  ( 0.1614976502704605354, -1.613643619517615369, -0.02015000000000002206 ) ) ;
#175 = CARTESIAN_POINT ( 'NONE',  ( -1.579742085693920162, 1.051934407835061647, 0.000000000000000000 ) ) ;
#176 = CARTESIAN_POINT ( 'NONE',  ( -1.317939918912473862, -0.5475806942533880672, 0.02015000000000002206 ) ) ;
#177 = CARTESIAN_POINT ( 'NONE',  ( 0.6646863480767997157, 1.609113316227460677, 0.005270901231338727400 ) ) ;
#178 = CARTESIAN_POINT ( 'NONE',  ( -0.5484521468853542636, -1.327683514042541146, 0.02015000000000002206 ) ) ;
#179 = CARTESIAN_POINT ( 'NONE',  ( -1.612553395414628943, 0.3199240720792185244, 0.005270901231338729134 ) ) ;
#180 = CARTESIAN_POINT ( 'NONE',  ( 0.7702987392064608585, -0.07457817961127910511, -0.02015000000000002206 ) ) ;
#181 = CARTESIAN_POINT ( 'NONE',  ( 0.7634873439523640615, 0.5106105411896968427, -0.02015000000000002206 ) ) ;
#182 = CARTESIAN_POINT ( 'NONE',  ( -0.8273931464775039490, -0.2520253568315128367, 0.005270901231338727400 ) ) ;
#183 = CARTESIAN_POINT ( 'NONE',  ( -0.5811267864092536373, 1.399015821251289093, 0.005270901231338727400 ) ) ;
#184 = CARTESIAN_POINT ( 'NONE',  ( 1.481262693788392371, 1.217117450113902599, -0.005270901231338724797 ) ) ;
#185 = CARTESIAN_POINT ( 'NONE',  ( -1.455415638554654612, 0.2870364769918280490, -0.005270901231338727400 ) ) ;
#186 = CARTESIAN_POINT ( 'NONE',  ( -0.0003244928754079940423, 1.286024825992360121, -0.005270901231338724797 ) ) ;
#187 = CARTESIAN_POINT ( 'NONE',  ( 0.3570926898788228110, 0.8663805372111738068, 0.000000000000000000 ) ) ;
#188 = PLANE ( 'NONE',  #5541 ) ;
#189 = CARTESIAN_POINT ( 'NONE',  ( -0.2405146614896036539, -0.7980082718583720869, 0.005270901231338727400 ) ) ;
#190 = CARTESIAN_POINT ( 'NONE',  ( -0.2302819235303066314, -0.7588252741789028866, 0.005270901231338729134 ) ) ;
#191 = CARTESIAN_POINT ( 'NONE',  ( 0.4704132092587547387, -1.545478335452257213, -0.02015000000000002206 ) ) ;
#192 = CARTESIAN_POINT ( 'NONE',  ( 1.121366271146441607, -1.364865584208182270, 0.005270901231338729134 ) ) ;
#193 = CARTESIAN_POINT ( 'NONE',  ( -0.8679801415326585667, -1.627638557632946403, 0.000000000000000000 ) ) ;
#194 = CARTESIAN_POINT ( 'NONE',  ( 0.6940288161622885088, -0.3700524050109108010, -0.02015000000000002206 ) ) ;
#195 = CARTESIAN_POINT ( 'NONE',  ( -0.5048123433848212827, 1.213041100766895308, -0.005270901231338727400 ) ) ;
#196 = CARTESIAN_POINT ( 'NONE',  ( -0.9135642617439307944, -1.370154126466789801, 0.000000000000000000 ) ) ;
#197 = CARTESIAN_POINT ( 'NONE',  ( 0.8878408644115584059, 0.2697540343783637051, 0.02015000000000002206 ) ) ;
#198 = CARTESIAN_POINT ( 'NONE',  ( -0.001109228592123104318, 1.888902649222202523, 2.134256245050205639E-18 ) ) ;
#199 = CARTESIAN_POINT ( 'NONE',  ( -0.3052801757432257457, -0.7353490287701961448, 0.005270901231338729134 ) ) ;
#200 = CARTESIAN_POINT ( 'NONE',  ( 0.3757234751991372912, 1.239761675578168632, -0.005270901231338724797 ) ) ;
#201 = CARTESIAN_POINT ( 'NONE',  ( 0.8505509035393795658, -0.8477023989134940818, 0.000000000000000000 ) ) ;
#202 = CARTESIAN_POINT ( 'NONE',  ( -0.9119248853737657035, -1.367585957403225860, -0.02015000000000002206 ) ) ;
#203 = CARTESIAN_POINT ( 'NONE',  ( 0.8572580124606603569, -1.597695686247856628, 0.000000000000000000 ) ) ;
#204 = CARTESIAN_POINT ( 'NONE',  ( 0.1475485730782827021, 1.523421985877380758, 0.005270901231338727400 ) ) ;
#205 = CARTESIAN_POINT ( 'NONE',  ( 1.340662406680752650, 0.2688992826293178928, 0.02015000000000002206 ) ) ;
#206 = CARTESIAN_POINT ( 'NONE',  ( -1.248475055754836749, -1.025607510493779850, 0.005270901231338729134 ) ) ;
#207 = CARTESIAN_POINT ( 'NONE',  ( 1.675557577994310376, -0.5072269336140265983, -0.02015000000000002206 ) ) ;
#208 = CARTESIAN_POINT ( 'NONE',  ( -0.7516766685048876795, 0.7516240273050294185, -0.02015000000000002206 ) ) ;
#209 = CARTESIAN_POINT ( 'NONE',  ( -1.788302426701249948, -0.5455750395023843957, 0.000000000000000000 ) ) ;
#210 = CARTESIAN_POINT ( 'NONE',  ( -1.166974902555377724, -1.170733384784473863, 0.005270901231338727400 ) ) ;
#211 = CARTESIAN_POINT ( 'NONE',  ( -1.011579903679379111, -0.2019085198596478614, -0.02015000000000002206 ) ) ;
#212 = CARTESIAN_POINT ( 'NONE',  ( -1.423066926536470600, 0.4301271789304639270, -0.005270901231338727400 ) ) ;
#213 = CARTESIAN_POINT ( 'NONE',  ( 1.246599411716066585, -0.5149286224320059890, -0.005270901231338724797 ) ) ;
#214 = CARTESIAN_POINT ( 'NONE',  ( -1.048069353480812982, -0.2103362636239102523, 0.000000000000000000 ) ) ;
#215 = CARTESIAN_POINT ( 'NONE',  ( 0.001121125418458782325, -1.025066133049630013, 0.000000000000000000 ) ) ;
#216 = CARTESIAN_POINT ( 'NONE',  ( 1.277460878527277410, -1.273399070432335467, 0.000000000000000000 ) ) ;
#217 = CARTESIAN_POINT ( 'NONE',  ( -0.5006771717770824859, 1.641235722060790048, -0.02015000000000002206 ) ) ;
#218 = CARTESIAN_POINT ( 'NONE',  ( 0.1648841687081069318, 1.683025402547531968, 0.005270901231338729134 ) ) ;
#219 = CARTESIAN_POINT ( 'NONE',  ( 0.001357622890629882079, -0.8209994978663425202, -0.02015000000000002206 ) ) ;
#220 = CARTESIAN_POINT ( 'NONE',  ( -0.4147016391535399693, -1.375181278652612971, -0.005270901231338727400 ) ) ;
#221 = CARTESIAN_POINT ( 'NONE',  ( -1.211791900756342910, -0.8114565875636784442, 0.000000000000000000 ) ) ;
#222 = CARTESIAN_POINT ( 'NONE',  ( 0.2514465359974132341, 1.270649170409855477, 0.02015000000000002206 ) ) ;
#223 = CARTESIAN_POINT ( 'NONE',  ( -1.769106634880433182, 0.5342724266550228363, 2.134256245050205639E-18 ) ) ;
#224 = CARTESIAN_POINT ( 'NONE',  ( -0.8068348190417770072, 0.2452902912326064278, 0.005270901231338729134 ) ) ;
#225 = CARTESIAN_POINT ( 'NONE',  ( 0.9597000608968794255, -0.6411165694914572333, -0.005270901231338724797 ) ) ;
#226 = CARTESIAN_POINT ( 'NONE',  ( -1.048069353480812982, -0.2103362636239102523, 0.000000000000000000 ) ) ;
#227 = CARTESIAN_POINT ( 'NONE',  ( 1.516541089538821385, -0.4574249893048952242, -0.02015000000000002206 ) ) ;
#228 = CARTESIAN_POINT ( 'NONE',  ( 1.766643232454596424, 0.1768447899678749213, 0.000000000000000000 ) ) ;
#229 = CARTESIAN_POINT ( 'NONE',  ( 0.1618580990161113398, -1.616669032930586614, 0.005270901231338727400 ) ) ;
#230 = CARTESIAN_POINT ( 'NONE',  ( 0.8935460224519511385, -1.334548677100054315, 0.02015000000000002206 ) ) ;
#231 = CARTESIAN_POINT ( 'NONE',  ( 0.4020007986868109895, -1.320221709831183698, 0.02015000000000002206 ) ) ;
#232 = CARTESIAN_POINT ( 'NONE',  ( -0.7652229205700291637, -0.9340258165924181233, 2.134256245050205639E-18 ) ) ;
#233 = CARTESIAN_POINT ( 'NONE',  ( 0.9465226354020148669, 1.420209291420845288, 0.005270901231338729134 ) ) ;
#234 = CARTESIAN_POINT ( 'NONE',  ( 1.464006984101278386, -0.9769989242160266318, -0.02015000000000002206 ) ) ;
#235 = CARTESIAN_POINT ( 'NONE',  ( -0.5946636777540832419, 0.8885890105412529438, -0.02015000000000002206 ) ) ;
#236 = CARTESIAN_POINT ( 'NONE',  ( 0.1604874905346217739, -0.8019238191801268956, 0.005270901231338727400 ) ) ;
#237 = CARTESIAN_POINT ( 'NONE',  ( -1.464872751235547721, -0.7860194739903916261, 0.005270901231338727400 ) ) ;
#238 = CARTESIAN_POINT ( 'NONE',  ( -0.3138698664412827299, 1.031956064532047801, -0.02015000000000002206 ) ) ;
#239 = CARTESIAN_POINT ( 'NONE',  ( 1.356113858628259505, 1.116562688883884213, -0.005270901231338727400 ) ) ;
#240 = CARTESIAN_POINT ( 'NONE',  ( 0.9629528668365238131, -0.9623349713919471249, -0.005270901231338724797 ) ) ;
#241 = CARTESIAN_POINT ( 'NONE',  ( -0.4298267816048044199, 0.8007580761121533275, 0.000000000000000000 ) ) ;
#242 = CARTESIAN_POINT ( 'NONE',  ( -0.3499696474764826815, 0.8422069134738534579, 0.000000000000000000 ) ) ;
#243 = CARTESIAN_POINT ( 'NONE',  ( 1.816622502129123573, 0.7544946406186484600, 0.000000000000000000 ) ) ;
#244 = CARTESIAN_POINT ( 'NONE',  ( -0.1764246842533101767, -1.820417413164374221, -0.02015000000000002206 ) ) ;
#245 = CARTESIAN_POINT ( 'NONE',  ( -0.9288917512194202475, 1.386672595192106838, 0.005270901231338729134 ) ) ;
#246 = CARTESIAN_POINT ( 'NONE',  ( 0.8775782386196742113, -0.3636965949044950186, 0.02015000000000002206 ) ) ;
#247 = CARTESIAN_POINT ( 'NONE',  ( -1.441369501869378178, 1.181436256187674116, -0.02015000000000002206 ) ) ;
#248 = CARTESIAN_POINT ( 'NONE',  ( -1.191231214967320984, 0.4919834175174020441, -0.005270901231338727400 ) ) ;
#249 = CARTESIAN_POINT ( 'NONE',  ( -0.9542487809546187361, 1.160494740762421984, 0.02015000000000002206 ) ) ;
#250 = CARTESIAN_POINT ( 'NONE',  ( -1.423066926536470600, 0.4301271789304639270, 0.000000000000000000 ) ) ;
#251 = CARTESIAN_POINT ( 'NONE',  ( 0.001469625133894321856, -1.389488013031274560, 0.02015000000000002206 ) ) ;
#252 = CARTESIAN_POINT ( 'NONE',  ( 0.000000000000000000, 0.000000000000000000, 0.000000000000000000 ) ) ;
#253 = CARTESIAN_POINT ( 'NONE',  ( -1.841646921389384683, -0.002314928738824513672, 0.02015000000000002206 ) ) ;
#254 = CARTESIAN_POINT ( 'NONE',  ( -1.092654987801863875, -0.8986035801770587694, -0.005270901231338724797 ) ) ;
#255 = CARTESIAN_POINT ( 'NONE',  ( 0.5599489262275344492, -0.8360318056955580168, 0.000000000000000000 ) ) ;
#256 = CARTESIAN_POINT ( 'NONE',  ( -0.5798975060399387260, 1.396228003218467739, -0.02015000000000002206 ) ) ;
#257 = CARTESIAN_POINT ( 'NONE',  ( -0.5590930220698715480, 1.836767040747111945, 0.000000000000000000 ) ) ;
#258 = CARTESIAN_POINT ( 'NONE',  ( 1.577648889736781079, 0.002550406381453532677, 0.005270901231338727400 ) ) ;
#259 = CARTESIAN_POINT ( 'NONE',  ( 1.018799443403051397, -1.237426200781331032, 0.02015000000000002206 ) ) ;
#260 = CARTESIAN_POINT ( 'NONE',  ( -0.7494574392338979596, 0.7495364083052779014, 2.134256245050205639E-18 ) ) ;
#261 = CARTESIAN_POINT ( 'NONE',  ( 0.4587830611477785592, -1.509880127411586948, 0.005270901231338729134 ) ) ;
#262 = CARTESIAN_POINT ( 'NONE',  ( 0.7241896880607525677, -0.2985638667501399057, -0.02015000000000002206 ) ) ;
#263 = CARTESIAN_POINT ( 'NONE',  ( -0.5055799946398328304, 0.9457591994853480344, -0.02015000000000002206 ) ) ;
#264 = CARTESIAN_POINT ( 'NONE',  ( -0.1918314809190365955, 1.916617431978808073, 0.000000000000000000 ) ) ;
#265 = CARTESIAN_POINT ( 'NONE',  ( -1.212344867974656903, 1.472486688775476837, 0.005270901231338727400 ) ) ;
#266 = CARTESIAN_POINT ( 'NONE',  ( -0.0001026719777850645108, -0.9876360518246491971, -0.02015000000000002206 ) ) ;
#267 = CARTESIAN_POINT ( 'NONE',  ( 1.583788008352033927, -0.8433108512231183296, -0.005270901231338727400 ) ) ;
#268 = CARTESIAN_POINT ( 'NONE',  ( 0.6125225836206753538, 1.148539778499770181, -0.005270901231338724797 ) ) ;
#269 = CARTESIAN_POINT ( 'NONE',  ( -0.8292161515990194021, 1.006995368166873739, 0.000000000000000000 ) ) ;
#270 = CARTESIAN_POINT ( 'NONE',  ( -0.2992154687573843619, -0.9902691944565905624, 0.000000000000000000 ) ) ;
#271 = CARTESIAN_POINT ( 'NONE',  ( -0.4298267816048044199, 0.8007580761121533275, 0.005270901231338727400 ) ) ;
#272 = CARTESIAN_POINT ( 'NONE',  ( -1.639915306188899358, -0.8785163489870294606, -0.02015000000000002206 ) ) ;
#273 = CARTESIAN_POINT ( 'NONE',  ( -0.4891154530407353929, 1.605615246505650129, 0.005270901231338729134 ) ) ;
#274 = CARTESIAN_POINT ( 'NONE',  ( -0.5790186005915372025, -0.8686075351197306560, 0.000000000000000000 ) ) ;
#275 = CARTESIAN_POINT ( 'NONE',  ( -0.8713004112290080316, -0.0008852488770161867160, -0.02015000000000002206 ) ) ;
#276 = CARTESIAN_POINT ( 'NONE',  ( -0.2991799679280714441, 1.491418594031060918, -0.005270901231338727400 ) ) ;
#277 = CARTESIAN_POINT ( 'NONE',  ( -1.663799065162476332, -0.1654532358647932688, 0.02015000000000002206 ) ) ;
#278 = CARTESIAN_POINT ( 'NONE',  ( -0.4737644156597711209, -1.567332837239003407, 0.000000000000000000 ) ) ;
#279 = CARTESIAN_POINT ( 'NONE',  ( 0.4211140961932026694, 1.016929053289588047, 0.02015000000000002206 ) ) ;
#280 = CARTESIAN_POINT ( 'NONE',  ( 0.000000000000000000, 0.000000000000000000, 0.000000000000000000 ) ) ;
#281 = CARTESIAN_POINT ( 'NONE',  ( 0.8427341297983287349, 0.4515422078585620835, -0.02015000000000002206 ) ) ;
#282 = CARTESIAN_POINT ( 'NONE',  ( 0.6890269411082105000, -0.2856755344692892828, 0.005270901231338729134 ) ) ;
#283 = CARTESIAN_POINT ( 'NONE',  ( -0.001986311804070143086, 1.687880698428279480, -0.005270901231338724797 ) ) ;
#284 = CARTESIAN_POINT ( 'NONE',  ( 0.9747649482767722917, 0.001692471270416130973, 0.000000000000000000 ) ) ;
#285 = CARTESIAN_POINT ( 'NONE',  ( 1.326296011485933679, -0.8831791181810302316, -0.02015000000000002206 ) ) ;
#286 = CARTESIAN_POINT ( 'NONE',  ( 1.970131138202268817, 0.002185763461703942295, 0.000000000000000000 ) ) ;
#287 = CARTESIAN_POINT ( 'NONE',  ( -0.9135642617439307944, -1.370154126466789801, 0.005270901231338727400 ) ) ;
#288 = CARTESIAN_POINT ( 'NONE',  ( -0.3156966766002555214, -1.600282693913325893, 0.02015000000000002206 ) ) ;
#289 = CARTESIAN_POINT ( 'NONE',  ( -0.8984727792927402756, -0.4808809183815112021, 2.134256245050205639E-18 ) ) ;
#290 = CARTESIAN_POINT ( 'NONE',  ( -0.4628260725654979590, -1.528341383907225071, 0.005270901231338729134 ) ) ;
#291 = CARTESIAN_POINT ( 'NONE',  ( -0.4654365309583793353, -0.6990716550318398781, -0.02015000000000002206 ) ) ;
#292 = CARTESIAN_POINT ( 'NONE',  ( -0.9748486364107924462, 0.7995714389414887435, -0.02015000000000002206 ) ) ;
#293 = CARTESIAN_POINT ( 'NONE',  ( -0.8112142806861246669, -0.6671002809389049437, 0.02015000000000002206 ) ) ;
#294 = CARTESIAN_POINT ( 'NONE',  ( -0.3562962634403943896, -1.800273796285656314, 0.000000000000000000 ) ) ;
#295 = CARTESIAN_POINT ( 'NONE',  ( -0.3562962634403943896, -1.800273796285656314, 0.005270901231338727400 ) ) ;
#296 = CARTESIAN_POINT ( 'NONE',  ( 0.9061228040913253956, -0.2743861007906480132, -0.02015000000000002206 ) ) ;
#297 = CARTESIAN_POINT ( 'NONE',  ( -1.279238294855618019, -1.051943866106160863, -0.005270901231338727400 ) ) ;
#298 = CARTESIAN_POINT ( 'NONE',  ( 1.294732488728336017, -0.8630237920014167674, -0.005270901231338724797 ) ) ;
#299 = CARTESIAN_POINT ( 'NONE',  ( 0.1094328641979097488, 1.123369919354717528, 0.000000000000000000 ) ) ;
#300 = CARTESIAN_POINT ( 'NONE',  ( -0.7412782310244555584, -0.7438234097827168823, 0.005270901231338727400 ) ) ;
#301 = CARTESIAN_POINT ( 'NONE',  ( 1.813828757771373645, 0.7532789024579680248, -0.02015000000000002206 ) ) ;
#302 = CARTESIAN_POINT ( 'NONE',  ( 0.9465226354020148669, 1.420209291420845288, 0.005270901231338729134 ) ) ;
#303 = CARTESIAN_POINT ( 'NONE',  ( 0.08930941710401958666, 0.9233570030237818749, 0.000000000000000000 ) ) ;
#304 = CARTESIAN_POINT ( 'NONE',  ( 1.932868703483374029, 0.001542441719929016223, -0.02015000000000002206 ) ) ;
#305 = CARTESIAN_POINT ( 'NONE',  ( 0.6646863480767997157, 1.609113316227460677, -0.005270901231338727400 ) ) ;
#306 = CARTESIAN_POINT ( 'NONE',  ( -1.670400788578751516, 0.1618696468243993047, 0.02015000000000002206 ) ) ;
#307 = CARTESIAN_POINT ( 'NONE',  ( 0.6602887923510039059, -0.3538000944934622249, 2.134256245050205639E-18 ) ) ;
#308 = CARTESIAN_POINT ( 'NONE',  ( 0.3765335015227256887, 1.242698840875738009, 0.02015000000000002206 ) ) ;
#309 = CARTESIAN_POINT ( 'NONE',  ( -0.9011141835682231482, -0.4823995128010284961, 0.02015000000000002206 ) ) ;
#310 = CARTESIAN_POINT ( 'NONE',  ( 1.481262693788392371, 1.217117450113902599, 2.134256245050205639E-18 ) ) ;
#311 = CARTESIAN_POINT ( 'NONE',  ( 0.2949120796717676907, -0.9687045273575080051, -0.02015000000000002206 ) ) ;
#312 = CARTESIAN_POINT ( 'NONE',  ( -1.283759288993516323, -1.285285327002809508, 0.02015000000000002206 ) ) ;
#313 = CARTESIAN_POINT ( 'NONE',  ( 0.0007450762020599124283, -1.587462860693169553, -0.005270901231338724797 ) ) ;
#314 = CARTESIAN_POINT ( 'NONE',  ( -1.404178228887819069, -0.4274925941071098245, 0.000000000000000000 ) ) ;
#315 = CARTESIAN_POINT ( 'NONE',  ( 0.5602070291955741910, 1.852933611516260681, -0.02015000000000002206 ) ) ;
#316 = CARTESIAN_POINT ( 'NONE',  ( 0.9232900528251212213, 0.2818315948865870446, 0.000000000000000000 ) ) ;
#317 = CARTESIAN_POINT ( 'NONE',  ( 0.3584091041259731547, -1.786984754377950679, 0.005270901231338727400 ) ) ;
#318 = CARTESIAN_POINT ( 'NONE',  ( -1.203399588131495168, 1.201138030851137684, 0.02015000000000002206 ) ) ;
#319 = CARTESIAN_POINT ( 'NONE',  ( -0.1928182795789623871, -0.9718659391110169299, 2.134256245050205639E-18 ) ) ;
#320 = CARTESIAN_POINT ( 'NONE',  ( -1.833037230317976496, 0.1794783528163294839, 0.005270901231338729134 ) ) ;
#321 = CARTESIAN_POINT ( 'NONE',  ( 0.7251785362446631078, 0.8854124989496924281, -0.02015000000000002206 ) ) ;
#322 = CARTESIAN_POINT ( 'NONE',  ( -0.1359598025089761852, -1.386037564230652608, -0.02015000000000002206 ) ) ;
#323 = CARTESIAN_POINT ( 'NONE',  ( -0.2992154687573843619, -0.9902691944565905624, 0.005270901231338727400 ) ) ;
#324 = CARTESIAN_POINT ( 'NONE',  ( 0.7671025914337588070, 0.0007258565243637118318, 0.02015000000000002206 ) ) ;
#325 = CARTESIAN_POINT ( 'NONE',  ( -0.9445028599140279368, -0.3910878806237014227, 0.005270901231338729134 ) ) ;
#326 = CARTESIAN_POINT ( 'NONE',  ( -0.7615103735331946178, -0.3155530027955608663, -0.02015000000000002206 ) ) ;
#327 = CARTESIAN_POINT ( 'NONE',  ( -1.639201674204848747, -0.3287945360271859463, -0.005270901231338727400 ) ) ;
#328 = CARTESIAN_POINT ( 'NONE',  ( 1.205729670833924461, -0.9886001734533633734, -0.005270901231338724797 ) ) ;
#329 = CARTESIAN_POINT ( 'NONE',  ( -0.7432208872972275726, 0.4953821853174797951, 0.000000000000000000 ) ) ;
#330 = CARTESIAN_POINT ( 'NONE',  ( -0.9814091404061605628, -0.4077589322072399103, 0.005270901231338727400 ) ) ;
#331 = CARTESIAN_POINT ( 'NONE',  ( -0.7351038813889123613, 1.766910758453521524, -0.02015000000000002206 ) ) ;
#332 = CARTESIAN_POINT ( 'NONE',  ( 0.2245797514986922205, -0.7408685851826938285, -0.005270901231338724797 ) ) ;
#333 = CARTESIAN_POINT ( 'NONE',  ( -0.7856371147769859453, 0.4181495140189092630, 0.000000000000000000 ) ) ;
#334 = CARTESIAN_POINT ( 'NONE',  ( 0.6687155400290383245, 0.6700647746321530818, -0.02015000000000002206 ) ) ;
#335 = CARTESIAN_POINT ( 'NONE',  ( 0.4713594034279414702, -1.548374499504132640, -0.005270901231338727400 ) ) ;
#336 = CARTESIAN_POINT ( 'NONE',  ( -1.474183407198726314, -0.001410484555045123187, 0.02015000000000002206 ) ) ;
#337 = CARTESIAN_POINT ( 'NONE',  ( 0.1680483701384951900, 1.723398256320827659, 0.000000000000000000 ) ) ;
#338 = CARTESIAN_POINT ( 'NONE',  ( -0.7670930853000437200, -0.9364311404378774517, 0.02015000000000002206 ) ) ;
#339 = CARTESIAN_POINT ( 'NONE',  ( 0.3878029058526308859, -0.9319334162168821933, -0.02015000000000002206 ) ) ;
#340 = CARTESIAN_POINT ( 'NONE',  ( -0.9678467287531302699, 0.4002091145664556371, 0.005270901231338729134 ) ) ;
#341 = CARTESIAN_POINT ( 'NONE',  ( 1.294732488728336017, -0.8630237920014167674, -0.005270901231338724797 ) ) ;
#342 = CARTESIAN_POINT ( 'NONE',  ( -0.7900802199849681351, -0.9659961847946322289, 0.000000000000000000 ) ) ;
#343 = STYLED_ITEM ( 'NONE', ( #1608 ), #2305 ) ;
#344 = CARTESIAN_POINT ( 'NONE',  ( 0.2378743541084164526, -0.7791213238177947531, -0.005270901231338727400 ) ) ;
#345 = CARTESIAN_POINT ( 'NONE',  ( 0.7938970521617246812, 0.5324683241701797520, 0.000000000000000000 ) ) ;
#346 = CARTESIAN_POINT ( 'NONE',  ( -1.313538556864928486, 1.074545466618793910, 0.02015000000000002206 ) ) ;
#347 = CARTESIAN_POINT ( 'NONE',  ( -0.4710519675511455340, -0.8823646382387019260, 2.134256245050205639E-18 ) ) ;
#348 = CARTESIAN_POINT ( 'NONE',  ( -0.4458489968691683458, -0.6671522184313384285, -0.005270901231338724797 ) ) ;
#349 = CARTESIAN_POINT ( 'NONE',  ( -0.7927744260091197370, -0.3299110224221994403, -0.02015000000000002206 ) ) ;
#350 = CARTESIAN_POINT ( 'NONE',  ( 1.225582410374018938, 0.5081479278203645533, -0.02015000000000002206 ) ) ;
#351 = CARTESIAN_POINT ( 'NONE',  ( -0.4876586654731432380, -0.9159313741824984811, 0.02015000000000002206 ) ) ;
#352 = CARTESIAN_POINT ( 'NONE',  ( 0.08930941710401958666, 0.9233570030237818749, 0.005270901231338727400 ) ) ;
#353 = CARTESIAN_POINT ( 'NONE',  ( -1.788302426701249948, -0.5455750395023843957, 0.005270901231338727400 ) ) ;
#354 = CARTESIAN_POINT ( 'NONE',  ( -1.032969420498475177, 0.1011255486406665849, 0.005270901231338729134 ) ) ;
#355 = CARTESIAN_POINT ( 'NONE',  ( -1.181149194006332781, -0.7899270786487389007, -0.02015000000000002206 ) ) ;
#356 = CARTESIAN_POINT ( 'NONE',  ( 0.6205655057417678311, -1.491373008974095304, -0.005270901231338727400 ) ) ;
#357 = CARTESIAN_POINT ( 'NONE',  ( -0.001986311804070143086, 1.687880698428279480, -0.005270901231338724797 ) ) ;
#358 = CARTESIAN_POINT ( 'NONE',  ( -1.077985765446750399, 0.7177033829893897376, 0.000000000000000000 ) ) ;
#359 = CARTESIAN_POINT ( 'NONE',  ( -0.7955432384091166709, -0.3311825998292729500, 0.005270901231338727400 ) ) ;
#360 = CARTESIAN_POINT ( 'NONE',  ( 1.377705946537882253, 1.381997458464802486, -0.02015000000000002206 ) ) ;
#361 = CARTESIAN_POINT ( 'NONE',  ( 0.5837324824285154978, -0.4793385364171399710, -0.005270901231338724797 ) ) ;
#362 = CARTESIAN_POINT ( 'NONE',  ( -0.2405146614896036539, -0.7980082718583720869, 0.000000000000000000 ) ) ;
#363 = CARTESIAN_POINT ( 'NONE',  ( -0.9135642617439307944, -1.370154126466789801, -0.005270901231338727400 ) ) ;
#364 = CARTESIAN_POINT ( 'NONE',  ( -0.1918314809190365955, 1.916617431978808073, 0.000000000000000000 ) ) ;
#365 = CARTESIAN_POINT ( 'NONE',  ( -1.368603655623050086, -0.4157902524549188517, 0.02015000000000002206 ) ) ;
#366 = CARTESIAN_POINT ( 'NONE',  ( 0.7041433899066534829, 0.8581893090713917926, 0.02015000000000002206 ) ) ;
#367 = PRODUCT_CONTEXT ( 'NONE', #2779, 'mechanical' ) ;
#368 = CARTESIAN_POINT ( 'NONE',  ( -0.4876586654731432380, -0.9159313741824984811, -0.02015000000000002206 ) ) ;
#369 = CARTESIAN_POINT ( 'NONE',  ( 0.6126211240431634897, 0.9182437760850152841, 0.005270901231338729134 ) ) ;
#370 = CARTESIAN_POINT ( 'NONE',  ( -1.436743534131773581, -0.0005439956603820117953, -0.005270901231338724797 ) ) ;
#371 = CARTESIAN_POINT ( 'NONE',  ( 1.082641149088169552, -0.8855308026790439380, 0.000000000000000000 ) ) ;
#372 = CARTESIAN_POINT ( 'NONE',  ( 0.9127811556708524954, 1.714101855919977213, -0.02015000000000002206 ) ) ;
#373 = CARTESIAN_POINT ( 'NONE',  ( -0.7107784406926598297, -0.4761130391232206160, 0.000000000000000000 ) ) ;
#374 = CARTESIAN_POINT ( 'NONE',  ( 1.462298630818986478, 0.9791283617966567432, 0.000000000000000000 ) ) ;
#375 = CARTESIAN_POINT ( 'NONE',  ( -0.3557584943596631133, -1.797274823402982724, 0.02015000000000002206 ) ) ;
#376 = CARTESIAN_POINT ( 'NONE',  ( 0.7078008812016503004, 1.325547074162961803, 2.134256245050205639E-18 ) ) ;
#377 = CARTESIAN_POINT ( 'NONE',  ( 0.8956969698508906452, 1.680775888249228966, 0.005270901231338729134 ) ) ;
#378 = CARTESIAN_POINT ( 'NONE',  ( -0.3343834194107725977, 0.8081542317969464539, 0.02015000000000002206 ) ) ;
#379 = CARTESIAN_POINT ( 'NONE',  ( -1.058026360423942602, 0.2093620320962718273, -0.02015000000000002206 ) ) ;
#380 = CARTESIAN_POINT ( 'NONE',  ( 0.5973285559485390639, 0.7302857515513158093, 0.02015000000000002206 ) ) ;
#381 = CARTESIAN_POINT ( 'NONE',  ( -0.1318847171121614870, 1.316720633869616019, 0.000000000000000000 ) ) ;
#382 = CARTESIAN_POINT ( 'NONE',  ( 0.7938970521617246812, 0.5324683241701797520, 0.005270901231338727400 ) ) ;
#383 = CARTESIAN_POINT ( 'NONE',  ( 1.630538963073325132, 0.6784420869181572167, 0.005270901231338727400 ) ) ;
#384 = CARTESIAN_POINT ( 'NONE',  ( -0.0007273275001313955507, 1.085006270403905404, 0.005270901231338729134 ) ) ;
#385 = CARTESIAN_POINT ( 'NONE',  ( -0.7670930853000437200, -0.9364311404378774517, -0.02015000000000002206 ) ) ;
#386 = CARTESIAN_POINT ( 'NONE',  ( -1.879090860442019117, -0.002979373936738233860, -0.005270901231338727400 ) ) ;
#387 = CARTESIAN_POINT ( 'NONE',  ( -0.4628260725654979590, -1.528341383907225071, -0.005270901231338724797 ) ) ;
#388 = CARTESIAN_POINT ( 'NONE',  ( -1.211627510803702679, -0.3697460764318586390, 0.000000000000000000 ) ) ;
#389 = CARTESIAN_POINT ( 'NONE',  ( -0.8460032837790635307, 0.2555782320411348341, 0.005270901231338727400 ) ) ;
#390 = CARTESIAN_POINT ( 'NONE',  ( 0.1211363469203482618, -1.216873705100067538, -0.005270901231338727400 ) ) ;
#391 = CARTESIAN_POINT ( 'NONE',  ( 0.3613765739238957719, -0.6775999228413918107, -0.005270901231338724797 ) ) ;
#392 = CARTESIAN_POINT ( 'NONE',  ( -1.073373248748989095, 0.1038692060985847848, 0.000000000000000000 ) ) ;
#393 = CARTESIAN_POINT ( 'NONE',  ( -0.9180889019851310451, -1.120993592982966192, -0.005270901231338727400 ) ) ;
#394 = CARTESIAN_POINT ( 'NONE',  ( 0.9141710740835822246, 1.716813157271476431, 0.000000000000000000 ) ) ;
#395 = CARTESIAN_POINT ( 'NONE',  ( -1.141030626888449362, -1.143726219863400395, 0.02015000000000002206 ) ) ;
#396 = UNCERTAINTY_MEASURE_WITH_UNIT (LENGTH_MEASURE( 1.000000000000000082E-05 ), #5218, 'distance_accuracy_value', 'NONE');
#397 = CARTESIAN_POINT ( 'NONE',  ( -0.0008160780034905748288, 1.088051799897545857, 0.02015000000000002206 ) ) ;
#398 = CARTESIAN_POINT ( 'NONE',  ( -0.1989556312494622226, -1.008809701410269932, -0.02015000000000002206 ) ) ;
#399 = CARTESIAN_POINT ( 'NONE',  ( 0.8103407973608985904, 0.4327490058116802985, 0.005270901231338729134 ) ) ;
#400 = CARTESIAN_POINT ( 'NONE',  ( 1.205729670833924461, -0.9886001734533633734, -0.005270901231338724797 ) ) ;
#401 = CARTESIAN_POINT ( 'NONE',  ( -1.211791900756342910, -0.8114565875636784442, 0.000000000000000000 ) ) ;
#402 = CARTESIAN_POINT ( 'NONE',  ( -1.468358603351663794, 1.202770652739305834, -0.02015000000000002206 ) ) ;
#403 = CARTESIAN_POINT ( 'NONE',  ( -0.2405146614896036539, -0.7980082718583720869, 0.000000000000000000 ) ) ;
#404 = CARTESIAN_POINT ( 'NONE',  ( 1.519474530336618612, -0.4582483835649303616, 0.000000000000000000 ) ) ;
#405 = CARTESIAN_POINT ( 'NONE',  ( 1.967099577630348817, 0.002133424723182529136, 0.02015000000000002206 ) ) ;
#406 = CARTESIAN_POINT ( 'NONE',  ( -1.092654987801863875, -0.8986035801770587694, 2.134256245050205639E-18 ) ) ;
#407 = CARTESIAN_POINT ( 'NONE',  ( -0.001109228592123104318, 1.888902649222202523, 0.005270901231338729134 ) ) ;
#408 = CARTESIAN_POINT ( 'NONE',  ( -0.1800214834694956745, 0.8973209901430994062, -0.02015000000000002206 ) ) ;
#409 = CARTESIAN_POINT ( 'NONE',  ( 0.3560254763341290096, 0.8635267244308592050, 0.02015000000000002206 ) ) ;
#410 = CARTESIAN_POINT ( 'NONE',  ( -0.2391499454712862904, -1.208880084024966717, 0.000000000000000000 ) ) ;
#411 = CARTESIAN_POINT ( 'NONE',  ( -0.8460032837790635307, 0.2555782320411348341, 0.005270901231338727400 ) ) ;
#412 = CARTESIAN_POINT ( 'NONE',  ( -1.070333424780429254, 0.1036627841810691397, 0.02015000000000002206 ) ) ;
#413 = CARTESIAN_POINT ( 'NONE',  ( 1.036913022556078756, 0.4303890292175405197, 0.005270901231338729134 ) ) ;
#414 = CARTESIAN_POINT ( 'NONE',  ( -0.4896183548547616837, 1.178811856801752711, -0.02015000000000002206 ) ) ;
#415 = CARTESIAN_POINT ( 'NONE',  ( -1.748407349982275427, 0.7222539915999606208, -0.005270901231338727400 ) ) ;
#416 = CARTESIAN_POINT ( 'NONE',  ( -0.8917744864263479343, -1.336019300625992834, -0.005270901231338724797 ) ) ;
#417 = CARTESIAN_POINT ( 'NONE',  ( 0.002335922603857154209, -1.426927904380912215, 0.000000000000000000 ) ) ;
#418 = CARTESIAN_POINT ( 'NONE',  ( 1.082641149088169552, -0.8855308026790439380, 0.005270901231338727400 ) ) ;
#419 = CARTESIAN_POINT ( 'NONE',  ( -0.8269726570154826151, 0.1643196762579023640, 0.02015000000000002206 ) ) ;
#420 = CARTESIAN_POINT ( 'NONE',  ( -1.048069353480812982, -0.2103362636239102523, -0.005270901231338727400 ) ) ;
#421 = CARTESIAN_POINT ( 'NONE',  ( 0.7329077625518832795, -0.07247081500368435236, -0.005270901231338724797 ) ) ;
#422 = CARTESIAN_POINT ( 'NONE',  ( 1.046372530998081585, 0.8605255239833320413, 0.000000000000000000 ) ) ;
#423 = CARTESIAN_POINT ( 'NONE',  ( 1.356113858628259505, 1.116562688883884213, -0.005270901231338727400 ) ) ;
#424 = CARTESIAN_POINT ( 'NONE',  ( 0.5610388891212514384, 1.855864658646915411, 0.000000000000000000 ) ) ;
#425 = CARTESIAN_POINT ( 'NONE',  ( -0.4900560800000702821, 1.608513222176490176, 0.02015000000000002206 ) ) ;
#426 = CARTESIAN_POINT ( 'NONE',  ( 1.018185506173476584, -0.5431330473530738834, 0.02015000000000002206 ) ) ;
#427 = CARTESIAN_POINT ( 'NONE',  ( -0.5484521468853542636, -1.327683514042541146, -0.02015000000000002206 ) ) ;
#428 = CARTESIAN_POINT ( 'NONE',  ( 0.1066669343316119650, 1.082967643929867441, 0.005270901231338729134 ) ) ;
#429 = CARTESIAN_POINT ( 'NONE',  ( 0.6630337800754604327, -0.3551223340126441474, -0.02015000000000002206 ) ) ;
#430 = CARTESIAN_POINT ( 'NONE',  ( -1.273377003589673873, 0.1240867406810308854, 0.000000000000000000 ) ) ;
#431 = CARTESIAN_POINT ( 'NONE',  ( 0.1803506279807803869, -1.813782071439088650, -0.02015000000000002206 ) ) ;
#432 = CARTESIAN_POINT ( 'NONE',  ( 0.8453695547284563183, 0.4530711667356038808, 0.000000000000000000 ) ) ;
#433 = CARTESIAN_POINT ( 'NONE',  ( -1.166974902555377724, -1.170733384784473863, 0.000000000000000000 ) ) ;
#434 = CARTESIAN_POINT ( 'NONE',  ( 0.4265062765650032284, -0.6384237268603215609, 0.02015000000000002206 ) ) ;
#435 = CARTESIAN_POINT ( 'NONE',  ( -0.2904176330135718187, 1.451881215288892024, 2.134256245050205639E-18 ) ) ;
#436 = AXIS2_PLACEMENT_3D ( 'NONE', #3774, #3262, #2871 ) ;
#437 = CARTESIAN_POINT ( 'NONE',  ( 0.7390892277421293732, -0.6068918470879590688, -0.005270901231338724797 ) ) ;
#438 = CARTESIAN_POINT ( 'NONE',  ( 0.9467594413471025483, 0.1893122252554306773, -0.02015000000000002206 ) ) ;
#439 = CARTESIAN_POINT ( 'NONE',  ( -1.227950724345772127, 0.3703453607450143403, 0.02015000000000002206 ) ) ;
#440 = CARTESIAN_POINT ( 'NONE',  ( 0.9939941829502725312, -0.6626550158733278684, 0.000000000000000000 ) ) ;
#441 = CARTESIAN_POINT ( 'NONE',  ( -0.7856371147769859453, 0.4181495140189092630, 0.005270901231338727400 ) ) ;
#442 = CARTESIAN_POINT ( 'NONE',  ( 0.9204060125656129410, 0.2808490005789493482, 0.02015000000000002206 ) ) ;
#443 = CARTESIAN_POINT ( 'NONE',  ( -0.3331153703736364213, 0.8053838071608319105, 0.005270901231338729134 ) ) ;
#444 = CARTESIAN_POINT ( 'NONE',  ( -0.8580198734741548705, -0.8584273943587739097, -0.02015000000000002206 ) ) ;
#445 = CARTESIAN_POINT ( 'NONE',  ( 1.934767834548602350, 0.3880236722248595060, -0.005270901231338727400 ) ) ;
#446 = CARTESIAN_POINT ( 'NONE',  ( 0.3629218751330963166, -0.6802258142216927039, -0.02015000000000002206 ) ) ;
#447 = CARTESIAN_POINT ( 'NONE',  ( 0.2578426339556110780, 1.307548870956974474, 0.000000000000000000 ) ) ;
#448 = CARTESIAN_POINT ( 'NONE',  ( 0.8505509035393795658, -0.8477023989134940818, 0.005270901231338727400 ) ) ;
#449 = CARTESIAN_POINT ( 'NONE',  ( -0.5581558165299722596, 1.833867959001791448, 0.02015000000000002206 ) ) ;
#450 = CARTESIAN_POINT ( 'NONE',  ( -0.9814091404061605628, -0.4077589322072399103, -0.005270901231338727400 ) ) ;
#451 = CARTESIAN_POINT ( 'NONE',  ( 1.058944887514347899, 1.586858248835000040, 0.005270901231338729134 ) ) ;
#452 = CARTESIAN_POINT ( 'NONE',  ( 1.159682103354424454, -0.2286487909183678446, 0.000000000000000000 ) ) ;
#453 = CARTESIAN_POINT ( 'NONE',  ( 1.583788008352033927, -0.8433108512231183296, -0.005270901231338727400 ) ) ;
#454 = CARTESIAN_POINT ( 'NONE',  ( -0.4458489968691683458, -0.6671522184313384285, 2.134256245050205639E-18 ) ) ;
#455 = CARTESIAN_POINT ( 'NONE',  ( -0.1464143918080395290, 1.479663173175286506, 0.02015000000000002206 ) ) ;
#456 = CARTESIAN_POINT ( 'NONE',  ( 0.2573222664989491260, 1.304546821355123454, -0.02015000000000002206 ) ) ;
#457 = CARTESIAN_POINT ( 'NONE',  ( 0.2828653441693936843, -0.9332448979416690937, 0.005270901231338729134 ) ) ;
#458 = CARTESIAN_POINT ( 'NONE',  ( -1.673438231575997470, 0.1621083620707732265, 0.000000000000000000 ) ) ;
#459 = CARTESIAN_POINT ( 'NONE',  ( 0.2316579535385015487, -1.159332175831282230, -0.02015000000000002206 ) ) ;
#460 = CARTESIAN_POINT ( 'NONE',  ( -0.7856371147769859453, 0.4181495140189092630, -0.005270901231338727400 ) ) ;
#461 = CARTESIAN_POINT ( 'NONE',  ( 0.1211363469203482618, -1.216873705100067538, 0.000000000000000000 ) ) ;
#462 = CARTESIAN_POINT ( 'NONE',  ( -1.423066926536470600, 0.4301271789304639270, 0.000000000000000000 ) ) ;
#463 = CARTESIAN_POINT ( 'NONE',  ( 1.689673019593504133, 0.5142848945461783172, 0.02015000000000002206 ) ) ;
#464 = CARTESIAN_POINT ( 'NONE',  ( -0.1357335637209117762, -1.382999162438423912, 2.134256245050205639E-18 ) ) ;
#465 = CARTESIAN_POINT ( 'NONE',  ( 0.6109541476338372634, -0.7437991388682726468, -0.005270901231338724797 ) ) ;
#466 = CARTESIAN_POINT ( 'NONE',  ( 1.156678471971253064, -0.2281376048065439366, -0.02015000000000002206 ) ) ;
#467 = CARTESIAN_POINT ( 'NONE',  ( 0.2779090355370689713, -1.390157176172468478, 0.02015000000000002206 ) ) ;
#468 = CARTESIAN_POINT ( 'NONE',  ( -0.3836257847870365167, 1.259981958273902469, 0.000000000000000000 ) ) ;
#469 = CARTESIAN_POINT ( 'NONE',  ( 0.002335922603857154209, -1.426927904380912215, 0.005270901231338727400 ) ) ;
#470 = CARTESIAN_POINT ( 'NONE',  ( -0.9786324580744633073, -0.4065046683323421672, 0.02015000000000002206 ) ) ;
#471 = CARTESIAN_POINT ( 'NONE',  ( -1.178656194762072840, -0.7881755020044669546, 0.005270901231338729134 ) ) ;
#472 = CARTESIAN_POINT ( 'NONE',  ( -0.1359598025089761852, -1.386037564230652608, -0.02015000000000002206 ) ) ;
#473 = CARTESIAN_POINT ( 'NONE',  ( 0.5610388891212514384, 1.855864658646915411, -0.005270901231338727400 ) ) ;
#474 = CARTESIAN_POINT ( 'NONE',  ( -1.833037230317976496, 0.1794783528163294839, -0.005270901231338724797 ) ) ;
#475 = CARTESIAN_POINT ( 'NONE',  ( 0.9141710740835822246, 1.716813157271476431, 0.005270901231338727400 ) ) ;
#476 = CARTESIAN_POINT ( 'NONE',  ( 0.8952924746793301525, -1.337045265786458437, 0.000000000000000000 ) ) ;
#477 = CARTESIAN_POINT ( 'NONE',  ( 1.073875146656476431, 0.4469357622034294542, 0.005270901231338727400 ) ) ;
#478 = CARTESIAN_POINT ( 'NONE',  ( 1.708666545830383132, -0.5165738676110357419, 0.02015000000000002206 ) ) ;
#479 = PRODUCT_DEFINITION_SHAPE ( 'NONE', 'NONE',  #1906 ) ;
#480 = CARTESIAN_POINT ( 'NONE',  ( -0.7519843944157027504, 0.4017174655522448012, 0.02015000000000002206 ) ) ;
#481 = CARTESIAN_POINT ( 'NONE',  ( 0.9939941829502725312, -0.6626550158733278684, -0.005270901231338727400 ) ) ;
#482 = CARTESIAN_POINT ( 'NONE',  ( -0.9445028599140279368, -0.3910878806237014227, -0.005270901231338724797 ) ) ;
#483 = CARTESIAN_POINT ( 'NONE',  ( 0.5381185642651774570, -0.8056024619784102336, 0.02015000000000002206 ) ) ;
#484 = CARTESIAN_POINT ( 'NONE',  ( 1.284370875885076924, -0.5295334903939589166, 0.000000000000000000 ) ) ;
#485 = CARTESIAN_POINT ( 'NONE',  ( 0.3584091041259731547, -1.786984754377950679, -0.005270901231338727400 ) ) ;
#486 = CARTESIAN_POINT ( 'NONE',  ( 0.9342907450688473503, 0.0003351746386753474039, 2.134256245050205639E-18 ) ) ;
#487 = CARTESIAN_POINT ( 'NONE',  ( -1.636103493005425458, 0.1591741929940221345, 0.02015000000000002206 ) ) ;
#488 = CARTESIAN_POINT ( 'NONE',  ( -0.7258628286377003525, 1.084049967095374933, -0.02015000000000002206 ) ) ;
#489 = CARTESIAN_POINT ( 'NONE',  ( -1.034747101919234691, 1.032552405248691851, 0.005270901231338729134 ) ) ;
#490 = CARTESIAN_POINT ( 'NONE',  ( 1.711598747943163135, -0.5174016523896081132, 0.000000000000000000 ) ) ;
#491 = CARTESIAN_POINT ( 'NONE',  ( -0.4586449959377694174, -1.110073350764576361, -0.02015000000000002206 ) ) ;
#492 = CARTESIAN_POINT ( 'NONE',  ( 0.9423015235718230631, -0.2840614059098928723, -0.005270901231338727400 ) ) ;
#493 = CARTESIAN_POINT ( 'NONE',  ( 0.7462914311601734907, 1.119380830785750458, 0.000000000000000000 ) ) ;
#494 = CARTESIAN_POINT ( 'NONE',  ( 0.5017951279756529548, 1.663767782017541164, 0.000000000000000000 ) ) ;
#495 = CARTESIAN_POINT ( 'NONE',  ( -1.169992388646324821, -1.430186414240571580, 0.02015000000000002206 ) ) ;
#496 = CARTESIAN_POINT ( 'NONE',  ( 0.1759722105407228177, -1.776589062188569157, 2.134256245050205639E-18 ) ) ;
#497 = CARTESIAN_POINT ( 'NONE',  ( 0.1066669343316119650, 1.082967643929867441, -0.005270901231338724797 ) ) ;
#498 = CARTESIAN_POINT ( 'NONE',  ( 1.225975150854711426, -0.6537790964108777247, -0.02015000000000002206 ) ) ;
#499 = CARTESIAN_POINT ( 'NONE',  ( -0.5828430408709701638, -1.092990660737215736, 0.02015000000000002206 ) ) ;
#500 = CARTESIAN_POINT ( 'NONE',  ( -1.317737710512343563, 0.7015904054980349747, 0.000000000000000000 ) ) ;
#501 = CARTESIAN_POINT ( 'NONE',  ( -1.211627510803702679, -0.3697460764318586390, 0.005270901231338727400 ) ) ;
#502 = CARTESIAN_POINT ( 'NONE',  ( 0.6356431682939603922, -0.7719587276663235631, 0.02015000000000002206 ) ) ;
#503 = CARTESIAN_POINT ( 'NONE',  ( 1.015459890964976797, -0.5417713820686348436, 0.005270901231338729134 ) ) ;
#504 = CARTESIAN_POINT ( 'NONE',  ( -1.602623671691481011, -0.3207607388340186216, -0.02015000000000002206 ) ) ;
#505 = CARTESIAN_POINT ( 'NONE',  ( 1.966791553317508212, 0.1955994674647489606, -0.005270901231338727400 ) ) ;
#506 = CARTESIAN_POINT ( 'NONE',  ( -0.2310517941950606668, -0.7617732476922071116, -0.02015000000000002206 ) ) ;
#507 = CARTESIAN_POINT ( 'NONE',  ( 1.379823238307043454, 1.384188372270204415, 0.005270901231338727400 ) ) ;
#508 = CARTESIAN_POINT ( 'NONE',  ( -1.423066926536470600, 0.4301271789304639270, 0.000000000000000000 ) ) ;
#509 = CARTESIAN_POINT ( 'NONE',  ( -0.8292161515990194021, 1.006995368166873739, 0.005270901231338727400 ) ) ;
#510 = CARTESIAN_POINT ( 'NONE',  ( -0.8369219450051273990, 0.0004237205418483345272, 0.02015000000000002206 ) ) ;
#511 = CARTESIAN_POINT ( 'NONE',  ( 0.9232900528251212213, 0.2818315948865870446, -0.005270901231338727400 ) ) ;
#512 = CARTESIAN_POINT ( 'NONE',  ( 0.9329487704139954873, -0.09218937571123382579, -0.005270901231338724797 ) ) ;
#513 = CARTESIAN_POINT ( 'NONE',  ( -0.8292161515990194021, 1.006995368166873739, 0.000000000000000000 ) ) ;
#514 = CARTESIAN_POINT ( 'NONE',  ( 1.692570770125722657, 0.5152262127485994769, -0.005270901231338727400 ) ) ;
#515 = CARTESIAN_POINT ( 'NONE',  ( 0.2378743541084164526, -0.7791213238177947531, 0.000000000000000000 ) ) ;
#516 = CARTESIAN_POINT ( 'NONE',  ( -0.7492465094395981406, 0.4003806030893953261, 2.134256245050205639E-18 ) ) ;
#517 = CARTESIAN_POINT ( 'NONE',  ( 0.2245797514986922205, -0.7408685851826938285, 0.005270901231338729134 ) ) ;
#518 = CARTESIAN_POINT ( 'NONE',  ( 0.7824599985411279102, -1.167006353660328344, -0.02015000000000002206 ) ) ;
#519 = CARTESIAN_POINT ( 'NONE',  ( 1.015722640441504288, 0.8340572296786419315, 0.005270901231338729134 ) ) ;
#520 = CARTESIAN_POINT ( 'NONE',  ( 0.6646863480767997157, 1.609113316227460677, 0.000000000000000000 ) ) ;
#521 = CARTESIAN_POINT ( 'NONE',  ( 1.464006984101278386, -0.9769989242160266318, -0.02015000000000002206 ) ) ;
#522 = CARTESIAN_POINT ( 'NONE',  ( -0.6370959160180167391, 0.6348540631276851087, -0.005270901231338727400 ) ) ;
#523 = CARTESIAN_POINT ( 'NONE',  ( 0.6665368199679438943, -1.243972323954779746, 0.000000000000000000 ) ) ;
#524 = CARTESIAN_POINT ( 'NONE',  ( 1.583788008352033927, -0.8433108512231183296, 0.000000000000000000 ) ) ;
#525 = CARTESIAN_POINT ( 'NONE',  ( -0.8369219450051273990, 0.0004237205418483345272, 0.02015000000000002206 ) ) ;
#526 = CARTESIAN_POINT ( 'NONE',  ( 0.1570671935675275466, -1.576456742621983764, 2.134256245050205639E-18 ) ) ;
#527 = CARTESIAN_POINT ( 'NONE',  ( -1.602623671691481011, -0.3207607388340186216, 0.02015000000000002206 ) ) ;
#528 = CARTESIAN_POINT ( 'NONE',  ( 0.9282828724752931748, 0.6203148047323862047, -0.005270901231338724797 ) ) ;
#529 = CARTESIAN_POINT ( 'NONE',  ( 0.6293603150168006755, 1.181991064694784654, -0.02015000000000002206 ) ) ;
#530 = CARTESIAN_POINT ( 'NONE',  ( 1.225975150854711426, -0.6537790964108777247, 0.02015000000000002206 ) ) ;
#531 = CARTESIAN_POINT ( 'NONE',  ( -1.123368198323856593, -0.9249983306963230900, 0.000000000000000000 ) ) ;
#532 = CARTESIAN_POINT ( 'NONE',  ( 0.7842116132879448642, -1.169499327565599156, 0.005270901231338727400 ) ) ;
#533 = CARTESIAN_POINT ( 'NONE',  ( 0.9467594413471025483, 0.1893122252554306773, 0.02015000000000002206 ) ) ;
#534 = CARTESIAN_POINT ( 'NONE',  ( 0.3757234751991372912, 1.239761675578168632, 0.005270901231338729134 ) ) ;
#535 = CARTESIAN_POINT ( 'NONE',  ( -1.213161444020806945, 0.8098392139779998500, -0.02015000000000002206 ) ) ;
#536 = CARTESIAN_POINT ( 'NONE',  ( -0.1994549478797298658, -1.011815335744536748, 0.000000000000000000 ) ) ;
#537 = CARTESIAN_POINT ( 'NONE',  ( -0.7113282263892125590, 0.4757512087598131933, -0.02015000000000002206 ) ) ;
#538 = CARTESIAN_POINT ( 'NONE',  ( -1.788302426701249948, -0.5455750395023843957, 0.005270901231338727400 ) ) ;
#539 = CARTESIAN_POINT ( 'NONE',  ( -0.002764890159205933909, 1.728369875091887886, 0.000000000000000000 ) ) ;
#540 = CARTESIAN_POINT ( 'NONE',  ( 0.002335922603857154209, -1.426927904380912215, 0.005270901231338727400 ) ) ;
#541 = CARTESIAN_POINT ( 'NONE',  ( 1.763617223050718996, 0.1764893955581187113, 0.02015000000000002206 ) ) ;
#542 = CARTESIAN_POINT ( 'NONE',  ( -0.001109228592123104318, 1.888902649222202523, -0.005270901231338724797 ) ) ;
#543 = CARTESIAN_POINT ( 'NONE',  ( -0.1509215949444404903, 1.516840844423077650, -0.005270901231338727400 ) ) ;
#544 = CARTESIAN_POINT ( 'NONE',  ( -1.021086762311316898, 0.2031998853063460841, -0.005270901231338724797 ) ) ;
#545 = CARTESIAN_POINT ( 'NONE',  ( 0.8906225380062372521, 0.7334339724980429853, 0.000000000000000000 ) ) ;
#546 = CARTESIAN_POINT ( 'NONE',  ( -1.212344867974656903, 1.472486688775476837, -0.005270901231338727400 ) ) ;
#547 = DIRECTION ( 'NONE',  ( 0.9991005821420475552, 0.04240314567837419335, 0.000000000000000000 ) ) ;
#548 = CARTESIAN_POINT ( 'NONE',  ( -1.799946926009471371, -0.3591538275045563777, 0.02015000000000002206 ) ) ;
#549 = CARTESIAN_POINT ( 'NONE',  ( -0.5798975060399387260, 1.396228003218467739, -0.02015000000000002206 ) ) ;
#550 = CARTESIAN_POINT ( 'NONE',  ( -0.8027435083660245940, 0.9763492079638943499, 0.005270901231338729134 ) ) ;
#551 = CARTESIAN_POINT ( 'NONE',  ( -0.002764890159205933909, 1.728369875091887886, 0.000000000000000000 ) ) ;
#552 = CARTESIAN_POINT ( 'NONE',  ( 1.327619615175227086, 1.092261057185858641, -0.02015000000000002206 ) ) ;
#553 = CARTESIAN_POINT ( 'NONE',  ( -0.4890097368947752821, -0.9186622637226490307, -0.005270901231338727400 ) ) ;
#554 = CARTESIAN_POINT ( 'NONE',  ( 1.115785687665855175, 0.3397589754674914531, 0.000000000000000000 ) ) ;
#555 = CARTESIAN_POINT ( 'NONE',  ( -0.5592232289222567321, -0.8368167979030678438, 0.02015000000000002206 ) ) ;
#556 = CARTESIAN_POINT ( 'NONE',  ( -1.248475055754836749, -1.025607510493779850, 2.134256245050205639E-18 ) ) ;
#557 = CARTESIAN_POINT ( 'NONE',  ( 0.9578472630387694364, 1.169836050377126124, 0.02015000000000002206 ) ) ;
#558 = CARTESIAN_POINT ( 'NONE',  ( -0.6074406917746622003, 0.6072754998231409962, -0.005270901231338724797 ) ) ;
#559 = CARTESIAN_POINT ( 'NONE',  ( 1.353726518031251436, -0.2679158452118070022, -0.02015000000000002206 ) ) ;
#560 = CARTESIAN_POINT ( 'NONE',  ( 0.9520253103035333231, 0.9550720876288222305, 0.02015000000000002206 ) ) ;
#561 = CARTESIAN_POINT ( 'NONE',  ( 1.294700086024715091, 0.8681260429874646523, 0.000000000000000000 ) ) ;
#562 = CARTESIAN_POINT ( 'NONE',  ( -0.5842055717920714430, -1.095715841174814020, 0.005270901231338727400 ) ) ;
#563 = CARTESIAN_POINT ( 'NONE',  ( -0.1315107124655762183, 1.313696860378358311, 0.02015000000000002206 ) ) ;
#564 = CARTESIAN_POINT ( 'NONE',  ( 1.163984721290516777, 0.6235930472347580578, 0.005270901231338729134 ) ) ;
#565 = CARTESIAN_POINT ( 'NONE',  ( -1.461277306959361200, 0.7800591825970910609, -0.02015000000000002206 ) ) ;
#566 = CARTESIAN_POINT ( 'NONE',  ( -0.7201723274120809259, 1.732566349246845938, -0.005270901231338724797 ) ) ;
#567 = CARTESIAN_POINT ( 'NONE',  ( 0.5633909050689839271, -0.5622386278890114664, 0.02015000000000002206 ) ) ;
#568 = CARTESIAN_POINT ( 'NONE',  ( 0.5017951279756529548, 1.663767782017541164, 0.000000000000000000 ) ) ;
#569 = CARTESIAN_POINT ( 'NONE',  ( 0.1680483701384951900, 1.723398256320827659, 0.005270901231338727400 ) ) ;
#570 = CARTESIAN_POINT ( 'NONE',  ( 1.711290286939840977, -0.3382653876839946117, -0.005270901231338724797 ) ) ;
#571 = CARTESIAN_POINT ( 'NONE',  ( 0.7462914311601734907, 1.119380830785750458, -0.005270901231338727400 ) ) ;
#572 = CARTESIAN_POINT ( 'NONE',  ( -0.2887213911591138826, -0.9511555979268696559, -0.005270901231338724797 ) ) ;
#573 = CARTESIAN_POINT ( 'NONE',  ( -1.211791900756342910, -0.8114565875636784442, 0.000000000000000000 ) ) ;
#574 = CARTESIAN_POINT ( 'NONE',  ( 0.1805767864995252714, 0.9131832279276178577, 0.000000000000000000 ) ) ;
#575 = FACE_OUTER_BOUND ( 'NONE', #5071, .T. ) ;
#576 = CARTESIAN_POINT ( 'NONE',  ( 1.353798540978012666, 1.357258749482601834, 0.02015000000000002206 ) ) ;
#577 = CARTESIAN_POINT ( 'NONE',  ( 1.018799443403051397, -1.237426200781331032, -0.02015000000000002206 ) ) ;
#578 = CARTESIAN_POINT ( 'NONE',  ( -0.7795373108393753858, -1.169247957987746611, 0.005270901231338729134 ) ) ;
#579 = CARTESIAN_POINT ( 'NONE',  ( 1.464365191555478507, 0.4460351801863938204, -0.02015000000000002206 ) ) ;
#580 = CARTESIAN_POINT ( 'NONE',  ( -0.9335810111500513209, -0.5010653200894831238, -0.005270901231338727400 ) ) ;
#581 = CARTESIAN_POINT ( 'NONE',  ( -0.7276207004488347563, 1.086538535730148025, 0.000000000000000000 ) ) ;
#582 = CARTESIAN_POINT ( 'NONE',  ( -0.3138698664412827299, 1.031956064532047801, 0.02015000000000002206 ) ) ;
#583 = CARTESIAN_POINT ( 'NONE',  ( -1.146759456232966601, -1.400814298949039527, 2.134256245050205639E-18 ) ) ;
#584 = CARTESIAN_POINT ( 'NONE',  ( -1.178584972652667151, 1.177309381336838934, 0.02015000000000002206 ) ) ;
#585 = CARTESIAN_POINT ( 'NONE',  ( -0.7042559426602643669, 1.053461719195328827, -0.005270901231338724797 ) ) ;
#586 = CARTESIAN_POINT ( 'NONE',  ( 1.044066554658972024, 0.8585341543799945851, -0.02015000000000002206 ) ) ;
#587 = CARTESIAN_POINT ( 'NONE',  ( -0.9162120482388258491, -1.118593491501180148, 0.02015000000000002206 ) ) ;
#588 = CARTESIAN_POINT ( 'NONE',  ( 1.328863925574705007, -0.8848188954155085106, 0.000000000000000000 ) ) ;
#589 = CARTESIAN_POINT ( 'NONE',  ( 0.3864899422032816445, 1.278801015837990995, 0.005270901231338727400 ) ) ;
#590 = CARTESIAN_POINT ( 'NONE',  ( 0.9900696380011519970, -0.9881647416713185139, 0.02015000000000002206 ) ) ;
#591 = CARTESIAN_POINT ( 'NONE',  ( 0.7246503084569612119, 1.085151480038653915, 0.005270901231338729134 ) ) ;
#592 = CARTESIAN_POINT ( 'NONE',  ( -0.5660170835253698352, 1.364749348595255540, -0.02015000000000002206 ) ) ;
#593 = CARTESIAN_POINT ( 'NONE',  ( 1.122762960333105964, -0.2223655454845233082, -0.02015000000000002206 ) ) ;
#594 = CARTESIAN_POINT ( 'NONE',  ( -0.8609403182574976165, 0.1697777279271223405, 0.02015000000000002206 ) ) ;
#595 = CARTESIAN_POINT ( 'NONE',  ( -1.064005891039412566, 1.060550734678906704, 0.000000000000000000 ) ) ;
#596 = CARTESIAN_POINT ( 'NONE',  ( -0.3162303200274408921, -1.603282406148555106, 0.005270901231338727400 ) ) ;
#597 = CARTESIAN_POINT ( 'NONE',  ( -0.6096718333609223439, 0.6093504016674793355, 0.02015000000000002206 ) ) ;
#598 = CARTESIAN_POINT ( 'NONE',  ( -1.474324638195791903E-06, -0.7866229131003283914, -0.02015000000000002206 ) ) ;
#599 = CARTESIAN_POINT ( 'NONE',  ( 0.6307301826331075389, 1.184712561587630608, -0.005270901231338727400 ) ) ;
#600 = CARTESIAN_POINT ( 'NONE',  ( 1.015459890964976797, -0.5417713820686348436, -0.005270901231338724797 ) ) ;
#601 = CARTESIAN_POINT ( 'NONE',  ( -0.7412782310244555584, -0.7438234097827168823, 0.000000000000000000 ) ) ;
#602 = DIRECTION ( 'NONE',  ( -0.9991005821420477773, -0.04240314567837245169, 0.000000000000000000 ) ) ;
#603 = CARTESIAN_POINT ( 'NONE',  ( 1.898166556018229700, 0.3800967734566127465, 0.02015000000000002206 ) ) ;
#604 = CARTESIAN_POINT ( 'NONE',  ( 0.001536539754456941759, -1.624904364711491800, -0.02015000000000002206 ) ) ;
#605 = CARTESIAN_POINT ( 'NONE',  ( -1.365709414426238721, -0.4148381848345397693, 0.005270901231338729134 ) ) ;
#606 = CARTESIAN_POINT ( 'NONE',  ( 1.379823238307043454, 1.384188372270204415, 0.000000000000000000 ) ) ;
#607 = CARTESIAN_POINT ( 'NONE',  ( -0.1464143918080355045, 1.479663173175286506, -0.02015000000000002206 ) ) ;
#608 = CARTESIAN_POINT ( 'NONE',  ( 1.284370875885076924, -0.5295334903939589166, -0.005270901231338727400 ) ) ;
#609 = CARTESIAN_POINT ( 'NONE',  ( -0.1387406171657522835, -1.423384087830366074, 0.000000000000000000 ) ) ;
#610 = CARTESIAN_POINT ( 'NONE',  ( -0.7113282263892125590, 0.4757512087598131933, 0.02015000000000002206 ) ) ;
#611 = CARTESIAN_POINT ( 'NONE',  ( 1.432079220467927572, -0.5924330232573018495, 2.134256245050205639E-18 ) ) ;
#612 = CARTESIAN_POINT ( 'NONE',  ( 0.9964302270859156652, -1.211288317801181513, 0.02015000000000002206 ) ) ;
#613 = CARTESIAN_POINT ( 'NONE',  ( 0.1160546734786433443, -1.176697007489277080, -0.005270901231338724797 ) ) ;
#614 = CARTESIAN_POINT ( 'NONE',  ( -1.463670148786198943, -0.1465048731646463598, -0.02015000000000002206 ) ) ;
#615 = CARTESIAN_POINT ( 'NONE',  ( 1.516541089538821385, -0.4574249893048952242, 0.02015000000000002206 ) ) ;
#616 = CARTESIAN_POINT ( 'NONE',  ( -1.064005891039412566, 1.060550734678906704, 0.000000000000000000 ) ) ;
#617 = CARTESIAN_POINT ( 'NONE',  ( -0.3376187258431641580, 1.688733571307307280, 0.005270901231338727400 ) ) ;
#618 = CARTESIAN_POINT ( 'NONE',  ( 0.2573222664989491260, 1.304546821355123454, 0.02015000000000002206 ) ) ;
#619 = CARTESIAN_POINT ( 'NONE',  ( -0.7811717256216980099, -1.171819291605710189, 0.02015000000000002206 ) ) ;
#620 = CARTESIAN_POINT ( 'NONE',  ( 1.341552906882097940, 0.7178222330833942122, 0.005270901231338729134 ) ) ;
#621 = CARTESIAN_POINT ( 'NONE',  ( 0.7671025914337588070, 0.0007258565243637117234, -0.02015000000000002206 ) ) ;
#622 = CARTESIAN_POINT ( 'NONE',  ( 0.3439750317958126802, 0.8313028899394538929, -0.02015000000000002206 ) ) ;
#623 = CARTESIAN_POINT ( 'NONE',  ( 0.7701318767301625901, 0.0008544233854192408899, 0.005270901231338727400 ) ) ;
#624 = CARTESIAN_POINT ( 'NONE',  ( 1.096757261283283214, 1.098936501009861288, 0.005270901231338727400 ) ) ;
#625 = CARTESIAN_POINT ( 'NONE',  ( 1.813828757771373645, 0.7532789024579680248, 0.02015000000000002206 ) ) ;
#626 = CARTESIAN_POINT ( 'NONE',  ( 1.672625375881530596, -0.5063991488351508030, -0.005270901231338724797 ) ) ;
#627 = CARTESIAN_POINT ( 'NONE',  ( 1.228696520285260219, -0.6551492142235911809, -0.005270901231338727400 ) ) ;
#628 = CARTESIAN_POINT ( 'NONE',  ( -0.8027435083660245940, 0.9763492079638943499, -0.005270901231338724797 ) ) ;
#629 = CARTESIAN_POINT ( 'NONE',  ( -0.8273931464775039490, -0.2520253568315128367, 0.000000000000000000 ) ) ;
#630 = CARTESIAN_POINT ( 'NONE',  ( -0.3562962634403943896, -1.800273796285656314, 0.000000000000000000 ) ) ;
#631 = CARTESIAN_POINT ( 'NONE',  ( 0.5508140806685662971, 1.819837685154967577, 0.02015000000000002206 ) ) ;
#632 = CARTESIAN_POINT ( 'NONE',  ( -0.8073571158029475558, 1.507049962144787258, -0.02015000000000002206 ) ) ;
#633 = CARTESIAN_POINT ( 'NONE',  ( 0.6804962870783798357, -1.640309029067438695, 0.005270901231338729134 ) ) ;
#634 = CARTESIAN_POINT ( 'NONE',  ( -1.171882550746745633, -1.432576041952445145, 0.000000000000000000 ) ) ;
#635 = CARTESIAN_POINT ( 'NONE',  ( 1.085955093954332540, 1.324750809566797249, -0.02015000000000002206 ) ) ;
#636 = CARTESIAN_POINT ( 'NONE',  ( 1.366857274759203822, 0.1360289709325979146, -0.005270901231338727400 ) ) ;
#637 = CARTESIAN_POINT ( 'NONE',  ( 0.001600930868976154896, -1.627950493827648559, 0.000000000000000000 ) ) ;
#638 = CARTESIAN_POINT ( 'NONE',  ( 0.6452588527940946728, 0.6448979018736624713, 0.02015000000000002206 ) ) ;
#639 = CARTESIAN_POINT ( 'NONE',  ( -1.438979288415740188, 1.179546835686121176, 2.134256245050205639E-18 ) ) ;
#640 = CARTESIAN_POINT ( 'NONE',  ( 1.464006984101278386, -0.9769989242160266318, 0.02015000000000002206 ) ) ;
#641 = CARTESIAN_POINT ( 'NONE',  ( -1.173192782201607054, -0.3569883028495337007, -0.005270901231338724797 ) ) ;
#642 = CARTESIAN_POINT ( 'NONE',  ( -0.2992154687573843619, -0.9902691944565905624, 0.000000000000000000 ) ) ;
#643 = CARTESIAN_POINT ( 'NONE',  ( 0.1473155455506510725, 1.520384098983244447, -0.02015000000000002206 ) ) ;
#644 = CARTESIAN_POINT ( 'NONE',  ( 1.934767834548602350, 0.3880236722248595060, 0.000000000000000000 ) ) ;
#645 = CARTESIAN_POINT ( 'NONE',  ( -0.3162303200274408921, -1.603282406148555106, 0.005270901231338727400 ) ) ;
#646 = CARTESIAN_POINT ( 'NONE',  ( 0.4643043364098252135, -1.117830024903247343, 0.02015000000000002206 ) ) ;
#647 = CARTESIAN_POINT ( 'NONE',  ( -0.9288917512194202475, 1.386672595192106838, 0.005270901231338729134 ) ) ;
#648 = CARTESIAN_POINT ( 'NONE',  ( 1.596215827602384563, 0.6634616501021368684, -0.02015000000000002206 ) ) ;
#649 = CARTESIAN_POINT ( 'NONE',  ( 1.080277449664375222, 0.3278565531322483184, -0.02015000000000002206 ) ) ;
#650 = CARTESIAN_POINT ( 'NONE',  ( -0.8679801415326585667, -1.627638557632946403, 0.000000000000000000 ) ) ;
#651 = CARTESIAN_POINT ( 'NONE',  ( -1.563031101643532317, 0.6444940240607452964, 0.005270901231338727400 ) ) ;
#652 = CARTESIAN_POINT ( 'NONE',  ( -0.7919999576386872464, -0.2397843781439899791, -0.02015000000000002206 ) ) ;
#653 = CARTESIAN_POINT ( 'NONE',  ( -0.8012611392035158264, -1.203424845513665353, -0.005270901231338727400 ) ) ;
#654 = CARTESIAN_POINT ( 'NONE',  ( -1.075915321021635229, -0.5753392882101625583, -0.005270901231338724797 ) ) ;
#655 = CARTESIAN_POINT ( 'NONE',  ( 0.001121125418458782325, -1.025066133049630013, 0.000000000000000000 ) ) ;
#656 = CARTESIAN_POINT ( 'NONE',  ( 0.6707929152040851273, 0.6722936075519813093, 0.000000000000000000 ) ) ;
#657 = CARTESIAN_POINT ( 'NONE',  ( 0.1604874905346217739, -0.8019238191801268956, 0.005270901231338727400 ) ) ;
#658 = CARTESIAN_POINT ( 'NONE',  ( -0.6780058982080960917, -0.4523228392360981731, 0.005270901231338729134 ) ) ;
#659 = CARTESIAN_POINT ( 'NONE',  ( -0.6298566551334511265, -0.5170223171432924980, 0.02015000000000002206 ) ) ;
#660 = CARTESIAN_POINT ( 'NONE',  ( 0.8557726627770558814, -1.595035465960351395, -0.02015000000000002206 ) ) ;
#661 = CARTESIAN_POINT ( 'NONE',  ( 0.0007450762020599124283, -1.587462860693169553, 0.005270901231338729134 ) ) ;
#662 = FILL_AREA_STYLE_COLOUR ( '', #4413 ) ;
#663 = CARTESIAN_POINT ( 'NONE',  ( 1.782283186026613508, 0.7395513918292980771, -0.02015000000000002206 ) ) ;
#664 = CARTESIAN_POINT ( 'NONE',  ( 0.4137033172014812354, -1.355796239783332524, -0.005270901231338727400 ) ) ;
#665 = CARTESIAN_POINT ( 'NONE',  ( -0.7147809355183392110, 1.332049816219171845, 0.000000000000000000 ) ) ;
#666 = CARTESIAN_POINT ( 'NONE',  ( -1.078562833058650527, -0.5768471925141540613, 0.02015000000000002206 ) ) ;
#667 = CARTESIAN_POINT ( 'NONE',  ( 0.3613765739238957719, -0.6775999228413918107, 0.005270901231338729134 ) ) ;
#668 = CARTESIAN_POINT ( 'NONE',  ( 0.9629528668365238131, -0.9623349713919471249, -0.005270901231338724797 ) ) ;
#669 = CARTESIAN_POINT ( 'NONE',  ( -0.7789543309099374868, 0.7772840017148821001, 0.000000000000000000 ) ) ;
#670 = CARTESIAN_POINT ( 'NONE',  ( -0.1505549023377712736, 1.513816179954484697, -0.02015000000000002206 ) ) ;
#671 = CARTESIAN_POINT ( 'NONE',  ( 0.7653347998975816857, -0.1512902070212980843, 0.000000000000000000 ) ) ;
#672 = CARTESIAN_POINT ( 'NONE',  ( -1.094965728084118961, -0.9005894166372688803, 0.02015000000000002206 ) ) ;
#673 = CARTESIAN_POINT ( 'NONE',  ( -0.7147809355183392110, 1.332049816219171845, 0.005270901231338727400 ) ) ;
#674 = CARTESIAN_POINT ( 'NONE',  ( 0.2392761478865392810, -1.192881254395736113, 0.02015000000000002206 ) ) ;
#675 = CARTESIAN_POINT ( 'NONE',  ( 1.319829494299890049, -0.2620365884575798776, 0.02015000000000002206 ) ) ;
#676 = CARTESIAN_POINT ( 'NONE',  ( -0.7135489483780016462, -0.7143092533042941783, 2.134256245050205639E-18 ) ) ;
#677 = CARTESIAN_POINT ( 'NONE',  ( 1.205729670833924461, -0.9886001734533633734, 0.005270901231338729134 ) ) ;
#678 = CARTESIAN_POINT ( 'NONE',  ( 1.250495694061573237, -1.247411196950414691, -0.02015000000000002206 ) ) ;
#679 = CARTESIAN_POINT ( 'NONE',  ( 0.5764336457597197816, 0.7029546170919069858, -0.02015000000000002206 ) ) ;
#680 = CARTESIAN_POINT ( 'NONE',  ( -1.579742085693920162, 1.051934407835061647, 0.000000000000000000 ) ) ;
#681 = CARTESIAN_POINT ( 'NONE',  ( 0.5870137572278580906, 1.423700988765330910, 0.005270901231338727400 ) ) ;
#682 = CARTESIAN_POINT ( 'NONE',  ( -0.8197054457317710652, 0.6717465957748880445, -0.02015000000000002206 ) ) ;
#683 = CARTESIAN_POINT ( 'NONE',  ( 1.751149173740902842, -0.3454241630625419224, -0.005270901231338727400 ) ) ;
#684 = CARTESIAN_POINT ( 'NONE',  ( 0.3757234751991372912, 1.239761675578168632, -0.005270901231338724797 ) ) ;
#685 = CARTESIAN_POINT ( 'NONE',  ( -0.6163827538810128237, 0.9190978106364767752, 0.000000000000000000 ) ) ;
#686 = CARTESIAN_POINT ( 'NONE',  ( 0.9232900528251212213, 0.2818315948865870446, 0.000000000000000000 ) ) ;
#687 = CARTESIAN_POINT ( 'NONE',  ( -1.309739434344496578, -1.312257947754155607, 0.000000000000000000 ) ) ;
#688 = CARTESIAN_POINT ( 'NONE',  ( 0.3577602056173886935, -1.784007848971294719, -0.02015000000000002206 ) ) ;
#689 = CARTESIAN_POINT ( 'NONE',  ( 1.480484694280911118, -0.4473042365981125257, 0.005270901231338729134 ) ) ;
#690 = CARTESIAN_POINT ( 'NONE',  ( 1.080837092333922778, 1.620927422155468367, 0.000000000000000000 ) ) ;
#691 = CARTESIAN_POINT ( 'NONE',  ( -1.836074367006176100, 0.1797209058144741134, -0.02015000000000002206 ) ) ;
#692 = CARTESIAN_POINT ( 'NONE',  ( 0.6341456267723789564, 0.9525466853756933139, -0.005270901231338727400 ) ) ;
#693 = CARTESIAN_POINT ( 'NONE',  ( 0.8952924746793301525, -1.337045265786458437, 0.000000000000000000 ) ) ;
#694 = CARTESIAN_POINT ( 'NONE',  ( 1.336059071367980966, -0.1302097141715951867, 0.02015000000000002206 ) ) ;
#695 = LENGTH_MEASURE_WITH_UNIT ( LENGTH_MEASURE( 0.02539999999999999897 ), #3358 );
#696 = CARTESIAN_POINT ( 'NONE',  ( 0.5508140806685662971, 1.819837685154967577, 0.02015000000000002206 ) ) ;
#697 = CARTESIAN_POINT ( 'NONE',  ( 0.001399145755060335512, -1.386442015117156368, -0.005270901231338724797 ) ) ;
#698 = CARTESIAN_POINT ( 'NONE',  ( 0.4258475976445499911, 0.7961207194575191659, 0.02015000000000002206 ) ) ;
#699 = CARTESIAN_POINT ( 'NONE',  ( 0.2399508317265431068, -1.195852433669943204, 0.000000000000000000 ) ) ;
#700 = CARTESIAN_POINT ( 'NONE',  ( 0.8935460224519511385, -1.334548677100054315, -0.02015000000000002206 ) ) ;
#701 = CARTESIAN_POINT ( 'NONE',  ( -1.470748816805947712, 1.204660073240859441, 0.000000000000000000 ) ) ;
#702 = CARTESIAN_POINT ( 'NONE',  ( 1.469819282470427702, -0.6071187045553985140, 0.005270901231338727400 ) ) ;
#703 = CARTESIAN_POINT ( 'NONE',  ( 1.326296011485933679, -0.8831791181810302316, 0.02015000000000002206 ) ) ;
#704 = CARTESIAN_POINT ( 'NONE',  ( -1.008611230855529284, -0.2012228637585475877, 2.134256245050205639E-18 ) ) ;
#705 = CARTESIAN_POINT ( 'NONE',  ( 0.1570671935675275466, -1.576456742621983764, 0.005270901231338729134 ) ) ;
#706 = CARTESIAN_POINT ( 'NONE',  ( 1.697795853357347839, 0.9102836476816639211, -0.02015000000000002206 ) ) ;
#707 = CARTESIAN_POINT ( 'NONE',  ( 0.8775782386196742113, -0.3636965949044950186, -0.02015000000000002206 ) ) ;
#708 = CARTESIAN_POINT ( 'NONE',  ( -1.212344867974656903, 1.472486688775476837, 0.000000000000000000 ) ) ;
#709 = CARTESIAN_POINT ( 'NONE',  ( -0.5590930220698715480, 1.836767040747111945, 0.005270901231338727400 ) ) ;
#710 = CARTESIAN_POINT ( 'NONE',  ( 0.9359893645336462287, -0.09238420785921226674, -0.02015000000000002206 ) ) ;
#711 = CARTESIAN_POINT ( 'NONE',  ( -1.666824414092487494, -0.1658142189559886903, -0.005270901231338727400 ) ) ;
#712 = CARTESIAN_POINT ( 'NONE',  ( -0.4575541425220522873, -1.107228506377783139, -0.005270901231338724797 ) ) ;
#713 = CARTESIAN_POINT ( 'NONE',  ( 0.7842116132879448642, -1.169499327565599156, 0.000000000000000000 ) ) ;
#714 = CARTESIAN_POINT ( 'NONE',  ( -1.061031655972372256, 0.2098633659835004439, 0.000000000000000000 ) ) ;
#715 = CARTESIAN_POINT ( 'NONE',  ( 0.7712383691861520729, -0.6315177307630112091, 0.005270901231338727400 ) ) ;
#716 = AXIS2_PLACEMENT_3D ( 'NONE', #2815, #4245, #547 ) ;
#717 = CARTESIAN_POINT ( 'NONE',  ( -0.5359940070366022713, -0.6546532945996479391, -0.005270901231338727400 ) ) ;
#718 = CARTESIAN_POINT ( 'NONE',  ( 0.9944491606979937171, -1.208973490107039916, 0.005270901231338729134 ) ) ;
#719 = CARTESIAN_POINT ( 'NONE',  ( 0.4423182869424111541, 0.8297544829725637117, 0.000000000000000000 ) ) ;
#720 = CARTESIAN_POINT ( 'NONE',  ( -0.7927744260091197370, -0.3299110224221994403, -0.02015000000000002206 ) ) ;
#721 = CARTESIAN_POINT ( 'NONE',  ( 0.1680483701384951900, 1.723398256320827659, -0.005270901231338727400 ) ) ;
#722 = CARTESIAN_POINT ( 'NONE',  ( -1.276923790620680510, -1.049962423047197113, 0.02015000000000002206 ) ) ;
#723 = CARTESIAN_POINT ( 'NONE',  ( -1.673438231575997470, 0.1621083620707732265, 0.000000000000000000 ) ) ;
#724 = CARTESIAN_POINT ( 'NONE',  ( 0.7402557819646997661, -0.9016681136641716554, 0.02015000000000002206 ) ) ;
#725 = CARTESIAN_POINT ( 'NONE',  ( 1.929837142911454917, 0.001490102981407642746, 2.134256245050204869E-18 ) ) ;
#726 = CARTESIAN_POINT ( 'NONE',  ( 0.5707951985323631572, -1.063756862608758569, -0.02015000000000002206 ) ) ;
#727 = CARTESIAN_POINT ( 'NONE',  ( 1.932868703483374029, 0.001542441719929016223, 0.02015000000000002206 ) ) ;
#728 = CARTESIAN_POINT ( 'NONE',  ( 1.501395411966139903, 0.2993307647679709360, -0.005270901231338724797 ) ) ;
#729 = CARTESIAN_POINT ( 'NONE',  ( 0.8906225380062372521, 0.7334339724980429853, 0.000000000000000000 ) ) ;
#730 = CARTESIAN_POINT ( 'NONE',  ( 1.466979869720981267, -0.6060138120749977153, -0.02015000000000002206 ) ) ;
#731 = CARTESIAN_POINT ( 'NONE',  ( 0.3746180060972844061, 1.899015941328781043, 0.000000000000000000 ) ) ;
#732 = CARTESIAN_POINT ( 'NONE',  ( -1.317737710512343563, 0.7015904054980349747, 0.005270901231338727400 ) ) ;
#733 = CARTESIAN_POINT ( 'NONE',  ( 1.094650951050373244, 1.096735021291985523, 0.02015000000000002206 ) ) ;
#734 = CARTESIAN_POINT ( 'NONE',  ( 0.2309832696986008349, -1.156360996557075582, 2.134256245050205639E-18 ) ) ;
#735 = CARTESIAN_POINT ( 'NONE',  ( -0.3091373970162811791, -1.563411723108109053, 0.005270901231338729134 ) ) ;
#736 = CARTESIAN_POINT ( 'NONE',  ( 0.3803706477888631476, -0.7098760736274406513, -0.02015000000000002206 ) ) ;
#737 = CARTESIAN_POINT ( 'NONE',  ( 0.4020007986868109895, -1.320221709831183698, -0.02015000000000002206 ) ) ;
#738 = CARTESIAN_POINT ( 'NONE',  ( 1.970131138202268817, 0.002185763461703942295, 0.000000000000000000 ) ) ;
#739 = CARTESIAN_POINT ( 'NONE',  ( -0.07994837832442129588, -0.8203140385386719080, 0.02015000000000002206 ) ) ;
#740 = CARTESIAN_POINT ( 'NONE',  ( -0.7516766685048876795, 0.7516240273050294185, -0.02015000000000002206 ) ) ;
#741 = CARTESIAN_POINT ( 'NONE',  ( 1.462298630818986478, 0.9791283617966567432, -0.005270901231338727400 ) ) ;
#742 = CARTESIAN_POINT ( 'NONE',  ( -1.415530904714172866, 0.2800228065795956067, -0.005270901231338724797 ) ) ;
#743 = CARTESIAN_POINT ( 'NONE',  ( 0.9423015235718230631, -0.2840614059098928723, 0.000000000000000000 ) ) ;
#744 = CARTESIAN_POINT ( 'NONE',  ( -0.8639485681227481173, 0.1702611048391229898, 0.005270901231338727400 ) ) ;
#745 = CARTESIAN_POINT ( 'NONE',  ( -0.09135109889392062366, 0.9169065658045697509, -0.005270901231338727400 ) ) ;
#746 = CARTESIAN_POINT ( 'NONE',  ( -0.4628260725654979590, -1.528341383907225071, 0.005270901231338729134 ) ) ;
#747 = CARTESIAN_POINT ( 'NONE',  ( -0.7107784406926598297, -0.4761130391232206160, 0.000000000000000000 ) ) ;
#748 = CARTESIAN_POINT ( 'NONE',  ( 0.6817157931992979814, -1.643101132199427550, -0.02015000000000002206 ) ) ;
#749 = CARTESIAN_POINT ( 'NONE',  ( 0.5017951279756529548, 1.663767782017541164, -0.005270901231338727400 ) ) ;
#750 = CARTESIAN_POINT ( 'NONE',  ( 0.1473155455506510725, 1.520384098983244447, 0.02015000000000002206 ) ) ;
#751 = CARTESIAN_POINT ( 'NONE',  ( 0.5358336126748850514, -0.5368787896484557010, 2.134256245050205639E-18 ) ) ;
#752 = CARTESIAN_POINT ( 'NONE',  ( 1.018028616780382922, 0.8360485992822096479, 0.02015000000000002206 ) ) ;
#753 = CARTESIAN_POINT ( 'NONE',  ( -0.8112142806861246669, -0.6671002809389049437, -0.02015000000000002206 ) ) ;
#754 = CARTESIAN_POINT ( 'NONE',  ( 0.8970868882639493336, 1.683487189600068934, 0.02015000000000002206 ) ) ;
#755 = CARTESIAN_POINT ( 'NONE',  ( -0.3289230616015021980, 1.649181516550996651, -0.005270901231338724797 ) ) ;
#756 = CARTESIAN_POINT ( 'NONE',  ( 0.4137033172014812354, -1.355796239783332524, 0.000000000000000000 ) ) ;
#757 = CARTESIAN_POINT ( 'NONE',  ( 1.145675325035443226, -1.393353486046602363, -0.02015000000000002206 ) ) ;
#758 = CARTESIAN_POINT ( 'NONE',  ( 1.751149173740902842, -0.3454241630625419224, 0.000000000000000000 ) ) ;
#759 = CARTESIAN_POINT ( 'NONE',  ( 0.6967053558821356685, -1.677420275167984975, 0.005270901231338727400 ) ) ;
#760 = CARTESIAN_POINT ( 'NONE',  ( -1.535427889653403710, -0.6376921181565959884, 0.02015000000000002206 ) ) ;
#761 = CARTESIAN_POINT ( 'NONE',  ( -1.235723599388528937, -0.001077562551306459693, 2.134256245050205639E-18 ) ) ;
#762 = CARTESIAN_POINT ( 'NONE',  ( -0.1871644351324468214, 1.876390623244668765, 0.005270901231338729134 ) ) ;
#763 = CARTESIAN_POINT ( 'NONE',  ( -0.2188472845191537786, 1.094558006466558542, -0.02015000000000002206 ) ) ;
#764 = CARTESIAN_POINT ( 'NONE',  ( 1.307091559249833557, 0.2613778185360193795, -0.02015000000000002206 ) ) ;
#765 = CARTESIAN_POINT ( 'NONE',  ( 0.7270414544978539562, 0.8878234437803660395, 0.005270901231338727400 ) ) ;
#766 = CARTESIAN_POINT ( 'NONE',  ( 1.512104058723804378, 1.243362208235009092, 0.005270901231338727400 ) ) ;
#767 = CARTESIAN_POINT ( 'NONE',  ( 0.3169771499549464688, 1.047518234273461912, 0.005270901231338729134 ) ) ;
#768 = CARTESIAN_POINT ( 'NONE',  ( -0.7156351897485245805, -0.7165297815107519730, -0.02015000000000002206 ) ) ;
#769 = CARTESIAN_POINT ( 'NONE',  ( 1.495540774311185928, -0.9972006770378056828, -0.005270901231338727400 ) ) ;
#770 = CARTESIAN_POINT ( 'NONE',  ( 0.9559651398318254056, 1.167440081071754232, -0.005270901231338724797 ) ) ;
#771 = CARTESIAN_POINT ( 'NONE',  ( -0.7856371147769859453, 0.4181495140189092630, 0.000000000000000000 ) ) ;
#772 = CARTESIAN_POINT ( 'NONE',  ( -1.048069353480812982, -0.2103362636239102523, 0.005270901231338727400 ) ) ;
#773 = CARTESIAN_POINT ( 'NONE',  ( -0.3192804869888804520, -0.7733491137579409092, -0.005270901231338727400 ) ) ;
#774 = CARTESIAN_POINT ( 'NONE',  ( 0.7253161464796067381, -0.1450829918850024824, -0.005270901231338724797 ) ) ;
#775 = CARTESIAN_POINT ( 'NONE',  ( -0.8460032837790635307, 0.2555782320411348341, 0.000000000000000000 ) ) ;
#776 = CARTESIAN_POINT ( 'NONE',  ( 0.7623239549573066487, -0.1508232007457327439, -0.02015000000000002206 ) ) ;
#777 = CARTESIAN_POINT ( 'NONE',  ( 1.577648889736781079, 0.002550406381453532677, -0.005270901231338727400 ) ) ;
#778 = CARTESIAN_POINT ( 'NONE',  ( -0.2985207245629692419, 1.488443958291085334, 0.02015000000000002206 ) ) ;
#779 = CARTESIAN_POINT ( 'NONE',  ( 0.1807068429672382681, -1.816807983761690171, 0.000000000000000000 ) ) ;
#780 = CARTESIAN_POINT ( 'NONE',  ( 0.9307658346483748124, 0.6220805951980338255, 0.02015000000000002206 ) ) ;
#781 = SHAPE_REPRESENTATION ( 'Coils', ( #1095, #4314, #2695 ), #3660 ) ;
#782 = CARTESIAN_POINT ( 'NONE',  ( 1.048961797449726507, -0.5585082944812002070, -0.02015000000000002206 ) ) ;
#783 = CARTESIAN_POINT ( 'NONE',  ( 0.5522514997431299255, -1.031220227964161795, 0.005270901231338729134 ) ) ;
#784 = CARTESIAN_POINT ( 'NONE',  ( -0.9288917512194202475, 1.386672595192106838, -0.005270901231338724797 ) ) ;
#785 = CARTESIAN_POINT ( 'NONE',  ( 0.2977231044529745629, 1.504576940149330744, 0.000000000000000000 ) ) ;
#786 = CARTESIAN_POINT ( 'NONE',  ( 0.8557726627770558814, -1.595035465960351395, -0.02015000000000002206 ) ) ;
#787 = CARTESIAN_POINT ( 'NONE',  ( -0.7856371147769859453, 0.4181495140189092630, 0.000000000000000000 ) ) ;
#788 = CARTESIAN_POINT ( 'NONE',  ( 0.9790992621632309545, 1.196890144073371909, 0.02015000000000002206 ) ) ;
#789 = CARTESIAN_POINT ( 'NONE',  ( 1.119759328950334698, -0.2218543593727494712, 2.134256245050205639E-18 ) ) ;
#790 = CARTESIAN_POINT ( 'NONE',  ( -0.0001218389263104745950, -0.7835784480795552343, -0.005270901231338724797 ) ) ;
#791 = CARTESIAN_POINT ( 'NONE',  ( -0.3487015984393075363, 0.8394364888377384704, -0.02015000000000002206 ) ) ;
#792 = CARTESIAN_POINT ( 'NONE',  ( -0.1157560122856408635, -1.186035031096887460, -0.02015000000000002206 ) ) ;
#793 = CARTESIAN_POINT ( 'NONE',  ( -0.1989556312494622226, -1.008809701410269932, 0.02015000000000002206 ) ) ;
#794 = CARTESIAN_POINT ( 'NONE',  ( 0.5537601597793437858, -1.033867311534292677, 0.02015000000000002206 ) ) ;
#795 = CARTESIAN_POINT ( 'NONE',  ( -1.066890135447390309, -0.1062437229075484657, 0.005270901231338727400 ) ) ;
#796 = CARTESIAN_POINT ( 'NONE',  ( 0.3746180060972844061, 1.899015941328781043, 0.005270901231338727400 ) ) ;
#797 = CARTESIAN_POINT ( 'NONE',  ( 0.7927137538579086540, -0.5292087908012511610, 0.005270901231338729134 ) ) ;
#798 = CARTESIAN_POINT ( 'NONE',  ( -0.9748486364107924462, 0.7995714389414887435, -0.02015000000000002206 ) ) ;
#799 = CARTESIAN_POINT ( 'NONE',  ( -0.7724506283608468804, -1.450762859432999985, -0.005270901231338727400 ) ) ;
#800 = CARTESIAN_POINT ( 'NONE',  ( -1.525319937405836823, 0.6297343424451672389, -0.005270901231338724797 ) ) ;
#801 = CARTESIAN_POINT ( 'NONE',  ( 0.8505509035393795658, -0.8477023989134940818, 0.000000000000000000 ) ) ;
#802 = CARTESIAN_POINT ( 'NONE',  ( 0.6341456267723789564, 0.9525466853756933139, 0.005270901231338727400 ) ) ;
#803 = CARTESIAN_POINT ( 'NONE',  ( 0.7701318767301625901, 0.0008544233854192408899, -0.005270901231338727400 ) ) ;
#804 = CARTESIAN_POINT ( 'NONE',  ( -1.749765293537725919, -0.5331304675556870487, 0.005270901231338729134 ) ) ;
#805 = CARTESIAN_POINT ( 'NONE',  ( -0.9335810111500513209, -0.5010653200894831238, 0.000000000000000000 ) ) ;
#806 = CARTESIAN_POINT ( 'NONE',  ( 0.4409782807767909096, 0.8270181402693017603, -0.02015000000000002206 ) ) ;
#807 = CARTESIAN_POINT ( 'NONE',  ( 0.9809813853701755404, 1.199286113378744245, -0.005270901231338727400 ) ) ;
#808 = CARTESIAN_POINT ( 'NONE',  ( -1.873405340570763356, 0.1827022466259360933, 0.000000000000000000 ) ) ;
#809 = CARTESIAN_POINT ( 'NONE',  ( -1.181149194006332781, -0.7899270786487389007, 0.02015000000000002206 ) ) ;
#810 = CONTEXT_DEPENDENT_SHAPE_REPRESENTATION ( #3999, #4543 ) ;
#811 = CARTESIAN_POINT ( 'NONE',  ( 0.4643043364098252135, -1.117830024903247343, -0.02015000000000002206 ) ) ;
#812 = CARTESIAN_POINT ( 'NONE',  ( 1.126571502969889949, 0.1118021956371978293, 0.005270901231338729134 ) ) ;
#813 = CARTESIAN_POINT ( 'NONE',  ( -1.138919877986292351, -1.141528997461086492, -0.005270901231338724797 ) ) ;
#814 = CARTESIAN_POINT ( 'NONE',  ( 0.6307301826331075389, 1.184712561587630608, 0.000000000000000000 ) ) ;
#815 = CARTESIAN_POINT ( 'NONE',  ( -1.061225634607696255, 1.585049946696809986, -0.02015000000000002206 ) ) ;
#816 = CARTESIAN_POINT ( 'NONE',  ( -0.9814091404061605628, -0.4077589322072399103, 0.000000000000000000 ) ) ;
#817 = CARTESIAN_POINT ( 'NONE',  ( -0.4737644156597711209, -1.567332837239003407, 0.000000000000000000 ) ) ;
#818 = CARTESIAN_POINT ( 'NONE',  ( -1.307625767191403332, -1.310063535762551634, 0.02015000000000002206 ) ) ;
#819 =( BOUNDED_SURFACE ( )  B_SPLINE_SURFACE ( 3, 3, ( 
 ( #106, #2402, #1905, #1400, #5517, #4633, #4217, #4190, #3202, #515, #162, #1935, #5012, #959, #5546, #3293, #5098, #1962, #1515, #3320, #5124, #1072, #4688, #2754, #1184, #771, #329, #5713, #2101, #5209, #242, #2045, #3860, #3407, #2569, #2929, #4329, #5236, #656, #2987, #4274, #686, #5181, #1542, #4303, #743, #2958, #3017, #1155, #1213, #2539, #3830, #3434, #5656, #215, #1128, #270, #4801, #1654, #4745, #1625, #3379, #2900, #4774, #1598, #3914, #714, #2484, #2512, #2072, #4829, #3800, #4357, #3887, #5684, #2017, #299, #3464, #5266, #4389, #5599, #3347, #5151, #1100, #4715, #2456, #5628, #1572, #1304, #2219, #4004, #801, #5388, #2599, #3166, #4857, #5804, #1333, #1746, #3942, #3045, #4946, #5775, #1683, #3493, #388, #3554, #4419, #1275, #3105, #5327, #358, #1776, #4506, #3135, #889, #4977, #4535, #4065, #447, #5358, #4450, #2190, #4916, #860, #921, #3075, #2657, #3587, #2161, #2687, #3975, #4888, #3524, #5743, #2629, #2249, #4479, #1365, #417, #5419, #6, #1717, #1807, #4036, #831, #5835, #3620, #2718, #2131, #5295, #1243, #508, #156, #5510, #595, #4564, #1956, #37, #1040, #2836, #3767, #2864, #3683, #3195, #5006, #4655, #5566, #1869, #4624, #4123, #2396, #2337, #68, #4153, #984, #3710, #1065, #476, #5480, #3739, #1454, #1927, #4211, #2306, #1425, #5539, #1509, #3226, #3313, #5118, #99, #2277, #3255, #5036, #1897, #4093, #2778, #2365, #5064, #1011, #4594, #1483, #539, #1838, #568, #3286, #3651, #5449, #2808, #5092, #4182, #1394, #127, #953, #2747, #2534, #5203, #5231, #1207, #1983, #2478, #1179, #4681, #1535, #5679, #294, #5622, #650, #2039, #3882, #2011, #5592, #209, #2923, #2982, #5174, #3429, #4297, #680, #4739, #708, #1649, #2952, #2450, #264, #3793, #2506, #4796, #3824, #4352, #1592, #3401, #3340, #5145, #2096, #1122, #738 ),
 ( #623, #1565, #1093, #2894, #3909, #5708, #3372, #4768, #4268, #3458, #236, #3854, #5650, #1149, #4323, #5261, #2423, #2067, #1620, #4238, #182, #4709, #3039, #4412, #411, #441, #4851, #2593, #2125, #2623, #3069, #1327, #1269, #352, #3518, #4881, #2243, #5412, #4473, #382, #2184, #1237, #2651, #2213, #5829, #2155, #3997, #1770, #5858, #825, #3129, #1801, #883, #3548, #3581, #3011, #323, #4443, #5382, #4823, #5737, #4029, #4500, #3969, #795, #5797, #4940, #5769, #3936, #1711, #1740, #2681, #5321, #4059, #5351, #1298, #3099, #4910, #3613, #854, #765, #2563, #1677, #4383, #3487, #5289, #1034, #4146, #92, #30, #1831, #4648, #3676, #3733, #1890, #1862, #3219, #3188, #5532, #2329, #562, #914, #5442, #4086, #2298, #501, #3703, #5503, #4116, #1418, #1005, #60, #3643, #1475, #3278, #5058, #946, #4999, #5086, #1387, #589, #2802, #976, #2830, #121, #2771, #1447, #2390, #4205, #5473, #1950, #149, #5029, #3248, #4587, #532, #2740, #1921, #4617, #469, #4557, #2359, #2270, #4176, #3762, #1358, #3159, #4970, #2711, #4528, #2471, #5139, #3846, #732, #2528, #5168, #1504, #673, #3788, #1559, #1614, #204, #1586, #2917, #4732, #4704, #2945, #3334, #4790, #5643, #4762, #258, #3422, #1088, #702, #3394, #2500, #4290, #4346, #2006, #5196, #229, #2032, #645, #4317, #2888, #287, #1143, #2061, #3876, #5225, #2445, #5673, #1172, #2976, #2089, #5561, #3308, #5113, #1060, #2858, #4675, #617, #3364, #2417, #4233, #177, #1977, #5587, #4261, #1530, #3818, #5615, #1116, #5701, #3452, #5254, #2557, #1200, #4375, #3004, #4817, #759, #317, #3903, #1643, #5448, #5063, #2717, #1453, #4181, #2746, #3285, #538, #2336, #2276, #4092, #1039, #66, #126, #4152, #4122, #5479, #1393, #1926, #4593, #2807, #3165, #1837, #475, #4563, #507, #98, #1896, #2304, #3682, #3254, #1868 ),
 ( #1010, #2777, #4622, #3738, #3650, #5005, #567, #2835, #3194, #952, #4534, #3225, #1424, #5538, #5035, #983, #3709, #5509, #4654, #155, #2364, #1482, #5091, #594, #2395, #4210, #3619, #5418, #1364, #4976, #920, #36, #4470, #3966, #3578, #409, #5318, #380, #2153, #4382, #3545, #2123, #851, #5827, #2678, #3486, #3010, #5735, #2210, #5379, #1676, #4441, #5287, #2648, #5766, #793, #1708, #351, #3516, #880, #293, #1266, #5348, #4879, #1295, #4026, #823, #2621, #3096, #1325, #3995, #5795, #5260, #3127, #2095, #5707, #1206, #4084, #4997, #4555, #3731, #1032, #90, #1860, #3674, #2709, #4144, #3701, #1445, #3641, #5471, #3246, #1473, #2738, #2800, #2296, #1919, #4615, #1416, #4585, #499, #3157, #1888, #4968, #5530, #1356, #4114, #5501, #58, #439, #5410, #5056, #2268, #4057, #5636, #3217, #5027, #912, #5440, #974, #1829, #4526, #1003, #560, #2357, #4174, #3276, #4498, #119, #5084, #2769, #944, #530, #2327, #2241, #1798, #1385, #3611, #467, #28, #3186, #3306, #5663, #4231, #587, #3413, #5720, #2079, #2138, #4336, #336, #1662, #2856, #2546, #2966, #5111, #249, #5243, #4364, #778, #3867, #750, #4673, #2577, #3894, #3024, #1058, #4396, #2388, #3471, #5692, #1632, #1502, #615, #3950, #5215, #5273, #3441, #1162, #4781, #2415, #1220, #1191, #2108, #4203, #2052, #5559, #1605, #722, #2994, #4808, #2519, #277, #306, #3921, #4836, #5750, #1690, #3500, #5302, #2828, #4646, #147, #1948, #3760, #5421, #1871, #4125, #1367, #2720, #70, #5482, #4948, #541, #3228, #8, #478, #4979, #1809, #5837, #1427, #3653, #4918, #3589, #2221, #862, #891, #986, #5390, #1335, #923, #4095, #5806, #39, #3137, #1840, #3556, #1306, #5451, #3107, #3197, #2689, #3622, #2659, #449, #2749, #3769, #5568, #1929, #1067, #2367, #3342, #3315, #2866, #625, #1985, #4184, #4683 ),
 ( #4240, #4155, #1899, #5594, #3795, #3712, #1013, #4626, #3741, #3288, #4045, #4867, #77, #2960, #2874, #1545, #1103, #659, #3944, #5686, #1720, #1748, #510, #419, #924, #480, #3374, #597, #5176, #26, #378, #3963, #1705, #2386, #3758, #1639, #698, #5221, #2467, #3536, #3118, #1759, #3569, #2232, #3602, #2377, #246, #5809, #3592, #5393, #483, #3231, #5040, #2783, #4630, #2841, #2938, #3444, #4754, #2910, #2997, #309, #1223, #2439, #1553, #3357, #4725, #4283, #2026, #2493, #2169, #1727, #5335, #5845, #4428, #397, #5814, #1693, #1755, #1252, #366, #4866, #2580, #4896, #5367, #3565, #2228, #4926, #3598, #426, #3054, #4839, #4399, #794, #5768, #1297, #4472, #4939, #5320, #2650, #3968, #882, #3547, #2680, #2592, #1800, #5736, #1769, #3580, #2124, #5288, #2183, #1710, #1268, #3038, #3068, #5350, #3098, #4909, #853, #2212, #4028, #5381, #2419, #3336, #1478, #3281, #5141, #4734, #5617, #675, #2034, #2860, #3367, #2473, #4650, #4292, #231, #4677, #3849, #5645, #151, #3396, #619, #2916, #672, #1171, #176, #3845, #4761, #4921, #1230, #1408, #5533, #977, #2330, #5798, #4030, #3423, #1173, #4437, #4265, #4376, #15, #4228, #557, #3698, #87, #2412, #2324, #3330, #1945, #3728, #172, #2853, #5527, #1029, #612, #1973, #3243, #4699, #1526, #2354, #2825, #1470, #4171, #4141, #4670, #3756, #3214, #1885, #527, #5024, #5053, #3784, #5498, #1442, #3273, #584, #5583, #4643, #1000, #2384, #5134, #1083, #5081, #55, #4200, #2797, #116, #2883, #4612, #144, #5556, #1499, #1916, #3303, #5108, #640, #1055, #4111, #1857, #3671, #5468, #1413, #971, #2766, #4582, #1666, #1226, #312, #2971, #2999, #4841, #5610, #253, #4812, #2440, #5163, #3447, #3926, #3389, #4285, #5668, #1637, #5638, #3359, #3840, #696, #754, #2940, #1195, #2056, #4311, #2495, #4341, #5277, #727 ),
 ( #2084, #2113, #5191, #282, #2465, #5725, #1609, #2552, #667, #3476, #2001, #4370, #3028, #4256, #199, #1581, #1111, #2911, #3813, #1554, #1138, #2523, #4727, #3871, #224, #2027, #4756, #5248, #3417, #5219, #1166, #4785, #3898, #5696, #1696, #2172, #4898, #3146, #1285, #5400, #399, #2638, #841, #2668, #3631, #4928, #2610, #2230, #5755, #4488, #1346, #5785, #457, #3567, #5369, #5307, #1255, #4074, #3086, #4957, #1315, #4460, #2200, #4430, #900, #1757, #5848, #340, #4869, #3505, #1729, #3534, #3116, #870, #5338, #4016, #428, #5816, #4402, #369, #2698, #4047, #3985, #1787, #4515, #812, #17, #3600, #2258, #1819, #5430, #1375, #3176, #783, #2582, #2143, #3954, #3057, #1435, #3721, #2347, #5046, #3206, #3750, #2818, #4103, #2758, #1404, #47, #79, #3296, #5016, #963, #550, #1463, #5101, #1909, #4574, #3265, #165, #1966, #4605, #934, #109, #519, #993, #1048, #5491, #1022, #4164, #5520, #4133, #2376, #2316, #4220, #5074, #4193, #5549, #2846, #1878, #136, #4636, #1938, #578, #3778, #5576, #4663, #1492, #605, #1519, #2405, #4987, #2728, #3691, #4545, #489, #2286, #1848, #3663, #5460, #3236, #2790, #1994, #1628, #2990, #4719, #1601, #1105, #3890, #2962, #5603, #2075, #3917, #689, #5716, #3324, #2459, #718, #2487, #4777, #5688, #3351, #661, #2515, #746, #5155, #2904, #2433, #2932, #3382, #3437, #1575, #4277, #3833, #5184, #2542, #5128, #4332, #4306, #245, #1547, #273, #5239, #1187, #218, #2048, #4804, #302, #1131, #4360, #4748, #2104, #1076, #3863, #3410, #5659, #3805, #2876, #2020, #4692, #192, #5212, #633, #1158, #4249, #5631, #4482, #5298, #1216, #3020, #5778, #3527, #2573, #804, #2632, #4860, #2134, #1308, #4039, #4920, #864, #4509, #4068, #3591, #5839, #3079, #3978, #1722, #5330, #1278, #451, #2603, #2193, #3109, #4392, #2661, #3946, #4422 ),
 ( #3496, #421, #774, #5361, #2223, #361, #1337, #4453, #391, #332, #5746, #4950, #4891, #5808, #1779, #5392, #3139, #1246, #893, #1750, #2691, #834, #2252, #1658, #3467, #4007, #5269, #4832, #1686, #3559, #3048, #2164, #2722, #1016, #1487, #956, #1842, #3230, #5068, #3199, #926, #1397, #4127, #2370, #512, #4629, #5484, #1873, #72, #1902, #2840, #4158, #3656, #1458, #4981, #3715, #572, #5009, #5544, #2782, #4598, #4538, #482, #3291, #2309, #4187, #544, #3686, #1429, #5453, #131, #988, #2812, #5423, #4097, #2280, #2751, #4567, #2341, #103, #5039, #5514, #3259, #1932, #3624, #3744, #5096, #1044, #4659, #600, #2400, #41, #10, #1811, #1369, #3169, #2956, #3828, #1126, #712, #2510, #3345, #4800, #1624, #654, #2927, #1570, #4272, #2427, #4772, #2043, #3318, #1988, #628, #5122, #5149, #4327, #4243, #186, #5626, #684, #268, #4743, #3798, #2482, #5235, #1183, #3377, #160, #5179, #5597, #213, #2071, #4713, #240, #4301, #3858, #1098, #1596, #1540, #3433, #2986, #5654, #2898, #3405, #1070, #5207, #3886, #2454, #5683, #1153, #742, #2869, #4686, #4215, #2015, #1960, #3772, #5571, #1513, #4388, #859, #3523, #1745, #2100, #770, #5265, #3492, #1682, #4887, #830, #5294, #2598, #2189, #1242, #298, #328, #2656, #4856, #2130, #3941, #4478, #2568, #1775, #387, #2160, #416, #1303, #3974, #5326, #4915, #2218, #3044, #3134, #5834, #800, #1274, #5774, #4418, #5742, #3104, #4003, #1653, #357, #4828, #3463, #1716, #4035, #3074, #2628, #4449, #5803, #3586, #3553, #5357, #5387, #1332, #4945, #2538, #4356, #3913, #5712, #1212, #3016, #1392, #2776, #4121, #65, #35, #4151, #4533, #125, #5034, #97, #1452, #4621, #474, #1895, #982, #3708, #1867, #1925, #5537, #566, #1423, #3253, #3284, #4064, #4562, #5062, #888, #3618, #5508, #2363, #1836, #2716, #3681, #1009 ),
 ( #3193, #2806, #5478, #4180, #3737, #1481, #2686, #4505, #446, #2303, #5004, #951, #2745, #506, #2248, #3649, #3224, #2335, #5417, #5, #1363, #5447, #2275, #1806, #4592, #3164, #537, #4975, #919, #4091, #2038, #5117, #4738, #5144, #1508, #622, #1564, #679, #2951, #181, #2922, #1064, #4767, #4266, #5202, #3312, #707, #4653, #5649, #1591, #2505, #1619, #2422, #1955, #3766, #3400, #4322, #4237, #3371, #2863, #1148, #2477, #4680, #3853, #5678, #2449, #5090, #1038, #1982, #4296, #208, #235, #263, #3792, #5591, #2066, #3881, #1534, #3339, #4209, #4708, #1092, #2834, #2893, #649, #2010, #3823, #593, #2394, #154, #5621, #5173, #1121, #5565, #2701, #459, #2562, #792, #2260, #491, #1675, #1821, #1236, #936, #3633, #2591, #3515, #5286, #2094, #903, #3908, #4547, #292, #3037, #4518, #4850, #5230, #4351, #4076, #1205, #2981, #4795, #3485, #4411, #5706, #4381, #350, #764, #1648, #3149, #19, #3935, #2152, #5259, #5432, #3965, #1377, #737, #3457, #3009, #322, #2122, #5765, #1707, #5734, #5317, #4960, #1265, #1178, #4822, #3178, #4989, #2730, #2288, #4105, #49, #3428, #2533, #1465, #3779, #607, #3267, #4638, #4222, #167, #995, #2435, #5129, #4166, #579, #5076, #1911, #81, #2407, #5551, #965, #5493, #4135, #2760, #2792, #1968, #1880, #3693, #1024, #4195, #5578, #2379, #1437, #138, #2878, #4694, #2820, #3665, #1940, #3238, #3723, #1521, #2349, #3751, #1494, #3298, #4607, #5103, #5048, #1078, #1050, #2848, #3325, #635, #552, #4665, #4251, #1850, #5462, #1406, #3208, #5018, #4576, #521, #2318, #111, #5522, #748, #2575, #2906, #1189, #1660, #1133, #2022, #3411, #5241, #3383, #1107, #1577, #4307, #2544, #691, #4806, #5661, #2050, #247, #2077, #3022, #4334, #3835, #1630, #5157, #3892, #4362, #5186, #5718, #2964, #4779, #4721, #663, #3469, #2489, #304 ),
 ( #2460, #2106, #776, #5213, #194, #1996, #2934, #3439, #1160, #2992, #3919, #219, #4750, #5271, #1218, #5633, #3865, #4279, #1603, #720, #4834, #2517, #275, #5690, #3807, #5605, #1549, #3353, #1688, #3498, #2136, #5300, #1248, #3050, #3948, #4862, #806, #4394, #334, #5748, #281, #4459, #3984, #2970, #2142, #5247, #3027, #3085, #1665, #3056, #4401, #339, #311, #4429, #4811, #398, #5306, #368, #1728, #4897, #753, #2171, #1254, #5784, #3953, #2199, #5815, #840, #1695, #3533, #3566, #4340, #4840, #5337, #1165, #3897, #1284, #2637, #2112, #2998, #5754, #4015, #4369, #2083, #2551, #5276, #1756, #3475, #4784, #782, #2581, #1225, #4868, #726, #811, #3925, #2609, #5695, #2522, #1636, #5724, #3446, #3504, #1194, #4046, #5847, #2789, #1818, #1877, #4102, #16, #1374, #1345, #3690, #488, #4573, #4927, #3599, #2229, #456, #4514, #1847, #2315, #2727, #4604, #4163, #3235, #46, #78, #1908, #2667, #3175, #5490, #5368, #1786, #518, #992, #2257, #3145, #4544, #4132, #2697, #427, #899, #3630, #1434, #5429, #5045, #4986, #933, #2285, #1403, #2346, #3662, #4956, #962, #4487, #3205, #549, #4073, #108, #5459, #5015, #5399, #2757, #1314, #3115, #869, #2432, #4219, #5575, #5548, #2019, #4691, #2903, #3264, #1937, #577, #4662, #2845, #191, #1993, #604, #3777, #3350, #2404, #1462, #1491, #3832, #164, #3295, #5100, #5630, #3749, #2931, #1546, #3323, #1574, #2458, #5127, #632, #217, #3381, #1965, #4305, #1130, #1518, #4248, #1075, #2875, #1047, #4276, #5154, #2817, #3804, #135, #4635, #5602, #5183, #1104, #4718, #660, #4747, #688, #2486, #244, #3720, #2375, #5519, #5073, #1021, #4192, #272, #3916, #3977, #2541, #3945, #5268, #1215, #1186, #5297, #5687, #1277, #331, #1245, #2602, #5777, #1627, #3047, #2133, #1721, #360, #3466, #4359, #301, #2103, #1657, #4890 ),
 ( #803, #3019, #5715, #4831, #5745, #833, #1685, #3889, #3495, #1157, #4859, #4421, #2989, #3526, #773, #2572, #717, #2514, #5329, #4391, #2163, #3078, #2631, #4452, #3436, #2047, #3862, #5658, #1600, #2074, #4776, #4803, #745, #3409, #5211, #2961, #4331, #5238, #3138, #4006, #4038, #511, #2690, #5838, #2222, #4566, #4481, #5483, #4096, #9, #2308, #5008, #1810, #3168, #2750, #4126, #5391, #987, #3685, #4508, #4980, #3623, #450, #420, #955, #40, #5360, #1778, #2660, #1307, #1336, #71, #3590, #4949, #5422, #2721, #1872, #925, #892, #1428, #3108, #3229, #3198, #2192, #1368, #2251, #4067, #5038, #4537, #2279, #481, #1841, #3655, #5452, #1396, #2781, #390, #5807, #1749, #3558, #4919, #863, #2868, #1539, #1959, #3827, #3376, #2453, #5121, #5148, #1125, #1901, #1512, #3317, #3258, #5067, #2014, #1043, #1097, #1069, #5095, #599, #571, #2897, #5570, #3797, #4157, #2811, #1457, #5543, #3743, #4685, #627, #1486, #4658, #4242, #3290, #2340, #2369, #4712, #2839, #4186, #130, #653, #4628, #5625, #2426, #4214, #4271, #3344, #159, #185, #212, #1569, #2399, #5178, #4597, #3771, #1987, #5596, #543, #1931, #102, #3714, #5513, #1015, #5206, #3857, #3885, #1241, #1152, #4771, #4355, #5264, #3043, #5711, #2509, #4855, #2042, #356, #5741, #4742, #3912, #2955, #4799, #799, #3432, #4827, #297, #2099, #2070, #327, #711, #2159, #1211, #2129, #3491, #2597, #4326, #3940, #3015, #1681, #1652, #3973, #1715, #4417, #3462, #5293, #5325, #239, #741, #5773, #2926, #5653, #3522, #683, #5682, #267, #769, #2481, #1623, #1595, #5234, #1182, #4300, #2985, #3404, #2537, #2567, #4387, #3163, #4120, #5416, #3103, #2715, #386, #4974, #1835, #415, #950, #3585, #5386, #887, #64, #2217, #1805, #4532, #4002, #473, #1744, #4034, #2655, #4886, #1774, #4090, #445, #505, #2685 ),
 ( #4063, #4, #5802, #3552, #4561, #1331, #3648, #3617, #3133, #4944, #4914, #5446, #2247, #2274, #829, #5356, #1302, #5833, #4504, #1362, #918, #34, #1391, #3192, #5003, #2627, #858, #2744, #2302, #4477, #1866, #3680, #1273, #3073, #4448, #2188, #1611, #4313, #5165, #2468, #2058, #3873, #4701, #284, #2973, #2003, #4287, #2913, #5612, #3707, #255, #3391, #4591, #3252, #1894, #536, #642, #5670, #5507, #1451, #1113, #2029, #3419, #226, #5136, #5222, #2334, #4787, #2497, #1422, #669, #1085, #1556, #1168, #3842, #3223, #3361, #4758, #4729, #5033, #4150, #729, #2885, #981, #2775, #3815, #5640, #96, #2442, #1583, #4258, #201, #5193, #2525, #2942, #699, #4343, #2086, #5477, #1140, #5309, #342, #2202, #2145, #3478, #4404, #3956, #3119, #430, #5340, #1257, #3059, #2115, #3537, #3088, #843, #3030, #4871, #2640, #872, #5757, #814, #1197, #2612, #1698, #4432, #3987, #3507, #2554, #5279, #4814, #2174, #5698, #371, #4900, #5787, #1640, #756, #4462, #1668, #3449, #5250, #1731, #1287, #4372, #4843, #401, #1228, #314, #4018, #5818, #1760, #3570, #2670, #3900, #5371, #1317, #4930, #4490, #3001, #3928, #5727, #785, #2584, #2759, #3692, #4959, #1436, #2700, #4988, #3632, #5850, #2729, #5047, #1405, #1464, #3664, #5521, #994, #2259, #1879, #2287, #4517, #5431, #4575, #5492, #110, #3177, #80, #4075, #1910, #3207, #2348, #458, #3722, #1789, #2791, #4606, #3266, #4637, #1376, #902, #18, #551, #5075, #935, #520, #1820, #4165, #3237, #4546, #1023, #2819, #5461, #2233, #4049, #490, #3603, #5017, #5402, #1348, #4104, #48, #3148, #1849, #964, #2317, #4134, #193, #634, #5185, #1995, #3352, #2933, #4749, #5577, #1159, #3864, #2877, #5156, #3806, #2434, #4664, #1132, #4278, #5550, #4221, #2847, #1493, #1520, #690, #606, #2406, #5604, #2905, #2488, #1106, #166 ) ),
 .UNSPECIFIED., .T., .F., .T. ) 
 B_SPLINE_SURFACE_WITH_KNOTS ( ( 4, 2, 2, 2, 4 ),
 ( 4, 2, 2, 2, 2, 2, 2, 2, 2, 2, 2, 2, 2, 2, 2, 2, 2, 2, 2, 2, 2, 2, 2, 2, 2, 2, 2, 2, 2, 2, 2, 2, 2, 2, 2, 2, 2, 2, 2, 2, 2, 2, 2, 2, 2, 2, 2, 2, 2, 2, 2, 2, 2, 2, 2, 2, 2, 2, 2, 2, 2, 2, 2, 2, 2, 2, 2, 2, 2, 2, 2, 2, 2, 2, 2, 2, 2, 2, 2, 2, 2, 2, 2, 2, 2, 2, 2, 2, 2, 2, 2, 2, 2, 2, 2, 2, 2, 2, 2, 2, 2, 2, 2, 2, 2, 2, 2, 2, 2, 2, 2, 2, 2, 2, 2, 2, 2, 2, 2, 2, 2, 2, 2, 2, 2, 2, 2, 2, 4 ),
 ( 0.000000000000000000, 0.2500000000000000000, 0.5000000000000000000, 0.7500000000000000000, 1.000000000000000000 ),
 ( 0.000000000000000000, 0.007812500000000000000, 0.01562500000000000000, 0.02343750000000000000, 0.03125000000000000000, 0.03906250000000000000, 0.04687500000000000000, 0.05468750000000000000, 0.06250000000000000000, 0.07031250000000000000, 0.07812500000000000000, 0.08593750000000000000, 0.09375000000000000000, 0.1015625000000000000, 0.1093750000000000000, 0.1171875000000000000, 0.1250000000000000000, 0.1328125000000000000, 0.1406250000000000000, 0.1484375000000000000, 0.1562500000000000000, 0.1640625000000000000, 0.1718750000000000000, 0.1796875000000000000, 0.1875000000000000000, 0.1953125000000000000, 0.2031250000000000000, 0.2109375000000000000, 0.2187500000000000000, 0.2265625000000000000, 0.2343750000000000000, 0.2421875000000000000, 0.2500000000000000000, 0.2578125000000000000, 0.2656250000000000000, 0.2734375000000000000, 0.2812500000000000000, 0.2890625000000000000, 0.2968750000000000000, 0.3046875000000000000, 0.3125000000000000000, 0.3203125000000000000, 0.3281250000000000000, 0.3359375000000000000, 0.3437500000000000000, 0.3515625000000000000, 0.3593750000000000000, 0.3671875000000000000, 0.3750000000000000000, 0.3828125000000000000, 0.3906250000000000000, 0.3984375000000000000, 0.4062500000000000000, 0.4140625000000000000, 0.4218750000000000000, 0.4296875000000000000, 0.4375000000000000000, 0.4453125000000000000, 0.4531250000000000000, 0.4609375000000000000, 0.4687500000000000000, 0.4765625000000000000, 0.4843750000000000000, 0.4921875000000000000, 0.5000000000000000000, 0.5078125000000000000, 0.5156250000000000000, 0.5234375000000000000, 0.5312500000000000000, 0.5390625000000000000, 0.5468750000000000000, 0.5546875000000000000, 0.5625000000000000000, 0.5703125000000000000, 0.5781250000000000000, 0.5859375000000000000, 0.5937500000000000000, 0.6015625000000000000, 0.6093750000000000000, 0.6171875000000000000, 0.6250000000000000000, 0.6328125000000000000, 0.6406250000000000000, 0.6484375000000000000, 0.6562500000000000000, 0.6640625000000000000, 0.6718750000000000000, 0.6796875000000000000, 0.6875000000000000000, 0.6953125000000000000, 0.7031250000000000000, 0.7109375000000000000, 0.7187500000000000000, 0.7265625000000000000, 0.7343750000000000000, 0.7421875000000000000, 0.7500000000000000000, 0.7578125000000000000, 0.7656250000000000000, 0.7734375000000000000, 0.7812500000000000000, 0.7890625000000000000, 0.7968750000000000000, 0.8046875000000000000, 0.8125000000000000000, 0.8203125000000000000, 0.8281250000000000000, 0.8359375000000000000, 0.8437500000000000000, 0.8515625000000000000, 0.8593750000000000000, 0.8671875000000000000, 0.8750000000000000000, 0.8828125000000000000, 0.8906250000000000000, 0.8984375000000000000, 0.9062500000000000000, 0.9140625000000000000, 0.9218750000000000000, 0.9296875000000000000, 0.9375000000000000000, 0.9453125000000000000, 0.9531250000000000000, 0.9609375000000000000, 0.9687500000000000000, 0.9765625000000000000, 0.9843750000000000000, 0.9921875000000000000, 1.000000000000000000 ),
 .UNSPECIFIED. ) 
 GEOMETRIC_REPRESENTATION_ITEM ( )  RATIONAL_B_SPLINE_SURFACE ( (
 ( 1.000000000000000000, 1.000000000000000000, 1.000000000000000000, 1.000000000000000000, 1.000000000000000000, 1.000000000000000000, 1.000000000000000000, 1.000000000000000000, 1.000000000000000000, 1.000000000000000000, 1.000000000000000000, 1.000000000000000000, 1.000000000000000000, 1.000000000000000000, 1.000000000000000000, 1.000000000000000000, 1.000000000000000000, 1.000000000000000000, 1.000000000000000000, 1.000000000000000000, 1.000000000000000000, 1.000000000000000000, 1.000000000000000000, 1.000000000000000000, 1.000000000000000000, 1.000000000000000000, 1.000000000000000000, 1.000000000000000000, 1.000000000000000000, 1.000000000000000000, 1.000000000000000000, 1.000000000000000000, 1.000000000000000000, 1.000000000000000000, 1.000000000000000000, 1.000000000000000000, 1.000000000000000000, 1.000000000000000000, 1.000000000000000000, 1.000000000000000000, 1.000000000000000000, 1.000000000000000000, 1.000000000000000000, 1.000000000000000000, 1.000000000000000000, 1.000000000000000000, 1.000000000000000000, 1.000000000000000000, 1.000000000000000000, 1.000000000000000000, 1.000000000000000000, 1.000000000000000000, 1.000000000000000000, 1.000000000000000000, 1.000000000000000000, 1.000000000000000000, 1.000000000000000000, 1.000000000000000000, 1.000000000000000000, 1.000000000000000000, 1.000000000000000000, 1.000000000000000000, 1.000000000000000000, 1.000000000000000000, 1.000000000000000000, 1.000000000000000000, 1.000000000000000000, 1.000000000000000000, 1.000000000000000000, 1.000000000000000000, 1.000000000000000000, 1.000000000000000000, 1.000000000000000000, 1.000000000000000000, 1.000000000000000000, 1.000000000000000000, 1.000000000000000000, 1.000000000000000000, 1.000000000000000000, 1.000000000000000000, 1.000000000000000000, 1.000000000000000000, 1.000000000000000000, 1.000000000000000000, 1.000000000000000000, 1.000000000000000000, 1.000000000000000000, 1.000000000000000000, 1.000000000000000000, 1.000000000000000000, 1.000000000000000000, 1.000000000000000000, 1.000000000000000000, 1.000000000000000000, 1.000000000000000000, 1.000000000000000000, 1.000000000000000000, 1.000000000000000000, 1.000000000000000000, 1.000000000000000000, 1.000000000000000000, 1.000000000000000000, 1.000000000000000000, 1.000000000000000000, 1.000000000000000000, 1.000000000000000000, 1.000000000000000000, 1.000000000000000000, 1.000000000000000000, 1.000000000000000000, 1.000000000000000000, 1.000000000000000000, 1.000000000000000000, 1.000000000000000000, 1.000000000000000000, 1.000000000000000000, 1.000000000000000000, 1.000000000000000000, 1.000000000000000000, 1.000000000000000000, 1.000000000000000000, 1.000000000000000000, 1.000000000000000000, 1.000000000000000000, 1.000000000000000000, 1.000000000000000000, 1.000000000000000000, 1.000000000000000000, 1.000000000000000000, 1.000000000000000000, 1.000000000000000000, 1.000000000000000000, 1.000000000000000000, 1.000000000000000000, 1.000000000000000000, 1.000000000000000000, 1.000000000000000000, 1.000000000000000000, 1.000000000000000000, 1.000000000000000000, 1.000000000000000000, 1.000000000000000000, 1.000000000000000000, 1.000000000000000000, 1.000000000000000000, 1.000000000000000000, 1.000000000000000000, 1.000000000000000000, 1.000000000000000000, 1.000000000000000000, 1.000000000000000000, 1.000000000000000000, 1.000000000000000000, 1.000000000000000000, 1.000000000000000000, 1.000000000000000000, 1.000000000000000000, 1.000000000000000000, 1.000000000000000000, 1.000000000000000000, 1.000000000000000000, 1.000000000000000000, 1.000000000000000000, 1.000000000000000000, 1.000000000000000000, 1.000000000000000000, 1.000000000000000000, 1.000000000000000000, 1.000000000000000000, 1.000000000000000000, 1.000000000000000000, 1.000000000000000000, 1.000000000000000000, 1.000000000000000000, 1.000000000000000000, 1.000000000000000000, 1.000000000000000000, 1.000000000000000000, 1.000000000000000000, 1.000000000000000000, 1.000000000000000000, 1.000000000000000000, 1.000000000000000000, 1.000000000000000000, 1.000000000000000000, 1.000000000000000000, 1.000000000000000000, 1.000000000000000000, 1.000000000000000000, 1.000000000000000000, 1.000000000000000000, 1.000000000000000000, 1.000000000000000000, 1.000000000000000000, 1.000000000000000000, 1.000000000000000000, 1.000000000000000000, 1.000000000000000000, 1.000000000000000000, 1.000000000000000000, 1.000000000000000000, 1.000000000000000000, 1.000000000000000000, 1.000000000000000000, 1.000000000000000000, 1.000000000000000000, 1.000000000000000000, 1.000000000000000000, 1.000000000000000000, 1.000000000000000000, 1.000000000000000000, 1.000000000000000000, 1.000000000000000000, 1.000000000000000000, 1.000000000000000000, 1.000000000000000000, 1.000000000000000000, 1.000000000000000000, 1.000000000000000000, 1.000000000000000000, 1.000000000000000000, 1.000000000000000000, 1.000000000000000000, 1.000000000000000000, 1.000000000000000000, 1.000000000000000000, 1.000000000000000000, 1.000000000000000000, 1.000000000000000000, 1.000000000000000000, 1.000000000000000000, 1.000000000000000000, 1.000000000000000000, 1.000000000000000000, 1.000000000000000000, 1.000000000000000000, 1.000000000000000000, 1.000000000000000000, 1.000000000000000000, 1.000000000000000000, 1.000000000000000000, 1.000000000000000000, 1.000000000000000000, 1.000000000000000000, 1.000000000000000000, 1.000000000000000000, 1.000000000000000000, 1.000000000000000000, 1.000000000000000000, 1.000000000000000000, 1.000000000000000000, 1.000000000000000000, 1.000000000000000000, 1.000000000000000000, 1.000000000000000000, 1.000000000000000000, 1.000000000000000000, 1.000000000000000000),
 ( 1.000000000000000000, 1.000000000000000000, 1.000000000000000000, 1.000000000000000000, 1.000000000000000000, 1.000000000000000000, 1.000000000000000000, 1.000000000000000000, 1.000000000000000000, 1.000000000000000000, 1.000000000000000000, 1.000000000000000000, 1.000000000000000000, 1.000000000000000000, 1.000000000000000000, 1.000000000000000000, 1.000000000000000000, 1.000000000000000000, 1.000000000000000000, 1.000000000000000000, 1.000000000000000000, 1.000000000000000000, 1.000000000000000000, 1.000000000000000000, 1.000000000000000000, 1.000000000000000000, 1.000000000000000000, 1.000000000000000000, 1.000000000000000000, 1.000000000000000000, 1.000000000000000000, 1.000000000000000000, 1.000000000000000000, 1.000000000000000000, 1.000000000000000000, 1.000000000000000000, 1.000000000000000000, 1.000000000000000000, 1.000000000000000000, 1.000000000000000000, 1.000000000000000000, 1.000000000000000000, 1.000000000000000000, 1.000000000000000000, 1.000000000000000000, 1.000000000000000000, 1.000000000000000000, 1.000000000000000000, 1.000000000000000000, 1.000000000000000000, 1.000000000000000000, 1.000000000000000000, 1.000000000000000000, 1.000000000000000000, 1.000000000000000000, 1.000000000000000000, 1.000000000000000000, 1.000000000000000000, 1.000000000000000000, 1.000000000000000000, 1.000000000000000000, 1.000000000000000000, 1.000000000000000000, 1.000000000000000000, 1.000000000000000000, 1.000000000000000000, 1.000000000000000000, 1.000000000000000000, 1.000000000000000000, 1.000000000000000000, 1.000000000000000000, 1.000000000000000000, 1.000000000000000000, 1.000000000000000000, 1.000000000000000000, 1.000000000000000000, 1.000000000000000000, 1.000000000000000000, 1.000000000000000000, 1.000000000000000000, 1.000000000000000000, 1.000000000000000000, 1.000000000000000000, 1.000000000000000000, 1.000000000000000000, 1.000000000000000000, 1.000000000000000000, 1.000000000000000000, 1.000000000000000000, 1.000000000000000000, 1.000000000000000000, 1.000000000000000000, 1.000000000000000000, 1.000000000000000000, 1.000000000000000000, 1.000000000000000000, 1.000000000000000000, 1.000000000000000000, 1.000000000000000000, 1.000000000000000000, 1.000000000000000000, 1.000000000000000000, 1.000000000000000000, 1.000000000000000000, 1.000000000000000000, 1.000000000000000000, 1.000000000000000000, 1.000000000000000000, 1.000000000000000000, 1.000000000000000000, 1.000000000000000000, 1.000000000000000000, 1.000000000000000000, 1.000000000000000000, 1.000000000000000000, 1.000000000000000000, 1.000000000000000000, 1.000000000000000000, 1.000000000000000000, 1.000000000000000000, 1.000000000000000000, 1.000000000000000000, 1.000000000000000000, 1.000000000000000000, 1.000000000000000000, 1.000000000000000000, 1.000000000000000000, 1.000000000000000000, 1.000000000000000000, 1.000000000000000000, 1.000000000000000000, 1.000000000000000000, 1.000000000000000000, 1.000000000000000000, 1.000000000000000000, 1.000000000000000000, 1.000000000000000000, 1.000000000000000000, 1.000000000000000000, 1.000000000000000000, 1.000000000000000000, 1.000000000000000000, 1.000000000000000000, 1.000000000000000000, 1.000000000000000000, 1.000000000000000000, 1.000000000000000000, 1.000000000000000000, 1.000000000000000000, 1.000000000000000000, 1.000000000000000000, 1.000000000000000000, 1.000000000000000000, 1.000000000000000000, 1.000000000000000000, 1.000000000000000000, 1.000000000000000000, 1.000000000000000000, 1.000000000000000000, 1.000000000000000000, 1.000000000000000000, 1.000000000000000000, 1.000000000000000000, 1.000000000000000000, 1.000000000000000000, 1.000000000000000000, 1.000000000000000000, 1.000000000000000000, 1.000000000000000000, 1.000000000000000000, 1.000000000000000000, 1.000000000000000000, 1.000000000000000000, 1.000000000000000000, 1.000000000000000000, 1.000000000000000000, 1.000000000000000000, 1.000000000000000000, 1.000000000000000000, 1.000000000000000000, 1.000000000000000000, 1.000000000000000000, 1.000000000000000000, 1.000000000000000000, 1.000000000000000000, 1.000000000000000000, 1.000000000000000000, 1.000000000000000000, 1.000000000000000000, 1.000000000000000000, 1.000000000000000000, 1.000000000000000000, 1.000000000000000000, 1.000000000000000000, 1.000000000000000000, 1.000000000000000000, 1.000000000000000000, 1.000000000000000000, 1.000000000000000000, 1.000000000000000000, 1.000000000000000000, 1.000000000000000000, 1.000000000000000000, 1.000000000000000000, 1.000000000000000000, 1.000000000000000000, 1.000000000000000000, 1.000000000000000000, 1.000000000000000000, 1.000000000000000000, 1.000000000000000000, 1.000000000000000000, 1.000000000000000000, 1.000000000000000000, 1.000000000000000000, 1.000000000000000000, 1.000000000000000000, 1.000000000000000000, 1.000000000000000000, 1.000000000000000000, 1.000000000000000000, 1.000000000000000000, 1.000000000000000000, 1.000000000000000000, 1.000000000000000000, 1.000000000000000000, 1.000000000000000000, 1.000000000000000000, 1.000000000000000000, 1.000000000000000000, 1.000000000000000000, 1.000000000000000000, 1.000000000000000000, 1.000000000000000000, 1.000000000000000000, 1.000000000000000000, 1.000000000000000000, 1.000000000000000000, 1.000000000000000000, 1.000000000000000000, 1.000000000000000000, 1.000000000000000000, 1.000000000000000000, 1.000000000000000000, 1.000000000000000000, 1.000000000000000000, 1.000000000000000000, 1.000000000000000000, 1.000000000000000000, 1.000000000000000000, 1.000000000000000000, 1.000000000000000000, 1.000000000000000000, 1.000000000000000000, 1.000000000000000000, 1.000000000000000000, 1.000000000000000000, 1.000000000000000000),
 ( 0.6821109168793200173, 0.6821109168793200173, 0.6821109168793200173, 0.6821109168793200173, 0.6821109168793200173, 0.6821109168793200173, 0.6821109168793200173, 0.6821109168793200173, 0.6821109168793200173, 0.6821109168793200173, 0.6821109168793200173, 0.6821109168793200173, 0.6821109168793200173, 0.6821109168793200173, 0.6821109168793200173, 0.6821109168793200173, 0.6821109168793200173, 0.6821109168793200173, 0.6821109168793200173, 0.6821109168793200173, 0.6821109168793200173, 0.6821109168793200173, 0.6821109168793200173, 0.6821109168793200173, 0.6821109168793200173, 0.6821109168793200173, 0.6821109168793200173, 0.6821109168793200173, 0.6821109168793200173, 0.6821109168793200173, 0.6821109168793200173, 0.6821109168793200173, 0.6821109168793200173, 0.6821109168793200173, 0.6821109168793200173, 0.6821109168793200173, 0.6821109168793200173, 0.6821109168793200173, 0.6821109168793200173, 0.6821109168793200173, 0.6821109168793200173, 0.6821109168793200173, 0.6821109168793200173, 0.6821109168793200173, 0.6821109168793200173, 0.6821109168793200173, 0.6821109168793200173, 0.6821109168793200173, 0.6821109168793200173, 0.6821109168793200173, 0.6821109168793200173, 0.6821109168793200173, 0.6821109168793200173, 0.6821109168793200173, 0.6821109168793200173, 0.6821109168793200173, 0.6821109168793200173, 0.6821109168793200173, 0.6821109168793200173, 0.6821109168793200173, 0.6821109168793200173, 0.6821109168793200173, 0.6821109168793200173, 0.6821109168793200173, 0.6821109168793200173, 0.6821109168793200173, 0.6821109168793200173, 0.6821109168793200173, 0.6821109168793200173, 0.6821109168793200173, 0.6821109168793200173, 0.6821109168793200173, 0.6821109168793200173, 0.6821109168793200173, 0.6821109168793200173, 0.6821109168793200173, 0.6821109168793200173, 0.6821109168793200173, 0.6821109168793200173, 0.6821109168793200173, 0.6821109168793200173, 0.6821109168793200173, 0.6821109168793200173, 0.6821109168793200173, 0.6821109168793200173, 0.6821109168793200173, 0.6821109168793200173, 0.6821109168793200173, 0.6821109168793200173, 0.6821109168793200173, 0.6821109168793200173, 0.6821109168793200173, 0.6821109168793200173, 0.6821109168793200173, 0.6821109168793200173, 0.6821109168793200173, 0.6821109168793200173, 0.6821109168793200173, 0.6821109168793200173, 0.6821109168793200173, 0.6821109168793200173, 0.6821109168793200173, 0.6821109168793200173, 0.6821109168793200173, 0.6821109168793200173, 0.6821109168793200173, 0.6821109168793200173, 0.6821109168793200173, 0.6821109168793200173, 0.6821109168793200173, 0.6821109168793200173, 0.6821109168793200173, 0.6821109168793200173, 0.6821109168793200173, 0.6821109168793200173, 0.6821109168793200173, 0.6821109168793200173, 0.6821109168793200173, 0.6821109168793200173, 0.6821109168793200173, 0.6821109168793200173, 0.6821109168793200173, 0.6821109168793200173, 0.6821109168793200173, 0.6821109168793200173, 0.6821109168793200173, 0.6821109168793200173, 0.6821109168793200173, 0.6821109168793200173, 0.6821109168793200173, 0.6821109168793200173, 0.6821109168793200173, 0.6821109168793200173, 0.6821109168793200173, 0.6821109168793200173, 0.6821109168793200173, 0.6821109168793200173, 0.6821109168793200173, 0.6821109168793200173, 0.6821109168793200173, 0.6821109168793200173, 0.6821109168793200173, 0.6821109168793200173, 0.6821109168793200173, 0.6821109168793200173, 0.6821109168793200173, 0.6821109168793200173, 0.6821109168793200173, 0.6821109168793200173, 0.6821109168793200173, 0.6821109168793200173, 0.6821109168793200173, 0.6821109168793200173, 0.6821109168793200173, 0.6821109168793200173, 0.6821109168793200173, 0.6821109168793200173, 0.6821109168793200173, 0.6821109168793200173, 0.6821109168793200173, 0.6821109168793200173, 0.6821109168793200173, 0.6821109168793200173, 0.6821109168793200173, 0.6821109168793200173, 0.6821109168793200173, 0.6821109168793200173, 0.6821109168793200173, 0.6821109168793200173, 0.6821109168793200173, 0.6821109168793200173, 0.6821109168793200173, 0.6821109168793200173, 0.6821109168793200173, 0.6821109168793200173, 0.6821109168793200173, 0.6821109168793200173, 0.6821109168793200173, 0.6821109168793200173, 0.6821109168793200173, 0.6821109168793200173, 0.6821109168793200173, 0.6821109168793200173, 0.6821109168793200173, 0.6821109168793200173, 0.6821109168793200173, 0.6821109168793200173, 0.6821109168793200173, 0.6821109168793200173, 0.6821109168793200173, 0.6821109168793200173, 0.6821109168793200173, 0.6821109168793200173, 0.6821109168793200173, 0.6821109168793200173, 0.6821109168793200173, 0.6821109168793200173, 0.6821109168793200173, 0.6821109168793200173, 0.6821109168793200173, 0.6821109168793200173, 0.6821109168793200173, 0.6821109168793200173, 0.6821109168793200173, 0.6821109168793200173, 0.6821109168793200173, 0.6821109168793200173, 0.6821109168793200173, 0.6821109168793200173, 0.6821109168793200173, 0.6821109168793200173, 0.6821109168793200173, 0.6821109168793200173, 0.6821109168793200173, 0.6821109168793200173, 0.6821109168793200173, 0.6821109168793200173, 0.6821109168793200173, 0.6821109168793200173, 0.6821109168793200173, 0.6821109168793200173, 0.6821109168793200173, 0.6821109168793200173, 0.6821109168793200173, 0.6821109168793200173, 0.6821109168793200173, 0.6821109168793200173, 0.6821109168793200173, 0.6821109168793200173, 0.6821109168793200173, 0.6821109168793200173, 0.6821109168793200173, 0.6821109168793200173, 0.6821109168793200173, 0.6821109168793200173, 0.6821109168793200173, 0.6821109168793200173, 0.6821109168793200173, 0.6821109168793200173, 0.6821109168793200173, 0.6821109168793200173, 0.6821109168793200173, 0.6821109168793200173, 0.6821109168793200173, 0.6821109168793200173, 0.6821109168793200173, 0.6821109168793200173, 0.6821109168793200173, 0.6821109168793200173, 0.6821109168793200173, 0.6821109168793200173, 0.6821109168793200173, 0.6821109168793200173, 0.6821109168793200173, 0.6821109168793200173, 0.6821109168793200173, 0.6821109168793200173, 0.6821109168793200173),
 ( 0.6821109168793200173, 0.6821109168793200173, 0.6821109168793200173, 0.6821109168793200173, 0.6821109168793200173, 0.6821109168793200173, 0.6821109168793200173, 0.6821109168793200173, 0.6821109168793200173, 0.6821109168793200173, 0.6821109168793200173, 0.6821109168793200173, 0.6821109168793200173, 0.6821109168793200173, 0.6821109168793200173, 0.6821109168793200173, 0.6821109168793200173, 0.6821109168793200173, 0.6821109168793200173, 0.6821109168793200173, 0.6821109168793200173, 0.6821109168793200173, 0.6821109168793200173, 0.6821109168793200173, 0.6821109168793200173, 0.6821109168793200173, 0.6821109168793200173, 0.6821109168793200173, 0.6821109168793200173, 0.6821109168793200173, 0.6821109168793200173, 0.6821109168793200173, 0.6821109168793200173, 0.6821109168793200173, 0.6821109168793200173, 0.6821109168793200173, 0.6821109168793200173, 0.6821109168793200173, 0.6821109168793200173, 0.6821109168793200173, 0.6821109168793200173, 0.6821109168793200173, 0.6821109168793200173, 0.6821109168793200173, 0.6821109168793200173, 0.6821109168793200173, 0.6821109168793200173, 0.6821109168793200173, 0.6821109168793200173, 0.6821109168793200173, 0.6821109168793200173, 0.6821109168793200173, 0.6821109168793200173, 0.6821109168793200173, 0.6821109168793200173, 0.6821109168793200173, 0.6821109168793200173, 0.6821109168793200173, 0.6821109168793200173, 0.6821109168793200173, 0.6821109168793200173, 0.6821109168793200173, 0.6821109168793200173, 0.6821109168793200173, 0.6821109168793200173, 0.6821109168793200173, 0.6821109168793200173, 0.6821109168793200173, 0.6821109168793200173, 0.6821109168793200173, 0.6821109168793200173, 0.6821109168793200173, 0.6821109168793200173, 0.6821109168793200173, 0.6821109168793200173, 0.6821109168793200173, 0.6821109168793200173, 0.6821109168793200173, 0.6821109168793200173, 0.6821109168793200173, 0.6821109168793200173, 0.6821109168793200173, 0.6821109168793200173, 0.6821109168793200173, 0.6821109168793200173, 0.6821109168793200173, 0.6821109168793200173, 0.6821109168793200173, 0.6821109168793200173, 0.6821109168793200173, 0.6821109168793200173, 0.6821109168793200173, 0.6821109168793200173, 0.6821109168793200173, 0.6821109168793200173, 0.6821109168793200173, 0.6821109168793200173, 0.6821109168793200173, 0.6821109168793200173, 0.6821109168793200173, 0.6821109168793200173, 0.6821109168793200173, 0.6821109168793200173, 0.6821109168793200173, 0.6821109168793200173, 0.6821109168793200173, 0.6821109168793200173, 0.6821109168793200173, 0.6821109168793200173, 0.6821109168793200173, 0.6821109168793200173, 0.6821109168793200173, 0.6821109168793200173, 0.6821109168793200173, 0.6821109168793200173, 0.6821109168793200173, 0.6821109168793200173, 0.6821109168793200173, 0.6821109168793200173, 0.6821109168793200173, 0.6821109168793200173, 0.6821109168793200173, 0.6821109168793200173, 0.6821109168793200173, 0.6821109168793200173, 0.6821109168793200173, 0.6821109168793200173, 0.6821109168793200173, 0.6821109168793200173, 0.6821109168793200173, 0.6821109168793200173, 0.6821109168793200173, 0.6821109168793200173, 0.6821109168793200173, 0.6821109168793200173, 0.6821109168793200173, 0.6821109168793200173, 0.6821109168793200173, 0.6821109168793200173, 0.6821109168793200173, 0.6821109168793200173, 0.6821109168793200173, 0.6821109168793200173, 0.6821109168793200173, 0.6821109168793200173, 0.6821109168793200173, 0.6821109168793200173, 0.6821109168793200173, 0.6821109168793200173, 0.6821109168793200173, 0.6821109168793200173, 0.6821109168793200173, 0.6821109168793200173, 0.6821109168793200173, 0.6821109168793200173, 0.6821109168793200173, 0.6821109168793200173, 0.6821109168793200173, 0.6821109168793200173, 0.6821109168793200173, 0.6821109168793200173, 0.6821109168793200173, 0.6821109168793200173, 0.6821109168793200173, 0.6821109168793200173, 0.6821109168793200173, 0.6821109168793200173, 0.6821109168793200173, 0.6821109168793200173, 0.6821109168793200173, 0.6821109168793200173, 0.6821109168793200173, 0.6821109168793200173, 0.6821109168793200173, 0.6821109168793200173, 0.6821109168793200173, 0.6821109168793200173, 0.6821109168793200173, 0.6821109168793200173, 0.6821109168793200173, 0.6821109168793200173, 0.6821109168793200173, 0.6821109168793200173, 0.6821109168793200173, 0.6821109168793200173, 0.6821109168793200173, 0.6821109168793200173, 0.6821109168793200173, 0.6821109168793200173, 0.6821109168793200173, 0.6821109168793200173, 0.6821109168793200173, 0.6821109168793200173, 0.6821109168793200173, 0.6821109168793200173, 0.6821109168793200173, 0.6821109168793200173, 0.6821109168793200173, 0.6821109168793200173, 0.6821109168793200173, 0.6821109168793200173, 0.6821109168793200173, 0.6821109168793200173, 0.6821109168793200173, 0.6821109168793200173, 0.6821109168793200173, 0.6821109168793200173, 0.6821109168793200173, 0.6821109168793200173, 0.6821109168793200173, 0.6821109168793200173, 0.6821109168793200173, 0.6821109168793200173, 0.6821109168793200173, 0.6821109168793200173, 0.6821109168793200173, 0.6821109168793200173, 0.6821109168793200173, 0.6821109168793200173, 0.6821109168793200173, 0.6821109168793200173, 0.6821109168793200173, 0.6821109168793200173, 0.6821109168793200173, 0.6821109168793200173, 0.6821109168793200173, 0.6821109168793200173, 0.6821109168793200173, 0.6821109168793200173, 0.6821109168793200173, 0.6821109168793200173, 0.6821109168793200173, 0.6821109168793200173, 0.6821109168793200173, 0.6821109168793200173, 0.6821109168793200173, 0.6821109168793200173, 0.6821109168793200173, 0.6821109168793200173, 0.6821109168793200173, 0.6821109168793200173, 0.6821109168793200173, 0.6821109168793200173, 0.6821109168793200173, 0.6821109168793200173, 0.6821109168793200173, 0.6821109168793200173, 0.6821109168793200173, 0.6821109168793200173, 0.6821109168793200173, 0.6821109168793200173, 0.6821109168793200173, 0.6821109168793200173, 0.6821109168793200173, 0.6821109168793200173, 0.6821109168793200173, 0.6821109168793200173, 0.6821109168793200173),
 ( 1.000000000000000000, 1.000000000000000000, 1.000000000000000000, 1.000000000000000000, 1.000000000000000000, 1.000000000000000000, 1.000000000000000000, 1.000000000000000000, 1.000000000000000000, 1.000000000000000000, 1.000000000000000000, 1.000000000000000000, 1.000000000000000000, 1.000000000000000000, 1.000000000000000000, 1.000000000000000000, 1.000000000000000000, 1.000000000000000000, 1.000000000000000000, 1.000000000000000000, 1.000000000000000000, 1.000000000000000000, 1.000000000000000000, 1.000000000000000000, 1.000000000000000000, 1.000000000000000000, 1.000000000000000000, 1.000000000000000000, 1.000000000000000000, 1.000000000000000000, 1.000000000000000000, 1.000000000000000000, 1.000000000000000000, 1.000000000000000000, 1.000000000000000000, 1.000000000000000000, 1.000000000000000000, 1.000000000000000000, 1.000000000000000000, 1.000000000000000000, 1.000000000000000000, 1.000000000000000000, 1.000000000000000000, 1.000000000000000000, 1.000000000000000000, 1.000000000000000000, 1.000000000000000000, 1.000000000000000000, 1.000000000000000000, 1.000000000000000000, 1.000000000000000000, 1.000000000000000000, 1.000000000000000000, 1.000000000000000000, 1.000000000000000000, 1.000000000000000000, 1.000000000000000000, 1.000000000000000000, 1.000000000000000000, 1.000000000000000000, 1.000000000000000000, 1.000000000000000000, 1.000000000000000000, 1.000000000000000000, 1.000000000000000000, 1.000000000000000000, 1.000000000000000000, 1.000000000000000000, 1.000000000000000000, 1.000000000000000000, 1.000000000000000000, 1.000000000000000000, 1.000000000000000000, 1.000000000000000000, 1.000000000000000000, 1.000000000000000000, 1.000000000000000000, 1.000000000000000000, 1.000000000000000000, 1.000000000000000000, 1.000000000000000000, 1.000000000000000000, 1.000000000000000000, 1.000000000000000000, 1.000000000000000000, 1.000000000000000000, 1.000000000000000000, 1.000000000000000000, 1.000000000000000000, 1.000000000000000000, 1.000000000000000000, 1.000000000000000000, 1.000000000000000000, 1.000000000000000000, 1.000000000000000000, 1.000000000000000000, 1.000000000000000000, 1.000000000000000000, 1.000000000000000000, 1.000000000000000000, 1.000000000000000000, 1.000000000000000000, 1.000000000000000000, 1.000000000000000000, 1.000000000000000000, 1.000000000000000000, 1.000000000000000000, 1.000000000000000000, 1.000000000000000000, 1.000000000000000000, 1.000000000000000000, 1.000000000000000000, 1.000000000000000000, 1.000000000000000000, 1.000000000000000000, 1.000000000000000000, 1.000000000000000000, 1.000000000000000000, 1.000000000000000000, 1.000000000000000000, 1.000000000000000000, 1.000000000000000000, 1.000000000000000000, 1.000000000000000000, 1.000000000000000000, 1.000000000000000000, 1.000000000000000000, 1.000000000000000000, 1.000000000000000000, 1.000000000000000000, 1.000000000000000000, 1.000000000000000000, 1.000000000000000000, 1.000000000000000000, 1.000000000000000000, 1.000000000000000000, 1.000000000000000000, 1.000000000000000000, 1.000000000000000000, 1.000000000000000000, 1.000000000000000000, 1.000000000000000000, 1.000000000000000000, 1.000000000000000000, 1.000000000000000000, 1.000000000000000000, 1.000000000000000000, 1.000000000000000000, 1.000000000000000000, 1.000000000000000000, 1.000000000000000000, 1.000000000000000000, 1.000000000000000000, 1.000000000000000000, 1.000000000000000000, 1.000000000000000000, 1.000000000000000000, 1.000000000000000000, 1.000000000000000000, 1.000000000000000000, 1.000000000000000000, 1.000000000000000000, 1.000000000000000000, 1.000000000000000000, 1.000000000000000000, 1.000000000000000000, 1.000000000000000000, 1.000000000000000000, 1.000000000000000000, 1.000000000000000000, 1.000000000000000000, 1.000000000000000000, 1.000000000000000000, 1.000000000000000000, 1.000000000000000000, 1.000000000000000000, 1.000000000000000000, 1.000000000000000000, 1.000000000000000000, 1.000000000000000000, 1.000000000000000000, 1.000000000000000000, 1.000000000000000000, 1.000000000000000000, 1.000000000000000000, 1.000000000000000000, 1.000000000000000000, 1.000000000000000000, 1.000000000000000000, 1.000000000000000000, 1.000000000000000000, 1.000000000000000000, 1.000000000000000000, 1.000000000000000000, 1.000000000000000000, 1.000000000000000000, 1.000000000000000000, 1.000000000000000000, 1.000000000000000000, 1.000000000000000000, 1.000000000000000000, 1.000000000000000000, 1.000000000000000000, 1.000000000000000000, 1.000000000000000000, 1.000000000000000000, 1.000000000000000000, 1.000000000000000000, 1.000000000000000000, 1.000000000000000000, 1.000000000000000000, 1.000000000000000000, 1.000000000000000000, 1.000000000000000000, 1.000000000000000000, 1.000000000000000000, 1.000000000000000000, 1.000000000000000000, 1.000000000000000000, 1.000000000000000000, 1.000000000000000000, 1.000000000000000000, 1.000000000000000000, 1.000000000000000000, 1.000000000000000000, 1.000000000000000000, 1.000000000000000000, 1.000000000000000000, 1.000000000000000000, 1.000000000000000000, 1.000000000000000000, 1.000000000000000000, 1.000000000000000000, 1.000000000000000000, 1.000000000000000000, 1.000000000000000000, 1.000000000000000000, 1.000000000000000000, 1.000000000000000000, 1.000000000000000000, 1.000000000000000000, 1.000000000000000000, 1.000000000000000000, 1.000000000000000000, 1.000000000000000000, 1.000000000000000000, 1.000000000000000000, 1.000000000000000000, 1.000000000000000000, 1.000000000000000000, 1.000000000000000000, 1.000000000000000000, 1.000000000000000000, 1.000000000000000000, 1.000000000000000000, 1.000000000000000000, 1.000000000000000000, 1.000000000000000000),
 ( 1.000000000000000000, 1.000000000000000000, 1.000000000000000000, 1.000000000000000000, 1.000000000000000000, 1.000000000000000000, 1.000000000000000000, 1.000000000000000000, 1.000000000000000000, 1.000000000000000000, 1.000000000000000000, 1.000000000000000000, 1.000000000000000000, 1.000000000000000000, 1.000000000000000000, 1.000000000000000000, 1.000000000000000000, 1.000000000000000000, 1.000000000000000000, 1.000000000000000000, 1.000000000000000000, 1.000000000000000000, 1.000000000000000000, 1.000000000000000000, 1.000000000000000000, 1.000000000000000000, 1.000000000000000000, 1.000000000000000000, 1.000000000000000000, 1.000000000000000000, 1.000000000000000000, 1.000000000000000000, 1.000000000000000000, 1.000000000000000000, 1.000000000000000000, 1.000000000000000000, 1.000000000000000000, 1.000000000000000000, 1.000000000000000000, 1.000000000000000000, 1.000000000000000000, 1.000000000000000000, 1.000000000000000000, 1.000000000000000000, 1.000000000000000000, 1.000000000000000000, 1.000000000000000000, 1.000000000000000000, 1.000000000000000000, 1.000000000000000000, 1.000000000000000000, 1.000000000000000000, 1.000000000000000000, 1.000000000000000000, 1.000000000000000000, 1.000000000000000000, 1.000000000000000000, 1.000000000000000000, 1.000000000000000000, 1.000000000000000000, 1.000000000000000000, 1.000000000000000000, 1.000000000000000000, 1.000000000000000000, 1.000000000000000000, 1.000000000000000000, 1.000000000000000000, 1.000000000000000000, 1.000000000000000000, 1.000000000000000000, 1.000000000000000000, 1.000000000000000000, 1.000000000000000000, 1.000000000000000000, 1.000000000000000000, 1.000000000000000000, 1.000000000000000000, 1.000000000000000000, 1.000000000000000000, 1.000000000000000000, 1.000000000000000000, 1.000000000000000000, 1.000000000000000000, 1.000000000000000000, 1.000000000000000000, 1.000000000000000000, 1.000000000000000000, 1.000000000000000000, 1.000000000000000000, 1.000000000000000000, 1.000000000000000000, 1.000000000000000000, 1.000000000000000000, 1.000000000000000000, 1.000000000000000000, 1.000000000000000000, 1.000000000000000000, 1.000000000000000000, 1.000000000000000000, 1.000000000000000000, 1.000000000000000000, 1.000000000000000000, 1.000000000000000000, 1.000000000000000000, 1.000000000000000000, 1.000000000000000000, 1.000000000000000000, 1.000000000000000000, 1.000000000000000000, 1.000000000000000000, 1.000000000000000000, 1.000000000000000000, 1.000000000000000000, 1.000000000000000000, 1.000000000000000000, 1.000000000000000000, 1.000000000000000000, 1.000000000000000000, 1.000000000000000000, 1.000000000000000000, 1.000000000000000000, 1.000000000000000000, 1.000000000000000000, 1.000000000000000000, 1.000000000000000000, 1.000000000000000000, 1.000000000000000000, 1.000000000000000000, 1.000000000000000000, 1.000000000000000000, 1.000000000000000000, 1.000000000000000000, 1.000000000000000000, 1.000000000000000000, 1.000000000000000000, 1.000000000000000000, 1.000000000000000000, 1.000000000000000000, 1.000000000000000000, 1.000000000000000000, 1.000000000000000000, 1.000000000000000000, 1.000000000000000000, 1.000000000000000000, 1.000000000000000000, 1.000000000000000000, 1.000000000000000000, 1.000000000000000000, 1.000000000000000000, 1.000000000000000000, 1.000000000000000000, 1.000000000000000000, 1.000000000000000000, 1.000000000000000000, 1.000000000000000000, 1.000000000000000000, 1.000000000000000000, 1.000000000000000000, 1.000000000000000000, 1.000000000000000000, 1.000000000000000000, 1.000000000000000000, 1.000000000000000000, 1.000000000000000000, 1.000000000000000000, 1.000000000000000000, 1.000000000000000000, 1.000000000000000000, 1.000000000000000000, 1.000000000000000000, 1.000000000000000000, 1.000000000000000000, 1.000000000000000000, 1.000000000000000000, 1.000000000000000000, 1.000000000000000000, 1.000000000000000000, 1.000000000000000000, 1.000000000000000000, 1.000000000000000000, 1.000000000000000000, 1.000000000000000000, 1.000000000000000000, 1.000000000000000000, 1.000000000000000000, 1.000000000000000000, 1.000000000000000000, 1.000000000000000000, 1.000000000000000000, 1.000000000000000000, 1.000000000000000000, 1.000000000000000000, 1.000000000000000000, 1.000000000000000000, 1.000000000000000000, 1.000000000000000000, 1.000000000000000000, 1.000000000000000000, 1.000000000000000000, 1.000000000000000000, 1.000000000000000000, 1.000000000000000000, 1.000000000000000000, 1.000000000000000000, 1.000000000000000000, 1.000000000000000000, 1.000000000000000000, 1.000000000000000000, 1.000000000000000000, 1.000000000000000000, 1.000000000000000000, 1.000000000000000000, 1.000000000000000000, 1.000000000000000000, 1.000000000000000000, 1.000000000000000000, 1.000000000000000000, 1.000000000000000000, 1.000000000000000000, 1.000000000000000000, 1.000000000000000000, 1.000000000000000000, 1.000000000000000000, 1.000000000000000000, 1.000000000000000000, 1.000000000000000000, 1.000000000000000000, 1.000000000000000000, 1.000000000000000000, 1.000000000000000000, 1.000000000000000000, 1.000000000000000000, 1.000000000000000000, 1.000000000000000000, 1.000000000000000000, 1.000000000000000000, 1.000000000000000000, 1.000000000000000000, 1.000000000000000000, 1.000000000000000000, 1.000000000000000000, 1.000000000000000000, 1.000000000000000000, 1.000000000000000000, 1.000000000000000000, 1.000000000000000000, 1.000000000000000000, 1.000000000000000000, 1.000000000000000000, 1.000000000000000000, 1.000000000000000000, 1.000000000000000000, 1.000000000000000000, 1.000000000000000000, 1.000000000000000000, 1.000000000000000000, 1.000000000000000000, 1.000000000000000000),
 ( 0.6821109168793200173, 0.6821109168793200173, 0.6821109168793200173, 0.6821109168793200173, 0.6821109168793200173, 0.6821109168793200173, 0.6821109168793200173, 0.6821109168793200173, 0.6821109168793200173, 0.6821109168793200173, 0.6821109168793200173, 0.6821109168793200173, 0.6821109168793200173, 0.6821109168793200173, 0.6821109168793200173, 0.6821109168793200173, 0.6821109168793200173, 0.6821109168793200173, 0.6821109168793200173, 0.6821109168793200173, 0.6821109168793200173, 0.6821109168793200173, 0.6821109168793200173, 0.6821109168793200173, 0.6821109168793200173, 0.6821109168793200173, 0.6821109168793200173, 0.6821109168793200173, 0.6821109168793200173, 0.6821109168793200173, 0.6821109168793200173, 0.6821109168793200173, 0.6821109168793200173, 0.6821109168793200173, 0.6821109168793200173, 0.6821109168793200173, 0.6821109168793200173, 0.6821109168793200173, 0.6821109168793200173, 0.6821109168793200173, 0.6821109168793200173, 0.6821109168793200173, 0.6821109168793200173, 0.6821109168793200173, 0.6821109168793200173, 0.6821109168793200173, 0.6821109168793200173, 0.6821109168793200173, 0.6821109168793200173, 0.6821109168793200173, 0.6821109168793200173, 0.6821109168793200173, 0.6821109168793200173, 0.6821109168793200173, 0.6821109168793200173, 0.6821109168793200173, 0.6821109168793200173, 0.6821109168793200173, 0.6821109168793200173, 0.6821109168793200173, 0.6821109168793200173, 0.6821109168793200173, 0.6821109168793200173, 0.6821109168793200173, 0.6821109168793200173, 0.6821109168793200173, 0.6821109168793200173, 0.6821109168793200173, 0.6821109168793200173, 0.6821109168793200173, 0.6821109168793200173, 0.6821109168793200173, 0.6821109168793200173, 0.6821109168793200173, 0.6821109168793200173, 0.6821109168793200173, 0.6821109168793200173, 0.6821109168793200173, 0.6821109168793200173, 0.6821109168793200173, 0.6821109168793200173, 0.6821109168793200173, 0.6821109168793200173, 0.6821109168793200173, 0.6821109168793200173, 0.6821109168793200173, 0.6821109168793200173, 0.6821109168793200173, 0.6821109168793200173, 0.6821109168793200173, 0.6821109168793200173, 0.6821109168793200173, 0.6821109168793200173, 0.6821109168793200173, 0.6821109168793200173, 0.6821109168793200173, 0.6821109168793200173, 0.6821109168793200173, 0.6821109168793200173, 0.6821109168793200173, 0.6821109168793200173, 0.6821109168793200173, 0.6821109168793200173, 0.6821109168793200173, 0.6821109168793200173, 0.6821109168793200173, 0.6821109168793200173, 0.6821109168793200173, 0.6821109168793200173, 0.6821109168793200173, 0.6821109168793200173, 0.6821109168793200173, 0.6821109168793200173, 0.6821109168793200173, 0.6821109168793200173, 0.6821109168793200173, 0.6821109168793200173, 0.6821109168793200173, 0.6821109168793200173, 0.6821109168793200173, 0.6821109168793200173, 0.6821109168793200173, 0.6821109168793200173, 0.6821109168793200173, 0.6821109168793200173, 0.6821109168793200173, 0.6821109168793200173, 0.6821109168793200173, 0.6821109168793200173, 0.6821109168793200173, 0.6821109168793200173, 0.6821109168793200173, 0.6821109168793200173, 0.6821109168793200173, 0.6821109168793200173, 0.6821109168793200173, 0.6821109168793200173, 0.6821109168793200173, 0.6821109168793200173, 0.6821109168793200173, 0.6821109168793200173, 0.6821109168793200173, 0.6821109168793200173, 0.6821109168793200173, 0.6821109168793200173, 0.6821109168793200173, 0.6821109168793200173, 0.6821109168793200173, 0.6821109168793200173, 0.6821109168793200173, 0.6821109168793200173, 0.6821109168793200173, 0.6821109168793200173, 0.6821109168793200173, 0.6821109168793200173, 0.6821109168793200173, 0.6821109168793200173, 0.6821109168793200173, 0.6821109168793200173, 0.6821109168793200173, 0.6821109168793200173, 0.6821109168793200173, 0.6821109168793200173, 0.6821109168793200173, 0.6821109168793200173, 0.6821109168793200173, 0.6821109168793200173, 0.6821109168793200173, 0.6821109168793200173, 0.6821109168793200173, 0.6821109168793200173, 0.6821109168793200173, 0.6821109168793200173, 0.6821109168793200173, 0.6821109168793200173, 0.6821109168793200173, 0.6821109168793200173, 0.6821109168793200173, 0.6821109168793200173, 0.6821109168793200173, 0.6821109168793200173, 0.6821109168793200173, 0.6821109168793200173, 0.6821109168793200173, 0.6821109168793200173, 0.6821109168793200173, 0.6821109168793200173, 0.6821109168793200173, 0.6821109168793200173, 0.6821109168793200173, 0.6821109168793200173, 0.6821109168793200173, 0.6821109168793200173, 0.6821109168793200173, 0.6821109168793200173, 0.6821109168793200173, 0.6821109168793200173, 0.6821109168793200173, 0.6821109168793200173, 0.6821109168793200173, 0.6821109168793200173, 0.6821109168793200173, 0.6821109168793200173, 0.6821109168793200173, 0.6821109168793200173, 0.6821109168793200173, 0.6821109168793200173, 0.6821109168793200173, 0.6821109168793200173, 0.6821109168793200173, 0.6821109168793200173, 0.6821109168793200173, 0.6821109168793200173, 0.6821109168793200173, 0.6821109168793200173, 0.6821109168793200173, 0.6821109168793200173, 0.6821109168793200173, 0.6821109168793200173, 0.6821109168793200173, 0.6821109168793200173, 0.6821109168793200173, 0.6821109168793200173, 0.6821109168793200173, 0.6821109168793200173, 0.6821109168793200173, 0.6821109168793200173, 0.6821109168793200173, 0.6821109168793200173, 0.6821109168793200173, 0.6821109168793200173, 0.6821109168793200173, 0.6821109168793200173, 0.6821109168793200173, 0.6821109168793200173, 0.6821109168793200173, 0.6821109168793200173, 0.6821109168793200173, 0.6821109168793200173, 0.6821109168793200173, 0.6821109168793200173, 0.6821109168793200173, 0.6821109168793200173, 0.6821109168793200173, 0.6821109168793200173, 0.6821109168793200173, 0.6821109168793200173, 0.6821109168793200173, 0.6821109168793200173, 0.6821109168793200173, 0.6821109168793200173, 0.6821109168793200173, 0.6821109168793200173, 0.6821109168793200173, 0.6821109168793200173, 0.6821109168793200173, 0.6821109168793200173, 0.6821109168793200173),
 ( 0.6821109168793200173, 0.6821109168793200173, 0.6821109168793200173, 0.6821109168793200173, 0.6821109168793200173, 0.6821109168793200173, 0.6821109168793200173, 0.6821109168793200173, 0.6821109168793200173, 0.6821109168793200173, 0.6821109168793200173, 0.6821109168793200173, 0.6821109168793200173, 0.6821109168793200173, 0.6821109168793200173, 0.6821109168793200173, 0.6821109168793200173, 0.6821109168793200173, 0.6821109168793200173, 0.6821109168793200173, 0.6821109168793200173, 0.6821109168793200173, 0.6821109168793200173, 0.6821109168793200173, 0.6821109168793200173, 0.6821109168793200173, 0.6821109168793200173, 0.6821109168793200173, 0.6821109168793200173, 0.6821109168793200173, 0.6821109168793200173, 0.6821109168793200173, 0.6821109168793200173, 0.6821109168793200173, 0.6821109168793200173, 0.6821109168793200173, 0.6821109168793200173, 0.6821109168793200173, 0.6821109168793200173, 0.6821109168793200173, 0.6821109168793200173, 0.6821109168793200173, 0.6821109168793200173, 0.6821109168793200173, 0.6821109168793200173, 0.6821109168793200173, 0.6821109168793200173, 0.6821109168793200173, 0.6821109168793200173, 0.6821109168793200173, 0.6821109168793200173, 0.6821109168793200173, 0.6821109168793200173, 0.6821109168793200173, 0.6821109168793200173, 0.6821109168793200173, 0.6821109168793200173, 0.6821109168793200173, 0.6821109168793200173, 0.6821109168793200173, 0.6821109168793200173, 0.6821109168793200173, 0.6821109168793200173, 0.6821109168793200173, 0.6821109168793200173, 0.6821109168793200173, 0.6821109168793200173, 0.6821109168793200173, 0.6821109168793200173, 0.6821109168793200173, 0.6821109168793200173, 0.6821109168793200173, 0.6821109168793200173, 0.6821109168793200173, 0.6821109168793200173, 0.6821109168793200173, 0.6821109168793200173, 0.6821109168793200173, 0.6821109168793200173, 0.6821109168793200173, 0.6821109168793200173, 0.6821109168793200173, 0.6821109168793200173, 0.6821109168793200173, 0.6821109168793200173, 0.6821109168793200173, 0.6821109168793200173, 0.6821109168793200173, 0.6821109168793200173, 0.6821109168793200173, 0.6821109168793200173, 0.6821109168793200173, 0.6821109168793200173, 0.6821109168793200173, 0.6821109168793200173, 0.6821109168793200173, 0.6821109168793200173, 0.6821109168793200173, 0.6821109168793200173, 0.6821109168793200173, 0.6821109168793200173, 0.6821109168793200173, 0.6821109168793200173, 0.6821109168793200173, 0.6821109168793200173, 0.6821109168793200173, 0.6821109168793200173, 0.6821109168793200173, 0.6821109168793200173, 0.6821109168793200173, 0.6821109168793200173, 0.6821109168793200173, 0.6821109168793200173, 0.6821109168793200173, 0.6821109168793200173, 0.6821109168793200173, 0.6821109168793200173, 0.6821109168793200173, 0.6821109168793200173, 0.6821109168793200173, 0.6821109168793200173, 0.6821109168793200173, 0.6821109168793200173, 0.6821109168793200173, 0.6821109168793200173, 0.6821109168793200173, 0.6821109168793200173, 0.6821109168793200173, 0.6821109168793200173, 0.6821109168793200173, 0.6821109168793200173, 0.6821109168793200173, 0.6821109168793200173, 0.6821109168793200173, 0.6821109168793200173, 0.6821109168793200173, 0.6821109168793200173, 0.6821109168793200173, 0.6821109168793200173, 0.6821109168793200173, 0.6821109168793200173, 0.6821109168793200173, 0.6821109168793200173, 0.6821109168793200173, 0.6821109168793200173, 0.6821109168793200173, 0.6821109168793200173, 0.6821109168793200173, 0.6821109168793200173, 0.6821109168793200173, 0.6821109168793200173, 0.6821109168793200173, 0.6821109168793200173, 0.6821109168793200173, 0.6821109168793200173, 0.6821109168793200173, 0.6821109168793200173, 0.6821109168793200173, 0.6821109168793200173, 0.6821109168793200173, 0.6821109168793200173, 0.6821109168793200173, 0.6821109168793200173, 0.6821109168793200173, 0.6821109168793200173, 0.6821109168793200173, 0.6821109168793200173, 0.6821109168793200173, 0.6821109168793200173, 0.6821109168793200173, 0.6821109168793200173, 0.6821109168793200173, 0.6821109168793200173, 0.6821109168793200173, 0.6821109168793200173, 0.6821109168793200173, 0.6821109168793200173, 0.6821109168793200173, 0.6821109168793200173, 0.6821109168793200173, 0.6821109168793200173, 0.6821109168793200173, 0.6821109168793200173, 0.6821109168793200173, 0.6821109168793200173, 0.6821109168793200173, 0.6821109168793200173, 0.6821109168793200173, 0.6821109168793200173, 0.6821109168793200173, 0.6821109168793200173, 0.6821109168793200173, 0.6821109168793200173, 0.6821109168793200173, 0.6821109168793200173, 0.6821109168793200173, 0.6821109168793200173, 0.6821109168793200173, 0.6821109168793200173, 0.6821109168793200173, 0.6821109168793200173, 0.6821109168793200173, 0.6821109168793200173, 0.6821109168793200173, 0.6821109168793200173, 0.6821109168793200173, 0.6821109168793200173, 0.6821109168793200173, 0.6821109168793200173, 0.6821109168793200173, 0.6821109168793200173, 0.6821109168793200173, 0.6821109168793200173, 0.6821109168793200173, 0.6821109168793200173, 0.6821109168793200173, 0.6821109168793200173, 0.6821109168793200173, 0.6821109168793200173, 0.6821109168793200173, 0.6821109168793200173, 0.6821109168793200173, 0.6821109168793200173, 0.6821109168793200173, 0.6821109168793200173, 0.6821109168793200173, 0.6821109168793200173, 0.6821109168793200173, 0.6821109168793200173, 0.6821109168793200173, 0.6821109168793200173, 0.6821109168793200173, 0.6821109168793200173, 0.6821109168793200173, 0.6821109168793200173, 0.6821109168793200173, 0.6821109168793200173, 0.6821109168793200173, 0.6821109168793200173, 0.6821109168793200173, 0.6821109168793200173, 0.6821109168793200173, 0.6821109168793200173, 0.6821109168793200173, 0.6821109168793200173, 0.6821109168793200173, 0.6821109168793200173, 0.6821109168793200173, 0.6821109168793200173, 0.6821109168793200173, 0.6821109168793200173, 0.6821109168793200173, 0.6821109168793200173, 0.6821109168793200173, 0.6821109168793200173, 0.6821109168793200173, 0.6821109168793200173, 0.6821109168793200173),
 ( 1.000000000000000000, 1.000000000000000000, 1.000000000000000000, 1.000000000000000000, 1.000000000000000000, 1.000000000000000000, 1.000000000000000000, 1.000000000000000000, 1.000000000000000000, 1.000000000000000000, 1.000000000000000000, 1.000000000000000000, 1.000000000000000000, 1.000000000000000000, 1.000000000000000000, 1.000000000000000000, 1.000000000000000000, 1.000000000000000000, 1.000000000000000000, 1.000000000000000000, 1.000000000000000000, 1.000000000000000000, 1.000000000000000000, 1.000000000000000000, 1.000000000000000000, 1.000000000000000000, 1.000000000000000000, 1.000000000000000000, 1.000000000000000000, 1.000000000000000000, 1.000000000000000000, 1.000000000000000000, 1.000000000000000000, 1.000000000000000000, 1.000000000000000000, 1.000000000000000000, 1.000000000000000000, 1.000000000000000000, 1.000000000000000000, 1.000000000000000000, 1.000000000000000000, 1.000000000000000000, 1.000000000000000000, 1.000000000000000000, 1.000000000000000000, 1.000000000000000000, 1.000000000000000000, 1.000000000000000000, 1.000000000000000000, 1.000000000000000000, 1.000000000000000000, 1.000000000000000000, 1.000000000000000000, 1.000000000000000000, 1.000000000000000000, 1.000000000000000000, 1.000000000000000000, 1.000000000000000000, 1.000000000000000000, 1.000000000000000000, 1.000000000000000000, 1.000000000000000000, 1.000000000000000000, 1.000000000000000000, 1.000000000000000000, 1.000000000000000000, 1.000000000000000000, 1.000000000000000000, 1.000000000000000000, 1.000000000000000000, 1.000000000000000000, 1.000000000000000000, 1.000000000000000000, 1.000000000000000000, 1.000000000000000000, 1.000000000000000000, 1.000000000000000000, 1.000000000000000000, 1.000000000000000000, 1.000000000000000000, 1.000000000000000000, 1.000000000000000000, 1.000000000000000000, 1.000000000000000000, 1.000000000000000000, 1.000000000000000000, 1.000000000000000000, 1.000000000000000000, 1.000000000000000000, 1.000000000000000000, 1.000000000000000000, 1.000000000000000000, 1.000000000000000000, 1.000000000000000000, 1.000000000000000000, 1.000000000000000000, 1.000000000000000000, 1.000000000000000000, 1.000000000000000000, 1.000000000000000000, 1.000000000000000000, 1.000000000000000000, 1.000000000000000000, 1.000000000000000000, 1.000000000000000000, 1.000000000000000000, 1.000000000000000000, 1.000000000000000000, 1.000000000000000000, 1.000000000000000000, 1.000000000000000000, 1.000000000000000000, 1.000000000000000000, 1.000000000000000000, 1.000000000000000000, 1.000000000000000000, 1.000000000000000000, 1.000000000000000000, 1.000000000000000000, 1.000000000000000000, 1.000000000000000000, 1.000000000000000000, 1.000000000000000000, 1.000000000000000000, 1.000000000000000000, 1.000000000000000000, 1.000000000000000000, 1.000000000000000000, 1.000000000000000000, 1.000000000000000000, 1.000000000000000000, 1.000000000000000000, 1.000000000000000000, 1.000000000000000000, 1.000000000000000000, 1.000000000000000000, 1.000000000000000000, 1.000000000000000000, 1.000000000000000000, 1.000000000000000000, 1.000000000000000000, 1.000000000000000000, 1.000000000000000000, 1.000000000000000000, 1.000000000000000000, 1.000000000000000000, 1.000000000000000000, 1.000000000000000000, 1.000000000000000000, 1.000000000000000000, 1.000000000000000000, 1.000000000000000000, 1.000000000000000000, 1.000000000000000000, 1.000000000000000000, 1.000000000000000000, 1.000000000000000000, 1.000000000000000000, 1.000000000000000000, 1.000000000000000000, 1.000000000000000000, 1.000000000000000000, 1.000000000000000000, 1.000000000000000000, 1.000000000000000000, 1.000000000000000000, 1.000000000000000000, 1.000000000000000000, 1.000000000000000000, 1.000000000000000000, 1.000000000000000000, 1.000000000000000000, 1.000000000000000000, 1.000000000000000000, 1.000000000000000000, 1.000000000000000000, 1.000000000000000000, 1.000000000000000000, 1.000000000000000000, 1.000000000000000000, 1.000000000000000000, 1.000000000000000000, 1.000000000000000000, 1.000000000000000000, 1.000000000000000000, 1.000000000000000000, 1.000000000000000000, 1.000000000000000000, 1.000000000000000000, 1.000000000000000000, 1.000000000000000000, 1.000000000000000000, 1.000000000000000000, 1.000000000000000000, 1.000000000000000000, 1.000000000000000000, 1.000000000000000000, 1.000000000000000000, 1.000000000000000000, 1.000000000000000000, 1.000000000000000000, 1.000000000000000000, 1.000000000000000000, 1.000000000000000000, 1.000000000000000000, 1.000000000000000000, 1.000000000000000000, 1.000000000000000000, 1.000000000000000000, 1.000000000000000000, 1.000000000000000000, 1.000000000000000000, 1.000000000000000000, 1.000000000000000000, 1.000000000000000000, 1.000000000000000000, 1.000000000000000000, 1.000000000000000000, 1.000000000000000000, 1.000000000000000000, 1.000000000000000000, 1.000000000000000000, 1.000000000000000000, 1.000000000000000000, 1.000000000000000000, 1.000000000000000000, 1.000000000000000000, 1.000000000000000000, 1.000000000000000000, 1.000000000000000000, 1.000000000000000000, 1.000000000000000000, 1.000000000000000000, 1.000000000000000000, 1.000000000000000000, 1.000000000000000000, 1.000000000000000000, 1.000000000000000000, 1.000000000000000000, 1.000000000000000000, 1.000000000000000000, 1.000000000000000000, 1.000000000000000000, 1.000000000000000000, 1.000000000000000000, 1.000000000000000000, 1.000000000000000000, 1.000000000000000000, 1.000000000000000000, 1.000000000000000000, 1.000000000000000000, 1.000000000000000000, 1.000000000000000000, 1.000000000000000000, 1.000000000000000000, 1.000000000000000000, 1.000000000000000000, 1.000000000000000000),
 ( 1.000000000000000000, 1.000000000000000000, 1.000000000000000000, 1.000000000000000000, 1.000000000000000000, 1.000000000000000000, 1.000000000000000000, 1.000000000000000000, 1.000000000000000000, 1.000000000000000000, 1.000000000000000000, 1.000000000000000000, 1.000000000000000000, 1.000000000000000000, 1.000000000000000000, 1.000000000000000000, 1.000000000000000000, 1.000000000000000000, 1.000000000000000000, 1.000000000000000000, 1.000000000000000000, 1.000000000000000000, 1.000000000000000000, 1.000000000000000000, 1.000000000000000000, 1.000000000000000000, 1.000000000000000000, 1.000000000000000000, 1.000000000000000000, 1.000000000000000000, 1.000000000000000000, 1.000000000000000000, 1.000000000000000000, 1.000000000000000000, 1.000000000000000000, 1.000000000000000000, 1.000000000000000000, 1.000000000000000000, 1.000000000000000000, 1.000000000000000000, 1.000000000000000000, 1.000000000000000000, 1.000000000000000000, 1.000000000000000000, 1.000000000000000000, 1.000000000000000000, 1.000000000000000000, 1.000000000000000000, 1.000000000000000000, 1.000000000000000000, 1.000000000000000000, 1.000000000000000000, 1.000000000000000000, 1.000000000000000000, 1.000000000000000000, 1.000000000000000000, 1.000000000000000000, 1.000000000000000000, 1.000000000000000000, 1.000000000000000000, 1.000000000000000000, 1.000000000000000000, 1.000000000000000000, 1.000000000000000000, 1.000000000000000000, 1.000000000000000000, 1.000000000000000000, 1.000000000000000000, 1.000000000000000000, 1.000000000000000000, 1.000000000000000000, 1.000000000000000000, 1.000000000000000000, 1.000000000000000000, 1.000000000000000000, 1.000000000000000000, 1.000000000000000000, 1.000000000000000000, 1.000000000000000000, 1.000000000000000000, 1.000000000000000000, 1.000000000000000000, 1.000000000000000000, 1.000000000000000000, 1.000000000000000000, 1.000000000000000000, 1.000000000000000000, 1.000000000000000000, 1.000000000000000000, 1.000000000000000000, 1.000000000000000000, 1.000000000000000000, 1.000000000000000000, 1.000000000000000000, 1.000000000000000000, 1.000000000000000000, 1.000000000000000000, 1.000000000000000000, 1.000000000000000000, 1.000000000000000000, 1.000000000000000000, 1.000000000000000000, 1.000000000000000000, 1.000000000000000000, 1.000000000000000000, 1.000000000000000000, 1.000000000000000000, 1.000000000000000000, 1.000000000000000000, 1.000000000000000000, 1.000000000000000000, 1.000000000000000000, 1.000000000000000000, 1.000000000000000000, 1.000000000000000000, 1.000000000000000000, 1.000000000000000000, 1.000000000000000000, 1.000000000000000000, 1.000000000000000000, 1.000000000000000000, 1.000000000000000000, 1.000000000000000000, 1.000000000000000000, 1.000000000000000000, 1.000000000000000000, 1.000000000000000000, 1.000000000000000000, 1.000000000000000000, 1.000000000000000000, 1.000000000000000000, 1.000000000000000000, 1.000000000000000000, 1.000000000000000000, 1.000000000000000000, 1.000000000000000000, 1.000000000000000000, 1.000000000000000000, 1.000000000000000000, 1.000000000000000000, 1.000000000000000000, 1.000000000000000000, 1.000000000000000000, 1.000000000000000000, 1.000000000000000000, 1.000000000000000000, 1.000000000000000000, 1.000000000000000000, 1.000000000000000000, 1.000000000000000000, 1.000000000000000000, 1.000000000000000000, 1.000000000000000000, 1.000000000000000000, 1.000000000000000000, 1.000000000000000000, 1.000000000000000000, 1.000000000000000000, 1.000000000000000000, 1.000000000000000000, 1.000000000000000000, 1.000000000000000000, 1.000000000000000000, 1.000000000000000000, 1.000000000000000000, 1.000000000000000000, 1.000000000000000000, 1.000000000000000000, 1.000000000000000000, 1.000000000000000000, 1.000000000000000000, 1.000000000000000000, 1.000000000000000000, 1.000000000000000000, 1.000000000000000000, 1.000000000000000000, 1.000000000000000000, 1.000000000000000000, 1.000000000000000000, 1.000000000000000000, 1.000000000000000000, 1.000000000000000000, 1.000000000000000000, 1.000000000000000000, 1.000000000000000000, 1.000000000000000000, 1.000000000000000000, 1.000000000000000000, 1.000000000000000000, 1.000000000000000000, 1.000000000000000000, 1.000000000000000000, 1.000000000000000000, 1.000000000000000000, 1.000000000000000000, 1.000000000000000000, 1.000000000000000000, 1.000000000000000000, 1.000000000000000000, 1.000000000000000000, 1.000000000000000000, 1.000000000000000000, 1.000000000000000000, 1.000000000000000000, 1.000000000000000000, 1.000000000000000000, 1.000000000000000000, 1.000000000000000000, 1.000000000000000000, 1.000000000000000000, 1.000000000000000000, 1.000000000000000000, 1.000000000000000000, 1.000000000000000000, 1.000000000000000000, 1.000000000000000000, 1.000000000000000000, 1.000000000000000000, 1.000000000000000000, 1.000000000000000000, 1.000000000000000000, 1.000000000000000000, 1.000000000000000000, 1.000000000000000000, 1.000000000000000000, 1.000000000000000000, 1.000000000000000000, 1.000000000000000000, 1.000000000000000000, 1.000000000000000000, 1.000000000000000000, 1.000000000000000000, 1.000000000000000000, 1.000000000000000000, 1.000000000000000000, 1.000000000000000000, 1.000000000000000000, 1.000000000000000000, 1.000000000000000000, 1.000000000000000000, 1.000000000000000000, 1.000000000000000000, 1.000000000000000000, 1.000000000000000000, 1.000000000000000000, 1.000000000000000000, 1.000000000000000000, 1.000000000000000000, 1.000000000000000000, 1.000000000000000000, 1.000000000000000000, 1.000000000000000000, 1.000000000000000000, 1.000000000000000000, 1.000000000000000000, 1.000000000000000000, 1.000000000000000000, 1.000000000000000000) ) ) 
 REPRESENTATION_ITEM ( '' )  SURFACE ( )  );
#820 = CARTESIAN_POINT ( 'NONE',  ( -1.426492229907010634, -0.1419996084825506655, 2.134256245050205639E-18 ) ) ;
#821 = CARTESIAN_POINT ( 'NONE',  ( 0.3613765739238957719, -0.6775999228413918107, -0.005270901231338724797 ) ) ;
#822 = CARTESIAN_POINT ( 'NONE',  ( -0.7828992298010314377, 0.4168126515562101120, -0.02015000000000002206 ) ) ;
#823 = CARTESIAN_POINT ( 'NONE',  ( -1.058026360423942602, 0.2093620320962718273, 0.02015000000000002206 ) ) ;
#824 = CARTESIAN_POINT ( 'NONE',  ( -0.4720532235583049241, -1.145040763001760276, 0.000000000000000000 ) ) ;
#825 = CARTESIAN_POINT ( 'NONE',  ( 0.6376517933918159908, -0.7742497078386332277, 0.005270901231338727400 ) ) ;
#826 = CARTESIAN_POINT ( 'NONE',  ( 1.462298630818986478, 0.9791283617966567432, 0.005270901231338727400 ) ) ;
#827 = CARTESIAN_POINT ( 'NONE',  ( -0.0002022364845482875408, -0.9845908520330431957, 0.005270901231338729134 ) ) ;
#828 = CARTESIAN_POINT ( 'NONE',  ( -0.7060138144715095709, 1.055950287830323964, -0.02015000000000002206 ) ) ;
#829 = CARTESIAN_POINT ( 'NONE',  ( -0.3192804869888804520, -0.7733491137579409092, 0.000000000000000000 ) ) ;
#830 = CARTESIAN_POINT ( 'NONE',  ( 1.501395411966139903, 0.2993307647679709360, -0.005270901231338724797 ) ) ;
#831 = CARTESIAN_POINT ( 'NONE',  ( -1.123368198323856593, -0.9249983306963230900, 0.000000000000000000 ) ) ;
#832 = CARTESIAN_POINT ( 'NONE',  ( -0.7432208872972275726, 0.4953821853174797951, 0.005270901231338727400 ) ) ;
#833 = CARTESIAN_POINT ( 'NONE',  ( 0.6160612918708763264, -0.5037284718701726671, -0.005270901231338727400 ) ) ;
#834 = CARTESIAN_POINT ( 'NONE',  ( -0.8266726886336989155, -0.08145027248188425884, -0.005270901231338724797 ) ) ;
#835 = CARTESIAN_POINT ( 'NONE',  ( -0.7412782310244555584, -0.7438234097827168823, 0.000000000000000000 ) ) ;
#836 = CARTESIAN_POINT ( 'NONE',  ( -1.666824414092487494, -0.1658142189559886903, -0.005270901231338727400 ) ) ;
#837 = CARTESIAN_POINT ( 'NONE',  ( 0.8572580124606603569, -1.597695686247856628, 0.000000000000000000 ) ) ;
#838 = CARTESIAN_POINT ( 'NONE',  ( 0.0008094673165792621748, -1.590508989809326090, 0.02015000000000002206 ) ) ;
#839 = SHAPE_DEFINITION_REPRESENTATION ( #479, #4267 ) ;
#840 = CARTESIAN_POINT ( 'NONE',  ( -1.002861918674029074, 0.4134922781423693294, -0.02015000000000002206 ) ) ;
#841 = CARTESIAN_POINT ( 'NONE',  ( 0.9103028056609476781, 0.1807433537861549422, 0.005270901231338729134 ) ) ;
#842 = CARTESIAN_POINT ( 'NONE',  ( -0.7540852297177578212, -1.414670021996402127, -0.005270901231338724797 ) ) ;
#843 = CARTESIAN_POINT ( 'NONE',  ( -0.5048123433848212827, 1.213041100766895308, 0.000000000000000000 ) ) ;
#844 = CARTESIAN_POINT ( 'NONE',  ( 0.3819159489980291644, -0.7125019650076044320, -0.005270901231338727400 ) ) ;
#845 = CARTESIAN_POINT ( 'NONE',  ( -0.7955432384091166709, -0.3311825998292729500, 0.000000000000000000 ) ) ;
#846 = CARTESIAN_POINT ( 'NONE',  ( -0.9135642617439307944, -1.370154126466789801, 0.000000000000000000 ) ) ;
#847 = CARTESIAN_POINT ( 'NONE',  ( 1.509783676611563319, 1.241387656608247569, 0.02015000000000002206 ) ) ;
#848 = CARTESIAN_POINT ( 'NONE',  ( -1.315152046915399442, -0.5463515336882580620, 2.134256245050205639E-18 ) ) ;
#849 = CARTESIAN_POINT ( 'NONE',  ( 0.8375154832473949984, -1.562337361320809581, 0.005270901231338729134 ) ) ;
#850 = CARTESIAN_POINT ( 'NONE',  ( -0.6348647744319081410, 0.6327791612833466584, -0.02015000000000002206 ) ) ;
#851 = CARTESIAN_POINT ( 'NONE',  ( 0.9467594413471025483, 0.1893122252554306773, 0.02015000000000002206 ) ) ;
#852 = CARTESIAN_POINT ( 'NONE',  ( 1.175787223235251533, 0.001241076782799628315, 0.000000000000000000 ) ) ;
#853 = CARTESIAN_POINT ( 'NONE',  ( 0.2514465359974132341, 1.270649170409855477, 0.02015000000000002206 ) ) ;
#854 = CARTESIAN_POINT ( 'NONE',  ( 0.6341456267723789564, 0.9525466853756933139, 0.005270901231338727400 ) ) ;
#855 = CARTESIAN_POINT ( 'NONE',  ( 0.001021560911695524980, -1.022020933258023456, 0.02015000000000002206 ) ) ;
#856 = CARTESIAN_POINT ( 'NONE',  ( 0.4200319113523492964, 1.014080896395294529, 0.005270901231338729134 ) ) ;
#857 = CARTESIAN_POINT ( 'NONE',  ( 0.1164369984562026172, -1.179719743048672775, -0.02015000000000002206 ) ) ;
#858 = CARTESIAN_POINT ( 'NONE',  ( -0.7432208872972275726, 0.4953821853174797951, 0.000000000000000000 ) ) ;
#859 = CARTESIAN_POINT ( 'NONE',  ( 0.1444512870837237895, 1.483043904259268464, -0.005270901231338724797 ) ) ;
#860 = CARTESIAN_POINT ( 'NONE',  ( 1.046372530998081585, 0.8605255239833320413, 0.000000000000000000 ) ) ;
#861 = CARTESIAN_POINT ( 'NONE',  ( 0.4655482169399987047, -1.120611367348821830, 0.005270901231338727400 ) ) ;
#862 = CARTESIAN_POINT ( 'NONE',  ( -0.1764246842533101767, -1.820417413164374221, 0.02015000000000002206 ) ) ;
#863 = CARTESIAN_POINT ( 'NONE',  ( -0.7900802199849681351, -0.9659961847946322289, -0.005270901231338727400 ) ) ;
#864 = CARTESIAN_POINT ( 'NONE',  ( -1.438979288415740188, 1.179546835686121176, 0.005270901231338729134 ) ) ;
#865 = CARTESIAN_POINT ( 'NONE',  ( -0.001906955048336523911, 1.125485933652464077, 0.000000000000000000 ) ) ;
#866 = CARTESIAN_POINT ( 'NONE',  ( 1.462298630818986478, 0.9791283617966567432, -0.005270901231338727400 ) ) ;
#867 = CARTESIAN_POINT ( 'NONE',  ( 0.6967053558821356685, -1.677420275167984975, 0.000000000000000000 ) ) ;
#868 = CARTESIAN_POINT ( 'NONE',  ( -0.9318248268082325314, 1.134403779962756209, 0.02015000000000002206 ) ) ;
#869 = CARTESIAN_POINT ( 'NONE',  ( 1.292203275626353731, 0.8663799062304228249, -0.02015000000000002206 ) ) ;
#870 = CARTESIAN_POINT ( 'NONE',  ( -0.3129001746479986856, 1.029067669322690115, 0.005270901231338729134 ) ) ;
#871 = CARTESIAN_POINT ( 'NONE',  ( -1.833037230317976496, 0.1794783528163294839, -0.005270901231338724797 ) ) ;
#872 = CARTESIAN_POINT ( 'NONE',  ( 0.2578426339556110780, 1.307548870956974474, 0.000000000000000000 ) ) ;
#873 = CARTESIAN_POINT ( 'NONE',  ( 1.963765168386078841, 0.1952473454587256019, -0.02015000000000002206 ) ) ;
#874 = CARTESIAN_POINT ( 'NONE',  ( -0.4298267816048044199, 0.8007580761121533275, 0.000000000000000000 ) ) ;
#875 = CARTESIAN_POINT ( 'NONE',  ( 1.376839913707069041, 0.7376920377158671105, 0.000000000000000000 ) ) ;
#876 = CARTESIAN_POINT ( 'NONE',  ( 0.3577602056173886935, -1.784007848971294719, 0.02015000000000002206 ) ) ;
#877 = CARTESIAN_POINT ( 'NONE',  ( 0.9559651398318254056, 1.167440081071754232, 2.134256245050205639E-18 ) ) ;
#878 = CARTESIAN_POINT ( 'NONE',  ( 1.779489441669531935, 0.7383356536689515970, 0.005270901231338729134 ) ) ;
#879 = CARTESIAN_POINT ( 'NONE',  ( 0.001021560911695524980, -1.022020933258023456, -0.02015000000000002206 ) ) ;
#880 = CARTESIAN_POINT ( 'NONE',  ( -0.7391919896537546553, -0.7416028815764365012, 0.02015000000000002206 ) ) ;
#881 = CARTESIAN_POINT ( 'NONE',  ( 0.6341456267723789564, 0.9525466853756933139, 0.000000000000000000 ) ) ;
#882 = CARTESIAN_POINT ( 'NONE',  ( -0.7670930853000437200, -0.9364311404378774517, 0.02015000000000002206 ) ) ;
#883 = CARTESIAN_POINT ( 'NONE',  ( 0.2958921661487682320, -0.9715894170657407569, 0.005270901231338727400 ) ) ;
#884 = CARTESIAN_POINT ( 'NONE',  ( -0.5341550859770164417, -0.6522239724316554188, 0.02015000000000002206 ) ) ;
#885 = CARTESIAN_POINT ( 'NONE',  ( -1.026732299346029720, -0.1010144595162811992, 0.005270901231338729134 ) ) ;
#886 = CARTESIAN_POINT ( 'NONE',  ( 0.7626816360359864877, -1.138856932270566613, -0.02015000000000002206 ) ) ;
#887 = CARTESIAN_POINT ( 'NONE',  ( -1.062964248914428866, 1.587551995852913178, -0.005270901231338727400 ) ) ;
#888 = CARTESIAN_POINT ( 'NONE',  ( 1.058944887514347899, 1.586858248835000040, -0.005270901231338724797 ) ) ;
#889 = CARTESIAN_POINT ( 'NONE',  ( -0.5048123433848212827, 1.213041100766895308, 0.000000000000000000 ) ) ;
#890 = CARTESIAN_POINT ( 'NONE',  ( -1.044298569103947028, -0.7002971835861695471, 0.005270901231338727400 ) ) ;
#891 = CARTESIAN_POINT ( 'NONE',  ( -0.3557584943596631133, -1.797274823402982724, 0.02015000000000002206 ) ) ;
#892 = CARTESIAN_POINT ( 'NONE',  ( 0.4344157740023583125, 1.051937181222844409, -0.005270901231338727400 ) ) ;
#893 = CARTESIAN_POINT ( 'NONE',  ( -0.6780058982080960917, -0.4523228392360981731, -0.005270901231338724797 ) ) ;
#894 = CARTESIAN_POINT ( 'NONE',  ( -1.077985765446750399, 0.7177033829893897376, 0.000000000000000000 ) ) ;
#895 = CARTESIAN_POINT ( 'NONE',  ( -1.873405340570763356, 0.1827022466259360933, -0.005270901231338727400 ) ) ;
#896 = EDGE_LOOP ( 'NONE', ( #3595, #1782, #4953, #3142 ) ) ;
#897 = CARTESIAN_POINT ( 'NONE',  ( -0.3331153703736364213, 0.8053838071608319105, 2.134256245050205639E-18 ) ) ;
#898 = CARTESIAN_POINT ( 'NONE',  ( -1.429516914522611426, -0.1423661433823523725, 0.02015000000000002206 ) ) ;
#899 = CARTESIAN_POINT ( 'NONE',  ( -0.7996267244211930914, -1.200853511895701775, -0.02015000000000002206 ) ) ;
#900 = CARTESIAN_POINT ( 'NONE',  ( -1.026732299346029720, -0.1010144595162811992, 0.005270901231338729134 ) ) ;
#901 = CARTESIAN_POINT ( 'NONE',  ( 1.351681249209182534, 1.355067835676538435, -0.005270901231338724797 ) ) ;
#902 = CARTESIAN_POINT ( 'NONE',  ( -0.5016177987361265522, 1.644133697731048560, 0.000000000000000000 ) ) ;
#903 = CARTESIAN_POINT ( 'NONE',  ( -1.194784164113360969, 0.3612045055086569034, -0.02015000000000002206 ) ) ;
#904 = CARTESIAN_POINT ( 'NONE',  ( 0.1094328641979097488, 1.123369919354717528, -0.005270901231338727400 ) ) ;
#905 = CARTESIAN_POINT ( 'NONE',  ( -1.004408518379826587, 0.8225651782396692369, 0.000000000000000000 ) ) ;
#906 = CARTESIAN_POINT ( 'NONE',  ( -1.315931077667800819, 1.076431968058664701, 0.000000000000000000 ) ) ;
#907 = CARTESIAN_POINT ( 'NONE',  ( 0.9667324420250709149, 1.451737929646400138, 0.02015000000000002206 ) ) ;
#908 = CARTESIAN_POINT ( 'NONE',  ( -0.3708755199830477967, 1.221544760482527803, 2.134256245050205639E-18 ) ) ;
#909 = CLOSED_SHELL ( 'NONE', ( #2947, #1795, #141, #4444 ) ) ;
#910 = CARTESIAN_POINT ( 'NONE',  ( -1.008611230855529284, -0.2012228637585475877, -0.005270901231338724797 ) ) ;
#911 = CARTESIAN_POINT ( 'NONE',  ( -1.270338012875793510, 0.1238685036087551622, -0.02015000000000002206 ) ) ;
#912 = CARTESIAN_POINT ( 'NONE',  ( -0.1315107124655762183, 1.313696860378358311, 0.02015000000000002206 ) ) ;
#913 = CARTESIAN_POINT ( 'NONE',  ( 1.159682103354424454, -0.2286487909183678446, 0.000000000000000000 ) ) ;
#914 = CARTESIAN_POINT ( 'NONE',  ( -0.7900802199849681351, -0.9659961847946322289, 0.005270901231338727400 ) ) ;
#915 = CARTESIAN_POINT ( 'NONE',  ( -0.7767351016389475449, 0.7751963827149432884, 0.02015000000000002206 ) ) ;
#916 = CARTESIAN_POINT ( 'NONE',  ( 0.2697235683289542774, -1.353612763968483179, 0.005270901231338729134 ) ) ;
#917 = CARTESIAN_POINT ( 'NONE',  ( 1.122762960333105964, -0.2223655454845233082, -0.02015000000000002206 ) ) ;
#918 = CARTESIAN_POINT ( 'NONE',  ( -0.8273931464775039490, -0.2520253568315128367, 0.000000000000000000 ) ) ;
#919 = CARTESIAN_POINT ( 'NONE',  ( -0.5485876852727378239, 0.6690210051371682232, -0.02015000000000002206 ) ) ;
#920 = CARTESIAN_POINT ( 'NONE',  ( -0.3487015984393075363, 0.8394364888377384704, 0.02015000000000002206 ) ) ;
#921 = CARTESIAN_POINT ( 'NONE',  ( 1.199226881201504336, 0.6435423970449928310, 0.000000000000000000 ) ) ;
#922 = CARTESIAN_POINT ( 'NONE',  ( 0.2399508317265431068, -1.195852433669943204, 0.005270901231338727400 ) ) ;
#923 = CARTESIAN_POINT ( 'NONE',  ( -1.307625767191403332, -1.310063535762551634, 0.02015000000000002206 ) ) ;
#924 = CARTESIAN_POINT ( 'NONE',  ( -0.8097816991537726272, 0.2460643151409734330, 0.02015000000000002206 ) ) ;
#925 = CARTESIAN_POINT ( 'NONE',  ( 0.3276081503265225736, 1.086594775272874180, -0.005270901231338727400 ) ) ;
#926 = CARTESIAN_POINT ( 'NONE',  ( 0.8103407973608985904, 0.4327490058116802985, -0.005270901231338724797 ) ) ;
#927 = PRODUCT_DEFINITION_CONTEXT ( 'detailed design', #3077, 'design' ) ;
#928 = CARTESIAN_POINT ( 'NONE',  ( 1.373405740173228917, -0.1329887840855085990, 0.000000000000000000 ) ) ;
#929 = CARTESIAN_POINT ( 'NONE',  ( 1.970131138202268817, 0.002185763461703942295, -0.005270901231338727400 ) ) ;
#930 = CARTESIAN_POINT ( 'NONE',  ( 0.6431814776190480920, 0.6426690689537535306, 2.134256245050205639E-18 ) ) ;
#931 = EDGE_CURVE ( 'NONE', #5842, #2196, #4225, .T. ) ;
#932 = CARTESIAN_POINT ( 'NONE',  ( -0.6964088816349326416, 1.299416059809291646, 0.02015000000000002206 ) ) ;
#933 = CARTESIAN_POINT ( 'NONE',  ( -1.463670148786198943, -0.1465048731646463598, -0.02015000000000002206 ) ) ;
#934 = CARTESIAN_POINT ( 'NONE',  ( 0.7246503084569612119, 1.085151480038653915, 0.005270901231338729134 ) ) ;
#935 = CARTESIAN_POINT ( 'NONE',  ( 0.5017951279756529548, 1.663767782017541164, 0.000000000000000000 ) ) ;
#936 = CARTESIAN_POINT ( 'NONE',  ( -1.013714828933154344, -0.6786838827151978615, -0.02015000000000002206 ) ) ;
#937 = CARTESIAN_POINT ( 'NONE',  ( 0.9232900528251212213, 0.2818315948865870446, -0.005270901231338727400 ) ) ;
#938 = CARTESIAN_POINT ( 'NONE',  ( 1.373405740173228917, -0.1329887840855085990, 0.000000000000000000 ) ) ;
#939 = CARTESIAN_POINT ( 'NONE',  ( -0.2991799679280714441, 1.491418594031060918, 0.000000000000000000 ) ) ;
#940 = CARTESIAN_POINT ( 'NONE',  ( -0.8665947313121544759, -1.624924948984481476, 0.02015000000000002206 ) ) ;
#941 = CARTESIAN_POINT ( 'NONE',  ( -1.415530904714172866, 0.2800228065795956067, 2.134256245050205639E-18 ) ) ;
#942 = CARTESIAN_POINT ( 'NONE',  ( -0.9678467287531302699, 0.4002091145664556371, -0.005270901231338724797 ) ) ;
#943 = CARTESIAN_POINT ( 'NONE',  ( -1.227950724345772127, 0.3703453607450143403, -0.02015000000000002206 ) ) ;
#944 = CARTESIAN_POINT ( 'NONE',  ( 1.281529100561606738, -0.5284346779891342383, 0.02015000000000002206 ) ) ;
#945 = CARTESIAN_POINT ( 'NONE',  ( 0.1680483701384951900, 1.723398256320827659, 0.000000000000000000 ) ) ;
#946 = CARTESIAN_POINT ( 'NONE',  ( -0.3836257847870365167, 1.259981958273902469, 0.005270901231338727400 ) ) ;
#947 = CARTESIAN_POINT ( 'NONE',  ( -0.001818204544977326852, 1.122440404158823402, 0.02015000000000002206 ) ) ;
#948 = CARTESIAN_POINT ( 'NONE',  ( -1.235723599388528937, -0.001077562551306459693, 0.005270901231338729134 ) ) ;
#949 = CARTESIAN_POINT ( 'NONE',  ( 0.2912393693910934056, 1.467692591816196490, -0.02015000000000002206 ) ) ;
#950 = CARTESIAN_POINT ( 'NONE',  ( -1.579742085693920162, 1.051934407835061647, -0.005270901231338727400 ) ) ;
#951 = CARTESIAN_POINT ( 'NONE',  ( -1.474324638195791903E-06, -0.7866229131003283914, -0.02015000000000002206 ) ) ;
#952 = CARTESIAN_POINT ( 'NONE',  ( 0.2368741208775917428, -0.7762433393096506151, 0.02015000000000002206 ) ) ;
#953 = CARTESIAN_POINT ( 'NONE',  ( 1.778671584030809605, 0.001720882229786206740, 0.000000000000000000 ) ) ;
#954 = CARTESIAN_POINT ( 'NONE',  ( -1.230888026965613058, 0.3711548947408290222, 0.005270901231338727400 ) ) ;
#955 = CARTESIAN_POINT ( 'NONE',  ( -1.066890135447390309, -0.1062437229075484657, -0.005270901231338727400 ) ) ;
#956 = CARTESIAN_POINT ( 'NONE',  ( 0.3429078182511584583, 0.8284490771591395131, -0.005270901231338724797 ) ) ;
#957 = CARTESIAN_POINT ( 'NONE',  ( 0.7648163529256304383, -0.9299396490749085586, 0.000000000000000000 ) ) ;
#958 = CARTESIAN_POINT ( 'NONE',  ( 0.1604874905346217739, -0.8019238191801268956, 0.000000000000000000 ) ) ;
#959 = CARTESIAN_POINT ( 'NONE',  ( -0.2405146614896036539, -0.7980082718583720869, 0.000000000000000000 ) ) ;
#960 = CARTESIAN_POINT ( 'NONE',  ( -0.8068348190417770072, 0.2452902912326064278, 2.134256245050205639E-18 ) ) ;
#961 = CARTESIAN_POINT ( 'NONE',  ( 1.932868703483374029, 0.001542441719929016223, 0.02015000000000002206 ) ) ;
#962 = CARTESIAN_POINT ( 'NONE',  ( -1.061804575661401850, 1.058444251294180294, -0.02015000000000002206 ) ) ;
#963 = CARTESIAN_POINT ( 'NONE',  ( -0.9724437325616150929, 0.7977007368796563691, 0.005270901231338729134 ) ) ;
#964 = CARTESIAN_POINT ( 'NONE',  ( -0.1766681510629661278, -1.823454477274821350, 0.000000000000000000 ) ) ;
#965 = CARTESIAN_POINT ( 'NONE',  ( 1.297300402817646692, -0.8646635692361648307, -0.02015000000000002206 ) ) ;
#966 = CARTESIAN_POINT ( 'NONE',  ( -0.2992154687573843619, -0.9902691944565905624, -0.005270901231338727400 ) ) ;
#967 = CARTESIAN_POINT ( 'NONE',  ( -0.1318847171121614870, 1.316720633869616019, 0.000000000000000000 ) ) ;
#968 = CARTESIAN_POINT ( 'NONE',  ( -1.836535196679146331, -0.3671405983948691776, 0.000000000000000000 ) ) ;
#969 = CARTESIAN_POINT ( 'NONE',  ( 0.5381185642651774570, -0.8056024619784102336, 0.02015000000000002206 ) ) ;
#970 = CARTESIAN_POINT ( 'NONE',  ( 0.8375154832473949984, -1.562337361320809581, 2.134256245050205639E-18 ) ) ;
#971 = CARTESIAN_POINT ( 'NONE',  ( -0.1736755781337049609, -1.786124395799998821, 0.02015000000000002206 ) ) ;
#972 = CARTESIAN_POINT ( 'NONE',  ( -0.2887213911591138826, -0.9511555979268696559, -0.005270901231338724797 ) ) ;
#973 = CARTESIAN_POINT ( 'NONE',  ( 1.112896843307689343, 0.3387906298794147175, -0.02015000000000002206 ) ) ;
#974 = CARTESIAN_POINT ( 'NONE',  ( 0.2573222664989491260, 1.304546821355123454, 0.02015000000000002206 ) ) ;
#975 = CARTESIAN_POINT ( 'NONE',  ( 0.6205655057417678311, -1.491373008974095304, 0.000000000000000000 ) ) ;
#976 = CARTESIAN_POINT ( 'NONE',  ( 0.7462914311601734907, 1.119380830785750458, 0.005270901231338727400 ) ) ;
#977 = CARTESIAN_POINT ( 'NONE',  ( -1.213161444020806945, 0.8098392139779998500, 0.02015000000000002206 ) ) ;
#978 = CARTESIAN_POINT ( 'NONE',  ( -1.058026360423942602, 0.2093620320962718273, 0.02015000000000002206 ) ) ;
#979 = CARTESIAN_POINT ( 'NONE',  ( -0.8931426954961040332, -1.089092637845695100, 0.005270901231338729134 ) ) ;
#980 = CARTESIAN_POINT ( 'NONE',  ( -1.528157176001552209, 0.6308448024161964485, -0.02015000000000002206 ) ) ;
#981 = CARTESIAN_POINT ( 'NONE',  ( 1.073875146656476431, 0.4469357622034294542, 0.000000000000000000 ) ) ;
#982 = CARTESIAN_POINT ( 'NONE',  ( -1.710714577448589013, 0.7074474854740289143, -0.005270901231338724797 ) ) ;
#983 = CARTESIAN_POINT ( 'NONE',  ( -0.4654365309583793353, -0.6990716550318398781, 0.02015000000000002206 ) ) ;
#984 = CARTESIAN_POINT ( 'NONE',  ( 1.328863925574705007, -0.8848188954155085106, 0.000000000000000000 ) ) ;
#985 = CARTESIAN_POINT ( 'NONE',  ( 1.228696520285260219, -0.6551492142235911809, 0.005270901231338727400 ) ) ;
#986 = CARTESIAN_POINT ( 'NONE',  ( -0.7008594413839920323, -1.699525699660293432, 0.02015000000000002206 ) ) ;
#987 = CARTESIAN_POINT ( 'NONE',  ( -0.4890097368947752821, -0.9186622637226490307, -0.005270901231338727400 ) ) ;
#988 = CARTESIAN_POINT ( 'NONE',  ( -0.5928966784866871453, 0.8861069055429027230, -0.005270901231338724797 ) ) ;
#989 = CARTESIAN_POINT ( 'NONE',  ( 0.9939941829502725312, -0.6626550158733278684, 0.000000000000000000 ) ) ;
#990 = CARTESIAN_POINT ( 'NONE',  ( 1.934767834548602350, 0.3880236722248595060, -0.005270901231338727400 ) ) ;
#991 = CARTESIAN_POINT ( 'NONE',  ( 0.6817157931992979814, -1.643101132199427550, 0.02015000000000002206 ) ) ;
#992 = CARTESIAN_POINT ( 'NONE',  ( 0.6650360934912461497, -1.241320741047918785, -0.02015000000000002206 ) ) ;
#993 = CARTESIAN_POINT ( 'NONE',  ( 1.163984721290516777, 0.6235930472347580578, 0.005270901231338729134 ) ) ;
#994 = CARTESIAN_POINT ( 'NONE',  ( 0.8952924746793301525, -1.337045265786458437, 0.000000000000000000 ) ) ;
#995 = CARTESIAN_POINT ( 'NONE',  ( 0.9578472630387694364, 1.169836050377126124, -0.02015000000000002206 ) ) ;
#996 = CARTESIAN_POINT ( 'NONE',  ( -0.5359940070366022713, -0.6546532945996479391, -0.005270901231338727400 ) ) ;
#997 = CARTESIAN_POINT ( 'NONE',  ( -0.8837750882329594715, -0.8856150542735711229, 0.000000000000000000 ) ) ;
#998 = CARTESIAN_POINT ( 'NONE',  ( -0.8296915607460528808, -0.08186214252579407380, 0.02015000000000002206 ) ) ;
#999 = CARTESIAN_POINT ( 'NONE',  ( 0.9465226354020148669, 1.420209291420845288, 2.134256245050205639E-18 ) ) ;
#1000 = CARTESIAN_POINT ( 'NONE',  ( -0.4900560800000702821, 1.608513222176490176, 0.02015000000000002206 ) ) ;
#1001 = CARTESIAN_POINT ( 'NONE',  ( 0.7927137538579086540, -0.5292087908012511610, -0.005270901231338724797 ) ) ;
#1002 = CARTESIAN_POINT ( 'NONE',  ( -0.1315107124655762183, 1.313696860378358311, -0.02015000000000002206 ) ) ;
#1003 = CARTESIAN_POINT ( 'NONE',  ( 0.7446632388243006329, 1.116805550042649919, 0.02015000000000002206 ) ) ;
#1004 = CARTESIAN_POINT ( 'NONE',  ( -0.7147809355183392110, 1.332049816219171845, 0.000000000000000000 ) ) ;
#1005 = CARTESIAN_POINT ( 'NONE',  ( -1.191231214967320984, 0.4919834175174020441, 0.005270901231338727400 ) ) ;
#1006 = CARTESIAN_POINT ( 'NONE',  ( -0.7882100552547419703, -0.9635908609485397402, 0.02015000000000002206 ) ) ;
#1007 = CARTESIAN_POINT ( 'NONE',  ( -1.043753055172573552, 0.6960675375878493387, 0.005270901231338729134 ) ) ;
#1008 = CARTESIAN_POINT ( 'NONE',  ( -0.002044888954973976113, 1.690926943673160876, -0.02015000000000002206 ) ) ;
#1009 = CARTESIAN_POINT ( 'NONE',  ( 1.929837142911454473, 0.001490102981407594607, -0.005270901231338724797 ) ) ;
#1010 = CARTESIAN_POINT ( 'NONE',  ( 0.7671025914337588070, 0.0007258565243637118318, 0.02015000000000002206 ) ) ;
#1011 = CARTESIAN_POINT ( 'NONE',  ( -0.8088472554647893054, 1.509707503463420863, 0.000000000000000000 ) ) ;
#1012 = CARTESIAN_POINT ( 'NONE',  ( -0.3376187258431641580, 1.688733571307307280, 0.005270901231338727400 ) ) ;
#1013 = CARTESIAN_POINT ( 'NONE',  ( 0.5380755918080777356, -0.5389419904644549009, 0.02015000000000002206 ) ) ;
#1014 = CARTESIAN_POINT ( 'NONE',  ( -0.3063335036959454749, -0.7382080046189081202, -0.02015000000000002206 ) ) ;
#1015 = CARTESIAN_POINT ( 'NONE',  ( 0.9809813853701755404, 1.199286113378744245, -0.005270901231338727400 ) ) ;
#1016 = CARTESIAN_POINT ( 'NONE',  ( 0.08676025138209574050, 0.8829403137666640422, -0.005270901231338724797 ) ) ;
#1017 = CARTESIAN_POINT ( 'NONE',  ( -0.8012611392035158264, -1.203424845513665353, 0.000000000000000000 ) ) ;
#1018 = CARTESIAN_POINT ( 'NONE',  ( 0.7712383691861520729, -0.6315177307630112091, 0.000000000000000000 ) ) ;
#1019 = CARTESIAN_POINT ( 'NONE',  ( 0.7500000000000003331, 0.000000000000000000, 0.000000000000000000 ) ) ;
#1020 = CARTESIAN_POINT ( 'NONE',  ( 1.550438467464162695, -0.8262726894869371064, 0.02015000000000002206 ) ) ;
#1021 = CARTESIAN_POINT ( 'NONE',  ( -1.307625767191403332, -1.310063535762551634, -0.02015000000000002206 ) ) ;
#1022 = CARTESIAN_POINT ( 'NONE',  ( 1.326666222140839402, 0.1310625638439406326, 0.005270901231338729134 ) ) ;
#1023 = CARTESIAN_POINT ( 'NONE',  ( 1.630538963073325132, 0.6784420869181572167, 0.000000000000000000 ) ) ;
#1024 = CARTESIAN_POINT ( 'NONE',  ( -0.3096710404434667718, -1.566411435343337821, -0.02015000000000002206 ) ) ;
#1025 = CARTESIAN_POINT ( 'NONE',  ( 0.5599489262275344492, -0.8360318056955580168, -0.005270901231338727400 ) ) ;
#1026 = CARTESIAN_POINT ( 'NONE',  ( 1.166746434332063931, 0.1168980261592754283, 0.000000000000000000 ) ) ;
#1027 = CARTESIAN_POINT ( 'NONE',  ( -1.024092057859378402, 0.2037012191936206085, 0.02015000000000002206 ) ) ;
#1028 = CARTESIAN_POINT ( 'NONE',  ( -0.8495659579539007744, -1.591570621171583877, 2.134256245050205639E-18 ) ) ;
#1029 = CARTESIAN_POINT ( 'NONE',  ( 1.208125863173013403, -0.9904820112707766189, 0.02015000000000002206 ) ) ;
#1030 = CARTESIAN_POINT ( 'NONE',  ( -0.8266726886336989155, -0.08145027248188425884, -0.005270901231338724797 ) ) ;
#1031 = CARTESIAN_POINT ( 'NONE',  ( 0.2573222664989491260, 1.304546821355123454, -0.02015000000000002206 ) ) ;
#1032 = CARTESIAN_POINT ( 'NONE',  ( 0.8883232246980251601, 0.7314349032915127280, 0.02015000000000002206 ) ) ;
#1033 = CARTESIAN_POINT ( 'NONE',  ( -1.205597224380985155, 1.203248347813309360, 0.000000000000000000 ) ) ;
#1034 = CARTESIAN_POINT ( 'NONE',  ( 1.175787223235251533, 0.001241076782799628315, 0.005270901231338727400 ) ) ;
#1035 = CARTESIAN_POINT ( 'NONE',  ( -1.108457222168788059, -0.5938736979176155728, 0.02015000000000002206 ) ) ;
#1036 = CARTESIAN_POINT ( 'NONE',  ( 0.1160546734786433443, -1.176697007489277080, 0.005270901231338729134 ) ) ;
#1037 = CARTESIAN_POINT ( 'NONE',  ( 1.540207263809526994, 0.001764240588550949548, -0.02015000000000002206 ) ) ;
#1038 = CARTESIAN_POINT ( 'NONE',  ( -0.9706954601898555302, 0.4012897931445105759, -0.02015000000000002206 ) ) ;
#1039 = CARTESIAN_POINT ( 'NONE',  ( -1.808061033695298248, 0.5453418723856460204, 0.005270901231338727400 ) ) ;
#1040 = CARTESIAN_POINT ( 'NONE',  ( -0.2991799679280714441, 1.491418594031060918, 0.000000000000000000 ) ) ;
#1041 = CARTESIAN_POINT ( 'NONE',  ( -1.123368198323856593, -0.9249983306963230900, 0.005270901231338727400 ) ) ;
#1042 = CARTESIAN_POINT ( 'NONE',  ( 0.8375154832473949984, -1.562337361320809581, -0.005270901231338724797 ) ) ;
#1043 = CARTESIAN_POINT ( 'NONE',  ( -0.1318847171121614870, 1.316720633869616019, -0.005270901231338727400 ) ) ;
#1044 = CARTESIAN_POINT ( 'NONE',  ( 1.119759328950334698, -0.2218543593727494712, -0.005270901231338724797 ) ) ;
#1045 = CARTESIAN_POINT ( 'NONE',  ( 0.1019113352055737859, -1.016772234786577300, 0.000000000000000000 ) ) ;
#1046 = CARTESIAN_POINT ( 'NONE',  ( 1.929592735038131446, 0.1912713589053678109, 0.02015000000000002206 ) ) ;
#1047 = CARTESIAN_POINT ( 'NONE',  ( 1.459799075146788860, 0.9773861619861045069, -0.02015000000000002206 ) ) ;
#1048 = CARTESIAN_POINT ( 'NONE',  ( 1.222797463327486955, 0.5069121493870649697, 0.005270901231338729134 ) ) ;
#1049 = LENGTH_MEASURE_WITH_UNIT ( LENGTH_MEASURE( 0.02539999999999999897 ), #5632 );
#1050 = CARTESIAN_POINT ( 'NONE',  ( 0.4916114036369004237, 1.627729147591641556, -0.02015000000000002206 ) ) ;
#1051 = CARTESIAN_POINT ( 'NONE',  ( -0.001361028145740965541, 1.326508313428211183, -0.005270901231338727400 ) ) ;
#1052 = CARTESIAN_POINT ( 'NONE',  ( -1.205597224380985155, 1.203248347813309360, 0.000000000000000000 ) ) ;
#1053 = CARTESIAN_POINT ( 'NONE',  ( -0.9291791936273492425, 0.4966335640191317236, 0.02015000000000002206 ) ) ;
#1054 = CARTESIAN_POINT ( 'NONE',  ( 0.8720795003252421740, -1.303861850712273007, 2.134256245050205639E-18 ) ) ;
#1055 = CARTESIAN_POINT ( 'NONE',  ( 1.250495694061573237, -1.247411196950414691, 0.02015000000000002206 ) ) ;
#1056 = CARTESIAN_POINT ( 'NONE',  ( -1.315152046915399442, -0.5463515336882580620, -0.005270901231338724797 ) ) ;
#1057 = CARTESIAN_POINT ( 'NONE',  ( 0.7247166408926430936, 1.358958911913431544, -0.02015000000000002206 ) ) ;
#1058 = CARTESIAN_POINT ( 'NONE',  ( 1.094650951050373244, 1.096735021291985523, 0.02015000000000002206 ) ) ;
#1059 = CARTESIAN_POINT ( 'NONE',  ( 0.7260928566580463484, 1.361677199398674265, 0.000000000000000000 ) ) ;
#1060 = CARTESIAN_POINT ( 'NONE',  ( -0.9520404726851268151, 1.419900844480240343, 0.005270901231338727400 ) ) ;
#1061 = CARTESIAN_POINT ( 'NONE',  ( 0.002265443225023133170, -1.423881906467276082, 0.02015000000000002206 ) ) ;
#1062 = CARTESIAN_POINT ( 'NONE',  ( -1.384053864290848201, 0.4192660393690074150, 0.005270901231338729134 ) ) ;
#1063 = CARTESIAN_POINT ( 'NONE',  ( -1.178584972652667151, 1.177309381336838934, -0.02015000000000002206 ) ) ;
#1064 = CARTESIAN_POINT ( 'NONE',  ( 0.8878408644115584059, 0.2697540343783637051, -0.02015000000000002206 ) ) ;
#1065 = CARTESIAN_POINT ( 'NONE',  ( 1.020780509790973456, -1.239741028475744855, 0.000000000000000000 ) ) ;
#1066 = CARTESIAN_POINT ( 'NONE',  ( 0.6646863480767997157, 1.609113316227460677, 0.005270901231338727400 ) ) ;
#1067 = CARTESIAN_POINT ( 'NONE',  ( 0.9127811556708524954, 1.714101855919977213, 0.02015000000000002206 ) ) ;
#1068 = CARTESIAN_POINT ( 'NONE',  ( -1.511838333433434434, -1.012856569078846469, -0.005270901231338724797 ) ) ;
#1069 = CARTESIAN_POINT ( 'NONE',  ( 0.2578426339556110780, 1.307548870956974474, -0.005270901231338727400 ) ) ;
#1070 = CARTESIAN_POINT ( 'NONE',  ( -1.092654987801863875, -0.8986035801770587694, -0.005270901231338724797 ) ) ;
#1071 = CARTESIAN_POINT ( 'NONE',  ( 0.4423182869424111541, 0.8297544829725637117, 0.000000000000000000 ) ) ;
#1072 = CARTESIAN_POINT ( 'NONE',  ( -0.8667980352292148361, -0.08692464425040249965, 0.000000000000000000 ) ) ;
#1073 = CARTESIAN_POINT ( 'NONE',  ( 0.6967738038866111427, -0.3713746445300929455, 0.005270901231338727400 ) ) ;
#1074 = CARTESIAN_POINT ( 'NONE',  ( 0.8970868882639493336, 1.683487189600068934, 0.02015000000000002206 ) ) ;
#1075 = CARTESIAN_POINT ( 'NONE',  ( 1.107250391662196742, 1.351770793707251617, -0.02015000000000002206 ) ) ;
#1076 = CARTESIAN_POINT ( 'NONE',  ( 1.654055311329860167, 0.5027146793919471390, 0.005270901231338729134 ) ) ;
#1077 = CARTESIAN_POINT ( 'NONE',  ( 0.7733407575674710044, -0.07474962851159740185, 0.000000000000000000 ) ) ;
#1078 = CARTESIAN_POINT ( 'NONE',  ( 0.1651222306879080171, 1.686062896119214782, -0.02015000000000002206 ) ) ;
#1079 = CARTESIAN_POINT ( 'NONE',  ( 1.046372530998081585, 0.8605255239833320413, -0.005270901231338727400 ) ) ;
#1080 = CARTESIAN_POINT ( 'NONE',  ( -0.4147016391535399693, -1.375181278652612971, 0.000000000000000000 ) ) ;
#1081 = CARTESIAN_POINT ( 'NONE',  ( 0.7634873439523640615, 0.5106105411896968427, 0.02015000000000002206 ) ) ;
#1082 = CARTESIAN_POINT ( 'NONE',  ( 1.084069136130906941, 1.322357861077169350, 2.134256245050205639E-18 ) ) ;
#1083 = CARTESIAN_POINT ( 'NONE',  ( 0.1651222306879080171, 1.686062896119214782, 0.02015000000000002206 ) ) ;
#1084 = CARTESIAN_POINT ( 'NONE',  ( -1.178656194762072840, -0.7881755020044669546, -0.005270901231338724797 ) ) ;
#1085 = CARTESIAN_POINT ( 'NONE',  ( -0.6163827538810128237, 0.9190978106364767752, 0.000000000000000000 ) ) ;
#1086 = CARTESIAN_POINT ( 'NONE',  ( -1.349419182875383427, -0.5614597639983160970, -0.02015000000000002206 ) ) ;
#1087 = CARTESIAN_POINT ( 'NONE',  ( -0.1918314809190365955, 1.916617431978808073, 0.000000000000000000 ) ) ;
#1088 = CARTESIAN_POINT ( 'NONE',  ( 1.519474530336618612, -0.4582483835649303616, 0.005270901231338727400 ) ) ;
#1089 = CARTESIAN_POINT ( 'NONE',  ( 1.131595484224397818, -0.3420516190460222150, 0.02015000000000002206 ) ) ;
#1090 = CARTESIAN_POINT ( 'NONE',  ( 0.9944491606979937171, -1.208973490107039916, 0.005270901231338729134 ) ) ;
#1091 = CARTESIAN_POINT ( 'NONE',  ( -1.514340930050479983, -1.014594396167406654, -0.02015000000000002206 ) ) ;
#1092 = CARTESIAN_POINT ( 'NONE',  ( 0.8623605224465453745, 0.7088624081050999282, -0.02015000000000002206 ) ) ;
#1093 = CARTESIAN_POINT ( 'NONE',  ( 0.7653347998975816857, -0.1512902070212980843, 0.005270901231338727400 ) ) ;
#1094 = CARTESIAN_POINT ( 'NONE',  ( -1.317737710512343563, 0.7015904054980349747, 0.005270901231338727400 ) ) ;
#1095 = AXIS2_PLACEMENT_3D ( 'NONE', #252, #2666, #5783 ) ;
#1096 = CARTESIAN_POINT ( 'NONE',  ( -0.08633427184671781107, 0.8797939479947134434, -0.02015000000000002206 ) ) ;
#1097 = CARTESIAN_POINT ( 'NONE',  ( -0.001361028145740965541, 1.326508313428211183, -0.005270901231338727400 ) ) ;
#1098 = CARTESIAN_POINT ( 'NONE',  ( 0.4010487166774975298, -1.317327472158227319, -0.005270901231338724797 ) ) ;
#1099 = CARTESIAN_POINT ( 'NONE',  ( -0.5790186005915372025, -0.8686075351197306560, 0.000000000000000000 ) ) ;
#1100 = CARTESIAN_POINT ( 'NONE',  ( 1.073875146656476431, 0.4469357622034294542, 0.000000000000000000 ) ) ;
#1101 = CARTESIAN_POINT ( 'NONE',  ( 1.778671584030809605, 0.001720882229786206740, 0.000000000000000000 ) ) ;
#1102 = CARTESIAN_POINT ( 'NONE',  ( -0.5115519829518374584, -0.6223639526333607508, 0.005270901231338729134 ) ) ;
#1103 = CARTESIAN_POINT ( 'NONE',  ( -0.5133909040113512345, -0.6247932748014249915, 0.02015000000000002206 ) ) ;
#1104 = CARTESIAN_POINT ( 'NONE',  ( 1.275267071529245344, -1.271284774541415974, -0.02015000000000002206 ) ) ;
#1105 = CARTESIAN_POINT ( 'NONE',  ( 1.261513724069512010, 0.8449172617017847164, 0.005270901231338729134 ) ) ;
#1106 = CARTESIAN_POINT ( 'NONE',  ( 1.966791553317508212, 0.1955994674647489606, 0.000000000000000000 ) ) ;
#1107 = CARTESIAN_POINT ( 'NONE',  ( -1.609882313931113140, -0.8617357733782483598, -0.02015000000000002206 ) ) ;
#1108 = CARTESIAN_POINT ( 'NONE',  ( -1.276206919020087538, -0.002121438826131132483, -0.005270901231338727400 ) ) ;
#1109 = CARTESIAN_POINT ( 'NONE',  ( 1.499964968759224915, 0.4576605579692981096, 0.000000000000000000 ) ) ;
#1110 = CARTESIAN_POINT ( 'NONE',  ( -0.0004024776826667331902, 1.289070643202537170, 0.02015000000000002206 ) ) ;
#1111 = CARTESIAN_POINT ( 'NONE',  ( -0.5115519829518374584, -0.6223639526333607508, 0.005270901231338729134 ) ) ;
#1112 = CARTESIAN_POINT ( 'NONE',  ( 1.222797463327486955, 0.5069121493870649697, -0.005270901231338724797 ) ) ;
#1113 = CARTESIAN_POINT ( 'NONE',  ( -0.8135067671579561122, -0.6691071818706116892, 0.000000000000000000 ) ) ;
#1114 = CARTESIAN_POINT ( 'NONE',  ( -0.8073571158029475558, 1.507049962144787258, -0.02015000000000002206 ) ) ;
#1115 = CARTESIAN_POINT ( 'NONE',  ( 0.2378743541084164526, -0.7791213238177947531, 0.000000000000000000 ) ) ;
#1116 = CARTESIAN_POINT ( 'NONE',  ( 1.766643232454596424, 0.1768447899678749213, 0.005270901231338727400 ) ) ;
#1117 = CARTESIAN_POINT ( 'NONE',  ( -1.188386632590250347, 0.4908918858248318418, 0.02015000000000002206 ) ) ;
#1118 = CARTESIAN_POINT ( 'NONE',  ( -1.232984250545575255, 0.1211860420625452128, 2.134256245050205639E-18 ) ) ;
#1119 = CARTESIAN_POINT ( 'NONE',  ( 1.261513724069512010, 0.8449172617017847164, 0.005270901231338729134 ) ) ;
#1120 = CARTESIAN_POINT ( 'NONE',  ( 0.3504331664041824834, -1.750394113766678528, -0.02015000000000002206 ) ) ;
#1121 = CARTESIAN_POINT ( 'NONE',  ( 0.7402557819646997661, -0.9016681136641716554, -0.02015000000000002206 ) ) ;
#1122 = CARTESIAN_POINT ( 'NONE',  ( 1.966791553317508212, 0.1955994674647489606, 0.000000000000000000 ) ) ;
#1123 = CARTESIAN_POINT ( 'NONE',  ( -0.1509215949444404903, 1.516840844423077650, 0.005270901231338727400 ) ) ;
#1124 = CARTESIAN_POINT ( 'NONE',  ( -0.9706954601898555302, 0.4012897931445105759, -0.02015000000000002206 ) ) ;
#1125 = CARTESIAN_POINT ( 'NONE',  ( -1.191231214967320984, 0.4919834175174020441, -0.005270901231338727400 ) ) ;
#1126 = CARTESIAN_POINT ( 'NONE',  ( -0.2323421480427178831, -1.168959613113591312, -0.005270901231338724797 ) ) ;
#1127 = CARTESIAN_POINT ( 'NONE',  ( -1.005710650110386739, 0.4145729567204703425, 0.000000000000000000 ) ) ;
#1128 = CARTESIAN_POINT ( 'NONE',  ( -0.1994549478797298658, -1.011815335744536748, 0.000000000000000000 ) ) ;
#1129 = CARTESIAN_POINT ( 'NONE',  ( 1.495540774311185928, -0.9972006770378056828, 0.000000000000000000 ) ) ;
#1130 = CARTESIAN_POINT ( 'NONE',  ( 0.5009666105312480244, 1.660835786188032959, -0.02015000000000002206 ) ) ;
#1131 = CARTESIAN_POINT ( 'NONE',  ( 1.084069136130906941, 1.322357861077169350, 0.005270901231338729134 ) ) ;
#1132 = CARTESIAN_POINT ( 'NONE',  ( -0.7363186680940996265, 1.769704917171158076, 0.000000000000000000 ) ) ;
#1133 = CARTESIAN_POINT ( 'NONE',  ( -0.6882711152427598567, -1.667508476218467539, -0.02015000000000002206 ) ) ;
#1134 = CARTESIAN_POINT ( 'NONE',  ( 0.7648163529256304383, -0.9299396490749085586, -0.005270901231338727400 ) ) ;
#1135 = CARTESIAN_POINT ( 'NONE',  ( 1.469819282470427702, -0.6071187045553985140, 0.000000000000000000 ) ) ;
#1136 = CARTESIAN_POINT ( 'NONE',  ( 0.6138924512368686415, 1.151261275393069328, 0.02015000000000002206 ) ) ;
#1137 =( NAMED_UNIT ( * ) PLANE_ANGLE_UNIT ( ) SI_UNIT ( $, .RADIAN. ) );
#1138 = CARTESIAN_POINT ( 'NONE',  ( -0.7891204733376071534, -0.2387884886206538826, 0.005270901231338729134 ) ) ;
#1139 = CARTESIAN_POINT ( 'NONE',  ( 0.8211429273686990937, -0.8198606601817944872, -0.005270901231338724797 ) ) ;
#1140 = CARTESIAN_POINT ( 'NONE',  ( -0.4720532235583049241, -1.145040763001760276, 0.000000000000000000 ) ) ;
#1141 = CARTESIAN_POINT ( 'NONE',  ( -1.420131738292333079, 0.4293100298189278519, -0.02015000000000002206 ) ) ;
#1142 = CARTESIAN_POINT ( 'NONE',  ( -1.309739434344496578, -1.312257947754155607, 0.000000000000000000 ) ) ;
#1143 = CARTESIAN_POINT ( 'NONE',  ( -1.166974902555377724, -1.170733384784473863, 0.005270901231338727400 ) ) ;
#1144 = CARTESIAN_POINT ( 'NONE',  ( -0.002706313008302134709, 1.725323629846420959, 0.02015000000000002206 ) ) ;
#1145 = CARTESIAN_POINT ( 'NONE',  ( -0.5576127365131845481, -0.8342303983233123610, 2.134256245050205639E-18 ) ) ;
#1146 = CARTESIAN_POINT ( 'NONE',  ( 1.533012783452994299, -0.1503013719505936763, 0.005270901231338729134 ) ) ;
#1147 = CARTESIAN_POINT ( 'NONE',  ( -0.1875155651680204538, 1.879417128966612172, -0.02015000000000002206 ) ) ;
#1148 = CARTESIAN_POINT ( 'NONE',  ( -0.7853286636796689146, -0.6444393538062924698, -0.02015000000000002206 ) ) ;
#1149 = CARTESIAN_POINT ( 'NONE',  ( -0.2405146614896036539, -0.7980082718583720869, 0.005270901231338727400 ) ) ;
#1150 = CARTESIAN_POINT ( 'NONE',  ( 1.379823238307043454, 1.384188372270204415, 0.005270901231338727400 ) ) ;
#1151 = CARTESIAN_POINT ( 'NONE',  ( 0.6142405423543448872, 0.9208245910812350443, -0.02015000000000002206 ) ) ;
#1152 = CARTESIAN_POINT ( 'NONE',  ( 1.540931945940445580, 0.3080968532916672498, -0.005270901231338727400 ) ) ;
#1153 = CARTESIAN_POINT ( 'NONE',  ( -1.436743534131773581, -0.0005439956603820117953, -0.005270901231338724797 ) ) ;
#1154 = CARTESIAN_POINT ( 'NONE',  ( -1.276206919020087538, -0.002121438826131132483, 0.000000000000000000 ) ) ;
#1155 = CARTESIAN_POINT ( 'NONE',  ( 0.7712383691861520729, -0.6315177307630112091, 0.000000000000000000 ) ) ;
#1156 = CARTESIAN_POINT ( 'NONE',  ( 0.001477987492284754244, -0.8240439628872554545, 0.005270901231338727400 ) ) ;
#1157 = CARTESIAN_POINT ( 'NONE',  ( 0.2378743541084164526, -0.7791213238177947531, -0.005270901231338727400 ) ) ;
#1158 = CARTESIAN_POINT ( 'NONE',  ( 0.3497842678954439233, -1.747417208360023233, 0.005270901231338729134 ) ) ;
#1159 = CARTESIAN_POINT ( 'NONE',  ( -1.873405340570763356, 0.1827022466259360933, 0.000000000000000000 ) ) ;
#1160 = CARTESIAN_POINT ( 'NONE',  ( 0.3803706477888631476, -0.7098760736274406513, -0.02015000000000002206 ) ) ;
#1161 = CARTESIAN_POINT ( 'NONE',  ( -1.230888026965613058, 0.3711548947408290222, -0.005270901231338727400 ) ) ;
#1162 = CARTESIAN_POINT ( 'NONE',  ( 0.8935460224519511385, -1.334548677100054315, 0.02015000000000002206 ) ) ;
#1163 = CARTESIAN_POINT ( 'NONE',  ( -1.064005891039412566, 1.060550734678906704, 0.000000000000000000 ) ) ;
#1164 = CARTESIAN_POINT ( 'NONE',  ( -1.208806227000156275, -0.2407700695207291852, 0.02015000000000002206 ) ) ;
#1165 = CARTESIAN_POINT ( 'NONE',  ( -0.2188472845191537786, 1.094558006466558542, -0.02015000000000002206 ) ) ;
#1166 = CARTESIAN_POINT ( 'NONE',  ( -0.3331153703736364213, 0.8053838071608319105, 0.005270901231338729134 ) ) ;
#1167 = CARTESIAN_POINT ( 'NONE',  ( -1.235723599388528937, -0.001077562551306459693, -0.005270901231338724797 ) ) ;
#1168 = CARTESIAN_POINT ( 'NONE',  ( -0.3257888356608308889, 1.067458781819022429, 0.000000000000000000 ) ) ;
#1169 = CARTESIAN_POINT ( 'NONE',  ( -1.663799065162476332, -0.1654532358647932688, -0.02015000000000002206 ) ) ;
#1170 = CARTESIAN_POINT ( 'NONE',  ( 1.730518621258949841, 0.9284965509297596897, 0.000000000000000000 ) ) ;
#1171 = CARTESIAN_POINT ( 'NONE',  ( -1.181149194006332781, -0.7899270786487389007, 0.02015000000000002206 ) ) ;
#1172 = CARTESIAN_POINT ( 'NONE',  ( -1.673438231575997470, 0.1621083620707732265, 0.005270901231338727400 ) ) ;
#1173 = CARTESIAN_POINT ( 'NONE',  ( -0.2910768763784165603, 1.454855851028867386, 0.02015000000000002206 ) ) ;
#1174 = CARTESIAN_POINT ( 'NONE',  ( 0.1678103081586940493, 1.720360762749144845, 0.02015000000000002206 ) ) ;
#1175 = CARTESIAN_POINT ( 'NONE',  ( 1.126571502969889949, 0.1118021956371978293, 2.134256245050205639E-18 ) ) ;
#1176 = CARTESIAN_POINT ( 'NONE',  ( 1.429075780045641064, 0.9559719084475731821, 0.005270901231338729134 ) ) ;
#1177 = CARTESIAN_POINT ( 'NONE',  ( -0.001164271653857572395, 1.891948958293850902, -0.02015000000000002206 ) ) ;
#1178 = CARTESIAN_POINT ( 'NONE',  ( -1.368603655623050086, -0.4157902524549188517, -0.02015000000000002206 ) ) ;
#1179 = CARTESIAN_POINT ( 'NONE',  ( 0.6967053558821356685, -1.677420275167984975, 0.000000000000000000 ) ) ;
#1180 = CARTESIAN_POINT ( 'NONE',  ( -0.7019742908916665192, -1.702361214516944887, 0.005270901231338727400 ) ) ;
#1181 = CARTESIAN_POINT ( 'NONE',  ( 0.4258475976445499911, 0.7961207194575191659, -0.02015000000000002206 ) ) ;
#1182 = CARTESIAN_POINT ( 'NONE',  ( 0.3584091041259731547, -1.786984754377950679, -0.005270901231338727400 ) ) ;
#1183 = CARTESIAN_POINT ( 'NONE',  ( 1.222797463327486955, 0.5069121493870649697, -0.005270901231338724797 ) ) ;
#1184 = CARTESIAN_POINT ( 'NONE',  ( -0.8460032837790635307, 0.2555782320411348341, 0.000000000000000000 ) ) ;
#1185 = CARTESIAN_POINT ( 'NONE',  ( -0.001906955048336523911, 1.125485933652464077, 0.005270901231338727400 ) ) ;
#1186 = CARTESIAN_POINT ( 'NONE',  ( -1.577179403008766911, 1.050286473323958081, -0.02015000000000002206 ) ) ;
#1187 = CARTESIAN_POINT ( 'NONE',  ( -0.001986311804070143086, 1.687880698428279480, 0.005270901231338729134 ) ) ;
#1188 = CARTESIAN_POINT ( 'NONE',  ( 0.2958921661487682320, -0.9715894170657407569, 0.000000000000000000 ) ) ;
#1189 = CARTESIAN_POINT ( 'NONE',  ( -0.1736755781337049609, -1.786124395799998821, -0.02015000000000002206 ) ) ;
#1190 = CARTESIAN_POINT ( 'NONE',  ( -1.538218048209295752, -0.6389160711455251773, -0.005270901231338727400 ) ) ;
#1191 = CARTESIAN_POINT ( 'NONE',  ( 0.001536539754456941759, -1.624904364711491800, 0.02015000000000002206 ) ) ;
#1192 = CARTESIAN_POINT ( 'NONE',  ( 1.109136349485622786, 1.354163742196285103, 0.000000000000000000 ) ) ;
#1193 = CARTESIAN_POINT ( 'NONE',  ( 1.225582410374018938, 0.5081479278203645533, 0.02015000000000002206 ) ) ;
#1194 = CARTESIAN_POINT ( 'NONE',  ( -1.041810367204478727, -0.6985387898786709071, -0.02015000000000002206 ) ) ;
#1195 = CARTESIAN_POINT ( 'NONE',  ( 1.353798540978012666, 1.357258749482601834, 0.02015000000000002206 ) ) ;
#1196 = CARTESIAN_POINT ( 'NONE',  ( -1.626612980861763091, -0.1610162112528166489, -0.005270901231338724797 ) ) ;
#1197 = CARTESIAN_POINT ( 'NONE',  ( 0.7462914311601734907, 1.119380830785750458, 0.000000000000000000 ) ) ;
#1198 = CARTESIAN_POINT ( 'NONE',  ( -1.805130259054640085, 0.5445090511429162561, -0.02015000000000002206 ) ) ;
#1199 = CARTESIAN_POINT ( 'NONE',  ( -0.3562962634403943896, -1.800273796285656314, 0.000000000000000000 ) ) ;
#1200 = CARTESIAN_POINT ( 'NONE',  ( 1.495540774311185928, -0.9972006770378056828, 0.005270901231338727400 ) ) ;
#1201 = CARTESIAN_POINT ( 'NONE',  ( 0.4704132092587547387, -1.545478335452257213, 0.02015000000000002206 ) ) ;
#1202 = CARTESIAN_POINT ( 'NONE',  ( 0.4490151756110046244, -1.083643146939358370, 2.134256245050205639E-18 ) ) ;
#1203 = CARTESIAN_POINT ( 'NONE',  ( -0.07777606522903574016, -0.7829268229029457959, -0.005270901231338724797 ) ) ;
#1204 = CARTESIAN_POINT ( 'NONE',  ( -1.752664674763849018, -0.5340667478469703910, -0.02015000000000002206 ) ) ;
#1205 = CARTESIAN_POINT ( 'NONE',  ( 0.2514465359974132341, 1.270649170409855477, -0.02015000000000002206 ) ) ;
#1206 = CARTESIAN_POINT ( 'NONE',  ( 0.1092247665926635997, 1.120330212214507348, 0.02015000000000002206 ) ) ;
#1207 = CARTESIAN_POINT ( 'NONE',  ( 1.277460878527277410, -1.273399070432335467, 0.000000000000000000 ) ) ;
#1208 = CARTESIAN_POINT ( 'NONE',  ( -1.470748816805947712, 1.204660073240859441, 0.005270901231338727400 ) ) ;
#1209 = CARTESIAN_POINT ( 'NONE',  ( -0.7492465094395981406, 0.4003806030893953261, 0.005270901231338729134 ) ) ;
#1210 = CARTESIAN_POINT ( 'NONE',  ( 0.7415080017781775501, -0.6087446010145470821, -0.02015000000000002206 ) ) ;
#1211 = CARTESIAN_POINT ( 'NONE',  ( -1.652425368215098223, 0.3270096839457019566, -0.005270901231338727400 ) ) ;
#1212 = CARTESIAN_POINT ( 'NONE',  ( 0.6804962870783798357, -1.640309029067438695, -0.005270901231338724797 ) ) ;
#1213 = CARTESIAN_POINT ( 'NONE',  ( 0.6376517933918159908, -0.7742497078386332277, 0.000000000000000000 ) ) ;
#1214 = CARTESIAN_POINT ( 'NONE',  ( -0.8135067671579561122, -0.6691071818706116892, 0.005270901231338727400 ) ) ;
#1215 = CARTESIAN_POINT ( 'NONE',  ( -1.745571495105645132, 0.7211400087384599589, -0.02015000000000002206 ) ) ;
#1216 = CARTESIAN_POINT ( 'NONE',  ( -0.8495659579539007744, -1.591570621171583877, 0.005270901231338729134 ) ) ;
#1217 = CARTESIAN_POINT ( 'NONE',  ( -0.9814091404061605628, -0.4077589322072399103, 0.000000000000000000 ) ) ;
#1218 = CARTESIAN_POINT ( 'NONE',  ( -0.3182271590361605007, -0.7704901379092284897, -0.02015000000000002206 ) ) ;
#1219 = CARTESIAN_POINT ( 'NONE',  ( -1.317737710512343563, 0.7015904054980349747, -0.005270901231338727400 ) ) ;
#1220 = CARTESIAN_POINT ( 'NONE',  ( 0.1614976502704605354, -1.613643619517615369, 0.02015000000000002206 ) ) ;
#1221 = CARTESIAN_POINT ( 'NONE',  ( 1.356113858628259505, 1.116562688883884213, 0.000000000000000000 ) ) ;
#1222 = CARTESIAN_POINT ( 'NONE',  ( 0.9651590064761960130, -0.9644364044772461009, 0.02015000000000002206 ) ) ;
#1223 = CARTESIAN_POINT ( 'NONE',  ( -0.9472795422459056036, -0.3923421444986895379, 0.02015000000000002206 ) ) ;
#1224 = SURFACE_SIDE_STYLE ('',( #2939 ) ) ;
#1225 = CARTESIAN_POINT ( 'NONE',  ( 0.8483383639186369285, -0.8456076967928219945, -0.02015000000000002206 ) ) ;
#1226 = CARTESIAN_POINT ( 'NONE',  ( -1.148649618333073441, -1.403203926660912204, 0.02015000000000002206 ) ) ;
#1227 = CARTESIAN_POINT ( 'NONE',  ( -0.5647878031557976852, 1.361961530562434852, -0.005270901231338724797 ) ) ;
#1228 = CARTESIAN_POINT ( 'NONE',  ( -1.352207054872457848, -0.5626889245636939041, 0.000000000000000000 ) ) ;
#1229 = CARTESIAN_POINT ( 'NONE',  ( -0.1914803508836259716, 1.913590926257516367, -0.02015000000000002206 ) ) ;
#1230 = CARTESIAN_POINT ( 'NONE',  ( -1.418531674075973914, 0.2805504873551657452, 0.02015000000000002206 ) ) ;
#1231 = CARTESIAN_POINT ( 'NONE',  ( 0.1805767864995252714, 0.9131832279276178577, 0.000000000000000000 ) ) ;
#1232 = CARTESIAN_POINT ( 'NONE',  ( -1.209298901512082747, -0.8097050109196540779, 0.02015000000000002206 ) ) ;
#1233 = CARTESIAN_POINT ( 'NONE',  ( -0.2887213911591138826, -0.9511555979268696559, 2.134256245050205639E-18 ) ) ;
#1234 = CARTESIAN_POINT ( 'NONE',  ( 0.5499822207432185639, 1.816906638023654930, 0.005270901231338729134 ) ) ;
#1235 = CARTESIAN_POINT ( 'NONE',  ( -1.063868818953339845, -0.1058502938468968424, -0.02015000000000002206 ) ) ;
#1236 = CARTESIAN_POINT ( 'NONE',  ( -0.8580198734741548705, -0.8584273943587739097, -0.02015000000000002206 ) ) ;
#1237 = CARTESIAN_POINT ( 'NONE',  ( 0.9232900528251212213, 0.2818315948865870446, 0.005270901231338727400 ) ) ;
#1238 = CARTESIAN_POINT ( 'NONE',  ( -0.2397447908248143134, -0.7950602983452085271, 0.02015000000000002206 ) ) ;
#1239 = CARTESIAN_POINT ( 'NONE',  ( -0.7087335346019101312, 0.4741540910467859082, 0.005270901231338729134 ) ) ;
#1240 = CARTESIAN_POINT ( 'NONE',  ( -0.8950195492424086741, -1.091492739327480699, -0.02015000000000002206 ) ) ;
#1241 = CARTESIAN_POINT ( 'NONE',  ( 1.499964968759224915, 0.4576605579692981096, -0.005270901231338727400 ) ) ;
#1242 = CARTESIAN_POINT ( 'NONE',  ( 1.432079220467927572, -0.5924330232573018495, -0.005270901231338724797 ) ) ;
#1243 = CARTESIAN_POINT ( 'NONE',  ( -1.455415638554654612, 0.2870364769918280490, 0.000000000000000000 ) ) ;
#1244 = CARTESIAN_POINT ( 'NONE',  ( 0.1094328641979097488, 1.123369919354717528, 0.005270901231338727400 ) ) ;
#1245 = CARTESIAN_POINT ( 'NONE',  ( -0.5581558165299722596, 1.833867959001791448, -0.02015000000000002206 ) ) ;
#1246 = CARTESIAN_POINT ( 'NONE',  ( -0.6275770133849277732, -0.5150008151432591275, -0.005270901231338724797 ) ) ;
#1247 = CARTESIAN_POINT ( 'NONE',  ( 0.5599489262275344492, -0.8360318056955580168, 0.000000000000000000 ) ) ;
#1248 = CARTESIAN_POINT ( 'NONE',  ( -0.09094294480556901206, 0.9138871938897832337, -0.02015000000000002206 ) ) ;
#1249 = CARTESIAN_POINT ( 'NONE',  ( 1.540931945940445580, 0.3080968532916672498, -0.005270901231338727400 ) ) ;
#1250 = CARTESIAN_POINT ( 'NONE',  ( -1.642575093221395832, -0.8800024732142828210, 0.000000000000000000 ) ) ;
#1251 = CARTESIAN_POINT ( 'NONE',  ( 0.9964302270859156652, -1.211288317801181513, 0.02015000000000002206 ) ) ;
#1252 = CARTESIAN_POINT ( 'NONE',  ( 0.6142405423543448872, 0.9208245910812350443, 0.02015000000000002206 ) ) ;
#1253 = CONTEXT_DEPENDENT_SHAPE_REPRESENTATION ( #3810, #3654 ) ;
#1254 = CARTESIAN_POINT ( 'NONE',  ( -0.9786324580744633073, -0.4065046683323421672, -0.02015000000000002206 ) ) ;
#1255 = CARTESIAN_POINT ( 'NONE',  ( -0.2887213911591138826, -0.9511555979268696559, 0.005270901231338729134 ) ) ;
#1256 = CARTESIAN_POINT ( 'NONE',  ( 1.429075780045641064, 0.9559719084475731821, -0.005270901231338724797 ) ) ;
#1257 = CARTESIAN_POINT ( 'NONE',  ( -1.191231214967320984, 0.4919834175174020441, 0.000000000000000000 ) ) ;
#1258 = CARTESIAN_POINT ( 'NONE',  ( 0.7701318767301625901, 0.0008544233854192408899, -0.005270901231338727400 ) ) ;
#1259 = CARTESIAN_POINT ( 'NONE',  ( -0.5790186005915372025, -0.8686075351197306560, 0.000000000000000000 ) ) ;
#1260 = CARTESIAN_POINT ( 'NONE',  ( 1.356113858628259505, 1.116562688883884213, 0.000000000000000000 ) ) ;
#1261 = CARTESIAN_POINT ( 'NONE',  ( 0.6193420263997200248, -1.488582641839613308, 0.02015000000000002206 ) ) ;
#1262 = CARTESIAN_POINT ( 'NONE',  ( 1.533012783452994299, -0.1503013719505936763, 2.134256245050205639E-18 ) ) ;
#1263 = CARTESIAN_POINT ( 'NONE',  ( 1.547725248266793585, -0.8248865154563532753, 0.005270901231338729134 ) ) ;
#1264 = CARTESIAN_POINT ( 'NONE',  ( -0.8112142806861246669, -0.6671002809389049437, -0.02015000000000002206 ) ) ;
#1265 = CARTESIAN_POINT ( 'NONE',  ( -1.317939918912473862, -0.5475806942533880672, -0.02015000000000002206 ) ) ;
#1266 = CARTESIAN_POINT ( 'NONE',  ( -0.9309396068743888142, -0.4995467256700553138, 0.02015000000000002206 ) ) ;
#1267 = CARTESIAN_POINT ( 'NONE',  ( 0.2578426339556110780, 1.307548870956974474, 0.000000000000000000 ) ) ;
#1268 = CARTESIAN_POINT ( 'NONE',  ( -0.8047352051655889404, 0.9786549036458782602, 0.02015000000000002206 ) ) ;
#1269 = CARTESIAN_POINT ( 'NONE',  ( -0.09135109889392062366, 0.9169065658045697509, 0.005270901231338727400 ) ) ;
#1270 = CARTESIAN_POINT ( 'NONE',  ( -1.873405340570763356, 0.1827022466259360933, 0.005270901231338727400 ) ) ;
#1271 = CARTESIAN_POINT ( 'NONE',  ( -0.2887213911591138826, -0.9511555979268696559, 0.005270901231338729134 ) ) ;
#1272 = CARTESIAN_POINT ( 'NONE',  ( 1.225582410374018938, 0.5081479278203645533, -0.02015000000000002206 ) ) ;
#1273 = CARTESIAN_POINT ( 'NONE',  ( -0.09135109889392062366, 0.9169065658045697509, 0.000000000000000000 ) ) ;
#1274 = CARTESIAN_POINT ( 'NONE',  ( -1.458561563198909727, 0.7786779587531966751, -0.005270901231338724797 ) ) ;
#1275 = CARTESIAN_POINT ( 'NONE',  ( -1.273377003589673873, 0.1240867406810308854, 0.000000000000000000 ) ) ;
#1276 = CARTESIAN_POINT ( 'NONE',  ( -0.3499696474764826815, 0.8422069134738534579, 0.005270901231338727400 ) ) ;
#1277 = CARTESIAN_POINT ( 'NONE',  ( -1.061225634607696255, 1.585049946696809986, -0.02015000000000002206 ) ) ;
#1278 = CARTESIAN_POINT ( 'NONE',  ( 0.8956969698508906452, 1.680775888249228966, 0.005270901231338729134 ) ) ;
#1279 = CARTESIAN_POINT ( 'NONE',  ( 0.001121125418458782325, -1.025066133049630013, 0.000000000000000000 ) ) ;
#1280 = CARTESIAN_POINT ( 'NONE',  ( 1.328863925574705007, -0.8848188954155085106, -0.005270901231338727400 ) ) ;
#1281 = ORIENTED_EDGE ( 'NONE', *, *, #931, .F. ) ;
#1282 = CARTESIAN_POINT ( 'NONE',  ( 1.583788008352033927, -0.8433108512231183296, 0.000000000000000000 ) ) ;
#1283 = CARTESIAN_POINT ( 'NONE',  ( -0.4636490301652175794, -1.531274946383097246, 0.02015000000000002206 ) ) ;
#1284 = CARTESIAN_POINT ( 'NONE',  ( 0.1092247665926635997, 1.120330212214507348, -0.02015000000000002206 ) ) ;
#1285 = CARTESIAN_POINT ( 'NONE',  ( 0.6431814776190480920, 0.6426690689537535306, 0.005270901231338729134 ) ) ;
#1286 = CARTESIAN_POINT ( 'NONE',  ( -1.034747101919234691, 1.032552405248691851, -0.005270901231338724797 ) ) ;
#1287 = CARTESIAN_POINT ( 'NONE',  ( -0.8012611392035158264, -1.203424845513665353, 0.000000000000000000 ) ) ;
#1288 = CARTESIAN_POINT ( 'NONE',  ( -1.210371096842117522, 1.470165642093326452, -0.02015000000000002206 ) ) ;
#1289 = CARTESIAN_POINT ( 'NONE',  ( -0.1994549478797298658, -1.011815335744536748, 0.000000000000000000 ) ) ;
#1290 = CARTESIAN_POINT ( 'NONE',  ( -1.652425368215098223, 0.3270096839457019566, 0.000000000000000000 ) ) ;
#1291 = CARTESIAN_POINT ( 'NONE',  ( 1.627746535123033356, 0.6772233232506531531, 0.02015000000000002206 ) ) ;
#1292 = CARTESIAN_POINT ( 'NONE',  ( 0.2509261685407513931, 1.267647120808455652, 2.134256245050205639E-18 ) ) ;
#1293 = CARTESIAN_POINT ( 'NONE',  ( -0.2302819235303066314, -0.7588252741789028866, -0.005270901231338724797 ) ) ;
#1294 = CARTESIAN_POINT ( 'NONE',  ( -0.6146157546136165051, 0.9166157056383136270, -0.02015000000000002206 ) ) ;
#1295 = CARTESIAN_POINT ( 'NONE',  ( -1.063868818953339845, -0.1058502938468968424, 0.02015000000000002206 ) ) ;
#1296 = CARTESIAN_POINT ( 'NONE',  ( 0.4137033172014812354, -1.355796239783332524, 0.000000000000000000 ) ) ;
#1297 = CARTESIAN_POINT ( 'NONE',  ( 0.2316579535385015487, -1.159332175831282230, 0.02015000000000002206 ) ) ;
#1298 = CARTESIAN_POINT ( 'NONE',  ( -0.001906955048336523911, 1.125485933652464077, 0.005270901231338727400 ) ) ;
#1299 = CARTESIAN_POINT ( 'NONE',  ( -0.6146157546136165051, 0.9166157056383136270, 0.02015000000000002206 ) ) ;
#1300 = CARTESIAN_POINT ( 'NONE',  ( 0.1066669343316119650, 1.082967643929867441, 0.005270901231338729134 ) ) ;
#1301 = CARTESIAN_POINT ( 'NONE',  ( 1.018028616780382922, 0.8360485992822096479, -0.02015000000000002206 ) ) ;
#1302 = CARTESIAN_POINT ( 'NONE',  ( -0.5359940070366022713, -0.6546532945996479391, 0.000000000000000000 ) ) ;
#1303 = CARTESIAN_POINT ( 'NONE',  ( -1.138919877986292351, -1.141528997461086492, -0.005270901231338724797 ) ) ;
#1304 = CARTESIAN_POINT ( 'NONE',  ( 1.134535105144002465, -0.3428527054787358641, 0.000000000000000000 ) ) ;
#1305 = CARTESIAN_POINT ( 'NONE',  ( 0.9126431474845304592, -0.3768481304921343367, 0.005270901231338727400 ) ) ;
#1306 = CARTESIAN_POINT ( 'NONE',  ( -1.805130259054640085, 0.5445090511429162561, 0.02015000000000002206 ) ) ;
#1307 = CARTESIAN_POINT ( 'NONE',  ( -0.8493512204956503719, 0.6946296372873473901, -0.005270901231338727400 ) ) ;
#1308 = CARTESIAN_POINT ( 'NONE',  ( -1.769106634880433182, 0.5342724266550228363, 0.005270901231338729134 ) ) ;
#1309 = CARTESIAN_POINT ( 'NONE',  ( -0.08012511123997419216, -0.8233557509138300645, 0.000000000000000000 ) ) ;
#1310 = CARTESIAN_POINT ( 'NONE',  ( -0.002764890159205933909, 1.728369875091887886, -0.005270901231338727400 ) ) ;
#1311 = CARTESIAN_POINT ( 'NONE',  ( -0.8679801415326585667, -1.627638557632946403, 0.000000000000000000 ) ) ;
#1312 = CARTESIAN_POINT ( 'NONE',  ( -1.178584972652667151, 1.177309381336838934, 0.02015000000000002206 ) ) ;
#1313 = LENGTH_MEASURE_WITH_UNIT ( LENGTH_MEASURE( 0.02539999999999999897 ), #3084 );
#1314 = CARTESIAN_POINT ( 'NONE',  ( 0.9790992621632309545, 1.196890144073371909, -0.02015000000000002206 ) ) ;
#1315 = CARTESIAN_POINT ( 'NONE',  ( -0.7830361772076590565, -0.6424324528746755414, 0.005270901231338729134 ) ) ;
#1316 = CARTESIAN_POINT ( 'NONE',  ( 1.895188785141269427, 0.3794518646105937698, -0.005270901231338724797 ) ) ;
#1317 = CARTESIAN_POINT ( 'NONE',  ( -0.9562346950440949733, 1.162805412926206872, 0.000000000000000000 ) ) ;
#1318 = CARTESIAN_POINT ( 'NONE',  ( 1.727856394441518839, 0.9270148034327432285, -0.02015000000000002206 ) ) ;
#1319 = CARTESIAN_POINT ( 'NONE',  ( 0.1019113352055737859, -1.016772234786577300, 0.000000000000000000 ) ) ;
#1320 = CARTESIAN_POINT ( 'NONE',  ( -1.464872751235547721, -0.7860194739903916261, 0.000000000000000000 ) ) ;
#1321 = CARTESIAN_POINT ( 'NONE',  ( 0.6918876773445663542, -0.2867240907505786973, 0.02015000000000002206 ) ) ;
#1322 = CARTESIAN_POINT ( 'NONE',  ( -0.0003244928754079940423, 1.286024825992360121, 2.134256245050205639E-18 ) ) ;
#1323 = CARTESIAN_POINT ( 'NONE',  ( 1.461441488963394875, -0.9753553698483216072, 0.005270901231338729134 ) ) ;
#1324 = CARTESIAN_POINT ( 'NONE',  ( -0.8637791631168607598, -0.08651277420649261529, -0.02015000000000002206 ) ) ;
#1325 = CARTESIAN_POINT ( 'NONE',  ( -0.8469393286646735852, 0.6927679412672642645, 0.02015000000000002206 ) ) ;
#1326 = CARTESIAN_POINT ( 'NONE',  ( 0.7648163529256304383, -0.9299396490749085586, 0.000000000000000000 ) ) ;
#1327 = CARTESIAN_POINT ( 'NONE',  ( -0.1807216955192745833, 0.9002862732813275981, 0.005270901231338727400 ) ) ;
#1328 = CARTESIAN_POINT ( 'NONE',  ( 0.2949120796717676907, -0.9687045273575080051, 0.02015000000000002206 ) ) ;
#1329 = CARTESIAN_POINT ( 'NONE',  ( 0.3723613963543238592, -0.8978149542858675503, 0.005270901231338729134 ) ) ;
#1330 = CARTESIAN_POINT ( 'NONE',  ( 1.319829494299890049, -0.2620365884575798776, -0.02015000000000002206 ) ) ;
#1331 = CARTESIAN_POINT ( 'NONE',  ( 0.6160612918708763264, -0.5037284718701726671, 0.000000000000000000 ) ) ;
#1332 = CARTESIAN_POINT ( 'NONE',  ( 1.672625375881530596, -0.5063991488351508030, -0.005270901231338724797 ) ) ;
#1333 = CARTESIAN_POINT ( 'NONE',  ( -0.1184289950923217705, -1.223389494464337313, 0.000000000000000000 ) ) ;
#1334 = CARTESIAN_POINT ( 'NONE',  ( 0.7462914311601734907, 1.119380830785750458, 0.005270901231338727400 ) ) ;
#1335 = CARTESIAN_POINT ( 'NONE',  ( -1.169992388646324821, -1.430186414240571580, 0.02015000000000002206 ) ) ;
#1336 = CARTESIAN_POINT ( 'NONE',  ( -0.7789543309099374868, 0.7772840017148821001, -0.005270901231338727400 ) ) ;
#1337 = CARTESIAN_POINT ( 'NONE',  ( 0.5358336126748850514, -0.5368787896484557010, -0.005270901231338724797 ) ) ;
#1338 = UNCERTAINTY_MEASURE_WITH_UNIT (LENGTH_MEASURE( 1.000000000000000082E-05 ), #3055, 'distance_accuracy_value', 'NONE');
#1339 = CARTESIAN_POINT ( 'NONE',  ( -0.1184289950923217705, -1.223389494464337313, 0.000000000000000000 ) ) ;
#1340 = CARTESIAN_POINT ( 'NONE',  ( -1.171882550746745633, -1.432576041952445145, -0.005270901231338727400 ) ) ;
#1341 = ORIENTED_EDGE ( 'NONE', *, *, #67, .F. ) ;
#1342 = CARTESIAN_POINT ( 'NONE',  ( 0.1741044423790359119, 0.8732067972526258437, 2.134256245050205639E-18 ) ) ;
#1343 = CARTESIAN_POINT ( 'NONE',  ( 0.2912393693910934056, 1.467692591816196490, 0.02015000000000002206 ) ) ;
#1344 = ITEM_DEFINED_TRANSFORMATION ( 'NONE', 'NONE', #4314,  #1656 ) ;
#1345 = CARTESIAN_POINT ( 'NONE',  ( -1.002003614530649012, 0.8206944761782777320, -0.02015000000000002206 ) ) ;
#1346 = CARTESIAN_POINT ( 'NONE',  ( 0.5363425111141367774, -0.8031268213139206580, 0.005270901231338729134 ) ) ;
#1347 = CARTESIAN_POINT ( 'NONE',  ( 1.121366271146441607, -1.364865584208182270, -0.005270901231338724797 ) ) ;
#1348 = CARTESIAN_POINT ( 'NONE',  ( 1.147653037170011103, -1.395671176789096579, 0.000000000000000000 ) ) ;
#1349 = CARTESIAN_POINT ( 'NONE',  ( -0.001906955048336523911, 1.125485933652464077, -0.005270901231338727400 ) ) ;
#1350 = CARTESIAN_POINT ( 'NONE',  ( 0.8271076052984762672, -0.5505878705505450332, 0.000000000000000000 ) ) ;
#1351 = CARTESIAN_POINT ( 'NONE',  ( -1.666824414092487494, -0.1658142189559886903, 0.000000000000000000 ) ) ;
#1352 = CARTESIAN_POINT ( 'NONE',  ( 0.1516971354633323832, -0.7655197886944533625, 0.02015000000000002206 ) ) ;
#1353 = CARTESIAN_POINT ( 'NONE',  ( 1.222797463327486955, 0.5069121493870649697, 2.134256245050205639E-18 ) ) ;
#1354 = CARTESIAN_POINT ( 'NONE',  ( -0.8338773133583753383, 0.0005396457169805584210, -0.005270901231338724797 ) ) ;
#1355 = CARTESIAN_POINT ( 'NONE',  ( 0.3878029058526308859, -0.9319334162168821933, -0.02015000000000002206 ) ) ;
#1356 = CARTESIAN_POINT ( 'NONE',  ( -1.208735834091778649, -0.3687862320904466973, 0.02015000000000002206 ) ) ;
#1357 = CARTESIAN_POINT ( 'NONE',  ( -0.8837750882329594715, -0.8856150542735711229, 0.000000000000000000 ) ) ;
#1358 = CARTESIAN_POINT ( 'NONE',  ( -1.123368198323856593, -0.9249983306963230900, 0.005270901231338727400 ) ) ;
#1359 = CARTESIAN_POINT ( 'NONE',  ( 0.5973285559485390639, 0.7302857515513158093, 0.02015000000000002206 ) ) ;
#1360 = CARTESIAN_POINT ( 'NONE',  ( -0.1269136333720825016, 1.276530140573310046, 0.005270901231338729134 ) ) ;
#1361 = CARTESIAN_POINT ( 'NONE',  ( -0.5674580194021628943, -1.062219278675745393, -0.02015000000000002206 ) ) ;
#1362 = CARTESIAN_POINT ( 'NONE',  ( -0.7955432384091166709, -0.3311825998292729500, 0.000000000000000000 ) ) ;
#1363 = CARTESIAN_POINT ( 'NONE',  ( -0.7919999576386872464, -0.2397843781439899791, -0.02015000000000002206 ) ) ;
#1364 = CARTESIAN_POINT ( 'NONE',  ( -0.5713795167191828561, 0.6947915865780114331, 0.02015000000000002206 ) ) ;
#1365 = CARTESIAN_POINT ( 'NONE',  ( 0.2785749807400254574, -1.393130320574346381, 0.000000000000000000 ) ) ;
#1366 = CARTESIAN_POINT ( 'NONE',  ( 1.046372530998081585, 0.8605255239833320413, 0.005270901231338727400 ) ) ;
#1367 = CARTESIAN_POINT ( 'NONE',  ( 1.107250391662196742, 1.351770793707251617, 0.02015000000000002206 ) ) ;
#1368 = CARTESIAN_POINT ( 'NONE',  ( 1.115785687665855175, 0.3397589754674914531, -0.005270901231338727400 ) ) ;
#1369 = CARTESIAN_POINT ( 'NONE',  ( 0.4490151756110046244, -1.083643146939358370, -0.005270901231338724797 ) ) ;
#1370 = CARTESIAN_POINT ( 'NONE',  ( 1.199226881201504336, 0.6435423970449928310, 0.000000000000000000 ) ) ;
#1371 = CARTESIAN_POINT ( 'NONE',  ( 0.9683766516261700374, 1.454303005633201140, -0.005270901231338727400 ) ) ;
#1372 = CARTESIAN_POINT ( 'NONE',  ( -0.1714148252238384684, 0.8608732046719057562, 2.134256245050205639E-18 ) ) ;
#1373 = CARTESIAN_POINT ( 'NONE',  ( 1.536050693444732440, -0.1505340861732626934, 0.02015000000000002206 ) ) ;
#1374 = CARTESIAN_POINT ( 'NONE',  ( -1.075410231946317685, 0.7160755876965612110, -0.02015000000000002206 ) ) ;
#1375 = CARTESIAN_POINT ( 'NONE',  ( 0.8211429273686990937, -0.8198606601817944872, 0.005270901231338729134 ) ) ;
#1376 = CARTESIAN_POINT ( 'NONE',  ( -0.8088472554647893054, 1.509707503463420863, 0.000000000000000000 ) ) ;
#1377 = CARTESIAN_POINT ( 'NONE',  ( 0.6480906365422819393, -1.211380385702345963, -0.02015000000000002206 ) ) ;
#1378 = CARTESIAN_POINT ( 'NONE',  ( 0.8271076052984762672, -0.5505878705505450332, -0.005270901231338727400 ) ) ;
#1379 = CARTESIAN_POINT ( 'NONE',  ( -1.245328695213201664, -0.2490531081885033471, 0.000000000000000000 ) ) ;
#1380 = CARTESIAN_POINT ( 'NONE',  ( 1.573391172074056987, -0.1533944936517846191, 0.000000000000000000 ) ) ;
#1381 = CARTESIAN_POINT ( 'NONE',  ( -0.7008594413839920323, -1.699525699660293432, 0.02015000000000002206 ) ) ;
#1382 = CARTESIAN_POINT ( 'NONE',  ( 0.2907118720410361012, 1.464691791224965511, 2.134256245050205639E-18 ) ) ;
#1383 = CARTESIAN_POINT ( 'NONE',  ( -1.021086762311316898, 0.2031998853063460841, -0.005270901231338724797 ) ) ;
#1384 = CARTESIAN_POINT ( 'NONE',  ( -0.2386377537634254975, -1.205876625947753134, -0.02015000000000002206 ) ) ;
#1385 = CARTESIAN_POINT ( 'NONE',  ( 0.6650360934912461497, -1.241320741047918785, 0.02015000000000002206 ) ) ;
#1386 = CARTESIAN_POINT ( 'NONE',  ( -1.652425368215098223, 0.3270096839457019566, 0.000000000000000000 ) ) ;
#1387 = CARTESIAN_POINT ( 'NONE',  ( 0.2578426339556110780, 1.307548870956974474, 0.005270901231338727400 ) ) ;
#1388 = CARTESIAN_POINT ( 'NONE',  ( 0.5581728730764936586, -0.8335561650310681081, 0.02015000000000002206 ) ) ;
#1389 = CARTESIAN_POINT ( 'NONE',  ( 0.9261977106000932602, 0.9279532266270980045, 0.005270901231338729134 ) ) ;
#1390 = CARTESIAN_POINT ( 'NONE',  ( -1.368603655623050086, -0.4157902524549188517, -0.02015000000000002206 ) ) ;
#1391 = CARTESIAN_POINT ( 'NONE',  ( -0.8743450428759093063, -0.001001174052148393750, 0.000000000000000000 ) ) ;
#1392 = CARTESIAN_POINT ( 'NONE',  ( 0.1759722105407228177, -1.776589062188569157, -0.005270901231338724797 ) ) ;
#1393 = CARTESIAN_POINT ( 'NONE',  ( -0.7363186680940996265, 1.769704917171158076, 0.005270901231338727400 ) ) ;
#1394 = CARTESIAN_POINT ( 'NONE',  ( 1.692570770125722657, 0.5152262127485994769, 0.000000000000000000 ) ) ;
#1395 = CARTESIAN_POINT ( 'NONE',  ( 1.259813594297240824, 0.5233375016740893226, 0.005270901231338727400 ) ) ;
#1396 = CARTESIAN_POINT ( 'NONE',  ( 0.4655482169399987047, -1.120611367348821830, -0.005270901231338727400 ) ) ;
#1397 = CARTESIAN_POINT ( 'NONE',  ( 0.8849568241518871448, 0.2687714400707260642, -0.005270901231338724797 ) ) ;
#1398 = CARTESIAN_POINT ( 'NONE',  ( -1.191231214967320984, 0.4919834175174020441, 0.000000000000000000 ) ) ;
#1399 = CARTESIAN_POINT ( 'NONE',  ( -1.545101602934605856, -1.035954902380741727, -0.005270901231338727400 ) ) ;
#1400 = CARTESIAN_POINT ( 'NONE',  ( 0.7270504242972418707, -0.2996124230314293757, 0.000000000000000000 ) ) ;
#1401 = CARTESIAN_POINT ( 'NONE',  ( 0.8103407973608985904, 0.4327490058116802985, 2.134256245050205639E-18 ) ) ;
#1402 = CARTESIAN_POINT ( 'NONE',  ( 0.4247125481199391372, -0.6359608410971806514, 0.005270901231338729134 ) ) ;
#1403 = CARTESIAN_POINT ( 'NONE',  ( -1.452414869193355162, 0.2865087962162265467, -0.02015000000000002206 ) ) ;
#1404 = CARTESIAN_POINT ( 'NONE',  ( -1.235723599388528937, -0.001077562551306459693, 0.005270901231338729134 ) ) ;
#1405 = CARTESIAN_POINT ( 'NONE',  ( 1.469819282470427702, -0.6071187045553985140, 0.000000000000000000 ) ) ;
#1406 = CARTESIAN_POINT ( 'NONE',  ( 1.741228837452423850, 0.0009917354956735244600, -0.02015000000000002206 ) ) ;
#1407 = CARTESIAN_POINT ( 'NONE',  ( -0.1994549478797298658, -1.011815335744536748, -0.005270901231338727400 ) ) ;
#1408 = CARTESIAN_POINT ( 'NONE',  ( -1.386989052534985056, 0.4200831884806696670, 0.02015000000000002206 ) ) ;
#1409 = CARTESIAN_POINT ( 'NONE',  ( 1.082641149088169552, -0.8855308026790439380, 0.000000000000000000 ) ) ;
#1410 = CARTESIAN_POINT ( 'NONE',  ( 1.147653037170011103, -1.395671176789096579, 0.000000000000000000 ) ) ;
#1411 = CARTESIAN_POINT ( 'NONE',  ( -0.7351038813889123613, 1.766910758453521524, 0.02015000000000002206 ) ) ;
#1412 = CARTESIAN_POINT ( 'NONE',  ( 1.121366271146441607, -1.364865584208182270, 2.134256245050205639E-18 ) ) ;
#1413 = CARTESIAN_POINT ( 'NONE',  ( 0.1763284255271758416, -1.779614974511790404, 0.02015000000000002206 ) ) ;
#1414 = CARTESIAN_POINT ( 'NONE',  ( 0.8747254621983557854, -0.3626266251870082780, -0.005270901231338724797 ) ) ;
#1415 = CARTESIAN_POINT ( 'NONE',  ( -1.273161114434498753, -0.002042901710782782203, -0.02015000000000002206 ) ) ;
#1416 = CARTESIAN_POINT ( 'NONE',  ( -0.2386377537634254975, -1.205876625947753134, 0.02015000000000002206 ) ) ;
#1417 = CARTESIAN_POINT ( 'NONE',  ( 0.2977231044529745629, 1.504576940149330744, 0.000000000000000000 ) ) ;
#1418 = CARTESIAN_POINT ( 'NONE',  ( -1.230888026965613058, 0.3711548947408290222, 0.005270901231338727400 ) ) ;
#1419 = CARTESIAN_POINT ( 'NONE',  ( -1.063868818953339845, -0.1058502938468968424, 0.02015000000000002206 ) ) ;
#1420 = CARTESIAN_POINT ( 'NONE',  ( 0.6465899100653449416, -1.208728802795006052, 0.005270901231338729134 ) ) ;
#1421 = CARTESIAN_POINT ( 'NONE',  ( 1.434918633216832884, -0.5935379157374324199, -0.02015000000000002206 ) ) ;
#1422 = CARTESIAN_POINT ( 'NONE',  ( -0.8493512204956503719, 0.6946296372873473901, 0.000000000000000000 ) ) ;
#1423 = CARTESIAN_POINT ( 'NONE',  ( -0.5466361521790495948, 1.798233888131127944, -0.005270901231338724797 ) ) ;
#1424 = CARTESIAN_POINT ( 'NONE',  ( -0.07994837832442129588, -0.8203140385386719080, 0.02015000000000002206 ) ) ;
#1425 = CARTESIAN_POINT ( 'NONE',  ( -0.7724506283608468804, -1.450762859432999985, 0.000000000000000000 ) ) ;
#1426 = CARTESIAN_POINT ( 'NONE',  ( -0.3836257847870365167, 1.259981958273902469, 0.005270901231338727400 ) ) ;
#1427 = CARTESIAN_POINT ( 'NONE',  ( 1.145675325035443226, -1.393353486046602363, 0.02015000000000002206 ) ) ;
#1428 = CARTESIAN_POINT ( 'NONE',  ( 0.6341456267723789564, 0.9525466853756933139, -0.005270901231338727400 ) ) ;
#1429 = CARTESIAN_POINT ( 'NONE',  ( -0.9264491800988597925, 0.4952807298005528214, -0.005270901231338724797 ) ) ;
#1430 = CARTESIAN_POINT ( 'NONE',  ( -1.276206919020087538, -0.002121438826131132483, 0.000000000000000000 ) ) ;
#1431 = CARTESIAN_POINT ( 'NONE',  ( -0.5590930220698715480, 1.836767040747111945, -0.005270901231338727400 ) ) ;
#1432 = DIRECTION ( 'NONE',  ( -0.9998509997720634868, -0.01726204665747662487, 0.000000000000000000 ) ) ;
#1433 = CARTESIAN_POINT ( 'NONE',  ( 1.741228837452423850, 0.0009917354956735244600, 0.02015000000000002206 ) ) ;
#1434 = CARTESIAN_POINT ( 'NONE',  ( -1.121057458041601507, -0.9230124942361123130, -0.02015000000000002206 ) ) ;
#1435 = CARTESIAN_POINT ( 'NONE',  ( -0.2323421480427178831, -1.168959613113591312, 0.005270901231338729134 ) ) ;
#1436 = CARTESIAN_POINT ( 'NONE',  ( 1.294700086024715091, 0.8681260429874646523, 0.000000000000000000 ) ) ;
#1437 = CARTESIAN_POINT ( 'NONE',  ( -1.141030626888449362, -1.143726219863400395, -0.02015000000000002206 ) ) ;
#1438 = CARTESIAN_POINT ( 'NONE',  ( -0.9627351620698099133, 0.5132619293641010882, -0.005270901231338727400 ) ) ;
#1439 = CARTESIAN_POINT ( 'NONE',  ( -0.5048123433848212827, 1.213041100766895308, 0.000000000000000000 ) ) ;
#1440 = CARTESIAN_POINT ( 'NONE',  ( -0.8197054457317710652, 0.6717465957748880445, 0.02015000000000002206 ) ) ;
#1441 = CARTESIAN_POINT ( 'NONE',  ( -0.3091373970162811791, -1.563411723108109053, 2.134256245050205639E-18 ) ) ;
#1442 = CARTESIAN_POINT ( 'NONE',  ( -1.461277306959361200, 0.7800591825970910609, 0.02015000000000002206 ) ) ;
#1443 = CARTESIAN_POINT ( 'NONE',  ( -1.026732299346029720, -0.1010144595162797837, -0.005270901231338724797 ) ) ;
#1444 = CARTESIAN_POINT ( 'NONE',  ( 1.163723831658574515, 0.1165146360590572083, -0.02015000000000002206 ) ) ;
#1445 = CARTESIAN_POINT ( 'NONE',  ( 1.131595484224397818, -0.3420516190460222150, 0.02015000000000002206 ) ) ;
#1446 = CARTESIAN_POINT ( 'NONE',  ( -0.8088472554647893054, 1.509707503463420863, 0.000000000000000000 ) ) ;
#1447 = CARTESIAN_POINT ( 'NONE',  ( 1.259813594297240824, 0.5233375016740893226, 0.005270901231338727400 ) ) ;
#1448 = CARTESIAN_POINT ( 'NONE',  ( 0.1207540219427922501, -1.213850969540671398, 0.02015000000000002206 ) ) ;
#1449 = CARTESIAN_POINT ( 'NONE',  ( -1.436743534131773581, -0.0005439956603820117953, 0.005270901231338729134 ) ) ;
#1450 = CARTESIAN_POINT ( 'NONE',  ( 1.483418135078708122, -0.4481276308582146650, -0.02015000000000002206 ) ) ;
#1451 = CARTESIAN_POINT ( 'NONE',  ( -0.7412782310244555584, -0.7438234097827168823, 0.000000000000000000 ) ) ;
#1452 = CARTESIAN_POINT ( 'NONE',  ( -1.796970213414382123, -0.3585040476414285138, -0.005270901231338724797 ) ) ;
#1453 = CARTESIAN_POINT ( 'NONE',  ( -1.171882550746745633, -1.432576041952445145, 0.005270901231338727400 ) ) ;
#1454 = CARTESIAN_POINT ( 'NONE',  ( 0.1618580990161113398, -1.616669032930586614, 0.000000000000000000 ) ) ;
#1455 = CARTESIAN_POINT ( 'NONE',  ( -0.8012611392035158264, -1.203424845513665353, 0.005270901231338727400 ) ) ;
#1456 = CARTESIAN_POINT ( 'NONE',  ( 0.6804962870783798357, -1.640309029067438695, -0.005270901231338724797 ) ) ;
#1457 = CARTESIAN_POINT ( 'NONE',  ( 1.366857274759203822, 0.1360289709325979146, -0.005270901231338727400 ) ) ;
#1458 = CARTESIAN_POINT ( 'NONE',  ( 0.09665406471327009363, -0.9766180153062159475, -0.005270901231338724797 ) ) ;
#1459 = CARTESIAN_POINT ( 'NONE',  ( 0.2785749807400254574, -1.393130320574346381, 0.000000000000000000 ) ) ;
#1460 = CARTESIAN_POINT ( 'NONE',  ( -0.001840833590225307917, 1.929392674238441963, -0.005270901231338727400 ) ) ;
#1461 = CARTESIAN_POINT ( 'NONE',  ( -1.441369501869378178, 1.181436256187674116, 0.02015000000000002206 ) ) ;
#1462 = CARTESIAN_POINT ( 'NONE',  ( -0.9119248853737657035, -1.367585957403225860, -0.02015000000000002206 ) ) ;
#1463 = CARTESIAN_POINT ( 'NONE',  ( -0.7042559426602643669, 1.053461719195328827, 0.005270901231338729134 ) ) ;
#1464 = CARTESIAN_POINT ( 'NONE',  ( 1.328863925574705007, -0.8848188954155085106, 0.000000000000000000 ) ) ;
#1465 = CARTESIAN_POINT ( 'NONE',  ( -0.5660170835253698352, 1.364749348595255540, -0.02015000000000002206 ) ) ;
#1466 = CARTESIAN_POINT ( 'NONE',  ( -0.8273931464775039490, -0.2520253568315128367, -0.005270901231338727400 ) ) ;
#1467 = CARTESIAN_POINT ( 'NONE',  ( 0.9939941829502725312, -0.6626550158733278684, 0.000000000000000000 ) ) ;
#1468 = CARTESIAN_POINT ( 'NONE',  ( -1.011579903679379111, -0.2019085198596478614, 0.02015000000000002206 ) ) ;
#1469 = CARTESIAN_POINT ( 'NONE',  ( -0.1734321113240538947, -1.783087331690172084, 2.134256245050205639E-18 ) ) ;
#1470 = CARTESIAN_POINT ( 'NONE',  ( -0.4636490301652175794, -1.531274946383097246, 0.02015000000000002206 ) ) ;
#1471 = CARTESIAN_POINT ( 'NONE',  ( -0.8984727792927402756, -0.4808809183815112021, -0.005270901231338724797 ) ) ;
#1472 = CARTESIAN_POINT ( 'NONE',  ( 0.4643043364098252135, -1.117830024903247343, -0.02015000000000002206 ) ) ;
#1473 = CARTESIAN_POINT ( 'NONE',  ( 0.7628181781121685656, -0.9276395612596746165, 0.02015000000000002206 ) ) ;
#1474 = CARTESIAN_POINT ( 'NONE',  ( -1.466694833401301468, -0.1468714080645105169, 0.000000000000000000 ) ) ;
#1475 = CARTESIAN_POINT ( 'NONE',  ( -0.8292161515990194021, 1.006995368166873739, 0.005270901231338727400 ) ) ;
#1476 = CARTESIAN_POINT ( 'NONE',  ( -0.001283043338482277784, 1.323462496218483997, 0.02015000000000002206 ) ) ;
#1477 =( GEOMETRIC_REPRESENTATION_CONTEXT ( 3 ) GLOBAL_UNCERTAINTY_ASSIGNED_CONTEXT ( ( #5366 ) ) GLOBAL_UNIT_ASSIGNED_CONTEXT ( ( #1576, #2963, #5102 ) ) REPRESENTATION_CONTEXT ( 'NONE', 'WORKASPACE' ) );
#1478 = CARTESIAN_POINT ( 'NONE',  ( 1.166636201782580207, 0.6250939572804183886, 0.02015000000000002206 ) ) ;
#1479 = CARTESIAN_POINT ( 'NONE',  ( -1.153422440843427044, 0.4774753211620931248, 0.005270901231338729134 ) ) ;
#1480 = CARTESIAN_POINT ( 'NONE',  ( -1.284327042581225209, 0.6846723085610166848, -0.02015000000000002206 ) ) ;
#1481 = CARTESIAN_POINT ( 'NONE',  ( 0.5861647739729503037, -0.4811735385344148019, -0.02015000000000002206 ) ) ;
#1482 = CARTESIAN_POINT ( 'NONE',  ( -0.8637791631168607598, -0.08651277420649261529, 0.02015000000000002206 ) ) ;
#1483 = CARTESIAN_POINT ( 'NONE',  ( -0.3376187258431641580, 1.688733571307307280, 0.000000000000000000 ) ) ;
#1484 = CARTESIAN_POINT ( 'NONE',  ( -1.455415638554654612, 0.2870364769918280490, 0.005270901231338727400 ) ) ;
#1485 = CARTESIAN_POINT ( 'NONE',  ( -0.5133909040113512345, -0.6247932748014249915, -0.02015000000000002206 ) ) ;
#1486 = CARTESIAN_POINT ( 'NONE',  ( 1.082641149088169552, -0.8855308026790439380, -0.005270901231338727400 ) ) ;
#1487 = CARTESIAN_POINT ( 'NONE',  ( 0.1741044423790359119, 0.8732067972526258437, -0.005270901231338724797 ) ) ;
#1488 = CARTESIAN_POINT ( 'NONE',  ( -0.8743450428759093063, -0.001001174052148393750, 0.000000000000000000 ) ) ;
#1489 = PLANE ( 'NONE',  #4602 ) ;
#1490 = CARTESIAN_POINT ( 'NONE',  ( 1.782283186026613508, 0.7395513918292980771, 0.02015000000000002206 ) ) ;
#1491 = CARTESIAN_POINT ( 'NONE',  ( -1.164864153653500045, -1.168536162382159516, -0.02015000000000002206 ) ) ;
#1492 = CARTESIAN_POINT ( 'NONE',  ( -1.315152046915399442, -0.5463515336882580620, 0.005270901231338729134 ) ) ;
#1493 = CARTESIAN_POINT ( 'NONE',  ( 0.5610388891212514384, 1.855864658646915411, 0.000000000000000000 ) ) ;
#1494 = CARTESIAN_POINT ( 'NONE',  ( -0.9306333693134711815, 1.389172557027514632, -0.02015000000000002206 ) ) ;
#1495 = CARTESIAN_POINT ( 'NONE',  ( 1.073875146656476431, 0.4469357622034294542, -0.005270901231338727400 ) ) ;
#1496 = CARTESIAN_POINT ( 'NONE',  ( 1.134535105144002465, -0.3428527054787358641, 0.000000000000000000 ) ) ;
#1497 = CARTESIAN_POINT ( 'NONE',  ( 0.1068750319368580587, 1.086007351070269467, 0.02015000000000002206 ) ) ;
#1498 = CARTESIAN_POINT ( 'NONE',  ( -1.838600594165971547, -0.002260871458993952022, 2.134256245050205639E-18 ) ) ;
#1499 = CARTESIAN_POINT ( 'NONE',  ( 1.741228837452423850, 0.0009917354956735244600, 0.02015000000000002206 ) ) ;
#1500 = CARTESIAN_POINT ( 'NONE',  ( 0.4010487166774975298, -1.317327472158227319, -0.005270901231338724797 ) ) ;
#1501 = CARTESIAN_POINT ( 'NONE',  ( 1.497068677044800511, 0.4567147518998384559, -0.02015000000000002206 ) ) ;
#1502 = CARTESIAN_POINT ( 'NONE',  ( 1.570353262082317958, -0.1531617794290483503, 0.02015000000000002206 ) ) ;
#1503 = CARTESIAN_POINT ( 'NONE',  ( 1.519474530336618612, -0.4582483835649303616, 0.000000000000000000 ) ) ;
#1504 = CARTESIAN_POINT ( 'NONE',  ( -0.9562346950440949733, 1.162805412926206872, 0.005270901231338727400 ) ) ;
#1505 = CARTESIAN_POINT ( 'NONE',  ( 1.048961797449726507, -0.5585082944812002070, 0.02015000000000002206 ) ) ;
#1506 = CARTESIAN_POINT ( 'NONE',  ( 1.068761233297969016, 1.069675527568017648, 0.005270901231338729134 ) ) ;
#1507 = CARTESIAN_POINT ( 'NONE',  ( -1.250789559989211375, -1.027588953552743378, -0.02015000000000002206 ) ) ;
#1508 = CARTESIAN_POINT ( 'NONE',  ( 0.1745913959090479028, 0.8762144655209109789, -0.02015000000000002206 ) ) ;
#1509 = CARTESIAN_POINT ( 'NONE',  ( -1.166974902555377724, -1.170733384784473863, 0.000000000000000000 ) ) ;
#1510 = CARTESIAN_POINT ( 'NONE',  ( 0.7260928566580463484, 1.361677199398674265, 0.005270901231338727400 ) ) ;
#1511 = CARTESIAN_POINT ( 'NONE',  ( -1.749765293537725919, -0.5331304675556870487, -0.005270901231338724797 ) ) ;
#1512 = CARTESIAN_POINT ( 'NONE',  ( -1.004408518379826587, 0.8225651782396692369, -0.005270901231338727400 ) ) ;
#1513 = CARTESIAN_POINT ( 'NONE',  ( -0.2904176330135718187, 1.451881215288892024, -0.005270901231338724797 ) ) ;
#1514 = CARTESIAN_POINT ( 'NONE',  ( -0.2405146614896036539, -0.7980082718583720869, 0.000000000000000000 ) ) ;
#1515 = CARTESIAN_POINT ( 'NONE',  ( -0.7107784406926598297, -0.4761130391232206160, 0.000000000000000000 ) ) ;
#1516 = CARTESIAN_POINT ( 'NONE',  ( -0.5590930220698715480, 1.836767040747111945, 0.000000000000000000 ) ) ;
#1517 = CARTESIAN_POINT ( 'NONE',  ( -0.001164271653857572395, 1.891948958293850902, 0.02015000000000002206 ) ) ;
#1518 = CARTESIAN_POINT ( 'NONE',  ( 0.6635765156539205067, 1.606275832829189065, -0.02015000000000002206 ) ) ;
#1519 = CARTESIAN_POINT ( 'NONE',  ( -1.426492229907010634, -0.1419996084825506655, 0.005270901231338729134 ) ) ;
#1520 = CARTESIAN_POINT ( 'NONE',  ( 0.9141710740835822246, 1.716813157271476431, 0.000000000000000000 ) ) ;
#1521 = CARTESIAN_POINT ( 'NONE',  ( -1.461277306959361200, 0.7800591825970910609, -0.02015000000000002206 ) ) ;
#1522 = CARTESIAN_POINT ( 'NONE',  ( 0.2399508317265431068, -1.195852433669943204, -0.005270901231338727400 ) ) ;
#1523 = CARTESIAN_POINT ( 'NONE',  ( 1.096757261283283214, 1.098936501009861288, 0.000000000000000000 ) ) ;
#1524 = CARTESIAN_POINT ( 'NONE',  ( 0.3439750317958126802, 0.8313028899394538929, 0.02015000000000002206 ) ) ;
#1525 = CARTESIAN_POINT ( 'NONE',  ( 0.6499350075177925401, 1.571398898206918915, 2.134256245050205639E-18 ) ) ;
#1526 = CARTESIAN_POINT ( 'NONE',  ( 0.1574276423133157132, -1.579482156034954787, 0.02015000000000002206 ) ) ;
#1527 = CARTESIAN_POINT ( 'NONE',  ( -0.1357335637209117762, -1.382999162438423912, -0.005270901231338724797 ) ) ;
#1528 = CARTESIAN_POINT ( 'NONE',  ( 1.537957373757320001, 0.3074373275199701050, -0.02015000000000002206 ) ) ;
#1529 = CARTESIAN_POINT ( 'NONE',  ( -1.171882550746745633, -1.432576041952445145, 0.000000000000000000 ) ) ;
#1530 = CARTESIAN_POINT ( 'NONE',  ( 1.462298630818986478, 0.9791283617966567432, 0.005270901231338727400 ) ) ;
#1531 = CARTESIAN_POINT ( 'NONE',  ( 0.3856799158798063787, 1.275863850539966871, 0.02015000000000002206 ) ) ;
#1532 = CARTESIAN_POINT ( 'NONE',  ( -0.4891154530407353929, 1.605615246505650129, 0.005270901231338729134 ) ) ;
#1533 = CARTESIAN_POINT ( 'NONE',  ( 0.5508140806685662971, 1.819837685154967577, -0.02015000000000002206 ) ) ;
#1534 = CARTESIAN_POINT ( 'NONE',  ( 0.3177769843058335097, 1.050458198407542731, -0.02015000000000002206 ) ) ;
#1535 = CARTESIAN_POINT ( 'NONE',  ( 0.1807068429672382681, -1.816807983761690171, 0.000000000000000000 ) ) ;
#1536 = CARTESIAN_POINT ( 'NONE',  ( -0.5016177987361265522, 1.644133697731048560, 0.005270901231338727400 ) ) ;
#1537 = EDGE_CURVE ( 'NONE', #2843, #5396, #5824, .T. ) ;
#1538 = CARTESIAN_POINT ( 'NONE',  ( -0.2895109239828859149, -0.9540983499726189976, -0.02015000000000002206 ) ) ;
#1539 = CARTESIAN_POINT ( 'NONE',  ( -1.044298569103947028, -0.7002971835861695471, -0.005270901231338727400 ) ) ;
#1540 = CARTESIAN_POINT ( 'NONE',  ( 0.001399145755060335512, -1.386442015117156368, -0.005270901231338724797 ) ) ;
#1541 = CARTESIAN_POINT ( 'NONE',  ( 0.9747649482767722917, 0.001692471270416130973, 0.000000000000000000 ) ) ;
#1542 = CARTESIAN_POINT ( 'NONE',  ( 0.9747649482767722917, 0.001692471270416130973, 0.000000000000000000 ) ) ;
#1543 = CARTESIAN_POINT ( 'NONE',  ( -1.062964248914428866, 1.587551995852913178, 0.000000000000000000 ) ) ;
#1544 = CARTESIAN_POINT ( 'NONE',  ( -0.7891204733376071534, -0.2387884886206538826, 0.005270901231338729134 ) ) ;
#1545 = CARTESIAN_POINT ( 'NONE',  ( -0.4474425802325289747, -0.6697490886090344819, 0.02015000000000002206 ) ) ;
#1546 = CARTESIAN_POINT ( 'NONE',  ( -1.560193863047816931, 0.6433835640897160868, -0.02015000000000002206 ) ) ;
#1547 = CARTESIAN_POINT ( 'NONE',  ( -0.7890410602448959532, 1.474384786063686281, 0.005270901231338729134 ) ) ;
#1548 = DIRECTION ( 'NONE',  ( -0.01726204665747662834, 0.9998509997720635978, -1.350407910224643675E-34 ) ) ;
#1549 = CARTESIAN_POINT ( 'NONE',  ( -0.7406261955097727112, 0.4937850676044521769, -0.02015000000000002206 ) ) ;
#1550 = CARTESIAN_POINT ( 'NONE',  ( 0.4655482169399987047, -1.120611367348821830, -0.005270901231338727400 ) ) ;
#1551 = CARTESIAN_POINT ( 'NONE',  ( -0.5811267864092536373, 1.399015821251289093, 0.000000000000000000 ) ) ;
#1552 = CARTESIAN_POINT ( 'NONE',  ( 0.8775782386196742113, -0.3636965949044950186, 0.02015000000000002206 ) ) ;
#1553 = CARTESIAN_POINT ( 'NONE',  ( -1.029753615840079517, -0.1014078885769313931, 0.02015000000000002206 ) ) ;
#1554 = CARTESIAN_POINT ( 'NONE',  ( -0.7587415611330523557, -0.3142814253884147480, 0.005270901231338729134 ) ) ;
#1555 = CARTESIAN_POINT ( 'NONE',  ( -0.3708755199830477967, 1.221544760482527803, -0.005270901231338724797 ) ) ;
#1556 = CARTESIAN_POINT ( 'NONE',  ( -0.5242263844771045678, 0.9782371444627333545, 0.000000000000000000 ) ) ;
#1557 = CARTESIAN_POINT ( 'NONE',  ( -1.164864153653500045, -1.168536162382159516, -0.02015000000000002206 ) ) ;
#1558 = CARTESIAN_POINT ( 'NONE',  ( -1.873405340570763356, 0.1827022466259360933, 0.000000000000000000 ) ) ;
#1559 = CARTESIAN_POINT ( 'NONE',  ( -0.2991799679280714441, 1.491418594031060918, 0.005270901231338727400 ) ) ;
#1560 = CARTESIAN_POINT ( 'NONE',  ( -1.002003614530649012, 0.8206944761782777320, 0.02015000000000002206 ) ) ;
#1561 = CARTESIAN_POINT ( 'NONE',  ( -0.9678467287531302699, 0.4002091145664556371, 2.134256245050205639E-18 ) ) ;
#1562 = CARTESIAN_POINT ( 'NONE',  ( -1.501132648447425666, -0.6226478967850905821, 0.005270901231338729134 ) ) ;
#1563 = CARTESIAN_POINT ( 'NONE',  ( 0.1597723334589088162, -0.7989620958169040277, -0.02015000000000002206 ) ) ;
#1564 = CARTESIAN_POINT ( 'NONE',  ( 0.4258475976445499911, 0.7961207194575191659, -0.02015000000000002206 ) ) ;
#1565 = CARTESIAN_POINT ( 'NONE',  ( 0.7733407575674710044, -0.07474962851159740185, 0.005270901231338727400 ) ) ;
#1566 = CARTESIAN_POINT ( 'NONE',  ( -1.477229403626039606, -0.001480979507665901610, 0.005270901231338727400 ) ) ;
#1567 = PRESENTATION_LAYER_ASSIGNMENT (  '', '', ( #343 ) ) ;
#1568 = CARTESIAN_POINT ( 'NONE',  ( -0.1721150372736560685, 0.8638384878101335040, -0.02015000000000002206 ) ) ;
#1569 = CARTESIAN_POINT ( 'NONE',  ( -1.317737710512343563, 0.7015904054980349747, -0.005270901231338727400 ) ) ;
#1570 = CARTESIAN_POINT ( 'NONE',  ( -1.205834867896449669, -0.2400961861947720766, -0.005270901231338724797 ) ) ;
#1571 = CARTESIAN_POINT ( 'NONE',  ( 0.2958921661487682320, -0.9715894170657407569, 0.000000000000000000 ) ) ;
#1572 = CARTESIAN_POINT ( 'NONE',  ( 1.159682103354424454, -0.2286487909183678446, 0.000000000000000000 ) ) ;
#1573 = CARTESIAN_POINT ( 'NONE',  ( -0.1766681510629661278, -1.823454477274821350, 0.000000000000000000 ) ) ;
#1574 = CARTESIAN_POINT ( 'NONE',  ( -1.313538556864928486, 1.074545466618793910, -0.02015000000000002206 ) ) ;
#1575 = CARTESIAN_POINT ( 'NONE',  ( -1.599647794482815133, -0.3201071330513194924, 0.005270901231338729134 ) ) ;
#1576 =( CONVERSION_BASED_UNIT ( 'INCH', #1049 ) LENGTH_UNIT ( ) NAMED_UNIT ( #5305 ) );
#1577 = CARTESIAN_POINT ( 'NONE',  ( -1.752664674763849018, -0.5340667478469703910, -0.02015000000000002206 ) ) ;
#1578 = CARTESIAN_POINT ( 'NONE',  ( 0.002335922603857154209, -1.426927904380912215, -0.005270901231338727400 ) ) ;
#1579 = CARTESIAN_POINT ( 'NONE',  ( -0.3162303200274408921, -1.603282406148555106, 0.000000000000000000 ) ) ;
#1580 = CARTESIAN_POINT ( 'NONE',  ( 0.4502590561412812553, -1.086424489384932635, 0.02015000000000002206 ) ) ;
#1581 = CARTESIAN_POINT ( 'NONE',  ( -0.4458489968691683458, -0.6671522184313384285, 0.005270901231338729134 ) ) ;
#1582 = CARTESIAN_POINT ( 'NONE',  ( 1.163984721290516777, 0.6235930472347580578, -0.005270901231338724797 ) ) ;
#1583 = CARTESIAN_POINT ( 'NONE',  ( 1.051687412658427911, -0.5598699597655386606, 0.000000000000000000 ) ) ;
#1584 = CARTESIAN_POINT ( 'NONE',  ( 0.1678103081586940493, 1.720360762749144845, -0.02015000000000002206 ) ) ;
#1585 = CARTESIAN_POINT ( 'NONE',  ( 1.583788008352033927, -0.8433108512231183296, 0.000000000000000000 ) ) ;
#1586 = CARTESIAN_POINT ( 'NONE',  ( 0.2977231044529745629, 1.504576940149330744, 0.005270901231338727400 ) ) ;
#1587 = CARTESIAN_POINT ( 'NONE',  ( 0.2971956071029172031, 1.501576139558099099, 0.02015000000000002206 ) ) ;
#1588 = CARTESIAN_POINT ( 'NONE',  ( -0.9264491800988597925, 0.4952807298005528214, 2.134256245050205639E-18 ) ) ;
#1589 = CARTESIAN_POINT ( 'NONE',  ( 1.325301408497944200, 1.090283948898961741, 0.005270901231338729134 ) ) ;
#1590 = CARTESIAN_POINT ( 'NONE',  ( -1.841646921389384683, -0.002314928738824513672, -0.02015000000000002206 ) ) ;
#1591 = CARTESIAN_POINT ( 'NONE',  ( 0.6129627727320317021, -0.7460901190409214845, -0.02015000000000002206 ) ) ;
#1592 = CARTESIAN_POINT ( 'NONE',  ( 1.379823238307043454, 1.384188372270204415, 0.000000000000000000 ) ) ;
#1593 = CARTESIAN_POINT ( 'NONE',  ( 1.277460878527277410, -1.273399070432335467, 0.005270901231338727400 ) ) ;
#1594 = CARTESIAN_POINT ( 'NONE',  ( 0.3177769843058335097, 1.050458198407542731, -0.02015000000000002206 ) ) ;
#1595 = CARTESIAN_POINT ( 'NONE',  ( 0.8572580124606603569, -1.597695686247856628, -0.005270901231338727400 ) ) ;
#1596 = CARTESIAN_POINT ( 'NONE',  ( 0.2697235683289542774, -1.353612763968483179, -0.005270901231338724797 ) ) ;
#1597 = CARTESIAN_POINT ( 'NONE',  ( 1.259813594297240824, 0.5233375016740893226, 0.000000000000000000 ) ) ;
#1598 = CARTESIAN_POINT ( 'NONE',  ( -1.066890135447390309, -0.1062437229075484657, 0.000000000000000000 ) ) ;
#1599 = CARTESIAN_POINT ( 'NONE',  ( -1.879090860442019117, -0.002979373936738233860, 0.000000000000000000 ) ) ;
#1600 = CARTESIAN_POINT ( 'NONE',  ( -0.5733980108211776949, 0.6970738852500641958, -0.005270901231338727400 ) ) ;
#1601 = CARTESIAN_POINT ( 'NONE',  ( 1.068761233297969016, 1.069675527568017648, 0.005270901231338729134 ) ) ;
#1602 = CARTESIAN_POINT ( 'NONE',  ( 0.7701318767301625901, 0.0008544233854192408899, 0.000000000000000000 ) ) ;
#1603 = CARTESIAN_POINT ( 'NONE',  ( -0.7083127644318492067, -0.4743231587339248323, -0.02015000000000002206 ) ) ;
#1604 = CARTESIAN_POINT ( 'NONE',  ( -1.273377003589673873, 0.1240867406810308854, -0.005270901231338727400 ) ) ;
#1605 = CARTESIAN_POINT ( 'NONE',  ( -1.164864153653500045, -1.168536162382159516, 0.02015000000000002206 ) ) ;
#1606 = CARTESIAN_POINT ( 'NONE',  ( -1.477229403626039606, -0.001480979507665901610, 0.000000000000000000 ) ) ;
#1607 = CARTESIAN_POINT ( 'NONE',  ( 1.122762960333105964, -0.2223655454845233082, 0.02015000000000002206 ) ) ;
#1608 = PRESENTATION_STYLE_ASSIGNMENT (( #5162 ) ) ;
#1609 = CARTESIAN_POINT ( 'NONE',  ( 0.5358336126748850514, -0.5368787896484557010, 0.005270901231338729134 ) ) ;
#1610 = CARTESIAN_POINT ( 'NONE',  ( -0.0003244928754079940423, 1.286024825992360121, -0.005270901231338724797 ) ) ;
#1611 = CARTESIAN_POINT ( 'NONE',  ( 0.4423182869424111541, 0.8297544829725637117, 0.000000000000000000 ) ) ;
#1612 = CARTESIAN_POINT ( 'NONE',  ( -1.401283987690508770, -0.4265405264867929702, -0.02015000000000002206 ) ) ;
#1613 = CARTESIAN_POINT ( 'NONE',  ( 0.9141710740835822246, 1.716813157271476431, 0.000000000000000000 ) ) ;
#1614 = CARTESIAN_POINT ( 'NONE',  ( -0.1509215949444404903, 1.516840844423077650, 0.005270901231338727400 ) ) ;
#1615 = CARTESIAN_POINT ( 'NONE',  ( -1.452414869193355162, 0.2865087962162265467, 0.02015000000000002206 ) ) ;
#1616 = CARTESIAN_POINT ( 'NONE',  ( 0.9597000608968794255, -0.6411165694914572333, 2.134256245050205639E-18 ) ) ;
#1617 = CARTESIAN_POINT ( 'NONE',  ( -1.284130881144540215, 1.051357529223055920, 0.005270901231338729134 ) ) ;
#1618 = CARTESIAN_POINT ( 'NONE',  ( 1.483583075901298010, 1.219092001740331499, -0.02015000000000002206 ) ) ;
#1619 = CARTESIAN_POINT ( 'NONE',  ( 0.3736176715203726739, -0.9005907306069584894, -0.02015000000000002206 ) ) ;
#1620 = CARTESIAN_POINT ( 'NONE',  ( -0.7107784406926598297, -0.4761130391232206160, 0.005270901231338727400 ) ) ;
#1621 = CARTESIAN_POINT ( 'NONE',  ( 0.7623239549573066487, -0.1508232007457327439, 0.02015000000000002206 ) ) ;
#1622 = CARTESIAN_POINT ( 'NONE',  ( 0.7041433899066534829, 0.8581893090713917926, -0.02015000000000002206 ) ) ;
#1623 = CARTESIAN_POINT ( 'NONE',  ( 1.147653037170011103, -1.395671176789096579, -0.005270901231338727400 ) ) ;
#1624 = CARTESIAN_POINT ( 'NONE',  ( -1.011226627033686709, -0.6769254890068490127, -0.005270901231338724797 ) ) ;
#1625 = CARTESIAN_POINT ( 'NONE',  ( -0.8135067671579561122, -0.6691071818706116892, 0.000000000000000000 ) ) ;
#1626 = CARTESIAN_POINT ( 'NONE',  ( 0.4344157740023583125, 1.051937181222844409, 0.005270901231338727400 ) ) ;
#1627 = CARTESIAN_POINT ( 'NONE',  ( 0.3740752261742094631, 1.896017872175575603, -0.02015000000000002206 ) ) ;
#1628 = CARTESIAN_POINT ( 'NONE',  ( 0.5723238800740190202, 1.385962546922364869, 0.005270901231338729134 ) ) ;
#1629 = CARTESIAN_POINT ( 'NONE',  ( 0.9232900528251212213, 0.2818315948865870446, 0.000000000000000000 ) ) ;
#1630 = CARTESIAN_POINT ( 'NONE',  ( -0.1875155651680204538, 1.879417128966612172, -0.02015000000000002206 ) ) ;
#1631 = CARTESIAN_POINT ( 'NONE',  ( 1.020780509790973456, -1.239741028475744855, -0.005270901231338727400 ) ) ;
#1632 = CARTESIAN_POINT ( 'NONE',  ( 1.574602750702288168, 0.002486446276908671135, 0.02015000000000002206 ) ) ;
#1633 = CARTESIAN_POINT ( 'NONE',  ( -1.244767478624644097, 0.8299278464495765117, 0.000000000000000000 ) ) ;
#1634 = CARTESIAN_POINT ( 'NONE',  ( -1.194784164113360969, 0.3612045055086569034, 0.02015000000000002206 ) ) ;
#1635 = CARTESIAN_POINT ( 'NONE',  ( 1.695133626540581639, 0.9088019001843152811, 2.134256245050205639E-18 ) ) ;
#1636 = CARTESIAN_POINT ( 'NONE',  ( -0.4709623701424829334, -1.142195918614966832, -0.02015000000000002206 ) ) ;
#1637 = CARTESIAN_POINT ( 'NONE',  ( -0.5475733577187856804, 1.801132969875795631, 0.02015000000000002206 ) ) ;
#1638 = CARTESIAN_POINT ( 'NONE',  ( 0.9559651398318254056, 1.167440081071754232, -0.005270901231338724797 ) ) ;
#1639 = CARTESIAN_POINT ( 'NONE',  ( 0.3439750317958126802, 0.8313028899394538929, 0.02015000000000002206 ) ) ;
#1640 = CARTESIAN_POINT ( 'NONE',  ( 0.6665368199679438943, -1.243972323954779746, 0.000000000000000000 ) ) ;
#1641 = CARTESIAN_POINT ( 'NONE',  ( 0.5656328842021768333, -0.5643018287050109993, -0.005270901231338727400 ) ) ;
#1642 = CARTESIAN_POINT ( 'NONE',  ( 0.5656328842021768333, -0.5643018287050109993, 0.000000000000000000 ) ) ;
#1643 = CARTESIAN_POINT ( 'NONE',  ( -0.1766681510629661278, -1.823454477274821350, 0.005270901231338727400 ) ) ;
#1644 = CARTESIAN_POINT ( 'NONE',  ( -1.315019518200103210, 0.7002139995808902562, 0.02015000000000002206 ) ) ;
#1645 = CARTESIAN_POINT ( 'NONE',  ( 0.1066669343316119650, 1.082967643929867441, 2.134256245050205639E-18 ) ) ;
#1646 = CARTESIAN_POINT ( 'NONE',  ( -1.710714577448589013, 0.7074474854740289143, 0.005270901231338729134 ) ) ;
#1647 = CARTESIAN_POINT ( 'NONE',  ( -0.7213871141179166724, 1.735360507963833676, -0.02015000000000002206 ) ) ;
#1648 = CARTESIAN_POINT ( 'NONE',  ( 1.329690037713667117, 0.1314362166377468222, -0.02015000000000002206 ) ) ;
#1649 = CARTESIAN_POINT ( 'NONE',  ( -1.062964248914428866, 1.587551995852913178, 0.000000000000000000 ) ) ;
#1650 = CARTESIAN_POINT ( 'NONE',  ( -1.748407349982275427, 0.7222539915999606208, 0.005270901231338727400 ) ) ;
#1651 = CARTESIAN_POINT ( 'NONE',  ( -0.3343834194107725977, 0.8081542317969464539, -0.02015000000000002206 ) ) ;
#1652 = CARTESIAN_POINT ( 'NONE',  ( -0.3376187258431641580, 1.688733571307307280, -0.005270901231338727400 ) ) ;
#1653 = CARTESIAN_POINT ( 'NONE',  ( -0.3289230616015021980, 1.649181516550996651, -0.005270901231338724797 ) ) ;
#1654 = CARTESIAN_POINT ( 'NONE',  ( -0.5790186005915372025, -0.8686075351197306560, 0.000000000000000000 ) ) ;
#1655 = CARTESIAN_POINT ( 'NONE',  ( -0.8667980352292148361, -0.08692464425040249965, 0.005270901231338727400 ) ) ;
#1656 = AXIS2_PLACEMENT_3D ( 'NONE', #5190, #2494, #5723 ) ;
#1657 = CARTESIAN_POINT ( 'NONE',  ( 1.963765168386078841, 0.1952473454587256019, -0.02015000000000002206 ) ) ;
#1658 = CARTESIAN_POINT ( 'NONE',  ( -0.8239644071500840106, 0.1638362993459017980, -0.005270901231338724797 ) ) ;
#1659 = CARTESIAN_POINT ( 'NONE',  ( -1.005710650110386739, 0.4145729567204703425, 0.000000000000000000 ) ) ;
#1660 = CARTESIAN_POINT ( 'NONE',  ( -0.3496862733765331299, -1.763411913237445727, -0.02015000000000002206 ) ) ;
#1661 = CARTESIAN_POINT ( 'NONE',  ( 0.2977231044529745629, 1.504576940149330744, -0.005270901231338727400 ) ) ;
#1662 = CARTESIAN_POINT ( 'NONE',  ( -1.452414869193355162, 0.2865087962162265467, 0.02015000000000002206 ) ) ;
#1663 = CARTESIAN_POINT ( 'NONE',  ( 1.751149173740902842, -0.3454241630625419224, 0.000000000000000000 ) ) ;
#1664 = CARTESIAN_POINT ( 'NONE',  ( 1.249441187040006396, -0.5160274348369479069, 0.02015000000000002206 ) ) ;
#1665 = CARTESIAN_POINT ( 'NONE',  ( 0.7688195951497643899, -0.6296649768360840227, -0.02015000000000002206 ) ) ;
#1666 = CARTESIAN_POINT ( 'NONE',  ( -0.8509513681747179481, -1.594284229820047916, 0.02015000000000002206 ) ) ;
#1667 = CARTESIAN_POINT ( 'NONE',  ( 1.084069136130906941, 1.322357861077169350, -0.005270901231338724797 ) ) ;
#1668 = CARTESIAN_POINT ( 'NONE',  ( 0.002335922603857154209, -1.426927904380912215, 0.000000000000000000 ) ) ;
#1669 = CARTESIAN_POINT ( 'NONE',  ( -1.870368203883203018, 0.1824596936279514192, -0.02015000000000002206 ) ) ;
#1670 = CARTESIAN_POINT ( 'NONE',  ( -0.08012511123997419216, -0.8233557509138300645, 0.000000000000000000 ) ) ;
#1671 = CARTESIAN_POINT ( 'NONE',  ( -0.5798975060399387260, 1.396228003218467739, 0.02015000000000002206 ) ) ;
#1672 = CARTESIAN_POINT ( 'NONE',  ( 0.4200319113523492964, 1.014080896395294529, 2.134256245050205639E-18 ) ) ;
#1673 = CARTESIAN_POINT ( 'NONE',  ( 1.695133626540581639, 0.9088019001843152811, 0.005270901231338729134 ) ) ;
#1674 = CARTESIAN_POINT ( 'NONE',  ( -0.2984259359335241779, -0.9873264424110166360, -0.02015000000000002206 ) ) ;
#1675 = CARTESIAN_POINT ( 'NONE',  ( -0.5674580194021628943, -1.062219278675745393, -0.02015000000000002206 ) ) ;
#1676 = CARTESIAN_POINT ( 'NONE',  ( 0.5581728730764936586, -0.8335561650310681081, 0.02015000000000002206 ) ) ;
#1677 = CARTESIAN_POINT ( 'NONE',  ( 0.9612851707088114761, 0.6437848133365058345, 0.005270901231338727400 ) ) ;
#1678 = CARTESIAN_POINT ( 'NONE',  ( 0.4467601660061298885, -0.6662334079121104979, 0.02015000000000002206 ) ) ;
#1679 = CARTESIAN_POINT ( 'NONE',  ( -0.7494574392338979596, 0.7495364083052779014, 0.005270901231338729134 ) ) ;
#1680 = CARTESIAN_POINT ( 'NONE',  ( 0.6138924512368686415, 1.151261275393069328, -0.02015000000000002206 ) ) ;
#1681 = CARTESIAN_POINT ( 'NONE',  ( -0.5016177987361265522, 1.644133697731048560, -0.005270901231338727400 ) ) ;
#1682 = CARTESIAN_POINT ( 'NONE',  ( 1.341552906882097940, 0.7178222330833942122, -0.005270901231338724797 ) ) ;
#1683 = CARTESIAN_POINT ( 'NONE',  ( -1.044298569103947028, -0.7002971835861695471, 0.000000000000000000 ) ) ;
#1684 = CARTESIAN_POINT ( 'NONE',  ( 0.2958921661487682320, -0.9715894170657407569, 0.005270901231338727400 ) ) ;
#1685 = CARTESIAN_POINT ( 'NONE',  ( 0.5656328842021768333, -0.5643018287050109993, -0.005270901231338727400 ) ) ;
#1686 = CARTESIAN_POINT ( 'NONE',  ( -0.5465691911706664907, 0.6667387064652695594, -0.005270901231338724797 ) ) ;
#1687 = CARTESIAN_POINT ( 'NONE',  ( -0.6370959160180167391, 0.6348540631276851087, 0.000000000000000000 ) ) ;
#1688 = CARTESIAN_POINT ( 'NONE',  ( -0.5713795167191828561, 0.6947915865780114331, -0.02015000000000002206 ) ) ;
#1689 = CARTESIAN_POINT ( 'NONE',  ( -0.7147809355183392110, 1.332049816219171845, -0.005270901231338727400 ) ) ;
#1690 = CARTESIAN_POINT ( 'NONE',  ( -1.313538556864928486, 1.074545466618793910, 0.02015000000000002206 ) ) ;
#1691 = CARTESIAN_POINT ( 'NONE',  ( -1.171882550746745633, -1.432576041952445145, 0.000000000000000000 ) ) ;
#1692 = CARTESIAN_POINT ( 'NONE',  ( -1.461277306959361200, 0.7800591825970910609, 0.02015000000000002206 ) ) ;
#1693 = CARTESIAN_POINT ( 'NONE',  ( 0.3177769843058335097, 1.050458198407542731, 0.02015000000000002206 ) ) ;
#1694 = DIRECTION ( 'NONE',  ( 1.000000000000000000, 0.000000000000000000, 0.000000000000000000 ) ) ;
#1695 = CARTESIAN_POINT ( 'NONE',  ( -0.9600051485415055375, 0.5119090951455219640, -0.02015000000000002206 ) ) ;
#1696 = CARTESIAN_POINT ( 'NONE',  ( 0.1741044423790359119, 0.8732067972526258437, 0.005270901231338729134 ) ) ;
#1697 = CARTESIAN_POINT ( 'NONE',  ( -0.4891154530407353929, 1.605615246505650129, -0.005270901231338724797 ) ) ;
#1698 = CARTESIAN_POINT ( 'NONE',  ( 1.046372530998081585, 0.8605255239833320413, 0.000000000000000000 ) ) ;
#1699 = CARTESIAN_POINT ( 'NONE',  ( 0.7733407575674710044, -0.07474962851159740185, -0.005270901231338727400 ) ) ;
#1700 = CARTESIAN_POINT ( 'NONE',  ( -0.4670301143217400197, -0.7016685252095359315, 0.000000000000000000 ) ) ;
#1701 = CARTESIAN_POINT ( 'NONE',  ( -1.673438231575997470, 0.1621083620707732265, 0.000000000000000000 ) ) ;
#1702 = CARTESIAN_POINT ( 'NONE',  ( 1.537957373757320001, 0.3074373275199701050, 0.02015000000000002206 ) ) ;
#1703 = CARTESIAN_POINT ( 'NONE',  ( 1.537161124775034970, 0.001700280484006173225, 2.134256245050205639E-18 ) ) ;
#1704 = CARTESIAN_POINT ( 'NONE',  ( 0.7298681232698380761, -0.0008544233854192409983, -0.005270901231338724797 ) ) ;
#1705 = CARTESIAN_POINT ( 'NONE',  ( -0.08633427184671781107, 0.8797939479947134434, 0.02015000000000002206 ) ) ;
#1706 = CARTESIAN_POINT ( 'NONE',  ( -1.070333424780429254, 0.1036627841810691397, -0.02015000000000002206 ) ) ;
#1707 = CARTESIAN_POINT ( 'NONE',  ( -0.7811717256216980099, -1.171819291605710189, -0.02015000000000002206 ) ) ;
#1708 = CARTESIAN_POINT ( 'NONE',  ( -0.2984259359335241779, -0.9873264424110166360, 0.02015000000000002206 ) ) ;
#1709 = CARTESIAN_POINT ( 'NONE',  ( 0.8505509035393795658, -0.8477023989134940818, 0.000000000000000000 ) ) ;
#1710 = CARTESIAN_POINT ( 'NONE',  ( -0.9748486364107924462, 0.7995714389414887435, 0.02015000000000002206 ) ) ;
#1711 = CARTESIAN_POINT ( 'NONE',  ( -0.8493512204956503719, 0.6946296372873473901, 0.005270901231338727400 ) ) ;
#1712 = CARTESIAN_POINT ( 'NONE',  ( -1.545101602934605856, -1.035954902380741727, 0.005270901231338727400 ) ) ;
#1713 = CARTESIAN_POINT ( 'NONE',  ( 0.9329487704139954873, -0.09218937571123382579, 0.005270901231338729134 ) ) ;
#1714 = CARTESIAN_POINT ( 'NONE',  ( -1.208806227000156275, -0.2407700695207291852, -0.02015000000000002206 ) ) ;
#1715 = CARTESIAN_POINT ( 'NONE',  ( 0.1680483701384951900, 1.723398256320827659, -0.005270901231338727400 ) ) ;
#1716 = CARTESIAN_POINT ( 'NONE',  ( 0.6499350075177925401, 1.571398898206918915, -0.005270901231338724797 ) ) ;
#1717 = CARTESIAN_POINT ( 'NONE',  ( -0.5495510610353377956, -1.330525248715934472, 0.000000000000000000 ) ) ;
#1718 = DIMENSIONAL_EXPONENTS ( 1.000000000000000000, 0.000000000000000000, 0.000000000000000000, 0.000000000000000000, 0.000000000000000000, 0.000000000000000000, 0.000000000000000000 ) ;
#1719 = CARTESIAN_POINT ( 'NONE',  ( -0.4890097368947752821, -0.9186622637226490307, 0.005270901231338727400 ) ) ;
#1720 = CARTESIAN_POINT ( 'NONE',  ( -0.7919999576386872464, -0.2397843781439899791, 0.02015000000000002206 ) ) ;
#1721 = CARTESIAN_POINT ( 'NONE',  ( 1.079190009574493736, 1.618364192527235845, -0.02015000000000002206 ) ) ;
#1722 = CARTESIAN_POINT ( 'NONE',  ( 0.3674036453255876133, 1.859167097311532402, 0.005270901231338729134 ) ) ;
#1723 = CARTESIAN_POINT ( 'NONE',  ( 0.9497254445125788980, 0.1900093630857323801, 0.000000000000000000 ) ) ;
#1724 = CARTESIAN_POINT ( 'NONE',  ( 1.519474530336618612, -0.4582483835649303616, -0.005270901231338727400 ) ) ;
#1725 = CARTESIAN_POINT ( 'NONE',  ( -0.002764890159205933909, 1.728369875091887886, 0.000000000000000000 ) ) ;
#1726 = CARTESIAN_POINT ( 'NONE',  ( 0.1446843146113594158, 1.486081791153404330, 0.02015000000000002206 ) ) ;
#1727 = CARTESIAN_POINT ( 'NONE',  ( -0.5946636777540832419, 0.8885890105412529438, 0.02015000000000002206 ) ) ;
#1728 = CARTESIAN_POINT ( 'NONE',  ( -0.5774081081826422102, -0.8660211355397970934, -0.02015000000000002206 ) ) ;
#1729 = CARTESIAN_POINT ( 'NONE',  ( -0.7494574392338979596, 0.7495364083052779014, 0.005270901231338729134 ) ) ;
#1730 = CARTESIAN_POINT ( 'NONE',  ( 0.9944491606979937171, -1.208973490107039916, -0.005270901231338724797 ) ) ;
#1731 = CARTESIAN_POINT ( 'NONE',  ( -0.5495510610353377956, -1.330525248715934472, 0.000000000000000000 ) ) ;
#1732 = CARTESIAN_POINT ( 'NONE',  ( -0.08012511123997419216, -0.8233557509138300645, -0.005270901231338727400 ) ) ;
#1733 = CARTESIAN_POINT ( 'NONE',  ( -0.8639485681227481173, 0.1702611048391229898, 0.000000000000000000 ) ) ;
#1734 = CARTESIAN_POINT ( 'NONE',  ( 0.8952924746793301525, -1.337045265786458437, 0.000000000000000000 ) ) ;
#1735 = CARTESIAN_POINT ( 'NONE',  ( 0.5861647739729503037, -0.4811735385344148019, 0.02015000000000002206 ) ) ;
#1736 = CARTESIAN_POINT ( 'NONE',  ( -1.365709414426238721, -0.4148381848345397693, 2.134256245050205639E-18 ) ) ;
#1737 = CARTESIAN_POINT ( 'NONE',  ( 0.3497842678954439233, -1.747417208360023233, 0.005270901231338729134 ) ) ;
#1738 = CARTESIAN_POINT ( 'NONE',  ( 0.5973285559485390639, 0.7302857515513158093, -0.02015000000000002206 ) ) ;
#1739 = CARTESIAN_POINT ( 'NONE',  ( 0.5723038585685772395, -1.066403946178889672, 0.000000000000000000 ) ) ;
#1740 = CARTESIAN_POINT ( 'NONE',  ( -0.7789543309099374868, 0.7772840017148821001, 0.005270901231338727400 ) ) ;
#1741 = CARTESIAN_POINT ( 'NONE',  ( 0.1092247665926635997, 1.120330212214507348, 0.02015000000000002206 ) ) ;
#1742 = CARTESIAN_POINT ( 'NONE',  ( 0.08676025138209574050, 0.8829403137666640422, 0.005270901231338729134 ) ) ;
#1743 = CARTESIAN_POINT ( 'NONE',  ( -1.176084458913959407, -0.3579481471911596935, -0.02015000000000002206 ) ) ;
#1744 = CARTESIAN_POINT ( 'NONE',  ( 0.9141710740835822246, 1.716813157271476431, -0.005270901231338727400 ) ) ;
#1745 = CARTESIAN_POINT ( 'NONE',  ( 0.5723238800740190202, 1.385962546922364869, -0.005270901231338724797 ) ) ;
#1746 = CARTESIAN_POINT ( 'NONE',  ( -0.2391499454712862904, -1.208880084024966717, 0.000000000000000000 ) ) ;
#1747 = CARTESIAN_POINT ( 'NONE',  ( 0.001121125418458782325, -1.025066133049630013, 0.005270901231338727400 ) ) ;
#1748 = CARTESIAN_POINT ( 'NONE',  ( -0.8296915607460528808, -0.08186214252579407380, 0.02015000000000002206 ) ) ;
#1749 = CARTESIAN_POINT ( 'NONE',  ( -0.2391499454712862904, -1.208880084024966717, -0.005270901231338727400 ) ) ;
#1750 = CARTESIAN_POINT ( 'NONE',  ( -0.7587415611330523557, -0.3142814253884147480, -0.005270901231338724797 ) ) ;
#1751 = CARTESIAN_POINT ( 'NONE',  ( -0.8639485681227481173, 0.1702611048391229898, 0.000000000000000000 ) ) ;
#1752 = CARTESIAN_POINT ( 'NONE',  ( 1.573391172074056987, -0.1533944936517846191, -0.005270901231338727400 ) ) ;
#1753 = CARTESIAN_POINT ( 'NONE',  ( 1.778671584030809605, 0.001720882229786206740, 0.000000000000000000 ) ) ;
#1754 = CARTESIAN_POINT ( 'NONE',  ( 0.5734290882338448636, 1.388801837777083881, 0.02015000000000002206 ) ) ;
#1755 = CARTESIAN_POINT ( 'NONE',  ( 0.4211140961932026694, 1.016929053289588047, 0.02015000000000002206 ) ) ;
#1756 = CARTESIAN_POINT ( 'NONE',  ( 1.172741656753577111, 0.001153683746685468629, -0.02015000000000002206 ) ) ;
#1757 = CARTESIAN_POINT ( 'NONE',  ( -1.032969420498475177, 0.1011255486406665849, 0.005270901231338729134 ) ) ;
#1758 = CARTESIAN_POINT ( 'NONE',  ( -1.458561563198909727, 0.7786779587531966751, -0.005270901231338724797 ) ) ;
#1759 = CARTESIAN_POINT ( 'NONE',  ( 0.8878408644115584059, 0.2697540343783637051, 0.02015000000000002206 ) ) ;
#1760 = CARTESIAN_POINT ( 'NONE',  ( -1.455415638554654612, 0.2870364769918280490, 0.000000000000000000 ) ) ;
#1761 = CARTESIAN_POINT ( 'NONE',  ( -1.876044533218605981, -0.002925316656828175037, -0.02015000000000002206 ) ) ;
#1762 = CARTESIAN_POINT ( 'NONE',  ( -0.5242263844771045678, 0.9782371444627333545, 0.000000000000000000 ) ) ;
#1763 = CARTESIAN_POINT ( 'NONE',  ( 1.237578667588751458, -1.013612625735693884, 0.000000000000000000 ) ) ;
#1764 = CARTESIAN_POINT ( 'NONE',  ( -1.542599006317559862, -1.034217075292181098, 0.02015000000000002206 ) ) ;
#1765 = CARTESIAN_POINT ( 'NONE',  ( -1.210590071294454839, 0.8082048627443727540, 2.134256245050205639E-18 ) ) ;
#1766 = CARTESIAN_POINT ( 'NONE',  ( -1.749765293537725919, -0.5331304675556870487, 0.005270901231338729134 ) ) ;
#1767 = CARTESIAN_POINT ( 'NONE',  ( 0.4333335891615047175, 1.049089024328551112, -0.02015000000000002206 ) ) ;
#1768 = CARTESIAN_POINT ( 'NONE',  ( 0.2785749807400254574, -1.393130320574346381, 0.000000000000000000 ) ) ;
#1769 = CARTESIAN_POINT ( 'NONE',  ( -1.238769403973685623, -0.001156099666654844234, 0.02015000000000002206 ) ) ;
#1770 = CARTESIAN_POINT ( 'NONE',  ( 0.8271076052984762672, -0.5505878705505450332, 0.005270901231338727400 ) ) ;
#1771 = CARTESIAN_POINT ( 'NONE',  ( -0.4282949941516306924, 0.7981242893233837510, 0.02015000000000002206 ) ) ;
#1772 = CARTESIAN_POINT ( 'NONE',  ( 0.1741044423790359119, 0.8732067972526258437, 0.005270901231338729134 ) ) ;
#1773 = CARTESIAN_POINT ( 'NONE',  ( 0.7402557819646997661, -0.9016681136641716554, -0.02015000000000002206 ) ) ;
#1774 = CARTESIAN_POINT ( 'NONE',  ( 1.730518621258949841, 0.9284965509297596897, -0.005270901231338727400 ) ) ;
#1775 = CARTESIAN_POINT ( 'NONE',  ( -0.3091373970162811791, -1.563411723108109053, -0.005270901231338724797 ) ) ;
#1776 = CARTESIAN_POINT ( 'NONE',  ( -1.004408518379826587, 0.8225651782396692369, 0.000000000000000000 ) ) ;
#1777 = CARTESIAN_POINT ( 'NONE',  ( -0.4720532235583049241, -1.145040763001760276, 0.005270901231338727400 ) ) ;
#1778 = CARTESIAN_POINT ( 'NONE',  ( -1.005710650110386739, 0.4145729567204703425, -0.005270901231338727400 ) ) ;
#1779 = CARTESIAN_POINT ( 'NONE',  ( -0.3052801757432257457, -0.7353490287701961448, -0.005270901231338724797 ) ) ;
#1780 = CARTESIAN_POINT ( 'NONE',  ( -1.245328695213201664, -0.2490531081885033471, 0.000000000000000000 ) ) ;
#1781 = CARTESIAN_POINT ( 'NONE',  ( 1.109136349485622786, 1.354163742196285103, -0.005270901231338727400 ) ) ;
#1782 = ORIENTED_EDGE ( 'NONE', *, *, #1537, .T. ) ;
#1783 = CARTESIAN_POINT ( 'NONE',  ( 0.1509819783876368837, -0.7625580653310917167, 2.134256245050205639E-18 ) ) ;
#1784 = CARTESIAN_POINT ( 'NONE',  ( -0.002044888954973976113, 1.690926943673160876, 0.02015000000000002206 ) ) ;
#1785 = APPLICATION_PROTOCOL_DEFINITION ( 'draft international standard', 'automotive_design', 1998, #2779 ) ;
#1786 = CARTESIAN_POINT ( 'NONE',  ( 0.9900696380011519970, -0.9881647416713185139, -0.02015000000000002206 ) ) ;
#1787 = CARTESIAN_POINT ( 'NONE',  ( 1.036913022556078756, 0.4303890292175405197, 0.005270901231338729134 ) ) ;
#1788 = CARTESIAN_POINT ( 'NONE',  ( -0.07795279814462383050, -0.7859685352779626211, -0.02015000000000002206 ) ) ;
#1789 = CARTESIAN_POINT ( 'NONE',  ( -1.563031101643532317, 0.6444940240607452964, 0.000000000000000000 ) ) ;
#1790 = CARTESIAN_POINT ( 'NONE',  ( 0.9497254445125788980, 0.1900093630857323801, -0.005270901231338727400 ) ) ;
#1791 = CARTESIAN_POINT ( 'NONE',  ( -0.3499696474764826815, 0.8422069134738534579, 0.000000000000000000 ) ) ;
#1792 = CARTESIAN_POINT ( 'NONE',  ( 0.7260928566580463484, 1.361677199398674265, 0.000000000000000000 ) ) ;
#1793 = CARTESIAN_POINT ( 'NONE',  ( 1.353795651950975953, 1.114585580596392678, 0.02015000000000002206 ) ) ;
#1794 = CARTESIAN_POINT ( 'NONE',  ( -1.153422440843427044, 0.4774753211620931248, 2.134256245050205639E-18 ) ) ;
#1795 = ADVANCED_FACE ( 'NONE', ( #2373 ), #188, .T. ) ;
#1796 = CARTESIAN_POINT ( 'NONE',  ( 0.1741044423790359119, 0.8732067972526258437, -0.005270901231338724797 ) ) ;
#1797 = CARTESIAN_POINT ( 'NONE',  ( -0.5713795167191828561, 0.6947915865780114331, -0.02015000000000002206 ) ) ;
#1798 = CARTESIAN_POINT ( 'NONE',  ( 0.7824599985411279102, -1.167006353660328344, 0.02015000000000002206 ) ) ;
#1799 = CARTESIAN_POINT ( 'NONE',  ( -1.111104734206231903, -0.5953816022218216819, 0.000000000000000000 ) ) ;
#1800 = CARTESIAN_POINT ( 'NONE',  ( -1.176084458913959407, -0.3579481471911596935, 0.02015000000000002206 ) ) ;
#1801 = CARTESIAN_POINT ( 'NONE',  ( 0.3890591810186798116, -0.9347091925379735766, 0.005270901231338727400 ) ) ;
#1802 = CARTESIAN_POINT ( 'NONE',  ( 0.8245199481751241954, -0.5489793932883778593, 0.02015000000000002206 ) ) ;
#1803 = CARTESIAN_POINT ( 'NONE',  ( -0.5928966784866871453, 0.8861069055429027230, 0.005270901231338729134 ) ) ;
#1804 = CARTESIAN_POINT ( 'NONE',  ( 1.195246800794747655, -0.6383084075336821206, -0.02015000000000002206 ) ) ;
#1805 = CARTESIAN_POINT ( 'NONE',  ( -0.1918314809190365955, 1.916617431978808073, -0.005270901231338727400 ) ) ;
#1806 = CARTESIAN_POINT ( 'NONE',  ( -0.8269726570154826151, 0.1643196762579023640, -0.02015000000000002206 ) ) ;
#1807 = CARTESIAN_POINT ( 'NONE',  ( -0.8012611392035158264, -1.203424845513665353, 0.000000000000000000 ) ) ;
#1808 = CARTESIAN_POINT ( 'NONE',  ( 0.4137033172014812354, -1.355796239783332524, 0.005270901231338727400 ) ) ;
#1809 = CARTESIAN_POINT ( 'NONE',  ( 1.492975279173912817, -0.9955571226704060805, 0.02015000000000002206 ) ) ;
#1810 = CARTESIAN_POINT ( 'NONE',  ( 0.2958921661487682320, -0.9715894170657407569, -0.005270901231338727400 ) ) ;
#1811 = CARTESIAN_POINT ( 'NONE',  ( 0.5522514997431299255, -1.031220227964161795, -0.005270901231338724797 ) ) ;
#1812 = PRODUCT_DEFINITION_CONTEXT ( 'detailed design', #2548, 'design' ) ;
#1813 = CARTESIAN_POINT ( 'NONE',  ( -1.230888026965613058, 0.3711548947408290222, 0.000000000000000000 ) ) ;
#1814 = CARTESIAN_POINT ( 'NONE',  ( 1.711598747943163135, -0.5174016523896081132, -0.005270901231338727400 ) ) ;
#1815 = CARTESIAN_POINT ( 'NONE',  ( -0.4094670246554983351, 0.7657510921038237495, 2.134256245050205639E-18 ) ) ;
#1816 = CARTESIAN_POINT ( 'NONE',  ( 1.434918633216832884, -0.5935379157374324199, 0.02015000000000002206 ) ) ;
#1817 = CARTESIAN_POINT ( 'NONE',  ( 0.000000000000000000, 0.000000000000000000, 1.062500000000000000 ) ) ;
#1818 = CARTESIAN_POINT ( 'NONE',  ( -1.273161114434498753, -0.002042901710782782203, -0.02015000000000002206 ) ) ;
#1819 = CARTESIAN_POINT ( 'NONE',  ( 1.015459890964976797, -0.5417713820686348436, 0.005270901231338729134 ) ) ;
#1820 = CARTESIAN_POINT ( 'NONE',  ( 0.9683766516261700374, 1.454303005633201140, 0.000000000000000000 ) ) ;
#1821 = CARTESIAN_POINT ( 'NONE',  ( -0.7670930853000437200, -0.9364311404378774517, -0.02015000000000002206 ) ) ;
#1822 = CARTESIAN_POINT ( 'NONE',  ( 0.9747649482767722917, 0.001692471270416130973, -0.005270901231338727400 ) ) ;
#1823 = CARTESIAN_POINT ( 'NONE',  ( -0.2391499454712862904, -1.208880084024966717, 0.000000000000000000 ) ) ;
#1824 = CARTESIAN_POINT ( 'NONE',  ( -1.205597224380985155, 1.203248347813309360, 0.000000000000000000 ) ) ;
#1825 = CARTESIAN_POINT ( 'NONE',  ( 0.5602070291955741910, 1.852933611516260681, 0.02015000000000002206 ) ) ;
#1826 = CARTESIAN_POINT ( 'NONE',  ( -1.281608850268985522, 0.6832959026439987538, 2.134256245050205639E-18 ) ) ;
#1827 = CARTESIAN_POINT ( 'NONE',  ( -0.7494574392338979596, 0.7495364083052779014, -0.005270901231338724797 ) ) ;
#1828 = CARTESIAN_POINT ( 'NONE',  ( -0.7996267244211930914, -1.200853511895701775, -0.02015000000000002206 ) ) ;
#1829 = CARTESIAN_POINT ( 'NONE',  ( 0.3856799158798063787, 1.275863850539966871, 0.02015000000000002206 ) ) ;
#1830 = CARTESIAN_POINT ( 'NONE',  ( -1.639201674204848747, -0.3287945360271859463, 0.000000000000000000 ) ) ;
#1831 = CARTESIAN_POINT ( 'NONE',  ( 0.9939941829502725312, -0.6626550158733278684, 0.005270901231338727400 ) ) ;
#1832 = CARTESIAN_POINT ( 'NONE',  ( -0.3248191438676411025, 1.064570386609664299, 0.02015000000000002206 ) ) ;
#1833 = CARTESIAN_POINT ( 'NONE',  ( -0.9724437325616150929, 0.7977007368796563691, 0.005270901231338729134 ) ) ;
#1834 = CARTESIAN_POINT ( 'NONE',  ( 0.9964302270859156652, -1.211288317801181513, -0.02015000000000002206 ) ) ;
#1835 = CARTESIAN_POINT ( 'NONE',  ( -1.808061033695298248, 0.5453418723856460204, -0.005270901231338727400 ) ) ;
#1836 = CARTESIAN_POINT ( 'NONE',  ( 1.779489441669531935, 0.7383356536689515970, -0.005270901231338724797 ) ) ;
#1837 = CARTESIAN_POINT ( 'NONE',  ( 0.5610388891212514384, 1.855864658646915411, 0.005270901231338727400 ) ) ;
#1838 = CARTESIAN_POINT ( 'NONE',  ( 0.1680483701384951900, 1.723398256320827659, 0.000000000000000000 ) ) ;
#1839 = CARTESIAN_POINT ( 'NONE',  ( -1.273377003589673873, 0.1240867406810308854, 0.005270901231338727400 ) ) ;
#1840 = CARTESIAN_POINT ( 'NONE',  ( -1.876044533218605981, -0.002925316656828175037, 0.02015000000000002206 ) ) ;
#1841 = CARTESIAN_POINT ( 'NONE',  ( 0.8505509035393795658, -0.8477023989134940818, -0.005270901231338727400 ) ) ;
#1842 = CARTESIAN_POINT ( 'NONE',  ( 0.4245075914789298577, 0.7933843767539374703, -0.005270901231338724797 ) ) ;
#1843 = CARTESIAN_POINT ( 'NONE',  ( 1.228696520285260219, -0.6551492142235911809, 0.000000000000000000 ) ) ;
#1844 = CARTESIAN_POINT ( 'NONE',  ( 0.7701318767301625901, 0.0008544233854192408899, 0.000000000000000000 ) ) ;
#1845 = CARTESIAN_POINT ( 'NONE',  ( 0.3613765739238957719, -0.6775999228413918107, 2.134256245050205639E-18 ) ) ;
#1846 = CARTESIAN_POINT ( 'NONE',  ( 0.5358336126748850514, -0.5368787896484557010, 0.005270901231338729134 ) ) ;
#1847 = CARTESIAN_POINT ( 'NONE',  ( 0.6293603150168006755, 1.181991064694784654, -0.02015000000000002206 ) ) ;
#1848 = CARTESIAN_POINT ( 'NONE',  ( -0.6949141861167402734, 1.296761074701824334, 0.005270901231338729134 ) ) ;
#1849 = CARTESIAN_POINT ( 'NONE',  ( 0.1807068429672382681, -1.816807983761690171, 0.000000000000000000 ) ) ;
#1850 = CARTESIAN_POINT ( 'NONE',  ( 1.656953061862679322, 0.5036559975945186229, -0.02015000000000002206 ) ) ;
#1851 = CARTESIAN_POINT ( 'NONE',  ( -1.073373248748989095, 0.1038692060985847848, -0.005270901231338727400 ) ) ;
#1852 = CARTESIAN_POINT ( 'NONE',  ( -1.044298569103947028, -0.7002971835861695471, 0.000000000000000000 ) ) ;
#1853 = CARTESIAN_POINT ( 'NONE',  ( -0.08012511123997419216, -0.8233557509138300645, 0.005270901231338727400 ) ) ;
#1854 = CARTESIAN_POINT ( 'NONE',  ( 1.377705946537882253, 1.381997458464802486, 0.02015000000000002206 ) ) ;
#1855 = CARTESIAN_POINT ( 'NONE',  ( -0.6871562657349298275, -1.664672961361193027, 2.134256245050205639E-18 ) ) ;
#1856 = COLOUR_RGB ( '',0.8392156862745098200, 0.4666666666666666741, 0.3686274509803921795 ) ;
#1857 = CARTESIAN_POINT ( 'NONE',  ( 0.8390008329309991408, -1.564997581607700639, 0.02015000000000002206 ) ) ;
#1858 = CARTESIAN_POINT ( 'NONE',  ( 0.8600612091381383273, 0.7068633388989601363, -0.005270901231338724797 ) ) ;
#1859 = CARTESIAN_POINT ( 'NONE',  ( -1.108457222168788059, -0.5938736979176155728, -0.02015000000000002206 ) ) ;
#1860 = CARTESIAN_POINT ( 'NONE',  ( 1.071094262873011793, 0.4456908515671042514, 0.02015000000000002206 ) ) ;
#1861 = CARTESIAN_POINT ( 'NONE',  ( -1.244767478624644097, 0.8299278464495765117, 0.000000000000000000 ) ) ;
#1862 = CARTESIAN_POINT ( 'NONE',  ( 0.2399508317265431068, -1.195852433669943204, 0.005270901231338727400 ) ) ;
#1863 = CARTESIAN_POINT ( 'NONE',  ( 0.3560254763341290096, 0.8635267244308592050, 0.02015000000000002206 ) ) ;
#1864 = CARTESIAN_POINT ( 'NONE',  ( 0.7609300212894080095, -1.136363958365058435, 0.005270901231338729134 ) ) ;
#1865 = CARTESIAN_POINT ( 'NONE',  ( -0.1464143918080355045, 1.479663173175286506, -0.02015000000000002206 ) ) ;
#1866 = CARTESIAN_POINT ( 'NONE',  ( -0.3499696474764826815, 0.8422069134738534579, 0.000000000000000000 ) ) ;
#1867 = CARTESIAN_POINT ( 'NONE',  ( -1.438979288415740188, 1.179546835686121176, -0.005270901231338724797 ) ) ;
#1868 = CARTESIAN_POINT ( 'NONE',  ( 1.970131138202268817, 0.002185763461703942295, 0.005270901231338727400 ) ) ;
#1869 = CARTESIAN_POINT ( 'NONE',  ( 1.376839913707069041, 0.7376920377158671105, 0.000000000000000000 ) ) ;
#1870 = CARTESIAN_POINT ( 'NONE',  ( -0.5842055717920714430, -1.095715841174814020, 0.005270901231338727400 ) ) ;
#1871 = CARTESIAN_POINT ( 'NONE',  ( 0.6635765156539205067, 1.606275832829189065, 0.02015000000000002206 ) ) ;
#1872 = CARTESIAN_POINT ( 'NONE',  ( 0.1094328641979097488, 1.123369919354717528, -0.005270901231338727400 ) ) ;
#1873 = CARTESIAN_POINT ( 'NONE',  ( 0.7927137538579086540, -0.5292087908012511610, -0.005270901231338724797 ) ) ;
#1874 = CARTESIAN_POINT ( 'NONE',  ( 0.9612851707088114761, 0.6437848133365058345, 0.000000000000000000 ) ) ;
#1875 = CARTESIAN_POINT ( 'NONE',  ( 1.147653037170011103, -1.395671176789096579, -0.005270901231338727400 ) ) ;
#1876 = CARTESIAN_POINT ( 'NONE',  ( 0.9481668450031139894, 1.422774367408236262, 0.02015000000000002206 ) ) ;
#1877 = CARTESIAN_POINT ( 'NONE',  ( -1.270338012875793510, 0.1238685036087551622, -0.02015000000000002206 ) ) ;
#1878 = CARTESIAN_POINT ( 'NONE',  ( 0.001399145755060335512, -1.386442015117156368, 0.005270901231338729134 ) ) ;
#1879 = CARTESIAN_POINT ( 'NONE',  ( 0.4713594034279414702, -1.548374499504132640, 0.000000000000000000 ) ) ;
#1880 = CARTESIAN_POINT ( 'NONE',  ( 0.1574276423133157132, -1.579482156034954787, -0.02015000000000002206 ) ) ;
#1881 = CARTESIAN_POINT ( 'NONE',  ( 0.3890591810186798116, -0.9347091925379735766, -0.005270901231338727400 ) ) ;
#1882 = CARTESIAN_POINT ( 'NONE',  ( 0.7648163529256304383, -0.9299396490749085586, 0.000000000000000000 ) ) ;
#1883 = CARTESIAN_POINT ( 'NONE',  ( 0.3736176715203726739, -0.9005907306069584894, 0.02015000000000002206 ) ) ;
#1884 = CARTESIAN_POINT ( 'NONE',  ( -1.176387336402598960, 1.175199064374667701, 2.134256245050205639E-18 ) ) ;
#1885 = CARTESIAN_POINT ( 'NONE',  ( -1.503922807003317041, -0.6238718497740198821, 0.02015000000000002206 ) ) ;
#1886 = CARTESIAN_POINT ( 'NONE',  ( 0.6431814776190480920, 0.6426690689537535306, -0.005270901231338724797 ) ) ;
#1887 = CARTESIAN_POINT ( 'NONE',  ( 0.9914140290708821635, -0.6610345484968087604, -0.02015000000000002206 ) ) ;
#1888 = CARTESIAN_POINT ( 'NONE',  ( -0.8816797207624655908, -0.8834031473363047615, 0.02015000000000002206 ) ) ;
#1889 = CARTESIAN_POINT ( 'NONE',  ( -1.211791900756342910, -0.8114565875636784442, 0.000000000000000000 ) ) ;
#1890 = CARTESIAN_POINT ( 'NONE',  ( 0.4655482169399987047, -1.120611367348821830, 0.005270901231338727400 ) ) ;
#1891 = CARTESIAN_POINT ( 'NONE',  ( -1.242357336109926491, -0.2483792248625461552, 0.02015000000000002206 ) ) ;
#1892 = CARTESIAN_POINT ( 'NONE',  ( -1.365709414426238721, -0.4148381848345397693, 0.005270901231338729134 ) ) ;
#1893 = CARTESIAN_POINT ( 'NONE',  ( 0.6510448399406715270, 1.574236381604599000, -0.02015000000000002206 ) ) ;
#1894 = CARTESIAN_POINT ( 'NONE',  ( 0.001121125418458782325, -1.025066133049630013, 0.000000000000000000 ) ) ;
#1895 = CARTESIAN_POINT ( 'NONE',  ( -1.769106634880433182, 0.5342724266550228363, -0.005270901231338724797 ) ) ;
#1896 = CARTESIAN_POINT ( 'NONE',  ( 1.730518621258949841, 0.9284965509297596897, 0.005270901231338727400 ) ) ;
#1897 = CARTESIAN_POINT ( 'NONE',  ( -1.563031101643532317, 0.6444940240607452964, 0.000000000000000000 ) ) ;
#1898 = CARTESIAN_POINT ( 'NONE',  ( 0.8906225380062372521, 0.7334339724980429853, 0.005270901231338727400 ) ) ;
#1899 = CARTESIAN_POINT ( 'NONE',  ( 0.7283269914200144468, -0.1455499981605677118, 0.02015000000000002206 ) ) ;
#1900 = CARTESIAN_POINT ( 'NONE',  ( 1.726423020526979268, 0.1721210642396229784, -0.005270901231338724797 ) ) ;
#1901 = CARTESIAN_POINT ( 'NONE',  ( -1.077985765446750399, 0.7177033829893897376, -0.005270901231338727400 ) ) ;
#1902 = CARTESIAN_POINT ( 'NONE',  ( 0.6109541476338372634, -0.7437991388682726468, -0.005270901231338724797 ) ) ;
#1903 = CARTESIAN_POINT ( 'NONE',  ( -0.5048123433848212827, 1.213041100766895308, 0.000000000000000000 ) ) ;
#1904 = CARTESIAN_POINT ( 'NONE',  ( -0.1918314809190365955, 1.916617431978808073, -0.005270901231338727400 ) ) ;
#1905 = CARTESIAN_POINT ( 'NONE',  ( 0.7653347998975816857, -0.1512902070212980843, 0.000000000000000000 ) ) ;
#1906 = PRODUCT_DEFINITION ( 'UNKNOWN', '', #2601, #927 ) ;
#1907 = CARTESIAN_POINT ( 'NONE',  ( -0.6882711152427598567, -1.667508476218467539, 0.02015000000000002206 ) ) ;
#1908 = CARTESIAN_POINT ( 'NONE',  ( 1.370367326566495292, -0.1327626872445138717, -0.02015000000000002206 ) ) ;
#1909 = CARTESIAN_POINT ( 'NONE',  ( -0.3708755199830477967, 1.221544760482527803, 0.005270901231338729134 ) ) ;
#1910 = CARTESIAN_POINT ( 'NONE',  ( -1.538218048209295752, -0.6389160711455251773, 0.000000000000000000 ) ) ;
#1911 = CARTESIAN_POINT ( 'NONE',  ( 1.540207263809526994, 0.001764240588550949548, -0.02015000000000002206 ) ) ;
#1912 = CARTESIAN_POINT ( 'NONE',  ( 0.1019113352055737859, -1.016772234786577300, -0.005270901231338727400 ) ) ;
#1913 = CARTESIAN_POINT ( 'NONE',  ( -1.230888026965613058, 0.3711548947408290222, 0.000000000000000000 ) ) ;
#1914 = CARTESIAN_POINT ( 'NONE',  ( -0.5946636777540832419, 0.8885890105412529438, 0.02015000000000002206 ) ) ;
#1915 = CARTESIAN_POINT ( 'NONE',  ( 0.6804962870783798357, -1.640309029067438695, 2.134256245050205639E-18 ) ) ;
#1916 = CARTESIAN_POINT ( 'NONE',  ( 1.714289111671689181, -0.3388039855823276603, 0.02015000000000002206 ) ) ;
#1917 = CARTESIAN_POINT ( 'NONE',  ( 0.5363425111141367774, -0.8031268213139206580, -0.005270901231338724797 ) ) ;
#1918 = CARTESIAN_POINT ( 'NONE',  ( 0.3856799158798063787, 1.275863850539966871, -0.02015000000000002206 ) ) ;
#1919 = CARTESIAN_POINT ( 'NONE',  ( 0.1207540219427922501, -1.213850969540671398, 0.02015000000000002206 ) ) ;
#1920 = CARTESIAN_POINT ( 'NONE',  ( -1.315931077667800819, 1.076431968058664701, 0.000000000000000000 ) ) ;
#1921 = CARTESIAN_POINT ( 'NONE',  ( 0.4137033172014812354, -1.355796239783332524, 0.005270901231338727400 ) ) ;
#1922 = CARTESIAN_POINT ( 'NONE',  ( 0.6325262084611974478, 0.9499658703794733317, 0.02015000000000002206 ) ) ;
#1923 = CARTESIAN_POINT ( 'NONE',  ( -0.4575541425220522873, -1.107228506377783139, 0.005270901231338729134 ) ) ;
#1924 = CARTESIAN_POINT ( 'NONE',  ( 0.9578472630387694364, 1.169836050377126124, -0.02015000000000002206 ) ) ;
#1925 = CARTESIAN_POINT ( 'NONE',  ( -1.186110483786181113, 1.441636490717625119, -0.005270901231338724797 ) ) ;
#1926 = CARTESIAN_POINT ( 'NONE',  ( -0.5590930220698715480, 1.836767040747111945, 0.005270901231338727400 ) ) ;
#1927 = CARTESIAN_POINT ( 'NONE',  ( 0.001600930868976154896, -1.627950493827648559, 0.000000000000000000 ) ) ;
#1928 = CARTESIAN_POINT ( 'NONE',  ( -0.7724506283608468804, -1.450762859432999985, 0.005270901231338727400 ) ) ;
#1929 = CARTESIAN_POINT ( 'NONE',  ( 0.5602070291955741910, 1.852933611516260681, 0.02015000000000002206 ) ) ;
#1930 = CARTESIAN_POINT ( 'NONE',  ( -0.4474425802325289747, -0.6697490886090344819, -0.02015000000000002206 ) ) ;
#1931 = CARTESIAN_POINT ( 'NONE',  ( 0.1475485730782827021, 1.523421985877380758, -0.005270901231338727400 ) ) ;
#1932 = CARTESIAN_POINT ( 'NONE',  ( 1.036913022556078756, 0.4303890292175405197, -0.005270901231338724797 ) ) ;
#1933 = CARTESIAN_POINT ( 'NONE',  ( -0.4147016391535399693, -1.375181278652612971, 0.000000000000000000 ) ) ;
#1934 = CARTESIAN_POINT ( 'NONE',  ( -0.5242263844771045678, 0.9782371444627333545, 0.000000000000000000 ) ) ;
#1935 = CARTESIAN_POINT ( 'NONE',  ( 0.001477987492284754244, -0.8240439628872554545, 0.000000000000000000 ) ) ;
#1936 = CARTESIAN_POINT ( 'NONE',  ( 1.697795853357347839, 0.9102836476816639211, 0.02015000000000002206 ) ) ;
#1937 = CARTESIAN_POINT ( 'NONE',  ( 1.235182475249662515, -1.011730787918551977, -0.02015000000000002206 ) ) ;
#1938 = CARTESIAN_POINT ( 'NONE',  ( -0.5349448407285926077, -1.292754324853520709, 0.005270901231338729134 ) ) ;
#1939 = CARTESIAN_POINT ( 'NONE',  ( 0.5656328842021768333, -0.5643018287050109993, 0.000000000000000000 ) ) ;
#1940 = CARTESIAN_POINT ( 'NONE',  ( -1.636103493005425458, 0.1591741929940221345, -0.02015000000000002206 ) ) ;
#1941 = CARTESIAN_POINT ( 'NONE',  ( -0.2391499454712862904, -1.208880084024966717, -0.005270901231338727400 ) ) ;
#1942 = CARTESIAN_POINT ( 'NONE',  ( 1.259813594297240824, 0.5233375016740893226, 0.000000000000000000 ) ) ;
#1943 = CARTESIAN_POINT ( 'NONE',  ( -0.2310517941950606668, -0.7617732476922071116, 0.02015000000000002206 ) ) ;
#1944 = CARTESIAN_POINT ( 'NONE',  ( 1.672625375881530596, -0.5063991488351508030, 2.134256245050205639E-18 ) ) ;
#1945 = CARTESIAN_POINT ( 'NONE',  ( 1.540207263809526994, 0.001764240588550949548, 0.02015000000000002206 ) ) ;
#1946 = CARTESIAN_POINT ( 'NONE',  ( 0.6125225836206753538, 1.148539778499770181, -0.005270901231338724797 ) ) ;
#1947 = CARTESIAN_POINT ( 'NONE',  ( 0.002265443225023133170, -1.423881906467276082, -0.02015000000000002206 ) ) ;
#1948 = CARTESIAN_POINT ( 'NONE',  ( -0.002706313008302134709, 1.725323629846420959, 0.02015000000000002206 ) ) ;
#1949 = CARTESIAN_POINT ( 'NONE',  ( 0.001600930868976154896, -1.627950493827648559, 0.000000000000000000 ) ) ;
#1950 = CARTESIAN_POINT ( 'NONE',  ( 1.356728512085618732, -0.2684365249612486459, 0.005270901231338727400 ) ) ;
#1951 = CARTESIAN_POINT ( 'NONE',  ( 0.4127512351919280231, -1.352902002109895196, 0.02015000000000002206 ) ) ;
#1952 =( GEOMETRIC_REPRESENTATION_CONTEXT ( 3 ) GLOBAL_UNCERTAINTY_ASSIGNED_CONTEXT ( ( #4013 ) ) GLOBAL_UNIT_ASSIGNED_CONTEXT ( ( #4339, #1137, #3388 ) ) REPRESENTATION_CONTEXT ( 'NONE', 'WORKASPACE' ) );
#1953 = CARTESIAN_POINT ( 'NONE',  ( -0.7652229205700291637, -0.9340258165924181233, 0.005270901231338729134 ) ) ;
#1954 = CARTESIAN_POINT ( 'NONE',  ( -1.141030626888449362, -1.143726219863400395, -0.02015000000000002206 ) ) ;
#1955 = CARTESIAN_POINT ( 'NONE',  ( 0.09704960091723442706, -0.9796390596999292599, -0.02015000000000002206 ) ) ;
#1956 = CARTESIAN_POINT ( 'NONE',  ( -0.7147809355183392110, 1.332049816219171845, 0.000000000000000000 ) ) ;
#1957 = CARTESIAN_POINT ( 'NONE',  ( -1.315931077667800819, 1.076431968058664701, 0.005270901231338727400 ) ) ;
#1958 = CARTESIAN_POINT ( 'NONE',  ( -1.769106634880433182, 0.5342724266550228363, -0.005270901231338724797 ) ) ;
#1959 = CARTESIAN_POINT ( 'NONE',  ( -1.111104734206231903, -0.5953816022218216819, -0.005270901231338727400 ) ) ;
#1960 = CARTESIAN_POINT ( 'NONE',  ( -0.9298389127187567382, 1.132093107798715970, -0.005270901231338724797 ) ) ;
#1961 = CARTESIAN_POINT ( 'NONE',  ( 0.1094328641979097488, 1.123369919354717528, 0.000000000000000000 ) ) ;
#1962 = CARTESIAN_POINT ( 'NONE',  ( -0.6578768776625942838, -0.5418696142778812730, 0.000000000000000000 ) ) ;
#1963 = CARTESIAN_POINT ( 'NONE',  ( -1.642575093221395832, -0.8800024732142828210, 0.000000000000000000 ) ) ;
#1964 = CARTESIAN_POINT ( 'NONE',  ( -1.609882313931113140, -0.8617357733782483598, 0.02015000000000002206 ) ) ;
#1965 = CARTESIAN_POINT ( 'NONE',  ( -0.002706313008229023920, 1.725323629846420959, -0.02015000000000002206 ) ) ;
#1966 = CARTESIAN_POINT ( 'NONE',  ( 0.3757234751991372912, 1.239761675578168632, 0.005270901231338729134 ) ) ;
#1967 = SURFACE_SIDE_STYLE ('',( #2378 ) ) ;
#1968 = CARTESIAN_POINT ( 'NONE',  ( 0.4597292553168276785, -1.512776291463462153, -0.02015000000000002206 ) ) ;
#1969 = CARTESIAN_POINT ( 'NONE',  ( 0.8906225380062372521, 0.7334339724980429853, -0.005270901231338727400 ) ) ;
#1970 = CARTESIAN_POINT ( 'NONE',  ( -0.8088472554647893054, 1.509707503463420863, 0.000000000000000000 ) ) ;
#1971 = CARTESIAN_POINT ( 'NONE',  ( -0.6804715744687609424, -0.4541127196253210707, 0.02015000000000002206 ) ) ;
#1972 = CARTESIAN_POINT ( 'NONE',  ( 1.205729670833924461, -0.9886001734533633734, 2.134256245050205639E-18 ) ) ;
#1973 = CARTESIAN_POINT ( 'NONE',  ( 0.8738259525523476290, -1.306358439398676685, 0.02015000000000002206 ) ) ;
#1974 = CARTESIAN_POINT ( 'NONE',  ( -1.011226627033686709, -0.6769254890068490127, -0.005270901231338724797 ) ) ;
#1975 = CARTESIAN_POINT ( 'NONE',  ( 0.5009666105312480244, 1.660835786188032959, -0.02015000000000002206 ) ) ;
#1976 = CARTESIAN_POINT ( 'NONE',  ( -0.7363186680940996265, 1.769704917171158076, 0.000000000000000000 ) ) ;
#1977 = CARTESIAN_POINT ( 'NONE',  ( 0.9683766516261700374, 1.454303005633201140, 0.005270901231338727400 ) ) ;
#1978 = CARTESIAN_POINT ( 'NONE',  ( 0.9520253103035333231, 0.9550720876288222305, 0.02015000000000002206 ) ) ;
#1979 = PRODUCT_RELATED_PRODUCT_CATEGORY ( 'part', '', ( #2788 ) ) ;
#1980 = CARTESIAN_POINT ( 'NONE',  ( -1.458561563198909727, 0.7786779587531966751, 0.005270901231338729134 ) ) ;
#1981 = CARTESIAN_POINT ( 'NONE',  ( 0.6136290003263069615, -0.5018934697528976141, -0.02015000000000002206 ) ) ;
#1982 = CARTESIAN_POINT ( 'NONE',  ( -0.9291791936273492425, 0.4966335640191317236, -0.02015000000000002206 ) ) ;
#1983 = CARTESIAN_POINT ( 'NONE',  ( 1.147653037170011103, -1.395671176789096579, 0.000000000000000000 ) ) ;
#1984 = CARTESIAN_POINT ( 'NONE',  ( 0.9809813853701755404, 1.199286113378744245, 0.005270901231338727400 ) ) ;
#1985 = CARTESIAN_POINT ( 'NONE',  ( 1.931790063672310431, 0.3873787633791743734, 0.02015000000000002206 ) ) ;
#1986 = CARTESIAN_POINT ( 'NONE',  ( 1.695133626540581639, 0.9088019001843152811, -0.005270901231338724797 ) ) ;
#1987 = CARTESIAN_POINT ( 'NONE',  ( -0.5811267864092536373, 1.399015821251289093, -0.005270901231338727400 ) ) ;
#1988 = CARTESIAN_POINT ( 'NONE',  ( -0.9724437325616150929, 0.7977007368796563691, -0.005270901231338724797 ) ) ;
#1989 = CARTESIAN_POINT ( 'NONE',  ( 0.7938970521617246812, 0.5324683241701797520, 0.000000000000000000 ) ) ;
#1990 = CARTESIAN_POINT ( 'NONE',  ( 1.970131138202268817, 0.002185763461703951836, -4.627930515048376147E-37 ) ) ;
#1991 = CARTESIAN_POINT ( 'NONE',  ( -0.4670301143217400197, -0.7016685252095359315, 0.005270901231338727400 ) ) ;
#1992 = CARTESIAN_POINT ( 'NONE',  ( -0.7587415611330523557, -0.3142814253884147480, 0.005270901231338729134 ) ) ;
#1993 = CARTESIAN_POINT ( 'NONE',  ( 0.1614976502704605354, -1.613643619517615369, -0.02015000000000002206 ) ) ;
#1994 = CARTESIAN_POINT ( 'NONE',  ( 0.2907118720410361012, 1.464691791224965511, 0.005270901231338729134 ) ) ;
#1995 = CARTESIAN_POINT ( 'NONE',  ( -1.545101602934605856, -1.035954902380741727, 0.000000000000000000 ) ) ;
#1996 = CARTESIAN_POINT ( 'NONE',  ( 0.6136290003263069615, -0.5018934697528976141, -0.02015000000000002206 ) ) ;
#1997 = CARTESIAN_POINT ( 'NONE',  ( 1.228696520285260219, -0.6551492142235911809, -0.005270901231338727400 ) ) ;
#1998 = CARTESIAN_POINT ( 'NONE',  ( -1.666824414092487494, -0.1658142189559886903, 0.000000000000000000 ) ) ;
#1999 = CARTESIAN_POINT ( 'NONE',  ( 0.6129627727320317021, -0.7460901190409214845, 0.02015000000000002206 ) ) ;
#2000 = CARTESIAN_POINT ( 'NONE',  ( 0.3674036453255876133, 1.859167097311532402, 2.134256245050205639E-18 ) ) ;
#2001 = CARTESIAN_POINT ( 'NONE',  ( 0.1509819783876368837, -0.7625580653310917167, 0.005270901231338729134 ) ) ;
#2002 = CARTESIAN_POINT ( 'NONE',  ( -1.191846861493955467, 0.3603949715128422215, -0.005270901231338724797 ) ) ;
#2003 = CARTESIAN_POINT ( 'NONE',  ( 0.9423015235718230631, -0.2840614059098928723, 0.000000000000000000 ) ) ;
#2004 = CARTESIAN_POINT ( 'NONE',  ( -1.462214907326532476, -0.7845298726367326836, -0.02015000000000002206 ) ) ;
#2005 = CARTESIAN_POINT ( 'NONE',  ( 0.5610388891212514384, 1.855864658646915411, 0.000000000000000000 ) ) ;
#2006 = CARTESIAN_POINT ( 'NONE',  ( 0.6205655057417678311, -1.491373008974095304, 0.005270901231338727400 ) ) ;
#2007 = CARTESIAN_POINT ( 'NONE',  ( 0.7628181781121685656, -0.9276395612596746165, 0.02015000000000002206 ) ) ;
#2008 = CARTESIAN_POINT ( 'NONE',  ( -1.210590071294454839, 0.8082048627443727540, 0.005270901231338729134 ) ) ;
#2009 = CARTESIAN_POINT ( 'NONE',  ( 1.656953061862679322, 0.5036559975945186229, -0.02015000000000002206 ) ) ;
#2010 = CARTESIAN_POINT ( 'NONE',  ( 1.129594105643378921, 0.1121855857374159382, -0.02015000000000002206 ) ) ;
#2011 = CARTESIAN_POINT ( 'NONE',  ( -1.545101602934605856, -1.035954902380741727, 0.000000000000000000 ) ) ;
#2012 = CARTESIAN_POINT ( 'NONE',  ( -0.9562346950440949733, 1.162805412926206872, 0.005270901231338727400 ) ) ;
#2013 = CARTESIAN_POINT ( 'NONE',  ( -1.029753615840079517, -0.1014078885769313931, -0.02015000000000002206 ) ) ;
#2014 = CARTESIAN_POINT ( 'NONE',  ( -0.3836257847870365167, 1.259981958273902469, -0.005270901231338727400 ) ) ;
#2015 = CARTESIAN_POINT ( 'NONE',  ( -1.034747101919234691, 1.032552405248691851, -0.005270901231338724797 ) ) ;
#2016 = CARTESIAN_POINT ( 'NONE',  ( -0.5733980108211776949, 0.6970738852500641958, 0.000000000000000000 ) ) ;
#2017 = CARTESIAN_POINT ( 'NONE',  ( -0.001906955048336523911, 1.125485933652464077, 0.000000000000000000 ) ) ;
#2018 = CARTESIAN_POINT ( 'NONE',  ( -1.808061033695298248, 0.5453418723856460204, 0.000000000000000000 ) ) ;
#2019 = CARTESIAN_POINT ( 'NONE',  ( 1.570353262082317958, -0.1531617794290483503, -0.02015000000000002206 ) ) ;
#2020 = CARTESIAN_POINT ( 'NONE',  ( 1.461441488963394875, -0.9753553698483216072, 0.005270901231338729134 ) ) ;
#2021 = CARTESIAN_POINT ( 'NONE',  ( 1.949984140556861867, 0.001837933221555797291, -1.057407396370665064E-21 ) ) ;
#2022 = CARTESIAN_POINT ( 'NONE',  ( -0.8509513681747179481, -1.594284229820047916, -0.02015000000000002206 ) ) ;
#2023 = CARTESIAN_POINT ( 'NONE',  ( 1.175787223235251533, 0.001241076782799628315, -0.005270901231338727400 ) ) ;
#2024 = CARTESIAN_POINT ( 'NONE',  ( -0.9520404726851268151, 1.419900844480240343, 0.000000000000000000 ) ) ;
#2025 = CARTESIAN_POINT ( 'NONE',  ( 0.7041433899066534829, 0.8581893090713917926, 0.02015000000000002206 ) ) ;
#2026 = CARTESIAN_POINT ( 'NONE',  ( -0.9291791936273492425, 0.4966335640191317236, 0.02015000000000002206 ) ) ;
#2027 = CARTESIAN_POINT ( 'NONE',  ( -0.7492465094395981406, 0.4003806030893953261, 0.005270901231338729134 ) ) ;
#2028 = CARTESIAN_POINT ( 'NONE',  ( 1.095463125983095587, -0.3322050630574307495, -0.005270901231338724797 ) ) ;
#2029 = CARTESIAN_POINT ( 'NONE',  ( -0.9335810111500513209, -0.5010653200894831238, 0.000000000000000000 ) ) ;
#2030 = CARTESIAN_POINT ( 'NONE',  ( 1.018799443403051397, -1.237426200781331032, -0.02015000000000002206 ) ) ;
#2031 = CARTESIAN_POINT ( 'NONE',  ( -0.7019742908916665192, -1.702361214516944887, 0.000000000000000000 ) ) ;
#2032 = CARTESIAN_POINT ( 'NONE',  ( 0.001600930868976154896, -1.627950493827648559, 0.005270901231338727400 ) ) ;
#2033 = CARTESIAN_POINT ( 'NONE',  ( -1.560193863047816931, 0.6433835640897160868, 0.02015000000000002206 ) ) ;
#2034 = CARTESIAN_POINT ( 'NONE',  ( 1.249441187040006396, -0.5160274348369479069, 0.02015000000000002206 ) ) ;
#2035 = CARTESIAN_POINT ( 'NONE',  ( 0.3723613963543238592, -0.8978149542858675503, 2.134256245050205639E-18 ) ) ;
#2036 = CARTESIAN_POINT ( 'NONE',  ( 0.1444512870837237895, 1.483043904259268464, 0.005270901231338729134 ) ) ;
#2037 = CARTESIAN_POINT ( 'NONE',  ( -1.548242864754658221, 1.031678816472028748, -0.02015000000000002206 ) ) ;
#2038 = CARTESIAN_POINT ( 'NONE',  ( -0.3343834194107725977, 0.8081542317969464539, -0.02015000000000002206 ) ) ;
#2039 = CARTESIAN_POINT ( 'NONE',  ( -1.171882550746745633, -1.432576041952445145, 0.000000000000000000 ) ) ;
#2040 = CARTESIAN_POINT ( 'NONE',  ( -1.652425368215098223, 0.3270096839457019566, 0.005270901231338727400 ) ) ;
#2041 = CARTESIAN_POINT ( 'NONE',  ( -0.2111244486780558260, 1.061032819385229420, -0.02015000000000002206 ) ) ;
#2042 = CARTESIAN_POINT ( 'NONE',  ( 0.8952924746793301525, -1.337045265786458437, -0.005270901231338727400 ) ) ;
#2043 = CARTESIAN_POINT ( 'NONE',  ( -1.153422440843427044, 0.4774753211620931248, -0.005270901231338724797 ) ) ;
#2044 = CARTESIAN_POINT ( 'NONE',  ( -0.7432208872972275726, 0.4953821853174797951, 0.000000000000000000 ) ) ;
#2045 = CARTESIAN_POINT ( 'NONE',  ( -0.1807216955192745833, 0.9002862732813275981, 0.000000000000000000 ) ) ;
#2046 = CARTESIAN_POINT ( 'NONE',  ( 1.934767834548602350, 0.3880236722248595060, 0.000000000000000000 ) ) ;
#2047 = CARTESIAN_POINT ( 'NONE',  ( -0.7856371147769859453, 0.4181495140189092630, -0.005270901231338727400 ) ) ;
#2048 = CARTESIAN_POINT ( 'NONE',  ( 0.4907828861924954933, 1.624797151762133796, 0.005270901231338729134 ) ) ;
#2049 = FACE_OUTER_BOUND ( 'NONE', #896, .T. ) ;
#2050 = CARTESIAN_POINT ( 'NONE',  ( -1.548242864754658221, 1.031678816472028748, -0.02015000000000002206 ) ) ;
#2051 = CARTESIAN_POINT ( 'NONE',  ( -1.004408518379826587, 0.8225651782396692369, -0.005270901231338727400 ) ) ;
#2052 = CARTESIAN_POINT ( 'NONE',  ( -0.7710688885257762637, -1.448047377333719465, 0.02015000000000002206 ) ) ;
#2053 = CARTESIAN_POINT ( 'NONE',  ( -0.5016177987361265522, 1.644133697731048560, 0.000000000000000000 ) ) ;
#2054 = CARTESIAN_POINT ( 'NONE',  ( -0.1359598025089761852, -1.386037564230652608, 0.02015000000000002206 ) ) ;
#2055 = CARTESIAN_POINT ( 'NONE',  ( -1.186110483786181113, 1.441636490717625119, 2.134256245050205639E-18 ) ) ;
#2056 = CARTESIAN_POINT ( 'NONE',  ( 1.483583075901298010, 1.219092001740331499, 0.02015000000000002206 ) ) ;
#2057 = CARTESIAN_POINT ( 'NONE',  ( 0.2309832696986008349, -1.156360996557075582, -0.005270901231338724797 ) ) ;
#2058 = CARTESIAN_POINT ( 'NONE',  ( 0.8453695547284563183, 0.4530711667356038808, 0.000000000000000000 ) ) ;
#2059 = CARTESIAN_POINT ( 'NONE',  ( 1.374185059110894613, 0.7361971123340188550, -0.02015000000000002206 ) ) ;
#2060 = CARTESIAN_POINT ( 'NONE',  ( -0.001840833590225307917, 1.929392674238441963, 0.000000000000000000 ) ) ;
#2061 = CARTESIAN_POINT ( 'NONE',  ( -1.279238294855618019, -1.051943866106160863, 0.005270901231338727400 ) ) ;
#2062 = CARTESIAN_POINT ( 'NONE',  ( 0.1473155455506510725, 1.520384098983244447, 0.02015000000000002206 ) ) ;
#2063 = CARTESIAN_POINT ( 'NONE',  ( 1.095463125983095587, -0.3322050630574307495, 2.134256245050205639E-18 ) ) ;
#2064 = CARTESIAN_POINT ( 'NONE',  ( 0.0007450762020599124283, -1.587462860693169553, 0.005270901231338729134 ) ) ;
#2065 = CARTESIAN_POINT ( 'NONE',  ( -0.6882711152427598567, -1.667508476218467539, -0.02015000000000002206 ) ) ;
#2066 = CARTESIAN_POINT ( 'NONE',  ( -0.0008160780034905748288, 1.088051799897545857, -0.02015000000000002206 ) ) ;
#2067 = CARTESIAN_POINT ( 'NONE',  ( -0.6578768776625942838, -0.5418696142778812730, 0.005270901231338727400 ) ) ;
#2068 = CARTESIAN_POINT ( 'NONE',  ( -0.001840833590225307917, 1.929392674238441963, 0.005270901231338727400 ) ) ;
#2069 = CARTESIAN_POINT ( 'NONE',  ( -0.8296915607460528808, -0.08186214252579407380, -0.02015000000000002206 ) ) ;
#2070 = CARTESIAN_POINT ( 'NONE',  ( -1.538218048209295752, -0.6389160711455251773, -0.005270901231338727400 ) ) ;
#2071 = CARTESIAN_POINT ( 'NONE',  ( 1.192525431364199306, -0.6369382897207322980, -0.005270901231338724797 ) ) ;
#2072 = CARTESIAN_POINT ( 'NONE',  ( -0.8493512204956503719, 0.6946296372873473901, 0.000000000000000000 ) ) ;
#2073 = CARTESIAN_POINT ( 'NONE',  ( -0.7789543309099374868, 0.7772840017148821001, 0.005270901231338727400 ) ) ;
#2074 = CARTESIAN_POINT ( 'NONE',  ( -0.4298267816048044199, 0.8007580761121533275, -0.005270901231338727400 ) ) ;
#2075 = CARTESIAN_POINT ( 'NONE',  ( 1.537161124775034970, 0.001700280484006173225, 0.005270901231338729134 ) ) ;
#2076 = CARTESIAN_POINT ( 'NONE',  ( -0.7432208872972275726, 0.4953821853174797951, 0.000000000000000000 ) ) ;
#2077 = CARTESIAN_POINT ( 'NONE',  ( -1.188084254919365979, 1.443957537399775726, -0.02015000000000002206 ) ) ;
#2078 = CARTESIAN_POINT ( 'NONE',  ( -1.404178228887819069, -0.4274925941071098245, -0.005270901231338727400 ) ) ;
#2079 = CARTESIAN_POINT ( 'NONE',  ( -1.349419182875383427, -0.5614597639983160970, 0.02015000000000002206 ) ) ;
#2080 = CARTESIAN_POINT ( 'NONE',  ( -1.317737710512343563, 0.7015904054980349747, 0.000000000000000000 ) ) ;
#2081 = CARTESIAN_POINT ( 'NONE',  ( 0.6142405423543448872, 0.9208245910812350443, 0.02015000000000002206 ) ) ;
#2082 = CARTESIAN_POINT ( 'NONE',  ( -0.7201723274120809259, 1.732566349246845938, 2.134256245050205639E-18 ) ) ;
#2083 = CARTESIAN_POINT ( 'NONE',  ( 1.071094262873011793, 0.4456908515671042514, -0.02015000000000002206 ) ) ;
#2084 = CARTESIAN_POINT ( 'NONE',  ( 0.7298681232698380761, -0.0008544233854192408899, 0.005270901231338729134 ) ) ;
#2085 = CARTESIAN_POINT ( 'NONE',  ( 0.5723238800740190202, 1.385962546922364869, -0.005270901231338724797 ) ) ;
#2086 = CARTESIAN_POINT ( 'NONE',  ( -0.1184289950923217705, -1.223389494464337313, 0.000000000000000000 ) ) ;
#2087 = CARTESIAN_POINT ( 'NONE',  ( -0.9542487809546187361, 1.160494740762421984, -0.02015000000000002206 ) ) ;
#2088 = CARTESIAN_POINT ( 'NONE',  ( 0.7270504242972418707, -0.2996124230314293757, 0.000000000000000000 ) ) ;
#2089 = CARTESIAN_POINT ( 'NONE',  ( -1.563031101643532317, 0.6444940240607452964, 0.005270901231338727400 ) ) ;
#2090 = CARTESIAN_POINT ( 'NONE',  ( 0.5859085490680321362, 1.420861697910611232, 0.02015000000000002206 ) ) ;
#2091 = CARTESIAN_POINT ( 'NONE',  ( -0.9445028599140279368, -0.3910878806237014227, 2.134256245050205639E-18 ) ) ;
#2092 = CARTESIAN_POINT ( 'NONE',  ( 1.929837142911454473, 0.001490102981407594607, 0.005270901231338729134 ) ) ;
#2093 = CARTESIAN_POINT ( 'NONE',  ( -0.07994837832442129588, -0.8203140385386719080, -0.02015000000000002206 ) ) ;
#2094 = CARTESIAN_POINT ( 'NONE',  ( -1.236023241259890160, 0.1214042791348209360, -0.02015000000000002206 ) ) ;
#2095 = CARTESIAN_POINT ( 'NONE',  ( -0.2188472845191537786, 1.094558006466558542, 0.02015000000000002206 ) ) ;
#2096 = CARTESIAN_POINT ( 'NONE',  ( 1.934767834548602350, 0.3880236722248595060, 0.000000000000000000 ) ) ;
#2097 = CARTESIAN_POINT ( 'NONE',  ( 0.1807068429672382681, -1.816807983761690171, 0.005270901231338727400 ) ) ;
#2098 = CARTESIAN_POINT ( 'NONE',  ( 0.6129627727320317021, -0.7460901190409214845, -0.02015000000000002206 ) ) ;
#2099 = CARTESIAN_POINT ( 'NONE',  ( -1.464872751235547721, -0.7860194739903916261, -0.005270901231338727400 ) ) ;
#2100 = CARTESIAN_POINT ( 'NONE',  ( 0.7078008812016503004, 1.325547074162961803, -0.005270901231338724797 ) ) ;
#2101 = CARTESIAN_POINT ( 'NONE',  ( -0.5733980108211776949, 0.6970738852500641958, 0.000000000000000000 ) ) ;
#2102 = CARTESIAN_POINT ( 'NONE',  ( -0.6578768776625942838, -0.5418696142778812730, 0.005270901231338727400 ) ) ;
#2103 = CARTESIAN_POINT ( 'NONE',  ( 1.931790063672310431, 0.3873787633791743734, -0.02015000000000002206 ) ) ;
#2104 = CARTESIAN_POINT ( 'NONE',  ( 1.593423399652093231, 0.6622428864346332489, 0.005270901231338729134 ) ) ;
#2105 = CARTESIAN_POINT ( 'NONE',  ( 0.9423015235718230631, -0.2840614059098928723, 0.000000000000000000 ) ) ;
#2106 = CARTESIAN_POINT ( 'NONE',  ( 0.7702987392064608585, -0.07457817961127910511, -0.02015000000000002206 ) ) ;
#2107 = CARTESIAN_POINT ( 'NONE',  ( 1.237578667588751458, -1.013612625735693884, -0.005270901231338727400 ) ) ;
#2108 = CARTESIAN_POINT ( 'NONE',  ( -0.3156966766002555214, -1.600282693913325893, 0.02015000000000002206 ) ) ;
#2109 = CARTESIAN_POINT ( 'NONE',  ( 0.4247125481199391372, -0.6359608410971806514, 2.134256245050205639E-18 ) ) ;
#2110 = CARTESIAN_POINT ( 'NONE',  ( -0.5674580194021628943, -1.062219278675745393, 0.02015000000000002206 ) ) ;
#2111 =( NAMED_UNIT ( * ) SI_UNIT ( $, .STERADIAN. ) SOLID_ANGLE_UNIT ( ) );
#2112 = CARTESIAN_POINT ( 'NONE',  ( 0.4333335891615047175, 1.049089024328551112, -0.02015000000000002206 ) ) ;
#2113 = CARTESIAN_POINT ( 'NONE',  ( 0.7329077625518832795, -0.07247081500368435236, 0.005270901231338729134 ) ) ;
#2114 = CARTESIAN_POINT ( 'NONE',  ( 0.9465226354020148669, 1.420209291420845288, -0.005270901231338724797 ) ) ;
#2115 = CARTESIAN_POINT ( 'NONE',  ( -1.004408518379826587, 0.8225651782396692369, 0.000000000000000000 ) ) ;
#2116 = CARTESIAN_POINT ( 'NONE',  ( 1.275267071529245344, -1.271284774541415974, -0.02015000000000002206 ) ) ;
#2117 = CARTESIAN_POINT ( 'NONE',  ( -0.6370959160180167391, 0.6348540631276851087, 0.000000000000000000 ) ) ;
#2118 = CARTESIAN_POINT ( 'NONE',  ( -0.9162120482388258491, -1.118593491501180148, 0.02015000000000002206 ) ) ;
#2119 = CARTESIAN_POINT ( 'NONE',  ( -0.3129001746479986856, 1.029067669322690115, 2.134256245050205639E-18 ) ) ;
#2120 = CARTESIAN_POINT ( 'NONE',  ( 0.6804962870783798357, -1.640309029067438695, 0.005270901231338729134 ) ) ;
#2121 = CARTESIAN_POINT ( 'NONE',  ( 0.2949120796717676907, -0.9687045273575080051, -0.02015000000000002206 ) ) ;
#2122 = CARTESIAN_POINT ( 'NONE',  ( -0.4046571075630648884, -1.339103541208640280, -0.02015000000000002206 ) ) ;
#2123 = CARTESIAN_POINT ( 'NONE',  ( 0.9204060125656129410, 0.2808490005789493482, 0.02015000000000002206 ) ) ;
#2124 = CARTESIAN_POINT ( 'NONE',  ( -1.194784164113360969, 0.3612045055086569034, 0.02015000000000002206 ) ) ;
#2125 = CARTESIAN_POINT ( 'NONE',  ( -0.5733980108211776949, 0.6970738852500641958, 0.005270901231338727400 ) ) ;
#2126 = CARTESIAN_POINT ( 'NONE',  ( 1.766643232454596424, 0.1768447899678749213, 0.005270901231338727400 ) ) ;
#2127 = CARTESIAN_POINT ( 'NONE',  ( 0.7390892277421293732, -0.6068918470879590688, 0.005270901231338729134 ) ) ;
#2128 = CARTESIAN_POINT ( 'NONE',  ( 0.08695204051191902928, 0.8859811053466843944, -0.02015000000000002206 ) ) ;
#2129 = CARTESIAN_POINT ( 'NONE',  ( -1.563031101643532317, 0.6444940240607452964, -0.005270901231338727400 ) ) ;
#2130 = CARTESIAN_POINT ( 'NONE',  ( 0.6043036268532824273, -1.454284836891896582, -0.005270901231338724797 ) ) ;
#2131 = CARTESIAN_POINT ( 'NONE',  ( -1.466694833401301468, -0.1468714080645105169, 0.000000000000000000 ) ) ;
#2132 = CARTESIAN_POINT ( 'NONE',  ( -0.2195312356370549833, 1.097527069858855953, 0.005270901231338727400 ) ) ;
#2133 = CARTESIAN_POINT ( 'NONE',  ( 0.9127811556708524954, 1.714101855919977213, -0.02015000000000002206 ) ) ;
#2134 = CARTESIAN_POINT ( 'NONE',  ( -1.833037230317976496, 0.1794783528163294839, 0.005270901231338729134 ) ) ;
#2135 = CARTESIAN_POINT ( 'NONE',  ( -0.3192804869888804520, -0.7733491137579409092, 0.000000000000000000 ) ) ;
#2136 = CARTESIAN_POINT ( 'NONE',  ( -0.3487015984393075363, 0.8394364888377384704, -0.02015000000000002206 ) ) ;
#2137 = CARTESIAN_POINT ( 'NONE',  ( 1.376839913707069041, 0.7376920377158671105, -0.005270901231338727400 ) ) ;
#2138 = CARTESIAN_POINT ( 'NONE',  ( -1.401283987690508770, -0.4265405264867929702, 0.02015000000000002206 ) ) ;
#2139 = CARTESIAN_POINT ( 'NONE',  ( 0.9683766516261700374, 1.454303005633201140, 0.000000000000000000 ) ) ;
#2140 = CARTESIAN_POINT ( 'NONE',  ( -0.2328543397506835089, -1.171963071190804673, 0.02015000000000002206 ) ) ;
#2141 = APPLICATION_PROTOCOL_DEFINITION ( 'draft international standard', 'automotive_design', 1998, #3077 ) ;
#2142 = CARTESIAN_POINT ( 'NONE',  ( 0.9703222410082557037, -0.09458415556913489508, -0.02015000000000002206 ) ) ;
#2143 = CARTESIAN_POINT ( 'NONE',  ( 0.2309832696986008349, -1.156360996557075582, 0.005270901231338729134 ) ) ;
#2144 = CARTESIAN_POINT ( 'NONE',  ( 1.480484694280911118, -0.4473042365981125257, -0.005270901231338724797 ) ) ;
#2145 = CARTESIAN_POINT ( 'NONE',  ( -1.044298569103947028, -0.7002971835861695471, 0.000000000000000000 ) ) ;
#2146 = CARTESIAN_POINT ( 'NONE',  ( 1.459799075146788860, 0.9773861619861045069, -0.02015000000000002206 ) ) ;
#2147 = CARTESIAN_POINT ( 'NONE',  ( 0.9497254445125788980, 0.1900093630857323801, 0.000000000000000000 ) ) ;
#2148 = CARTESIAN_POINT ( 'NONE',  ( -0.5006771717770824859, 1.641235722060790048, 0.02015000000000002206 ) ) ;
#2149 = CARTESIAN_POINT ( 'NONE',  ( -0.5647878031557976852, 1.361961530562434852, 2.134256245050205639E-18 ) ) ;
#2150 = CARTESIAN_POINT ( 'NONE',  ( 0.1759722105407228177, -1.776589062188569157, 0.005270901231338729134 ) ) ;
#2151 = CARTESIAN_POINT ( 'NONE',  ( -1.045100680656782410, -0.2096506075227196064, -0.02015000000000002206 ) ) ;
#2152 = CARTESIAN_POINT ( 'NONE',  ( 1.195246800794747655, -0.6383084075336821206, -0.02015000000000002206 ) ) ;
#2153 = CARTESIAN_POINT ( 'NONE',  ( 0.6687155400290383245, 0.6700647746321530818, 0.02015000000000002206 ) ) ;
#2154 = CARTESIAN_POINT ( 'NONE',  ( 0.7270414544978539562, 0.8878234437803660395, 0.000000000000000000 ) ) ;
#2155 = CARTESIAN_POINT ( 'NONE',  ( 0.9423015235718230631, -0.2840614059098928723, 0.005270901231338727400 ) ) ;
#2156 = CARTESIAN_POINT ( 'NONE',  ( 1.778671584030809605, 0.001720882229786206740, 0.005270901231338727400 ) ) ;
#2157 = CARTESIAN_POINT ( 'NONE',  ( 0.9342907450688473503, 0.0003351746386753474039, 0.005270901231338729134 ) ) ;
#2158 = CARTESIAN_POINT ( 'NONE',  ( -1.046328588673005600, 0.6976953328805680643, -0.02015000000000002206 ) ) ;
#2159 = CARTESIAN_POINT ( 'NONE',  ( -1.673438231575997470, 0.1621083620707732265, -0.005270901231338727400 ) ) ;
#2160 = CARTESIAN_POINT ( 'NONE',  ( -0.7540852297177578212, -1.414670021996402127, -0.005270901231338724797 ) ) ;
#2161 = CARTESIAN_POINT ( 'NONE',  ( 1.373405740173228917, -0.1329887840855085990, 0.000000000000000000 ) ) ;
#2162 = CARTESIAN_POINT ( 'NONE',  ( 0.9747649482767722917, 0.001692471270416130973, 0.005270901231338727400 ) ) ;
#2163 = CARTESIAN_POINT ( 'NONE',  ( -0.8273931464775039490, -0.2520253568315128367, -0.005270901231338727400 ) ) ;
#2164 = CARTESIAN_POINT ( 'NONE',  ( -0.1714148252238384684, 0.8608732046719057562, -0.005270901231338724797 ) ) ;
#2165 = CARTESIAN_POINT ( 'NONE',  ( 0.9126431474845304592, -0.3768481304921343367, 0.000000000000000000 ) ) ;
#2166 = CARTESIAN_POINT ( 'NONE',  ( -1.639201674204848747, -0.3287945360271859463, -0.005270901231338727400 ) ) ;
#2167 = CARTESIAN_POINT ( 'NONE',  ( 1.080837092333922778, 1.620927422155468367, 0.000000000000000000 ) ) ;
#2168 = CARTESIAN_POINT ( 'NONE',  ( -1.439789530558584829, -0.0006144906129714252253, 0.02015000000000002206 ) ) ;
#2169 = CARTESIAN_POINT ( 'NONE',  ( -0.7516766685048876795, 0.7516240273050294185, 0.02015000000000002206 ) ) ;
#2170 =( NAMED_UNIT ( * ) PLANE_ANGLE_UNIT ( ) SI_UNIT ( $, .RADIAN. ) );
#2171 = CARTESIAN_POINT ( 'NONE',  ( -0.9309396068743888142, -0.4995467256700553138, -0.02015000000000002206 ) ) ;
#2172 = CARTESIAN_POINT ( 'NONE',  ( 0.3429078182511584583, 0.8284490771591395131, 0.005270901231338729134 ) ) ;
#2173 = CARTESIAN_POINT ( 'NONE',  ( -1.415530904714172866, 0.2800228065795956067, -0.005270901231338724797 ) ) ;
#2174 = CARTESIAN_POINT ( 'NONE',  ( 1.284370875885076924, -0.5295334903939589166, 0.000000000000000000 ) ) ;
#2175 = CARTESIAN_POINT ( 'NONE',  ( -0.3557584943596631133, -1.797274823402982724, -0.02015000000000002206 ) ) ;
#2176 = CARTESIAN_POINT ( 'NONE',  ( 0.3890591810186798116, -0.9347091925379735766, 0.000000000000000000 ) ) ;
#2177 = CARTESIAN_POINT ( 'NONE',  ( -0.3162303200274408921, -1.603282406148555106, 0.000000000000000000 ) ) ;
#2178 = CARTESIAN_POINT ( 'NONE',  ( 1.931790063672310431, 0.3873787633791743734, 0.02015000000000002206 ) ) ;
#2179 = CARTESIAN_POINT ( 'NONE',  ( 0.1444512870837237895, 1.483043904259268464, 2.134256245050205639E-18 ) ) ;
#2180 = CARTESIAN_POINT ( 'NONE',  ( -0.6780058982080960917, -0.4523228392360981731, -0.005270901231338724797 ) ) ;
#2181 = CARTESIAN_POINT ( 'NONE',  ( -0.9600051485415055375, 0.5119090951455219640, -0.02015000000000002206 ) ) ;
#2182 = CARTESIAN_POINT ( 'NONE',  ( 1.115785687665855175, 0.3397589754674914531, 0.000000000000000000 ) ) ;
#2183 = CARTESIAN_POINT ( 'NONE',  ( -1.046328588673005600, 0.6976953328805680643, 0.02015000000000002206 ) ) ;
#2184 = CARTESIAN_POINT ( 'NONE',  ( 0.8453695547284563183, 0.4530711667356038808, 0.005270901231338727400 ) ) ;
#2185 = CARTESIAN_POINT ( 'NONE',  ( 0.6136290003263069615, -0.5018934697528976141, 0.02015000000000002206 ) ) ;
#2186 = CARTESIAN_POINT ( 'NONE',  ( -0.8239644071500840106, 0.1638362993459017980, 0.005270901231338729134 ) ) ;
#2187 = CARTESIAN_POINT ( 'NONE',  ( 0.3765335015227256887, 1.242698840875738009, -0.02015000000000002206 ) ) ;
#2188 = CARTESIAN_POINT ( 'NONE',  ( 0.3570926898788228110, 0.8663805372111738068, 0.000000000000000000 ) ) ;
#2189 = CARTESIAN_POINT ( 'NONE',  ( 1.480484694280911118, -0.4473042365981125257, -0.005270901231338724797 ) ) ;
#2190 = CARTESIAN_POINT ( 'NONE',  ( 0.7462914311601734907, 1.119380830785750458, 0.000000000000000000 ) ) ;
#2191 = CARTESIAN_POINT ( 'NONE',  ( -0.5733980108211776949, 0.6970738852500641958, 0.005270901231338727400 ) ) ;
#2192 = CARTESIAN_POINT ( 'NONE',  ( 1.073875146656476431, 0.4469357622034294542, -0.005270901231338727400 ) ) ;
#2193 = CARTESIAN_POINT ( 'NONE',  ( 1.481262693788392371, 1.217117450113902599, 0.005270901231338729134 ) ) ;
#2194 = CARTESIAN_POINT ( 'NONE',  ( -0.9627351620698099133, 0.5132619293641010882, 0.000000000000000000 ) ) ;
#2195 = CARTESIAN_POINT ( 'NONE',  ( -1.315931077667800819, 1.076431968058664701, -0.005270901231338727400 ) ) ;
#2196 = VERTEX_POINT ( 'NONE', #1990 ) ;
#2197 = CARTESIAN_POINT ( 'NONE',  ( 1.147653037170011103, -1.395671176789096579, 0.000000000000000000 ) ) ;
#2198 = CARTESIAN_POINT ( 'NONE',  ( -1.213161444020806945, 0.8098392139779998500, 0.02015000000000002206 ) ) ;
#2199 = CARTESIAN_POINT ( 'NONE',  ( -1.070333424780429254, 0.1036627841810691397, -0.02015000000000002206 ) ) ;
#2200 = CARTESIAN_POINT ( 'NONE',  ( -0.9445028599140279368, -0.3910878806237014227, 0.005270901231338729134 ) ) ;
#2201 = CARTESIAN_POINT ( 'NONE',  ( 1.432079220467927572, -0.5924330232573018495, -0.005270901231338724797 ) ) ;
#2202 = CARTESIAN_POINT ( 'NONE',  ( -0.8837750882329594715, -0.8856150542735711229, 0.000000000000000000 ) ) ;
#2203 = CARTESIAN_POINT ( 'NONE',  ( 1.079190009574493736, 1.618364192527235845, -0.02015000000000002206 ) ) ;
#2204 = CARTESIAN_POINT ( 'NONE',  ( 0.5599489262275344492, -0.8360318056955580168, 0.000000000000000000 ) ) ;
#2205 = CARTESIAN_POINT ( 'NONE',  ( -1.455415638554654612, 0.2870364769918280490, 0.000000000000000000 ) ) ;
#2206 = CARTESIAN_POINT ( 'NONE',  ( -1.870368203883203018, 0.1824596936279514192, 0.02015000000000002206 ) ) ;
#2207 = CARTESIAN_POINT ( 'NONE',  ( -1.384053864290848201, 0.4192660393690074150, 2.134256245050205639E-18 ) ) ;
#2208 = CARTESIAN_POINT ( 'NONE',  ( -1.838600594165971547, -0.002260871458993952022, 0.005270901231338729134 ) ) ;
#2209 = CARTESIAN_POINT ( 'NONE',  ( -0.001818204544977326852, 1.122440404158823402, -0.02015000000000002206 ) ) ;
#2210 = CARTESIAN_POINT ( 'NONE',  ( 0.7688195951497643899, -0.6296649768360840227, 0.02015000000000002206 ) ) ;
#2211 = CARTESIAN_POINT ( 'NONE',  ( -0.5842055717920714430, -1.095715841174814020, 0.000000000000000000 ) ) ;
#2212 = CARTESIAN_POINT ( 'NONE',  ( 0.3765335015227256887, 1.242698840875738009, 0.02015000000000002206 ) ) ;
#2213 = CARTESIAN_POINT ( 'NONE',  ( 0.9747649482767722917, 0.001692471270416130973, 0.005270901231338727400 ) ) ;
#2214 = CARTESIAN_POINT ( 'NONE',  ( 0.1015157990015662232, -1.013751190392690571, 0.02015000000000002206 ) ) ;
#2215 = CARTESIAN_POINT ( 'NONE',  ( 0.8849568241518871448, 0.2687714400707260642, 0.005270901231338729134 ) ) ;
#2216 = CARTESIAN_POINT ( 'NONE',  ( 1.098402746902901406, -0.3330061494900434793, -0.02015000000000002206 ) ) ;
#2217 = CARTESIAN_POINT ( 'NONE',  ( -0.5590930220698715480, 1.836767040747111945, -0.005270901231338727400 ) ) ;
#2218 = CARTESIAN_POINT ( 'NONE',  ( -1.599647794482815133, -0.3201071330513194924, -0.005270901231338724797 ) ) ;
#2219 = CARTESIAN_POINT ( 'NONE',  ( 1.051687412658427911, -0.5598699597655386606, 0.000000000000000000 ) ) ;
#2220 = CARTESIAN_POINT ( 'NONE',  ( 1.115785687665855175, 0.3397589754674914531, 0.005270901231338727400 ) ) ;
#2221 = CARTESIAN_POINT ( 'NONE',  ( 0.1803506279807803869, -1.813782071439088650, 0.02015000000000002206 ) ) ;
#2222 = CARTESIAN_POINT ( 'NONE',  ( 0.9733628351280728674, -0.09477898771711344705, -0.005270901231338727400 ) ) ;
#2223 = CARTESIAN_POINT ( 'NONE',  ( 0.6602887923510039059, -0.3538000944934622249, -0.005270901231338724797 ) ) ;
#2224 = CARTESIAN_POINT ( 'NONE',  ( 1.343635513853318031, 0.2695653998278391139, 0.000000000000000000 ) ) ;
#2225 = CARTESIAN_POINT ( 'NONE',  ( -0.08012511123997419216, -0.8233557509138300645, 0.000000000000000000 ) ) ;
#2226 = CARTESIAN_POINT ( 'NONE',  ( 1.966791553317508212, 0.1955994674647489606, 0.000000000000000000 ) ) ;
#2227 = CARTESIAN_POINT ( 'NONE',  ( -0.3295772889292300500, 1.652157256456737278, 0.02015000000000002206 ) ) ;
#2228 = CARTESIAN_POINT ( 'NONE',  ( 1.138352634839041366, 0.0001668850502806230071, 0.02015000000000002206 ) ) ;
#2229 = CARTESIAN_POINT ( 'NONE',  ( -0.001283043338482277784, 1.323462496218483997, -0.02015000000000002206 ) ) ;
#2230 = CARTESIAN_POINT ( 'NONE',  ( 0.7927137538579086540, -0.5292087908012511610, 0.005270901231338729134 ) ) ;
#2231 = CARTESIAN_POINT ( 'NONE',  ( 0.1516971354633323832, -0.7655197886944533625, -0.02015000000000002206 ) ) ;
#2232 = CARTESIAN_POINT ( 'NONE',  ( 0.9373358637705507812, 0.0004372922600000489837, 0.02015000000000002206 ) ) ;
#2233 = CARTESIAN_POINT ( 'NONE',  ( 1.778671584030809605, 0.001720882229786206740, 0.000000000000000000 ) ) ;
#2234 = CARTESIAN_POINT ( 'NONE',  ( -1.745571495105645132, 0.7211400087384599589, -0.02015000000000002206 ) ) ;
#2235 = CARTESIAN_POINT ( 'NONE',  ( -0.5359940070366022713, -0.6546532945996479391, 0.000000000000000000 ) ) ;
#2236 = CARTESIAN_POINT ( 'NONE',  ( -0.1509215949444404903, 1.516840844423077650, 0.000000000000000000 ) ) ;
#2237 = CARTESIAN_POINT ( 'NONE',  ( 1.145675325035443226, -1.393353486046602363, 0.02015000000000002206 ) ) ;
#2238 = CARTESIAN_POINT ( 'NONE',  ( 1.326666222140839402, 0.1310625638439406326, 2.134256245050205639E-18 ) ) ;
#2239 = CARTESIAN_POINT ( 'NONE',  ( -0.5576127365131845481, -0.8342303983233123610, -0.005270901231338724797 ) ) ;
#2240 = CARTESIAN_POINT ( 'NONE',  ( 0.9097903710630436125, -0.3757781607745634411, -0.02015000000000002206 ) ) ;
#2241 = CARTESIAN_POINT ( 'NONE',  ( 0.9900696380011519970, -0.9881647416713185139, 0.02015000000000002206 ) ) ;
#2242 = CARTESIAN_POINT ( 'NONE',  ( -1.273377003589673873, 0.1240867406810308854, 0.000000000000000000 ) ) ;
#2243 = CARTESIAN_POINT ( 'NONE',  ( 0.4423182869424111541, 0.8297544829725637117, 0.005270901231338727400 ) ) ;
#2244 = CARTESIAN_POINT ( 'NONE',  ( -0.6348647744319081410, 0.6327791612833466584, 0.02015000000000002206 ) ) ;
#2245 = CARTESIAN_POINT ( 'NONE',  ( -1.021086762311316898, 0.2031998853063460841, 0.005270901231338729134 ) ) ;
#2246 = CARTESIAN_POINT ( 'NONE',  ( -1.238769403973685623, -0.001156099666654844234, -0.02015000000000002206 ) ) ;
#2247 = CARTESIAN_POINT ( 'NONE',  ( -0.08012511123997419216, -0.8233557509138300645, 0.000000000000000000 ) ) ;
#2248 = CARTESIAN_POINT ( 'NONE',  ( -0.3063335036959454749, -0.7382080046189081202, -0.02015000000000002206 ) ) ;
#2249 = CARTESIAN_POINT ( 'NONE',  ( 0.6665368199679438943, -1.243972323954779746, 0.000000000000000000 ) ) ;
#2250 = CARTESIAN_POINT ( 'NONE',  ( 1.373405740173228917, -0.1329887840855085990, 0.005270901231338727400 ) ) ;
#2251 = CARTESIAN_POINT ( 'NONE',  ( 1.166746434332063931, 0.1168980261592754283, -0.005270901231338727400 ) ) ;
#2252 = CARTESIAN_POINT ( 'NONE',  ( -0.8338773133583753383, 0.0005396457169805584210, -0.005270901231338724797 ) ) ;
#2253 = CARTESIAN_POINT ( 'NONE',  ( -1.111104734206231903, -0.5953816022218216819, 0.000000000000000000 ) ) ;
#2254 = CARTESIAN_POINT ( 'NONE',  ( -1.309739434344496578, -1.312257947754155607, -0.005270901231338727400 ) ) ;
#2255 = CARTESIAN_POINT ( 'NONE',  ( 0.7610133007744885880, 0.5088322571465319077, 2.134256245050205639E-18 ) ) ;
#2256 = CARTESIAN_POINT ( 'NONE',  ( 0.8738259525523476290, -1.306358439398676685, 0.02015000000000002206 ) ) ;
#2257 = CARTESIAN_POINT ( 'NONE',  ( 0.4127512351919280231, -1.352902002109895196, -0.02015000000000002206 ) ) ;
#2258 = CARTESIAN_POINT ( 'NONE',  ( 1.095463125983095587, -0.3322050630574307495, 0.005270901231338729134 ) ) ;
#2259 = CARTESIAN_POINT ( 'NONE',  ( 0.6205655057417678311, -1.491373008974095304, 0.000000000000000000 ) ) ;
#2260 = CARTESIAN_POINT ( 'NONE',  ( -0.2328543397506835089, -1.171963071190804673, -0.02015000000000002206 ) ) ;
#2261 = CARTESIAN_POINT ( 'NONE',  ( 0.4423182869424111541, 0.8297544829725637117, -0.005270901231338727400 ) ) ;
#2262 = CARTESIAN_POINT ( 'NONE',  ( 1.159682103354424454, -0.2286487909183678446, 0.000000000000000000 ) ) ;
#2263 = CARTESIAN_POINT ( 'NONE',  ( 1.469819282470427702, -0.6071187045553985140, 0.000000000000000000 ) ) ;
#2264 = CARTESIAN_POINT ( 'NONE',  ( -1.468358603351663794, 1.202770652739305834, 0.02015000000000002206 ) ) ;
#2265 = CARTESIAN_POINT ( 'NONE',  ( -1.043753055172573552, 0.6960675375878493387, 2.134256245050205639E-18 ) ) ;
#2266 = CARTESIAN_POINT ( 'NONE',  ( 0.08676025138209574050, 0.8829403137666640422, -0.005270901231338724797 ) ) ;
#2267 = CARTESIAN_POINT ( 'NONE',  ( 0.7824599985411279102, -1.167006353660328344, -0.02015000000000002206 ) ) ;
#2268 = CARTESIAN_POINT ( 'NONE',  ( -1.002003614530649012, 0.8206944761782777320, 0.02015000000000002206 ) ) ;
#2269 = CARTESIAN_POINT ( 'NONE',  ( 1.046372530998081585, 0.8605255239833320413, 0.000000000000000000 ) ) ;
#2270 = CARTESIAN_POINT ( 'NONE',  ( -0.5495510610353377956, -1.330525248715934472, 0.005270901231338727400 ) ) ;
#2271 = CARTESIAN_POINT ( 'NONE',  ( -0.7083127644318492067, -0.4743231587339248323, 0.02015000000000002206 ) ) ;
#2272 = CARTESIAN_POINT ( 'NONE',  ( -1.011226627033686709, -0.6769254890068490127, 0.005270901231338729134 ) ) ;
#2273 = CARTESIAN_POINT ( 'NONE',  ( 0.0008094673165792621748, -1.590508989809326090, -0.02015000000000002206 ) ) ;
#2274 = CARTESIAN_POINT ( 'NONE',  ( -0.2405146614896036539, -0.7980082718583720869, 0.000000000000000000 ) ) ;
#2275 = CARTESIAN_POINT ( 'NONE',  ( -0.8369219450051273990, 0.0004237205418483345272, -0.02015000000000002206 ) ) ;
#2276 = CARTESIAN_POINT ( 'NONE',  ( -1.879090860442019117, -0.002979373936738233860, 0.005270901231338727400 ) ) ;
#2277 = CARTESIAN_POINT ( 'NONE',  ( -1.666824414092487494, -0.1658142189559886903, 0.000000000000000000 ) ) ;
#2278 = CARTESIAN_POINT ( 'NONE',  ( -1.245328695213201664, -0.2490531081885033471, 0.005270901231338727400 ) ) ;
#2279 = CARTESIAN_POINT ( 'NONE',  ( 1.051687412658427911, -0.5598699597655386606, -0.005270901231338727400 ) ) ;
#2280 = CARTESIAN_POINT ( 'NONE',  ( -0.0007273275001313955507, 1.085006270403905404, -0.005270901231338724797 ) ) ;
#2281 = CARTESIAN_POINT ( 'NONE',  ( 0.4344157740023583125, 1.051937181222844409, 0.000000000000000000 ) ) ;
#2282 = CARTESIAN_POINT ( 'NONE',  ( 0.4485538944511942017, -0.6686962936752517406, 0.000000000000000000 ) ) ;
#2283 = CARTESIAN_POINT ( 'NONE',  ( -0.6780058982080960917, -0.4523228392360981731, 2.134256245050205639E-18 ) ) ;
#2284 = CARTESIAN_POINT ( 'NONE',  ( -1.615553204686548616, 0.3204571654447166407, 0.02015000000000002206 ) ) ;
#2285 = CARTESIAN_POINT ( 'NONE',  ( -1.474183407198726314, -0.001410484555045123187, -0.02015000000000002206 ) ) ;
#2286 = CARTESIAN_POINT ( 'NONE',  ( -0.9298389127187567382, 1.132093107798715970, 0.005270901231338729134 ) ) ;
#2287 = CARTESIAN_POINT ( 'NONE',  ( 0.1618580990161113398, -1.616669032930586614, 0.000000000000000000 ) ) ;
#2288 = CARTESIAN_POINT ( 'NONE',  ( -1.284327042581225209, 0.6846723085610166848, -0.02015000000000002206 ) ) ;
#2289 = CARTESIAN_POINT ( 'NONE',  ( -0.9814091404061605628, -0.4077589322072399103, -0.005270901231338727400 ) ) ;
#2290 = CARTESIAN_POINT ( 'NONE',  ( 1.366857274759203822, 0.1360289709325979146, 0.000000000000000000 ) ) ;
#2291 = CARTESIAN_POINT ( 'NONE',  ( -1.212344867974656903, 1.472486688775476837, 0.000000000000000000 ) ) ;
#2292 = CARTESIAN_POINT ( 'NONE',  ( -0.1764246842533101767, -1.820417413164374221, 0.02015000000000002206 ) ) ;
#2293 = CARTESIAN_POINT ( 'NONE',  ( -0.3491485042959576179, -1.760412940355395195, 2.134256245050205639E-18 ) ) ;
#2294 = CARTESIAN_POINT ( 'NONE',  ( 0.4200319113523492964, 1.014080896395294529, -0.005270901231338724797 ) ) ;
#2295 = CARTESIAN_POINT ( 'NONE',  ( 0.8883232246980251601, 0.7314349032915127280, -0.02015000000000002206 ) ) ;
#2296 = CARTESIAN_POINT ( 'NONE',  ( 0.2392761478865392810, -1.192881254395736113, 0.02015000000000002206 ) ) ;
#2297 = CARTESIAN_POINT ( 'NONE',  ( 0.1475485730782827021, 1.523421985877380758, 0.000000000000000000 ) ) ;
#2298 = CARTESIAN_POINT ( 'NONE',  ( -1.111104734206231903, -0.5953816022218216819, 0.005270901231338727400 ) ) ;
#2299 = CARTESIAN_POINT ( 'NONE',  ( 0.7914230089838487636, 0.5306900401269338818, 0.02015000000000002206 ) ) ;
#2300 = CARTESIAN_POINT ( 'NONE',  ( 1.015722640441504288, 0.8340572296786419315, 0.005270901231338729134 ) ) ;
#2301 = CARTESIAN_POINT ( 'NONE',  ( -0.3096710404434667718, -1.566411435343337821, -0.02015000000000002206 ) ) ;
#2302 = CARTESIAN_POINT ( 'NONE',  ( -0.5733980108211776949, 0.6970738852500641958, 0.000000000000000000 ) ) ;
#2303 = CARTESIAN_POINT ( 'NONE',  ( 0.2255799847294824301, -0.7437465696907000767, -0.02015000000000002206 ) ) ;
#2304 = CARTESIAN_POINT ( 'NONE',  ( 1.816622502129123573, 0.7544946406186484600, 0.005270901231338727400 ) ) ;
#2305 = ADVANCED_BREP_SHAPE_REPRESENTATION ( '', ( #3803, #1656 ), #1952 ) ;
#2306 = CARTESIAN_POINT ( 'NONE',  ( -0.4737644156597711209, -1.567332837239003407, 0.000000000000000000 ) ) ;
#2307 = CARTESIAN_POINT ( 'NONE',  ( -1.111104734206231903, -0.5953816022218216819, 0.005270901231338727400 ) ) ;
#2308 = CARTESIAN_POINT ( 'NONE',  ( 0.5599489262275344492, -0.8360318056955580168, -0.005270901231338727400 ) ) ;
#2309 = CARTESIAN_POINT ( 'NONE',  ( -1.026732299346029720, -0.1010144595162797837, -0.005270901231338724797 ) ) ;
#2310 = CARTESIAN_POINT ( 'NONE',  ( -0.6163827538810128237, 0.9190978106364767752, 0.000000000000000000 ) ) ;
#2311 = CARTESIAN_POINT ( 'NONE',  ( 1.966791553317508212, 0.1955994674647489606, -0.005270901231338727400 ) ) ;
#2312 = CARTESIAN_POINT ( 'NONE',  ( -0.8338773133583753383, 0.0005396457169805584210, 2.134256245050205639E-18 ) ) ;
#2313 = CARTESIAN_POINT ( 'NONE',  ( 0.1509819783876368837, -0.7625580653310917167, 0.005270901231338729134 ) ) ;
#2314 = PRODUCT ( 'Coils', 'Coils', '', ( #5753 ) ) ;
#2315 = CARTESIAN_POINT ( 'NONE',  ( 0.7446632388243006329, 1.116805550042649919, -0.02015000000000002206 ) ) ;
#2316 = CARTESIAN_POINT ( 'NONE',  ( 1.050739548259346900, -0.8605853961258906892, 0.005270901231338729134 ) ) ;
#2317 = CARTESIAN_POINT ( 'NONE',  ( -0.3562962634403943896, -1.800273796285656314, 0.000000000000000000 ) ) ;
#2318 = CARTESIAN_POINT ( 'NONE',  ( 1.250495694061573237, -1.247411196950414691, -0.02015000000000002206 ) ) ;
#2319 = CARTESIAN_POINT ( 'NONE',  ( -1.048069353480812982, -0.2103362636239102523, -0.005270901231338727400 ) ) ;
#2320 = CARTESIAN_POINT ( 'NONE',  ( 0.7270414544978539562, 0.8878234437803660395, 0.000000000000000000 ) ) ;
#2321 = CARTESIAN_POINT ( 'NONE',  ( 0.7701318767301625901, 0.0008544233854192408899, 0.005270901231338727400 ) ) ;
#2322 = CARTESIAN_POINT ( 'NONE',  ( 0.7953014109814283694, -0.5308172680635022678, 0.02015000000000002206 ) ) ;
#2323 = CARTESIAN_POINT ( 'NONE',  ( -1.458561563198909727, 0.7786779587531966751, 2.134256245050205639E-18 ) ) ;
#2324 = CARTESIAN_POINT ( 'NONE',  ( 1.464365191555478507, 0.4460351801863938204, 0.02015000000000002206 ) ) ;
#2325 = CARTESIAN_POINT ( 'NONE',  ( 1.036913022556078756, 0.4303890292175405197, -0.005270901231338724797 ) ) ;
#2326 = CARTESIAN_POINT ( 'NONE',  ( 1.196575400709670944, 0.6420414869991021289, -0.02015000000000002206 ) ) ;
#2327 = CARTESIAN_POINT ( 'NONE',  ( 1.080240999027268556, -0.8836540091166532607, 0.02015000000000002206 ) ) ;
#2328 = CARTESIAN_POINT ( 'NONE',  ( -1.464872751235547721, -0.7860194739903916261, 0.000000000000000000 ) ) ;
#2329 = CARTESIAN_POINT ( 'NONE',  ( -0.4720532235583049241, -1.145040763001760276, 0.005270901231338727400 ) ) ;
#2330 = CARTESIAN_POINT ( 'NONE',  ( -1.036948417296990943, 1.034658888633163798, 0.02015000000000002206 ) ) ;
#2331 = CARTESIAN_POINT ( 'NONE',  ( -0.5774081081826422102, -0.8660211355397970934, 0.02015000000000002206 ) ) ;
#2332 = CARTESIAN_POINT ( 'NONE',  ( -0.1357335637209117762, -1.382999162438423912, 0.005270901231338729134 ) ) ;
#2333 = CARTESIAN_POINT ( 'NONE',  ( -0.3295772889292300500, 1.652157256456737278, -0.02015000000000002206 ) ) ;
#2334 = CARTESIAN_POINT ( 'NONE',  ( -1.061031655972372256, 0.2098633659835004439, 0.000000000000000000 ) ) ;
#2335 = CARTESIAN_POINT ( 'NONE',  ( -0.6298566551334511265, -0.5170223171432924980, -0.02015000000000002206 ) ) ;
#2336 = CARTESIAN_POINT ( 'NONE',  ( -1.836535196679146331, -0.3671405983948691776, 0.005270901231338727400 ) ) ;
#2337 = CARTESIAN_POINT ( 'NONE',  ( 1.573391172074056987, -0.1533944936517846191, 0.000000000000000000 ) ) ;
#2338 = CARTESIAN_POINT ( 'NONE',  ( 0.9541265667974768716, 0.9572783972911057537, 0.005270901231338727400 ) ) ;
#2339 = CARTESIAN_POINT ( 'NONE',  ( -0.8495659579539007744, -1.591570621171583877, -0.005270901231338724797 ) ) ;
#2340 = CARTESIAN_POINT ( 'NONE',  ( 0.4137033172014812354, -1.355796239783332524, -0.005270901231338727400 ) ) ;
#2341 = CARTESIAN_POINT ( 'NONE',  ( 0.4200319113523492964, 1.014080896395294529, -0.005270901231338724797 ) ) ;
#2342 = CARTESIAN_POINT ( 'NONE',  ( 0.6341456267723789564, 0.9525466853756933139, 0.000000000000000000 ) ) ;
#2343 = CARTESIAN_POINT ( 'NONE',  ( 0.1807068429672382681, -1.816807983761690171, -0.005270901231338727400 ) ) ;
#2344 = DIRECTION ( 'NONE',  ( -0.04240314567837245169, 0.9991005821420477773, 0.000000000000000000 ) ) ;
#2345 = CARTESIAN_POINT ( 'NONE',  ( -1.752664674763849018, -0.5340667478469703910, 0.02015000000000002206 ) ) ;
#2346 = CARTESIAN_POINT ( 'NONE',  ( -1.420131738292333079, 0.4293100298189278519, -0.02015000000000002206 ) ) ;
#2347 = CARTESIAN_POINT ( 'NONE',  ( -0.5660954884808510057, -1.059494098237514503, 0.005270901231338729134 ) ) ;
#2348 = CARTESIAN_POINT ( 'NONE',  ( -1.666824414092487494, -0.1658142189559886903, 0.000000000000000000 ) ) ;
#2349 = CARTESIAN_POINT ( 'NONE',  ( -1.286523401947412548, 1.053244030662926489, -0.02015000000000002206 ) ) ;
#2350 = CARTESIAN_POINT ( 'NONE',  ( 0.7712383691861520729, -0.6315177307630112091, -0.005270901231338727400 ) ) ;
#2351 = CARTESIAN_POINT ( 'NONE',  ( 0.8505509035393795658, -0.8477023989134940818, 0.000000000000000000 ) ) ;
#2352 = CARTESIAN_POINT ( 'NONE',  ( -0.7853286636796689146, -0.6444393538062924698, 0.02015000000000002206 ) ) ;
#2353 = CARTESIAN_POINT ( 'NONE',  ( 1.726423020526979268, 0.1721210642396229784, 2.134256245050205639E-18 ) ) ;
#2354 = CARTESIAN_POINT ( 'NONE',  ( 0.0008094673165792621748, -1.590508989809326090, 0.02015000000000002206 ) ) ;
#2355 = CARTESIAN_POINT ( 'NONE',  ( -0.08592611775836500598, 0.8767745760799271482, -0.005270901231338724797 ) ) ;
#2356 = CARTESIAN_POINT ( 'NONE',  ( 0.1207540219427955114, -1.213850969540671398, -0.02015000000000002206 ) ) ;
#2357 = CARTESIAN_POINT ( 'NONE',  ( 1.044066554658972024, 0.8585341543799945851, 0.02015000000000002206 ) ) ;
#2358 = CARTESIAN_POINT ( 'NONE',  ( 0.5870137572278580906, 1.423700988765330910, 0.000000000000000000 ) ) ;
#2359 = CARTESIAN_POINT ( 'NONE',  ( -0.4147016391535399693, -1.375181278652612971, 0.005270901231338727400 ) ) ;
#2360 = CARTESIAN_POINT ( 'NONE',  ( 1.363833459186842623, 0.1356553181387881446, 0.02015000000000002206 ) ) ;
#2361 = CARTESIAN_POINT ( 'NONE',  ( 0.001399145755060335512, -1.386442015117156368, 0.005270901231338729134 ) ) ;
#2362 = CARTESIAN_POINT ( 'NONE',  ( 1.327619615175227086, 1.092261057185858641, -0.02015000000000002206 ) ) ;
#2363 = CARTESIAN_POINT ( 'NONE',  ( 1.695133626540581639, 0.9088019001843152811, -0.005270901231338724797 ) ) ;
#2364 = CARTESIAN_POINT ( 'NONE',  ( -0.8245136621764236340, -0.2510294673081767125, 0.02015000000000002206 ) ) ;
#2365 = CARTESIAN_POINT ( 'NONE',  ( -1.205597224380985155, 1.203248347813309360, 0.000000000000000000 ) ) ;
#2366 = CARTESIAN_POINT ( 'NONE',  ( 1.577648889736781079, 0.002550406381453532677, 0.005270901231338727400 ) ) ;
#2367 = CARTESIAN_POINT ( 'NONE',  ( 1.079190009574493736, 1.618364192527235845, 0.02015000000000002206 ) ) ;
#2368 = CARTESIAN_POINT ( 'NONE',  ( -1.607222526898616444, -0.8602496491509953325, -0.005270901231338724797 ) ) ;
#2369 = CARTESIAN_POINT ( 'NONE',  ( 0.2785749807400254574, -1.393130320574346381, -0.005270901231338727400 ) ) ;
#2370 = CARTESIAN_POINT ( 'NONE',  ( 0.9342907450688473503, 0.0003351746386753474039, -0.005270901231338724797 ) ) ;
#2371 = CARTESIAN_POINT ( 'NONE',  ( -0.5495510610353377956, -1.330525248715934472, 0.000000000000000000 ) ) ;
#2372 = CARTESIAN_POINT ( 'NONE',  ( -0.1994549478797298658, -1.011815335744536748, 0.000000000000000000 ) ) ;
#2373 = FACE_OUTER_BOUND ( 'NONE', #2786, .T. ) ;
#2374 = CARTESIAN_POINT ( 'NONE',  ( 0.1763284255271758416, -1.779614974511790404, 0.02015000000000002206 ) ) ;
#2375 = CARTESIAN_POINT ( 'NONE',  ( -0.7008594413839920323, -1.699525699660293432, -0.02015000000000002206 ) ) ;
#2376 = CARTESIAN_POINT ( 'NONE',  ( 1.192525431364199306, -0.6369382897207322980, 0.005270901231338729134 ) ) ;
#2377 = CARTESIAN_POINT ( 'NONE',  ( 0.9061228040913253956, -0.2743861007906480132, 0.02015000000000002206 ) ) ;
#2378 = SURFACE_STYLE_FILL_AREA ( #3834 ) ;
#2379 = CARTESIAN_POINT ( 'NONE',  ( -0.8934138627962333601, -1.338587469689556553, -0.02015000000000002206 ) ) ;
#2380 = CARTESIAN_POINT ( 'NONE',  ( -1.044298569103947028, -0.7002971835861695471, -0.005270901231338727400 ) ) ;
#2381 = CARTESIAN_POINT ( 'NONE',  ( 1.199226881201504336, 0.6435423970449928310, 0.000000000000000000 ) ) ;
#2382 = CARTESIAN_POINT ( 'NONE',  ( -0.8097816991537726272, 0.2460643151409734330, 0.02015000000000002206 ) ) ;
#2383 = CARTESIAN_POINT ( 'NONE',  ( -1.511838333433434434, -1.012856569078846469, 2.134256245050205639E-18 ) ) ;
#2384 = CARTESIAN_POINT ( 'NONE',  ( -0.3295772889292300500, 1.652157256456737278, 0.02015000000000002206 ) ) ;
#2385 = CARTESIAN_POINT ( 'NONE',  ( 1.246599411716066585, -0.5149286224320059890, -0.005270901231338724797 ) ) ;
#2386 = CARTESIAN_POINT ( 'NONE',  ( 0.08695204051191902928, 0.8859811053466843944, 0.02015000000000002206 ) ) ;
#2387 = CARTESIAN_POINT ( 'NONE',  ( -0.3826665053762899893, 1.257090095789075601, -0.02015000000000002206 ) ) ;
#2388 = CARTESIAN_POINT ( 'NONE',  ( 1.374185059110894613, 0.7361971123340188550, 0.02015000000000002206 ) ) ;
#2389 = CARTESIAN_POINT ( 'NONE',  ( 1.237578667588751458, -1.013612625735693884, 0.000000000000000000 ) ) ;
#2390 = CARTESIAN_POINT ( 'NONE',  ( 1.343635513853318031, 0.2695653998278391139, 0.005270901231338727400 ) ) ;
#2391 = CARTESIAN_POINT ( 'NONE',  ( 0.7824599985411279102, -1.167006353660328344, 0.02015000000000002206 ) ) ;
#2392 = CARTESIAN_POINT ( 'NONE',  ( 1.222797463327486955, 0.5069121493870649697, 0.005270901231338729134 ) ) ;
#2393 = CARTESIAN_POINT ( 'NONE',  ( 0.1446843146113553635, 1.486081791153404330, -0.02015000000000002206 ) ) ;
#2394 = CARTESIAN_POINT ( 'NONE',  ( 1.098402746902901406, -0.3330061494900434793, -0.02015000000000002206 ) ) ;
#2395 = CARTESIAN_POINT ( 'NONE',  ( -0.8430564036669172534, 0.2548042081326173380, 0.02015000000000002206 ) ) ;
#2396 = CARTESIAN_POINT ( 'NONE',  ( 1.577648889736781079, 0.002550406381453532677, 0.000000000000000000 ) ) ;
#2397 = CARTESIAN_POINT ( 'NONE',  ( 0.1475485730782827021, 1.523421985877380758, 0.005270901231338727400 ) ) ;
#2398 = CARTESIAN_POINT ( 'NONE',  ( -0.6298566551334511265, -0.5170223171432924980, -0.02015000000000002206 ) ) ;
#2399 = CARTESIAN_POINT ( 'NONE',  ( -1.244767478624644097, 0.8299278464495765117, -0.005270901231338727400 ) ) ;
#2400 = CARTESIAN_POINT ( 'NONE',  ( 0.9597000608968794255, -0.6411165694914572333, -0.005270901231338724797 ) ) ;
#2401 = CARTESIAN_POINT ( 'NONE',  ( -0.4890097368947752821, -0.9186622637226490307, 0.000000000000000000 ) ) ;
#2402 = CARTESIAN_POINT ( 'NONE',  ( 0.7733407575674710044, -0.07474962851159740185, 0.000000000000000000 ) ) ;
#2403 = CARTESIAN_POINT ( 'NONE',  ( -0.1875155651680204538, 1.879417128966612172, 0.02015000000000002206 ) ) ;
#2404 = CARTESIAN_POINT ( 'NONE',  ( -0.7710688885257762637, -1.448047377333719465, -0.02015000000000002206 ) ) ;
#2405 = CARTESIAN_POINT ( 'NONE',  ( -1.436743534131773581, -0.0005439956603820117953, 0.005270901231338729134 ) ) ;
#2406 = CARTESIAN_POINT ( 'NONE',  ( 1.512104058723804378, 1.243362208235009092, 0.000000000000000000 ) ) ;
#2407 = CARTESIAN_POINT ( 'NONE',  ( 1.483418135078708122, -0.4481276308582146650, -0.02015000000000002206 ) ) ;
#2408 = CARTESIAN_POINT ( 'NONE',  ( -1.111104734206231903, -0.5953816022218216819, -0.005270901231338727400 ) ) ;
#2409 = CARTESIAN_POINT ( 'NONE',  ( -0.8012611392035158264, -1.203424845513665353, 0.000000000000000000 ) ) ;
#2410 = CARTESIAN_POINT ( 'NONE',  ( -0.4109988121085950130, 0.7683848788927464257, 0.02015000000000002206 ) ) ;
#2411 = CARTESIAN_POINT ( 'NONE',  ( -1.633066050008180392, 0.1589354777476481850, 2.134256245050205639E-18 ) ) ;
#2412 = CARTESIAN_POINT ( 'NONE',  ( 1.344207761478271701, 0.7193171584651096850, 0.02015000000000002206 ) ) ;
#2413 = CARTESIAN_POINT ( 'NONE',  ( -0.8027435083660245940, 0.9763492079638943499, -0.005270901231338724797 ) ) ;
#2414 = CARTESIAN_POINT ( 'NONE',  ( 1.094650951050373244, 1.096735021291985523, -0.02015000000000002206 ) ) ;
#2415 = CARTESIAN_POINT ( 'NONE',  ( 0.4704132092587547387, -1.545478335452257213, 0.02015000000000002206 ) ) ;
#2416 = CARTESIAN_POINT ( 'NONE',  ( -1.404178228887819069, -0.4274925941071098245, 0.000000000000000000 ) ) ;
#2417 = CARTESIAN_POINT ( 'NONE',  ( 0.1680483701384951900, 1.723398256320827659, 0.005270901231338727400 ) ) ;
#2418 = CARTESIAN_POINT ( 'NONE',  ( 0.8883232246980251601, 0.7314349032915127280, 0.02015000000000002206 ) ) ;
#2419 = CARTESIAN_POINT ( 'NONE',  ( 0.9282989670940365867, 0.9301595362898381625, 0.02015000000000002206 ) ) ;
#2420 = CARTESIAN_POINT ( 'NONE',  ( -1.599647794482815133, -0.3201071330513194924, 0.005270901231338729134 ) ) ;
#2421 = CARTESIAN_POINT ( 'NONE',  ( 1.060591970274107787, 1.589421478462571535, -0.02015000000000002206 ) ) ;
#2422 = CARTESIAN_POINT ( 'NONE',  ( 0.2838454306464373023, -0.9361297876500739301, -0.02015000000000002206 ) ) ;
#2423 = CARTESIAN_POINT ( 'NONE',  ( -0.5359940070366022713, -0.6546532945996479391, 0.005270901231338727400 ) ) ;
#2424 = CARTESIAN_POINT ( 'NONE',  ( -1.673438231575997470, 0.1621083620707732265, 0.005270901231338727400 ) ) ;
#2425 = CARTESIAN_POINT ( 'NONE',  ( -1.545680182069505193, 1.030030881960925404, -0.005270901231338724797 ) ) ;
#2426 = CARTESIAN_POINT ( 'NONE',  ( -1.211791900756342910, -0.8114565875636784442, -0.005270901231338727400 ) ) ;
#2427 = CARTESIAN_POINT ( 'NONE',  ( -1.232984250545575255, 0.1211860420625452128, -0.005270901231338724797 ) ) ;
#2428 = CARTESIAN_POINT ( 'NONE',  ( -0.8667980352292148361, -0.08692464425040249965, 0.000000000000000000 ) ) ;
#2429 = CARTESIAN_POINT ( 'NONE',  ( 1.929837142911454473, 0.001490102981407594607, 2.134256245050205639E-18 ) ) ;
#2430 = CARTESIAN_POINT ( 'NONE',  ( 1.711598747943163135, -0.5174016523896081132, 0.000000000000000000 ) ) ;
#2431 = CARTESIAN_POINT ( 'NONE',  ( 0.6890269411082105000, -0.2856755344692892828, 0.005270901231338729134 ) ) ;
#2432 = CARTESIAN_POINT ( 'NONE',  ( 1.374185059110894613, 0.7361971123340188550, -0.02015000000000002206 ) ) ;
#2433 = CARTESIAN_POINT ( 'NONE',  ( -1.138919877986292351, -1.141528997461086492, 0.005270901231338729134 ) ) ;
#2434 = CARTESIAN_POINT ( 'NONE',  ( -1.212344867974656903, 1.472486688775476837, 0.000000000000000000 ) ) ;
#2435 = CARTESIAN_POINT ( 'NONE',  ( 1.070867543531142552, 1.071877007285629624, -0.02015000000000002206 ) ) ;
#2436 = CARTESIAN_POINT ( 'NONE',  ( 0.9922757776405867203, -0.9902661747568557438, -0.005270901231338727400 ) ) ;
#2437 = CARTESIAN_POINT ( 'NONE',  ( -1.352207054872457848, -0.5626889245636939041, 0.000000000000000000 ) ) ;
#2438 = CARTESIAN_POINT ( 'NONE',  ( -0.6298566551334511265, -0.5170223171432924980, 0.02015000000000002206 ) ) ;
#2439 = CARTESIAN_POINT ( 'NONE',  ( -1.011579903679379111, -0.2019085198596478614, 0.02015000000000002206 ) ) ;
#2440 = CARTESIAN_POINT ( 'NONE',  ( -1.772037409520452078, 0.5351052478975928395, 0.02015000000000002206 ) ) ;
#2441 = CARTESIAN_POINT ( 'NONE',  ( 0.2509261685407513931, 1.267647120808455652, -0.005270901231338724797 ) ) ;
#2442 = CARTESIAN_POINT ( 'NONE',  ( 1.134535105144002465, -0.3428527054787358641, 0.000000000000000000 ) ) ;
#2443 = CARTESIAN_POINT ( 'NONE',  ( 0.001536539754456941759, -1.624904364711491800, -0.02015000000000002206 ) ) ;
#2444 = CARTESIAN_POINT ( 'NONE',  ( 1.277460878527277410, -1.273399070432335467, 0.000000000000000000 ) ) ;
#2445 = CARTESIAN_POINT ( 'NONE',  ( -1.639201674204848747, -0.3287945360271859463, 0.005270901231338727400 ) ) ;
#2446 = CARTESIAN_POINT ( 'NONE',  ( -1.270338012875793510, 0.1238685036087551622, 0.02015000000000002206 ) ) ;
#2447 = CARTESIAN_POINT ( 'NONE',  ( 0.6499350075177925401, 1.571398898206918915, 0.005270901231338729134 ) ) ;
#2448 = CARTESIAN_POINT ( 'NONE',  ( 1.714289111671689181, -0.3388039855823276603, -0.02015000000000002206 ) ) ;
#2449 = CARTESIAN_POINT ( 'NONE',  ( -1.036009244467034796, 0.1013319705581807867, -0.02015000000000002206 ) ) ;
#2450 = CARTESIAN_POINT ( 'NONE',  ( -0.5590930220698715480, 1.836767040747111945, 0.000000000000000000 ) ) ;
#2451 = CARTESIAN_POINT ( 'NONE',  ( 1.237578667588751458, -1.013612625735693884, 0.005270901231338727400 ) ) ;
#2452 = CARTESIAN_POINT ( 'NONE',  ( 0.9373358637705507812, 0.0004372922600000489837, -0.02015000000000002206 ) ) ;
#2453 = CARTESIAN_POINT ( 'NONE',  ( -1.276206919020087538, -0.002121438826131132483, -0.005270901231338727400 ) ) ;
#2454 = CARTESIAN_POINT ( 'NONE',  ( -1.365709414426238721, -0.4148381848345397693, -0.005270901231338724797 ) ) ;
#2455 = CARTESIAN_POINT ( 'NONE',  ( 0.6707929152040851273, 0.6722936075519813093, 0.000000000000000000 ) ) ;
#2456 = CARTESIAN_POINT ( 'NONE',  ( 1.166746434332063931, 0.1168980261592754283, 0.000000000000000000 ) ) ;
#2457 = CARTESIAN_POINT ( 'NONE',  ( -0.7363186680940996265, 1.769704917171158076, 0.000000000000000000 ) ) ;
#2458 = CARTESIAN_POINT ( 'NONE',  ( -1.203399588131495168, 1.201138030851137684, -0.02015000000000002206 ) ) ;
#2459 = CARTESIAN_POINT ( 'NONE',  ( 1.205729670833924461, -0.9886001734533633734, 0.005270901231338729134 ) ) ;
#2460 = CARTESIAN_POINT ( 'NONE',  ( 0.7671025914337588070, 0.0007258565243637117234, -0.02015000000000002206 ) ) ;
#2461 = CARTESIAN_POINT ( 'NONE',  ( -0.5495510610353377956, -1.330525248715934472, -0.005270901231338727400 ) ) ;
#2462 = CARTESIAN_POINT ( 'NONE',  ( 1.519474530336618612, -0.4582483835649303616, 0.000000000000000000 ) ) ;
#2463 = CARTESIAN_POINT ( 'NONE',  ( 1.166636201782580207, 0.6250939572804183886, 0.02015000000000002206 ) ) ;
#2464 = CARTESIAN_POINT ( 'NONE',  ( -0.5466361521790495948, 1.798233888131127944, 2.134256245050205639E-18 ) ) ;
#2465 = CARTESIAN_POINT ( 'NONE',  ( 0.6602887923510039059, -0.3538000944934622249, 0.005270901231338729134 ) ) ;
#2466 = CARTESIAN_POINT ( 'NONE',  ( 0.6465899100653449416, -1.208728802795006052, -0.005270901231338724797 ) ) ;
#2467 = CARTESIAN_POINT ( 'NONE',  ( 0.6452588527940946728, 0.6448979018736624713, 0.02015000000000002206 ) ) ;
#2468 = CARTESIAN_POINT ( 'NONE',  ( 0.7938970521617246812, 0.5324683241701797520, 0.000000000000000000 ) ) ;
#2469 = CARTESIAN_POINT ( 'NONE',  ( 1.292203275626353731, 0.8663799062304228249, -0.02015000000000002206 ) ) ;
#2470 = CARTESIAN_POINT ( 'NONE',  ( 1.462298630818986478, 0.9791283617966567432, 0.000000000000000000 ) ) ;
#2471 = CARTESIAN_POINT ( 'NONE',  ( -1.477229403626039606, -0.001480979507665901610, 0.005270901231338727400 ) ) ;
#2472 = CARTESIAN_POINT ( 'NONE',  ( -1.474183407198726314, -0.001410484555045123187, 0.02015000000000002206 ) ) ;
#2473 = CARTESIAN_POINT ( 'NONE',  ( 0.9651590064761960130, -0.9644364044772461009, 0.02015000000000002206 ) ) ;
#2474 = CARTESIAN_POINT ( 'NONE',  ( -0.7830361772076590565, -0.6424324528746755414, 2.134256245050205639E-18 ) ) ;
#2475 = CARTESIAN_POINT ( 'NONE',  ( -1.138919877986292351, -1.141528997461086492, 0.005270901231338729134 ) ) ;
#2476 = CARTESIAN_POINT ( 'NONE',  ( 0.1763284255271758416, -1.779614974511790404, -0.02015000000000002206 ) ) ;
#2477 = CARTESIAN_POINT ( 'NONE',  ( -0.9011141835682231482, -0.4823995128010284961, -0.02015000000000002206 ) ) ;
#2478 = CARTESIAN_POINT ( 'NONE',  ( 0.8572580124606603569, -1.597695686247856628, 0.000000000000000000 ) ) ;
#2479 = CARTESIAN_POINT ( 'NONE',  ( -1.423066926536470600, 0.4301271789304639270, 0.005270901231338727400 ) ) ;
#2480 = CARTESIAN_POINT ( 'NONE',  ( -0.5946636777540832419, 0.8885890105412529438, -0.02015000000000002206 ) ) ;
#2481 = CARTESIAN_POINT ( 'NONE',  ( 1.277460878527277410, -1.273399070432335467, -0.005270901231338727400 ) ) ;
#2482 = CARTESIAN_POINT ( 'NONE',  ( 1.015722640441504288, 0.8340572296786419315, -0.005270901231338724797 ) ) ;
#2483 = CARTESIAN_POINT ( 'NONE',  ( -0.6578768776625942838, -0.5418696142778812730, 0.000000000000000000 ) ) ;
#2484 = CARTESIAN_POINT ( 'NONE',  ( -1.005710650110386739, 0.4145729567204703425, 0.000000000000000000 ) ) ;
#2485 = CARTESIAN_POINT ( 'NONE',  ( -1.788302426701249948, -0.5455750395023843957, 0.000000000000000000 ) ) ;
#2486 = CARTESIAN_POINT ( 'NONE',  ( 0.1803506279807803869, -1.813782071439088650, -0.02015000000000002206 ) ) ;
#2487 = CARTESIAN_POINT ( 'NONE',  ( 0.8720795003252421740, -1.303861850712273007, 0.005270901231338729134 ) ) ;
#2488 = CARTESIAN_POINT ( 'NONE',  ( 1.934767834548602350, 0.3880236722248595060, 0.000000000000000000 ) ) ;
#2489 = CARTESIAN_POINT ( 'NONE',  ( 1.929592735038131446, 0.1912713589053678109, -0.02015000000000002206 ) ) ;
#2490 = CARTESIAN_POINT ( 'NONE',  ( 0.9612851707088114761, 0.6437848133365058345, -0.005270901231338727400 ) ) ;
#2491 = CARTESIAN_POINT ( 'NONE',  ( -0.5495510610353377956, -1.330525248715934472, 0.000000000000000000 ) ) ;
#2492 = CARTESIAN_POINT ( 'NONE',  ( 1.307091559249833557, 0.2613778185360193795, 0.02015000000000002206 ) ) ;
#2493 = CARTESIAN_POINT ( 'NONE',  ( -0.8197054457317710652, 0.6717465957748880445, 0.02015000000000002206 ) ) ;
#2494 = DIRECTION ( 'NONE',  ( 0.000000000000000000, 0.000000000000000000, 1.000000000000000000 ) ) ;
#2495 = CARTESIAN_POINT ( 'NONE',  ( 1.782283186026613508, 0.7395513918292980771, 0.02015000000000002206 ) ) ;
#2496 = CARTESIAN_POINT ( 'NONE',  ( -0.4038399144257142637, -1.336168364073952564, -0.005270901231338724797 ) ) ;
#2497 = CARTESIAN_POINT ( 'NONE',  ( -0.9627351620698099133, 0.5132619293641010882, 0.000000000000000000 ) ) ;
#2498 = CARTESIAN_POINT ( 'NONE',  ( -1.276923790620680510, -1.049962423047197113, -0.02015000000000002206 ) ) ;
#2499 = CARTESIAN_POINT ( 'NONE',  ( -1.748407349982275427, 0.7222539915999606208, 0.000000000000000000 ) ) ;
#2500 = CARTESIAN_POINT ( 'NONE',  ( 1.237578667588751458, -1.013612625735693884, 0.005270901231338727400 ) ) ;
#2501 = CARTESIAN_POINT ( 'NONE',  ( -0.9542487809546187361, 1.160494740762421984, 0.02015000000000002206 ) ) ;
#2502 = CARTESIAN_POINT ( 'NONE',  ( -1.021086762311316898, 0.2031998853063460841, 2.134256245050205639E-18 ) ) ;
#2503 = CARTESIAN_POINT ( 'NONE',  ( 1.501395411966139903, 0.2993307647679709360, 0.005270901231338729134 ) ) ;
#2504 = CARTESIAN_POINT ( 'NONE',  ( 1.898166556018229700, 0.3800967734566127465, -0.02015000000000002206 ) ) ;
#2505 = CARTESIAN_POINT ( 'NONE',  ( 0.5381185642651774570, -0.8056024619784102336, -0.02015000000000002206 ) ) ;
#2506 = CARTESIAN_POINT ( 'NONE',  ( 0.3746180060972844061, 1.899015941328781043, 0.000000000000000000 ) ) ;
#2507 = CARTESIAN_POINT ( 'NONE',  ( -0.8679801415326585667, -1.627638557632946403, 0.005270901231338727400 ) ) ;
#2508 = CARTESIAN_POINT ( 'NONE',  ( -0.8269726570154826151, 0.1643196762579023640, -0.02015000000000002206 ) ) ;
#2509 = CARTESIAN_POINT ( 'NONE',  ( 1.237578667588751458, -1.013612625735693884, -0.005270901231338727400 ) ) ;
#2510 = CARTESIAN_POINT ( 'NONE',  ( -0.5660954884808510057, -1.059494098237514503, -0.005270901231338724797 ) ) ;
#2511 = CARTESIAN_POINT ( 'NONE',  ( 0.6665368199679438943, -1.243972323954779746, 0.000000000000000000 ) ) ;
#2512 = CARTESIAN_POINT ( 'NONE',  ( -0.9627351620698099133, 0.5132619293641010882, 0.000000000000000000 ) ) ;
#2513 = CARTESIAN_POINT ( 'NONE',  ( 0.6376517933918159908, -0.7742497078386332277, 0.005270901231338727400 ) ) ;
#2514 = CARTESIAN_POINT ( 'NONE',  ( -0.6578768776625942838, -0.5418696142778812730, -0.005270901231338727400 ) ) ;
#2515 = CARTESIAN_POINT ( 'NONE',  ( -0.3091373970162811791, -1.563411723108109053, 0.005270901231338729134 ) ) ;
#2516 = CARTESIAN_POINT ( 'NONE',  ( 0.8453695547284563183, 0.4530711667356038808, 0.000000000000000000 ) ) ;
#2517 = CARTESIAN_POINT ( 'NONE',  ( -0.8637791631168607598, -0.08651277420649261529, -0.02015000000000002206 ) ) ;
#2518 = CARTESIAN_POINT ( 'NONE',  ( 0.6205655057417678311, -1.491373008974095304, -0.005270901231338727400 ) ) ;
#2519 = CARTESIAN_POINT ( 'NONE',  ( -1.636225796996182646, -0.3281409302444867060, 0.02015000000000002206 ) ) ;
#2520 = CARTESIAN_POINT ( 'NONE',  ( -1.494657878513600879, 0.7970364990951537276, 0.000000000000000000 ) ) ;
#2521 = CARTESIAN_POINT ( 'NONE',  ( 0.5537601597793437858, -1.033867311534292677, 0.02015000000000002206 ) ) ;
#2522 = CARTESIAN_POINT ( 'NONE',  ( -0.2386377537634254975, -1.205876625947753134, -0.02015000000000002206 ) ) ;
#2523 = CARTESIAN_POINT ( 'NONE',  ( -0.8266726886336989155, -0.08145027248188425884, 0.005270901231338729134 ) ) ;
#2524 = CARTESIAN_POINT ( 'NONE',  ( -1.612553395414628943, 0.3199240720792185244, -0.005270901231338724797 ) ) ;
#2525 = CARTESIAN_POINT ( 'NONE',  ( 0.5723038585685772395, -1.066403946178889672, 0.000000000000000000 ) ) ;
#2526 = CARTESIAN_POINT ( 'NONE',  ( -1.491942134753148963, 0.7956552752512585647, -0.02015000000000002206 ) ) ;
#2527 = CARTESIAN_POINT ( 'NONE',  ( 1.356113858628259505, 1.116562688883884213, 0.000000000000000000 ) ) ;
#2528 = CARTESIAN_POINT ( 'NONE',  ( -1.244767478624644097, 0.8299278464495765117, 0.005270901231338727400 ) ) ;
#2529 = CARTESIAN_POINT ( 'NONE',  ( 0.7247166408926430936, 1.358958911913431544, 0.02015000000000002206 ) ) ;
#2530 = CARTESIAN_POINT ( 'NONE',  ( 0.1160546734786433443, -1.176697007489277080, 2.134256245050205639E-18 ) ) ;
#2531 = CARTESIAN_POINT ( 'NONE',  ( 1.654055311329860167, 0.5027146793919471390, 0.005270901231338729134 ) ) ;
#2532 = CARTESIAN_POINT ( 'NONE',  ( 0.001357622890629882079, -0.8209994978663425202, -0.02015000000000002206 ) ) ;
#2533 = CARTESIAN_POINT ( 'NONE',  ( -0.6964088816349326416, 1.299416059809291646, -0.02015000000000002206 ) ) ;
#2534 = CARTESIAN_POINT ( 'NONE',  ( 1.711598747943163135, -0.5174016523896081132, 0.000000000000000000 ) ) ;
#2535 = CARTESIAN_POINT ( 'NONE',  ( 0.3584091041259731547, -1.786984754377950679, 0.005270901231338727400 ) ) ;
#2536 = CARTESIAN_POINT ( 'NONE',  ( -0.5485876852727378239, 0.6690210051371682232, -0.02015000000000002206 ) ) ;
#2537 = CARTESIAN_POINT ( 'NONE',  ( -0.7019742908916665192, -1.702361214516944887, -0.005270901231338727400 ) ) ;
#2538 = CARTESIAN_POINT ( 'NONE',  ( 1.461441488963394875, -0.9753553698483216072, -0.005270901231338724797 ) ) ;
#2539 = CARTESIAN_POINT ( 'NONE',  ( 0.5599489262275344492, -0.8360318056955580168, 0.000000000000000000 ) ) ;
#2540 = CARTESIAN_POINT ( 'NONE',  ( -0.1994549478797298658, -1.011815335744536748, 0.005270901231338727400 ) ) ;
#2541 = CARTESIAN_POINT ( 'NONE',  ( -1.876044533218605981, -0.002925316656828175037, -0.02015000000000002206 ) ) ;
#2542 = CARTESIAN_POINT ( 'NONE',  ( -1.525319937405836823, 0.6297343424451672389, 0.005270901231338729134 ) ) ;
#2543 = CARTESIAN_POINT ( 'NONE',  ( 0.9747649482767722917, 0.001692471270416130973, 0.000000000000000000 ) ) ;
#2544 = CARTESIAN_POINT ( 'NONE',  ( -1.841646921389384683, -0.002314928738824513672, -0.02015000000000002206 ) ) ;
#2545 = CARTESIAN_POINT ( 'NONE',  ( -1.064005891039412566, 1.060550734678906704, -0.005270901231338727400 ) ) ;
#2546 = CARTESIAN_POINT ( 'NONE',  ( -1.315019518200103210, 0.7002139995808902562, 0.02015000000000002206 ) ) ;
#2547 = CARTESIAN_POINT ( 'NONE',  ( -0.1766681510629661278, -1.823454477274821350, 0.000000000000000000 ) ) ;
#2548 = APPLICATION_CONTEXT ( 'automotive_design' ) ;
#2549 = CARTESIAN_POINT ( 'NONE',  ( -1.236023241259890160, 0.1214042791348209360, 0.02015000000000002206 ) ) ;
#2550 = DIRECTION ( 'NONE',  ( 0.000000000000000000, 0.000000000000000000, 1.000000000000000000 ) ) ;
#2551 = CARTESIAN_POINT ( 'NONE',  ( 1.112896843307689343, 0.3387906298794147175, -0.02015000000000002206 ) ) ;
#2552 = CARTESIAN_POINT ( 'NONE',  ( 0.4247125481199391372, -0.6359608410971806514, 0.005270901231338729134 ) ) ;
#2553 = CARTESIAN_POINT ( 'NONE',  ( 0.4907828861924954933, 1.624797151762133796, -0.005270901231338724797 ) ) ;
#2554 = CARTESIAN_POINT ( 'NONE',  ( 1.366857274759203822, 0.1360289709325979146, 0.000000000000000000 ) ) ;
#2555 = CARTESIAN_POINT ( 'NONE',  ( -0.1764246842533101767, -1.820417413164374221, -0.02015000000000002206 ) ) ;
#2556 = CARTESIAN_POINT ( 'NONE',  ( 0.2958921661487682320, -0.9715894170657407569, 0.000000000000000000 ) ) ;
#2557 = CARTESIAN_POINT ( 'NONE',  ( 1.583788008352033927, -0.8433108512231183296, 0.005270901231338727400 ) ) ;
#2558 = CARTESIAN_POINT ( 'NONE',  ( -1.649425558943177883, 0.3264765905802038404, 0.02015000000000002206 ) ) ;
#2559 = CARTESIAN_POINT ( 'NONE',  ( 0.6126211240431634897, 0.9182437760850152841, 2.134256245050205639E-18 ) ) ;
#2560 = CARTESIAN_POINT ( 'NONE',  ( -0.6275770133849277732, -0.5150008151432591275, -0.005270901231338724797 ) ) ;
#2561 = CARTESIAN_POINT ( 'NONE',  ( 0.6325262084611974478, 0.9499658703794733317, -0.02015000000000002206 ) ) ;
#2562 = CARTESIAN_POINT ( 'NONE',  ( 0.1164369984562026172, -1.179719743048672775, -0.02015000000000002206 ) ) ;
#2563 = CARTESIAN_POINT ( 'NONE',  ( 0.8906225380062372521, 0.7334339724980429853, 0.005270901231338727400 ) ) ;
#2564 = CARTESIAN_POINT ( 'NONE',  ( 1.816622502129123573, 0.7544946406186484600, 0.005270901231338727400 ) ) ;
#2565 = CARTESIAN_POINT ( 'NONE',  ( 0.6126211240431634897, 0.9182437760850152841, 0.005270901231338729134 ) ) ;
#2566 = CARTESIAN_POINT ( 'NONE',  ( -0.9011141835682231482, -0.4823995128010284961, -0.02015000000000002206 ) ) ;
#2567 = CARTESIAN_POINT ( 'NONE',  ( -0.8679801415326585667, -1.627638557632946403, -0.005270901231338727400 ) ) ;
#2568 = CARTESIAN_POINT ( 'NONE',  ( 0.0007450762020599124283, -1.587462860693169553, -0.005270901231338724797 ) ) ;
#2569 = CARTESIAN_POINT ( 'NONE',  ( 0.1805767864995252714, 0.9131832279276178577, 0.000000000000000000 ) ) ;
#2570 = CARTESIAN_POINT ( 'NONE',  ( -1.005710650110386739, 0.4145729567204703425, 0.005270901231338727400 ) ) ;
#2571 = B_SPLINE_CURVE_WITH_KNOTS ( 'NONE', 3,
 ( #4232, #3787, #671, #2088, #3902, #5700, #1642, #5586, #4260, #1115, #2915, #4020, #1670, #403, #3121, #1700, #2235, #5342, #373, #845, #3930, #2586, #4051, #1733, #2672, #787, #5852, #2117, #4932, #874, #1791, #4962, #5759, #5281, #1231, #4492, #3605, #3958, #2642, #345, #432, #316, #2147, #5404, #4873, #3509, #4406, #1350, #5311, #3151, #2204, #2176, #2556, #1319, #3989, #1289, #4374, #5729, #1259, #3480, #3032, #4845, #816, #3061, #2614, #4434, #5789, #3539, #5820, #3090, #4902, #4464, #1762, #3572, #5373, #5553, #4137, #5524, #3753, #5020, #2320, #21, #4197, #3725, #554, #1026, #2732, #2262, #1496, #83, #1467, #2351, #1882, #51, #4168, #4549, #461, #4078, #1823, #3695, #3269, #3635, #997, #1852, #5495, #4107, #1379, #113, #5078, #1913, #2822, #3300, #905, #4640, #581, #1439, #3210, #967, #2762, #5434, #3180, #5464, #493, #4991, #140, #2381, #1942, #2703, #2290, #938, #4520, #3240, #3667, #1409, #5050, #4578, #523, #2794, #4609, #4667, #609, #1080, #2491, #2409, #5188, #4253, #221, #2437, #5580, #4752, #1606, #4309, #250, #2080, #1633, #1163, #3414, #665, #1551, #3355, #5159, #5607, #5216, #3809, #4696, #3781, #1523, #3895, #5105, #1109, #3868, #4723, #2908, #2462, #1135, #5693, #3385, #2880, #693, #4224, #2936, #3327, #637, #1579, #278, #3837, #196, #5635, #5131, #4782, #4281, #2967, #1998, #723, #169, #5664, #2520, #4337, #1052, #2024, #1970, #2053, #2850, #1725, #337, #3501, #3082, #2139, #1192, #1221, #3563, #5751, #3025, #5274, #1753, #1663, #2664, #1282, #3052, #5364, #2197, #837, #867, #4837, #779, #2547, #4864, #5303, #1311, #1691, #2578, #3951, #1250, #4485, #5843, #4894, #808, #2606, #3472, #3922, #4397, #4043, #4365, #5781, #3112, #364, #4426, #4924, #424, #394, #2167, #2635, #3981, #5721, #3530, #5333, #2226, #4456 ),
 .UNSPECIFIED., .F., .F.,
 ( 4, 2, 2, 2, 2, 2, 2, 2, 2, 2, 2, 2, 2, 2, 2, 2, 2, 2, 2, 2, 2, 2, 2, 2, 2, 2, 2, 2, 2, 2, 2, 2, 2, 2, 2, 2, 2, 2, 2, 2, 2, 2, 2, 2, 2, 2, 2, 2, 2, 2, 2, 2, 2, 2, 2, 2, 2, 2, 2, 2, 2, 2, 2, 2, 2, 2, 2, 2, 2, 2, 2, 2, 2, 2, 2, 2, 2, 2, 2, 2, 2, 2, 2, 2, 2, 2, 2, 2, 2, 2, 2, 2, 2, 2, 2, 2, 2, 2, 2, 2, 2, 2, 2, 2, 2, 2, 2, 2, 2, 2, 2, 2, 2, 2, 2, 2, 2, 2, 2, 2, 2, 2, 2, 2, 2, 2, 2, 2, 4 ),
 ( 0.000000000000000000, 0.007812500000000000000, 0.01562500000000000000, 0.02343750000000000000, 0.03125000000000000000, 0.03906250000000000000, 0.04687500000000000000, 0.05468750000000000000, 0.06250000000000000000, 0.07031250000000000000, 0.07812500000000000000, 0.08593750000000000000, 0.09375000000000000000, 0.1015625000000000000, 0.1093750000000000000, 0.1171875000000000000, 0.1250000000000000000, 0.1328125000000000000, 0.1406250000000000000, 0.1484375000000000000, 0.1562500000000000000, 0.1640625000000000000, 0.1718750000000000000, 0.1796875000000000000, 0.1875000000000000000, 0.1953125000000000000, 0.2031250000000000000, 0.2109375000000000000, 0.2187500000000000000, 0.2265625000000000000, 0.2343750000000000000, 0.2421875000000000000, 0.2500000000000000000, 0.2578125000000000000, 0.2656250000000000000, 0.2734375000000000000, 0.2812500000000000000, 0.2890625000000000000, 0.2968750000000000000, 0.3046875000000000000, 0.3125000000000000000, 0.3203125000000000000, 0.3281250000000000000, 0.3359375000000000000, 0.3437500000000000000, 0.3515625000000000000, 0.3593750000000000000, 0.3671875000000000000, 0.3750000000000000000, 0.3828125000000000000, 0.3906250000000000000, 0.3984375000000000000, 0.4062500000000000000, 0.4140625000000000000, 0.4218750000000000000, 0.4296875000000000000, 0.4375000000000000000, 0.4453125000000000000, 0.4531250000000000000, 0.4609375000000000000, 0.4687500000000000000, 0.4765625000000000000, 0.4843750000000000000, 0.4921875000000000000, 0.5000000000000000000, 0.5078125000000000000, 0.5156250000000000000, 0.5234375000000000000, 0.5312500000000000000, 0.5390625000000000000, 0.5468750000000000000, 0.5546875000000000000, 0.5625000000000000000, 0.5703125000000000000, 0.5781250000000000000, 0.5859375000000000000, 0.5937500000000000000, 0.6015625000000000000, 0.6093750000000000000, 0.6171875000000000000, 0.6250000000000000000, 0.6328125000000000000, 0.6406250000000000000, 0.6484375000000000000, 0.6562500000000000000, 0.6640625000000000000, 0.6718750000000000000, 0.6796875000000000000, 0.6875000000000000000, 0.6953125000000000000, 0.7031250000000000000, 0.7109375000000000000, 0.7187500000000000000, 0.7265625000000000000, 0.7343750000000000000, 0.7421875000000000000, 0.7500000000000000000, 0.7578125000000000000, 0.7656250000000000000, 0.7734375000000000000, 0.7812500000000000000, 0.7890625000000000000, 0.7968750000000000000, 0.8046875000000000000, 0.8125000000000000000, 0.8203125000000000000, 0.8281250000000000000, 0.8359375000000000000, 0.8437500000000000000, 0.8515625000000000000, 0.8593750000000000000, 0.8671875000000000000, 0.8750000000000000000, 0.8828125000000000000, 0.8906250000000000000, 0.8984375000000000000, 0.9062500000000000000, 0.9140625000000000000, 0.9218750000000000000, 0.9296875000000000000, 0.9375000000000000000, 0.9453125000000000000, 0.9531250000000000000, 0.9609375000000000000, 0.9687500000000000000, 0.9765625000000000000, 0.9843750000000000000, 0.9921875000000000000, 1.000000000000000000 ),
 .UNSPECIFIED. ) ;
#2572 = CARTESIAN_POINT ( 'NONE',  ( -0.4670301143217400197, -0.7016685252095359315, -0.005270901231338727400 ) ) ;
#2573 = CARTESIAN_POINT ( 'NONE',  ( -1.607222526898616444, -0.8602496491509953325, 0.005270901231338729134 ) ) ;
#2574 = CARTESIAN_POINT ( 'NONE',  ( -0.5733980108211776949, 0.6970738852500641958, 0.000000000000000000 ) ) ;
#2575 = CARTESIAN_POINT ( 'NONE',  ( 0.3504331664041824834, -1.750394113766678528, -0.02015000000000002206 ) ) ;
#2576 = CARTESIAN_POINT ( 'NONE',  ( -1.244767478624644097, 0.8299278464495765117, -0.005270901231338727400 ) ) ;
#2577 = CARTESIAN_POINT ( 'NONE',  ( 0.5859085490680321362, 1.420861697910611232, 0.02015000000000002206 ) ) ;
#2578 = CARTESIAN_POINT ( 'NONE',  ( -1.309739434344496578, -1.312257947754155607, 0.000000000000000000 ) ) ;
#2579 = CARTESIAN_POINT ( 'NONE',  ( 1.018185506173476584, -0.5431330473530738834, 0.02015000000000002206 ) ) ;
#2580 = CARTESIAN_POINT ( 'NONE',  ( 0.9307658346483748124, 0.6220805951980338255, 0.02015000000000002206 ) ) ;
#2581 = CARTESIAN_POINT ( 'NONE',  ( 0.9914140290708821635, -0.6610345484968087604, -0.02015000000000002206 ) ) ;
#2582 = CARTESIAN_POINT ( 'NONE',  ( 0.4490151756110046244, -1.083643146939358370, 0.005270901231338729134 ) ) ;
#2583 = CARTESIAN_POINT ( 'NONE',  ( -0.7890410602448959532, 1.474384786063686281, -0.005270901231338724797 ) ) ;
#2584 = CARTESIAN_POINT ( 'NONE',  ( 0.5870137572278580906, 1.423700988765330910, 0.000000000000000000 ) ) ;
#2585 = CARTESIAN_POINT ( 'NONE',  ( 0.6160612918708763264, -0.5037284718701726671, -0.005270901231338727400 ) ) ;
#2586 = CARTESIAN_POINT ( 'NONE',  ( -0.8667980352292148361, -0.08692464425040249965, 0.000000000000000000 ) ) ;
#2587 = CARTESIAN_POINT ( 'NONE',  ( 0.1614976502704605354, -1.613643619517615369, 0.02015000000000002206 ) ) ;
#2588 = CARTESIAN_POINT ( 'NONE',  ( 0.7382576071512380045, -0.8993680258489382684, 2.134256245050205639E-18 ) ) ;
#2589 = CARTESIAN_POINT ( 'NONE',  ( 1.711290286939840977, -0.3382653876839946117, 0.005270901231338729134 ) ) ;
#2590 = CARTESIAN_POINT ( 'NONE',  ( 0.1092247665926635997, 1.120330212214507348, -0.02015000000000002206 ) ) ;
#2591 = CARTESIAN_POINT ( 'NONE',  ( -1.176084458913959407, -0.3579481471911596935, -0.02015000000000002206 ) ) ;
#2592 = CARTESIAN_POINT ( 'NONE',  ( -1.078562833058650527, -0.5768471925141540613, 0.02015000000000002206 ) ) ;
#2593 = CARTESIAN_POINT ( 'NONE',  ( -0.6370959160180167391, 0.6348540631276851087, 0.005270901231338727400 ) ) ;
#2594 = CARTESIAN_POINT ( 'NONE',  ( 0.8572580124606603569, -1.597695686247856628, 0.005270901231338727400 ) ) ;
#2595 = CARTESIAN_POINT ( 'NONE',  ( 0.6109541476338372634, -0.7437991388682726468, 0.005270901231338729134 ) ) ;
#2596 = CARTESIAN_POINT ( 'NONE',  ( -0.2328543397506835089, -1.171963071190804673, -0.02015000000000002206 ) ) ;
#2597 = CARTESIAN_POINT ( 'NONE',  ( -1.315931077667800819, 1.076431968058664701, -0.005270901231338727400 ) ) ;
#2598 = CARTESIAN_POINT ( 'NONE',  ( 1.533012783452994299, -0.1503013719505936763, -0.005270901231338724797 ) ) ;
#2599 = CARTESIAN_POINT ( 'NONE',  ( 0.5723038585685772395, -1.066403946178889672, 0.000000000000000000 ) ) ;
#2600 = CARTESIAN_POINT ( 'NONE',  ( 0.7270414544978539562, 0.8878234437803660395, 0.005270901231338727400 ) ) ;
#2601 = PRODUCT_DEFINITION_FORMATION_WITH_SPECIFIED_SOURCE ( 'ANY', '', #2788, .NOT_KNOWN. ) ;
#2602 = CARTESIAN_POINT ( 'NONE',  ( -0.1914803508836259716, 1.913590926257516367, -0.02015000000000002206 ) ) ;
#2603 = CARTESIAN_POINT ( 'NONE',  ( 1.351681249209182534, 1.355067835676538435, 0.005270901231338729134 ) ) ;
#2604 = CARTESIAN_POINT ( 'NONE',  ( -1.048069353480812982, -0.2103362636239102523, 0.000000000000000000 ) ) ;
#2605 = CARTESIAN_POINT ( 'NONE',  ( 0.8952924746793301525, -1.337045265786458437, -0.005270901231338727400 ) ) ;
#2606 = CARTESIAN_POINT ( 'NONE',  ( -1.808061033695298248, 0.5453418723856460204, 0.000000000000000000 ) ) ;
#2607 = CARTESIAN_POINT ( 'NONE',  ( -0.9306333693134711815, 1.389172557027514632, 0.02015000000000002206 ) ) ;
#2608 = DIRECTION ( 'NONE',  ( 0.000000000000000000, 0.000000000000000000, 1.000000000000000000 ) ) ;
#2609 = CARTESIAN_POINT ( 'NONE',  ( 0.1207540219427955114, -1.213850969540671398, -0.02015000000000002206 ) ) ;
#2610 = CARTESIAN_POINT ( 'NONE',  ( 0.8747254621983557854, -0.3626266251870082780, 0.005270901231338729134 ) ) ;
#2611 = CARTESIAN_POINT ( 'NONE',  ( 0.6043036268532824273, -1.454284836891896582, -0.005270901231338724797 ) ) ;
#2612 = CARTESIAN_POINT ( 'NONE',  ( 0.9541265667974768716, 0.9572783972911057537, 0.000000000000000000 ) ) ;
#2613 = CARTESIAN_POINT ( 'NONE',  ( -0.8665947313121544759, -1.624924948984481476, -0.02015000000000002206 ) ) ;
#2614 = CARTESIAN_POINT ( 'NONE',  ( -1.066890135447390309, -0.1062437229075484657, 0.000000000000000000 ) ) ;
#2615 = CARTESIAN_POINT ( 'NONE',  ( 1.540931945940445580, 0.3080968532916672498, 0.000000000000000000 ) ) ;
#2616 = CARTESIAN_POINT ( 'NONE',  ( -0.1914803508836259716, 1.913590926257516367, 0.02015000000000002206 ) ) ;
#2617 = CARTESIAN_POINT ( 'NONE',  ( 1.192525431364199306, -0.6369382897207322980, 2.134256245050205639E-18 ) ) ;
#2618 = CARTESIAN_POINT ( 'NONE',  ( 0.2245797514986922205, -0.7408685851826938285, -0.005270901231338724797 ) ) ;
#2619 = DIMENSIONAL_EXPONENTS ( 1.000000000000000000, 0.000000000000000000, 0.000000000000000000, 0.000000000000000000, 0.000000000000000000, 0.000000000000000000, 0.000000000000000000 ) ;
#2620 = CARTESIAN_POINT ( 'NONE',  ( 0.1015157990015662232, -1.013751190392690571, -0.02015000000000002206 ) ) ;
#2621 = CARTESIAN_POINT ( 'NONE',  ( -1.002861918674029074, 0.4134922781423693294, 0.02015000000000002206 ) ) ;
#2622 = CARTESIAN_POINT ( 'NONE',  ( -1.004408518379826587, 0.8225651782396692369, 0.000000000000000000 ) ) ;
#2623 = CARTESIAN_POINT ( 'NONE',  ( -0.4298267816048044199, 0.8007580761121533275, 0.005270901231338727400 ) ) ;
#2624 = CARTESIAN_POINT ( 'NONE',  ( 1.934767834548602350, 0.3880236722248595060, 0.005270901231338727400 ) ) ;
#2625 = CARTESIAN_POINT ( 'NONE',  ( -0.5040629799663428612, 0.9431168907316308525, 0.005270901231338729134 ) ) ;
#2626 = CARTESIAN_POINT ( 'NONE',  ( -0.1272876380186117318, 1.279553914065462594, -0.02015000000000002206 ) ) ;
#2627 = CARTESIAN_POINT ( 'NONE',  ( -0.7856371147769859453, 0.4181495140189092630, 0.000000000000000000 ) ) ;
#2628 = CARTESIAN_POINT ( 'NONE',  ( 1.325301408497944200, 1.090283948898961741, -0.005270901231338724797 ) ) ;
#2629 = CARTESIAN_POINT ( 'NONE',  ( 0.7842116132879448642, -1.169499327565599156, 0.000000000000000000 ) ) ;
#2630 = CARTESIAN_POINT ( 'NONE',  ( 0.9497254445125788980, 0.1900093630857323801, 0.005270901231338727400 ) ) ;
#2631 = CARTESIAN_POINT ( 'NONE',  ( -0.8743450428759093063, -0.001001174052148393750, -0.005270901231338727400 ) ) ;
#2632 = CARTESIAN_POINT ( 'NONE',  ( -1.796970213414382123, -0.3585040476414285138, 0.005270901231338729134 ) ) ;
#2633 = CARTESIAN_POINT ( 'NONE',  ( -0.8135067671579561122, -0.6691071818706116892, 0.000000000000000000 ) ) ;
#2634 = CARTESIAN_POINT ( 'NONE',  ( -1.673438231575997470, 0.1621083620707732265, -0.005270901231338727400 ) ) ;
#2635 = CARTESIAN_POINT ( 'NONE',  ( 1.379823238307043454, 1.384188372270204415, 0.000000000000000000 ) ) ;
#2636 = CARTESIAN_POINT ( 'NONE',  ( 1.464365191555478507, 0.4460351801863938204, 0.02015000000000002206 ) ) ;
#2637 = CARTESIAN_POINT ( 'NONE',  ( 0.3268083159756353107, 1.083654811138600849, -0.02015000000000002206 ) ) ;
#2638 = CARTESIAN_POINT ( 'NONE',  ( 0.8849568241518871448, 0.2687714400707260642, 0.005270901231338729134 ) ) ;
#2639 = CARTESIAN_POINT ( 'NONE',  ( -1.429546011942837369, -0.7662204336908730040, -0.005270901231338724797 ) ) ;
#2640 = CARTESIAN_POINT ( 'NONE',  ( -0.001361028145740965541, 1.326508313428211183, 0.000000000000000000 ) ) ;
#2641 = CARTESIAN_POINT ( 'NONE',  ( -1.785403045475126849, -0.5446387592111008313, -0.02015000000000002206 ) ) ;
#2642 = CARTESIAN_POINT ( 'NONE',  ( 0.6707929152040851273, 0.6722936075519813093, 0.000000000000000000 ) ) ;
#2643 = CARTESIAN_POINT ( 'NONE',  ( -1.352207054872457848, -0.5626889245636939041, 0.000000000000000000 ) ) ;
#2644 = CARTESIAN_POINT ( 'NONE',  ( 1.963765168386078841, 0.1952473454587256019, 0.02015000000000002206 ) ) ;
#2645 = CARTESIAN_POINT ( 'NONE',  ( 1.050739548259346900, -0.8605853961258906892, 2.134256245050205639E-18 ) ) ;
#2646 = CARTESIAN_POINT ( 'NONE',  ( -1.545680182069505193, 1.030030881960925404, 0.005270901231338729134 ) ) ;
#2647 = CARTESIAN_POINT ( 'NONE',  ( 0.08911762797419749138, 0.9203162114437608565, -0.02015000000000002206 ) ) ;
#2648 = CARTESIAN_POINT ( 'NONE',  ( 0.1015157990015662232, -1.013751190392690571, 0.02015000000000002206 ) ) ;
#2649 = CARTESIAN_POINT ( 'NONE',  ( -1.044298569103947028, -0.7002971835861695471, 0.000000000000000000 ) ) ;
#2650 = CARTESIAN_POINT ( 'NONE',  ( -0.4586449959377694174, -1.110073350764576361, 0.02015000000000002206 ) ) ;
#2651 = CARTESIAN_POINT ( 'NONE',  ( 0.9497254445125788980, 0.1900093630857323801, 0.005270901231338727400 ) ) ;
#2652 = CARTESIAN_POINT ( 'NONE',  ( -0.4654365309583793353, -0.6990716550318398781, 0.02015000000000002206 ) ) ;
#2653 = CARTESIAN_POINT ( 'NONE',  ( -0.8984727792927402756, -0.4808809183815112021, 0.005270901231338729134 ) ) ;
#2654 = CARTESIAN_POINT ( 'NONE',  ( -0.1157560122856408635, -1.186035031096887460, -0.02015000000000002206 ) ) ;
#2655 = CARTESIAN_POINT ( 'NONE',  ( 1.379823238307043454, 1.384188372270204415, -0.005270901231338727400 ) ) ;
#2656 = CARTESIAN_POINT ( 'NONE',  ( 0.9944491606979937171, -1.208973490107039916, -0.005270901231338724797 ) ) ;
#2657 = CARTESIAN_POINT ( 'NONE',  ( 1.343635513853318031, 0.2695653998278391139, 0.000000000000000000 ) ) ;
#2658 = CARTESIAN_POINT ( 'NONE',  ( -0.2391499454712862904, -1.208880084024966717, 0.005270901231338727400 ) ) ;
#2659 = CARTESIAN_POINT ( 'NONE',  ( -0.7351038813889123613, 1.766910758453521524, 0.02015000000000002206 ) ) ;
#2660 = CARTESIAN_POINT ( 'NONE',  ( -0.9627351620698099133, 0.5132619293641010882, -0.005270901231338727400 ) ) ;
#2661 = CARTESIAN_POINT ( 'NONE',  ( 1.895188785141269427, 0.3794518646105937698, 0.005270901231338729134 ) ) ;
#2662 = CARTESIAN_POINT ( 'NONE',  ( -0.4720532235583049241, -1.145040763001760276, 0.000000000000000000 ) ) ;
#2663 = CARTESIAN_POINT ( 'NONE',  ( 1.495540774311185928, -0.9972006770378056828, -0.005270901231338727400 ) ) ;
#2664 = CARTESIAN_POINT ( 'NONE',  ( 1.711598747943163135, -0.5174016523896081132, 0.000000000000000000 ) ) ;
#2665 = CARTESIAN_POINT ( 'NONE',  ( 1.483418135078708122, -0.4481276308582146650, 0.02015000000000002206 ) ) ;
#2666 = DIRECTION ( 'NONE',  ( 0.000000000000000000, 0.000000000000000000, 1.000000000000000000 ) ) ;
#2667 = CARTESIAN_POINT ( 'NONE',  ( 1.353726518031251436, -0.2679158452118070022, -0.02015000000000002206 ) ) ;
#2668 = CARTESIAN_POINT ( 'NONE',  ( 0.9342907450688473503, 0.0003351746386753474039, 0.005270901231338729134 ) ) ;
#2669 = CARTESIAN_POINT ( 'NONE',  ( 0.7359497809130057799, -0.07264226390392233834, -0.02015000000000002206 ) ) ;
#2670 = CARTESIAN_POINT ( 'NONE',  ( -1.317737710512343563, 0.7015904054980349747, 0.000000000000000000 ) ) ;
#2671 = CARTESIAN_POINT ( 'NONE',  ( -0.2405146614896036539, -0.7980082718583720869, -0.005270901231338727400 ) ) ;
#2672 = CARTESIAN_POINT ( 'NONE',  ( -0.8460032837790635307, 0.2555782320411348341, 0.000000000000000000 ) ) ;
#2673 = CARTESIAN_POINT ( 'NONE',  ( 1.499964968759224915, 0.4576605579692981096, 0.000000000000000000 ) ) ;
#2674 = CARTESIAN_POINT ( 'NONE',  ( 0.6630337800754604327, -0.3551223340126441474, 0.02015000000000002206 ) ) ;
#2675 = CARTESIAN_POINT ( 'NONE',  ( 1.501395411966139903, 0.2993307647679709360, 2.134256245050205639E-18 ) ) ;
#2676 = CARTESIAN_POINT ( 'NONE',  ( 1.895188785141269427, 0.3794518646105937698, 0.005270901231338729134 ) ) ;
#2677 = CARTESIAN_POINT ( 'NONE',  ( 0.7688195951497643899, -0.6296649768360840227, -0.02015000000000002206 ) ) ;
#2678 = CARTESIAN_POINT ( 'NONE',  ( 0.9703222410082557037, -0.09458415556913489508, 0.02015000000000002206 ) ) ;
#2679 = CARTESIAN_POINT ( 'NONE',  ( 1.373405740173228917, -0.1329887840855085990, 0.000000000000000000 ) ) ;
#2680 = CARTESIAN_POINT ( 'NONE',  ( -1.013714828933154344, -0.6786838827151978615, 0.02015000000000002206 ) ) ;
#2681 = CARTESIAN_POINT ( 'NONE',  ( -0.6163827538810128237, 0.9190978106364767752, 0.005270901231338727400 ) ) ;
#2682 = CARTESIAN_POINT ( 'NONE',  ( -0.8245136621764236340, -0.2510294673081767125, 0.02015000000000002206 ) ) ;
#2683 = CARTESIAN_POINT ( 'NONE',  ( -0.6074406917746622003, 0.6072754998231409962, 0.005270901231338729134 ) ) ;
#2684 = CARTESIAN_POINT ( 'NONE',  ( 1.053139698320247453, -0.8624621896880445560, -0.02015000000000002206 ) ) ;
#2685 = CARTESIAN_POINT ( 'NONE',  ( 1.970131138202268817, 0.002185763461703942295, -0.005270901231338727400 ) ) ;
#2686 = CARTESIAN_POINT ( 'NONE',  ( 0.5380755918080777356, -0.5389419904644549009, -0.02015000000000002206 ) ) ;
#2687 = CARTESIAN_POINT ( 'NONE',  ( 1.356728512085618732, -0.2684365249612486459, 0.000000000000000000 ) ) ;
#2688 = CARTESIAN_POINT ( 'NONE',  ( -0.7900802199849681351, -0.9659961847946322289, 0.005270901231338727400 ) ) ;
#2689 = CARTESIAN_POINT ( 'NONE',  ( -1.210371096842117522, 1.470165642093326452, 0.02015000000000002206 ) ) ;
#2690 = CARTESIAN_POINT ( 'NONE',  ( 0.9497254445125788980, 0.1900093630857323801, -0.005270901231338727400 ) ) ;
#2691 = CARTESIAN_POINT ( 'NONE',  ( -0.7891204733376071534, -0.2387884886206538826, -0.005270901231338724797 ) ) ;
#2692 = CARTESIAN_POINT ( 'NONE',  ( -0.7276207004488347563, 1.086538535730148025, 0.000000000000000000 ) ) ;
#2693 = CARTESIAN_POINT ( 'NONE',  ( 0.5610388891212514384, 1.855864658646915411, -0.005270901231338727400 ) ) ;
#2694 = CARTESIAN_POINT ( 'NONE',  ( 0.4245075914789298577, 0.7933843767539374703, 2.134256245050205639E-18 ) ) ;
#2695 = AXIS2_PLACEMENT_3D ( 'NONE', #1817, #5428, #5336 ) ;
#2696 = CARTESIAN_POINT ( 'NONE',  ( -1.602623671691481011, -0.3207607388340186216, 0.02015000000000002206 ) ) ;
#2697 = CARTESIAN_POINT ( 'NONE',  ( -0.4138844460162501293, -1.372246101518411088, -0.02015000000000002206 ) ) ;
#2698 = CARTESIAN_POINT ( 'NONE',  ( 0.7022804716536580338, 0.8557783642403283819, 0.005270901231338729134 ) ) ;
#2699 = CARTESIAN_POINT ( 'NONE',  ( 0.1759722105407228177, -1.776589062188569157, -0.005270901231338724797 ) ) ;
#2700 = CARTESIAN_POINT ( 'NONE',  ( 1.376839913707069041, 0.7376920377158671105, 0.000000000000000000 ) ) ;
#2701 = CARTESIAN_POINT ( 'NONE',  ( 0.4502590561412812553, -1.086424489384932635, -0.02015000000000002206 ) ) ;
#2702 = CARTESIAN_POINT ( 'NONE',  ( 0.3276081503265225736, 1.086594775272874180, -0.005270901231338727400 ) ) ;
#2703 = CARTESIAN_POINT ( 'NONE',  ( 1.343635513853318031, 0.2695653998278391139, 0.000000000000000000 ) ) ;
#2704 = CARTESIAN_POINT ( 'NONE',  ( -1.244767478624644097, 0.8299278464495765117, 0.000000000000000000 ) ) ;
#2705 = CARTESIAN_POINT ( 'NONE',  ( -0.07795279814462383050, -0.7859685352779626211, 0.02015000000000002206 ) ) ;
#2706 = CARTESIAN_POINT ( 'NONE',  ( 1.015722640441504288, 0.8340572296786419315, 2.134256245050205639E-18 ) ) ;
#2707 = CARTESIAN_POINT ( 'NONE',  ( -0.9264491800988597925, 0.4952807298005528214, -0.005270901231338724797 ) ) ;
#2708 = CARTESIAN_POINT ( 'NONE',  ( -0.1182115291820255154, -1.220350446716238935, -0.02015000000000002206 ) ) ;
#2709 = CARTESIAN_POINT ( 'NONE',  ( 1.163723831658574515, 0.1165146360590572083, 0.02015000000000002206 ) ) ;
#2710 = CARTESIAN_POINT ( 'NONE',  ( -0.1184289950923217705, -1.223389494464337313, 0.000000000000000000 ) ) ;
#2711 = CARTESIAN_POINT ( 'NONE',  ( -1.404178228887819069, -0.4274925941071098245, 0.005270901231338727400 ) ) ;
#2712 = CARTESIAN_POINT ( 'NONE',  ( 0.6687155400290383245, 0.6700647746321530818, 0.02015000000000002206 ) ) ;
#2713 = CARTESIAN_POINT ( 'NONE',  ( -1.092654987801863875, -0.8986035801770587694, 0.005270901231338729134 ) ) ;
#2714 = CARTESIAN_POINT ( 'NONE',  ( 0.2703895135319105969, -1.356585908369878357, -0.02015000000000002206 ) ) ;
#2715 = CARTESIAN_POINT ( 'NONE',  ( -1.836535196679146331, -0.3671405983948691776, -0.005270901231338727400 ) ) ;
#2716 = CARTESIAN_POINT ( 'NONE',  ( 1.895188785141269427, 0.3794518646105937698, -0.005270901231338724797 ) ) ;
#2717 = CARTESIAN_POINT ( 'NONE',  ( -0.8679801415326585667, -1.627638557632946403, 0.005270901231338727400 ) ) ;
#2718 = CARTESIAN_POINT ( 'NONE',  ( -1.404178228887819069, -0.4274925941071098245, 0.000000000000000000 ) ) ;
#2719 = CARTESIAN_POINT ( 'NONE',  ( -1.276206919020087538, -0.002121438826131132483, 0.005270901231338727400 ) ) ;
#2720 = CARTESIAN_POINT ( 'NONE',  ( 1.353795651950975953, 1.114585580596392678, 0.02015000000000002206 ) ) ;
#2721 = CARTESIAN_POINT ( 'NONE',  ( -0.001906955048336523911, 1.125485933652464077, -0.005270901231338727400 ) ) ;
#2722 = CARTESIAN_POINT ( 'NONE',  ( -0.08592611775836500598, 0.8767745760799271482, -0.005270901231338724797 ) ) ;
#2723 = CARTESIAN_POINT ( 'NONE',  ( 0.2578426339556110780, 1.307548870956974474, 0.000000000000000000 ) ) ;
#2724 = CARTESIAN_POINT ( 'NONE',  ( 0.7270504242972418707, -0.2996124230314293757, 0.000000000000000000 ) ) ;
#2725 = CARTESIAN_POINT ( 'NONE',  ( -0.7891204733376071534, -0.2387884886206538826, 2.134256245050205639E-18 ) ) ;
#2726 = CARTESIAN_POINT ( 'NONE',  ( 0.4597292553168276785, -1.512776291463462153, 0.02015000000000002206 ) ) ;
#2727 = CARTESIAN_POINT ( 'NONE',  ( 0.9520253103035333231, 0.9550720876288222305, -0.02015000000000002206 ) ) ;
#2728 = CARTESIAN_POINT ( 'NONE',  ( -1.384053864290848201, 0.4192660393690074150, 0.005270901231338729134 ) ) ;
#2729 = CARTESIAN_POINT ( 'NONE',  ( 1.573391172074056987, -0.1533944936517846191, 0.000000000000000000 ) ) ;
#2730 = CARTESIAN_POINT ( 'NONE',  ( -1.386989052534985056, 0.4200831884806696670, -0.02015000000000002206 ) ) ;
#2731 = CARTESIAN_POINT ( 'NONE',  ( -0.7412782310244555584, -0.7438234097827168823, -0.005270901231338727400 ) ) ;
#2732 = CARTESIAN_POINT ( 'NONE',  ( 1.175787223235251533, 0.001241076782799628315, 0.000000000000000000 ) ) ;
#2733 = CARTESIAN_POINT ( 'NONE',  ( -0.002764890159205933909, 1.728369875091887886, 0.000000000000000000 ) ) ;
#2734 = CARTESIAN_POINT ( 'NONE',  ( 1.492975279173912817, -0.9955571226704060805, 0.02015000000000002206 ) ) ;
#2735 = CARTESIAN_POINT ( 'NONE',  ( -0.7042559426602643669, 1.053461719195328827, 2.134256245050205639E-18 ) ) ;
#2736 = CARTESIAN_POINT ( 'NONE',  ( -0.2104404975601546768, 1.058063755992932453, -0.005270901231338724797 ) ) ;
#2737 = CARTESIAN_POINT ( 'NONE',  ( -1.002003614530649012, 0.8206944761782777320, -0.02015000000000002206 ) ) ;
#2738 = CARTESIAN_POINT ( 'NONE',  ( 0.5707951985323631572, -1.063756862608758569, 0.02015000000000002206 ) ) ;
#2739 = CARTESIAN_POINT ( 'NONE',  ( 0.4713594034279414702, -1.548374499504132640, 0.000000000000000000 ) ) ;
#2740 = CARTESIAN_POINT ( 'NONE',  ( 0.6665368199679438943, -1.243972323954779746, 0.005270901231338727400 ) ) ;
#2741 = CARTESIAN_POINT ( 'NONE',  ( -1.002861918674029074, 0.4134922781423693294, 0.02015000000000002206 ) ) ;
#2742 = CARTESIAN_POINT ( 'NONE',  ( -0.8559245060036612118, -0.8562154874223580903, 0.005270901231338729134 ) ) ;
#2743 = CARTESIAN_POINT ( 'NONE',  ( 0.6055271061956031264, -1.457075204026378357, -0.02015000000000002206 ) ) ;
#2744 = CARTESIAN_POINT ( 'NONE',  ( -0.6370959160180167391, 0.6348540631276851087, 0.000000000000000000 ) ) ;
#2745 = CARTESIAN_POINT ( 'NONE',  ( -0.07795279814462383050, -0.7859685352779626211, -0.02015000000000002206 ) ) ;
#2746 = CARTESIAN_POINT ( 'NONE',  ( -1.545101602934605856, -1.035954902380741727, 0.005270901231338727400 ) ) ;
#2747 = CARTESIAN_POINT ( 'NONE',  ( 1.751149173740902842, -0.3454241630625419224, 0.000000000000000000 ) ) ;
#2748 = CARTESIAN_POINT ( 'NONE',  ( -0.5048123433848212827, 1.213041100766895308, 0.005270901231338727400 ) ) ;
#2749 = CARTESIAN_POINT ( 'NONE',  ( -0.1914803508836259716, 1.913590926257516367, 0.02015000000000002206 ) ) ;
#2750 = CARTESIAN_POINT ( 'NONE',  ( 0.001121125418458782325, -1.025066133049630013, -0.005270901231338727400 ) ) ;
#2751 = CARTESIAN_POINT ( 'NONE',  ( 0.1066669343316119650, 1.082967643929867441, -0.005270901231338724797 ) ) ;
#2752 = CARTESIAN_POINT ( 'NONE',  ( 1.115785687665855175, 0.3397589754674914531, 0.000000000000000000 ) ) ;
#2753 = CARTESIAN_POINT ( 'NONE',  ( 0.001477987492284754244, -0.8240439628872554545, 0.000000000000000000 ) ) ;
#2754 = CARTESIAN_POINT ( 'NONE',  ( -0.8639485681227481173, 0.1702611048391229898, 0.000000000000000000 ) ) ;
#2755 = CARTESIAN_POINT ( 'NONE',  ( 0.9329487704139954873, -0.09218937571123382579, 2.134256245050205639E-18 ) ) ;
#2756 = CARTESIAN_POINT ( 'NONE',  ( 0.8390008329309991408, -1.564997581607700639, 0.02015000000000002206 ) ) ;
#2757 = CARTESIAN_POINT ( 'NONE',  ( 0.7247166408926430936, 1.358958911913431544, -0.02015000000000002206 ) ) ;
#2758 = CARTESIAN_POINT ( 'NONE',  ( -1.205834867896449669, -0.2400961861947720766, 0.005270901231338729134 ) ) ;
#2759 = CARTESIAN_POINT ( 'NONE',  ( 0.7260928566580463484, 1.361677199398674265, 0.000000000000000000 ) ) ;
#2760 = CARTESIAN_POINT ( 'NONE',  ( 0.8738259525523476290, -1.306358439398676685, -0.02015000000000002206 ) ) ;
#2761 = CARTESIAN_POINT ( 'NONE',  ( -0.4298267816048044199, 0.8007580761121533275, -0.005270901231338727400 ) ) ;
#2762 = CARTESIAN_POINT ( 'NONE',  ( -0.001361028145740965541, 1.326508313428211183, 0.000000000000000000 ) ) ;
#2763 = CARTESIAN_POINT ( 'NONE',  ( 0.3746180060972844061, 1.899015941328781043, 0.000000000000000000 ) ) ;
#2764 = CARTESIAN_POINT ( 'NONE',  ( 0.09704960091723442706, -0.9796390596999292599, 0.02015000000000002206 ) ) ;
#2765 = CARTESIAN_POINT ( 'NONE',  ( 1.248301887064151572, -1.245296901059800732, 2.134256245050205639E-18 ) ) ;
#2766 = CARTESIAN_POINT ( 'NONE',  ( -0.3496862733765331299, -1.763411913237445727, 0.02015000000000002206 ) ) ;
#2767 = CARTESIAN_POINT ( 'NONE',  ( -0.8239644071500840106, 0.1638362993459017980, -0.005270901231338724797 ) ) ;
#2768 = CARTESIAN_POINT ( 'NONE',  ( -1.075410231946317685, 0.7160755876965612110, -0.02015000000000002206 ) ) ;
#2769 = CARTESIAN_POINT ( 'NONE',  ( 1.353726518031251436, -0.2679158452118070022, 0.02015000000000002206 ) ) ;
#2770 = CARTESIAN_POINT ( 'NONE',  ( -0.4737644156597711209, -1.567332837239003407, 0.000000000000000000 ) ) ;
#2771 = CARTESIAN_POINT ( 'NONE',  ( 1.199226881201504336, 0.6435423970449928310, 0.005270901231338727400 ) ) ;
#2772 = CARTESIAN_POINT ( 'NONE',  ( -0.8469393286646735852, 0.6927679412672642645, 0.02015000000000002206 ) ) ;
#2773 = CARTESIAN_POINT ( 'NONE',  ( -0.4883822172565205344, 1.176027067584773933, 0.005270901231338729134 ) ) ;
#2774 = CARTESIAN_POINT ( 'NONE',  ( -1.286523401947412548, 1.053244030662926489, -0.02015000000000002206 ) ) ;
#2775 = CARTESIAN_POINT ( 'NONE',  ( 1.115785687665855175, 0.3397589754674914531, 0.000000000000000000 ) ) ;
#2776 = CARTESIAN_POINT ( 'NONE',  ( -0.1734321113240538947, -1.783087331690172084, -0.005270901231338724797 ) ) ;
#2777 = CARTESIAN_POINT ( 'NONE',  ( 0.7702987392064608585, -0.07457817961127910511, 0.02015000000000002206 ) ) ;
#2778 = CARTESIAN_POINT ( 'NONE',  ( -1.315931077667800819, 1.076431968058664701, 0.000000000000000000 ) ) ;
#2779 = APPLICATION_CONTEXT ( 'automotive_design' ) ;
#2780 = CARTESIAN_POINT ( 'NONE',  ( 0.2785749807400254574, -1.393130320574346381, 0.005270901231338727400 ) ) ;
#2781 = CARTESIAN_POINT ( 'NONE',  ( 0.2399508317265431068, -1.195852433669943204, -0.005270901231338727400 ) ) ;
#2782 = CARTESIAN_POINT ( 'NONE',  ( -0.7135489483780016462, -0.7143092533042941783, -0.005270901231338724797 ) ) ;
#2783 = CARTESIAN_POINT ( 'NONE',  ( 0.09704960091723442706, -0.9796390596999292599, 0.02015000000000002206 ) ) ;
#2784 = CARTESIAN_POINT ( 'NONE',  ( 0.4655482169399987047, -1.120611367348821830, 0.000000000000000000 ) ) ;
#2785 = CARTESIAN_POINT ( 'NONE',  ( 0.7653347998975816857, -0.1512902070212980843, 0.000000000000000000 ) ) ;
#2786 = EDGE_LOOP ( 'NONE', ( #1341, #3562 ) ) ;
#2787 = CARTESIAN_POINT ( 'NONE',  ( -0.3496862733765331299, -1.763411913237445727, 0.02015000000000002206 ) ) ;
#2788 = PRODUCT ( 'Coil', 'Coil', '', ( #367 ) ) ;
#2789 = CARTESIAN_POINT ( 'NONE',  ( -1.242357336109926491, -0.2483792248625461552, -0.02015000000000002206 ) ) ;
#2790 = CARTESIAN_POINT ( 'NONE',  ( 0.1444512870837237895, 1.483043904259268464, 0.005270901231338729134 ) ) ;
#2791 = CARTESIAN_POINT ( 'NONE',  ( -1.494657878513600879, 0.7970364990951537276, 0.000000000000000000 ) ) ;
#2792 = CARTESIAN_POINT ( 'NONE',  ( 0.6055271061956031264, -1.457075204026378357, -0.02015000000000002206 ) ) ;
#2793 = CARTESIAN_POINT ( 'NONE',  ( -0.8667980352292148361, -0.08692464425040249965, -0.005270901231338727400 ) ) ;
#2794 = CARTESIAN_POINT ( 'NONE',  ( 0.4137033172014812354, -1.355796239783332524, 0.000000000000000000 ) ) ;
#2795 = CARTESIAN_POINT ( 'NONE',  ( -0.3343834194107725977, 0.8081542317969464539, 0.02015000000000002206 ) ) ;
#2796 = CARTESIAN_POINT ( 'NONE',  ( -1.612553395414628943, 0.3199240720792185244, 2.134256245050205639E-18 ) ) ;
#2797 = CARTESIAN_POINT ( 'NONE',  ( 1.085955093954332540, 1.324750809566797249, 0.02015000000000002206 ) ) ;
#2798 = CARTESIAN_POINT ( 'NONE',  ( 0.3723613963543238592, -0.8978149542858675503, -0.005270901231338724797 ) ) ;
#2799 = CARTESIAN_POINT ( 'NONE',  ( -1.242357336109926491, -0.2483792248625461552, -0.02015000000000002206 ) ) ;
#2800 = CARTESIAN_POINT ( 'NONE',  ( 0.4643043364098252135, -1.117830024903247343, 0.02015000000000002206 ) ) ;
#2801 = CARTESIAN_POINT ( 'NONE',  ( 1.540931945940445580, 0.3080968532916672498, 0.000000000000000000 ) ) ;
#2802 = CARTESIAN_POINT ( 'NONE',  ( 0.6307301826331075389, 1.184712561587630608, 0.005270901231338727400 ) ) ;
#2803 = CARTESIAN_POINT ( 'NONE',  ( 1.281529100561606738, -0.5284346779891342383, 0.02015000000000002206 ) ) ;
#2804 = CARTESIAN_POINT ( 'NONE',  ( 0.2509261685407513931, 1.267647120808455652, 0.005270901231338729134 ) ) ;
#2805 = CARTESIAN_POINT ( 'NONE',  ( 1.085955093954332540, 1.324750809566797249, -0.02015000000000002206 ) ) ;
#2806 = CARTESIAN_POINT ( 'NONE',  ( 0.7359497809130057799, -0.07264226390392233834, -0.02015000000000002206 ) ) ;
#2807 = CARTESIAN_POINT ( 'NONE',  ( -0.001840833590225307917, 1.929392674238441963, 0.005270901231338727400 ) ) ;
#2808 = CARTESIAN_POINT ( 'NONE',  ( 1.356113858628259505, 1.116562688883884213, 0.000000000000000000 ) ) ;
#2809 = CARTESIAN_POINT ( 'NONE',  ( -0.002764890159205933909, 1.728369875091887886, 0.005270901231338727400 ) ) ;
#2810 = CARTESIAN_POINT ( 'NONE',  ( 1.547725248266793585, -0.8248865154563532753, -0.005270901231338724797 ) ) ;
#2811 = CARTESIAN_POINT ( 'NONE',  ( 1.343635513853318031, 0.2695653998278391139, -0.005270901231338727400 ) ) ;
#2812 = CARTESIAN_POINT ( 'NONE',  ( -0.5040629799663428612, 0.9431168907316308525, -0.005270901231338724797 ) ) ;
#2813 = CARTESIAN_POINT ( 'NONE',  ( -0.9180889019851310451, -1.120993592982966192, 0.000000000000000000 ) ) ;
#2814 = CARTESIAN_POINT ( 'NONE',  ( -1.073373248748989095, 0.1038692060985847848, 0.000000000000000000 ) ) ;
#2815 = CARTESIAN_POINT ( 'NONE',  ( 0.7500000000000003331, 0.000000000000000000, 0.000000000000000000 ) ) ;
#2816 = CARTESIAN_POINT ( 'NONE',  ( -0.5475733577187856804, 1.801132969875795631, 0.02015000000000002206 ) ) ;
#2817 = CARTESIAN_POINT ( 'NONE',  ( 1.763617223050718996, 0.1764893955581187113, -0.02015000000000002206 ) ) ;
#2818 = CARTESIAN_POINT ( 'NONE',  ( -1.075915321021635229, -0.5753392882101625583, 0.005270901231338729134 ) ) ;
#2819 = CARTESIAN_POINT ( 'NONE',  ( 1.692570770125722657, 0.5152262127485994769, 0.000000000000000000 ) ) ;
#2820 = CARTESIAN_POINT ( 'NONE',  ( -1.602623671691481011, -0.3207607388340186216, -0.02015000000000002206 ) ) ;
#2821 = CARTESIAN_POINT ( 'NONE',  ( -0.5790186005915372025, -0.8686075351197306560, -0.005270901231338727400 ) ) ;
#2822 = CARTESIAN_POINT ( 'NONE',  ( -1.191231214967320984, 0.4919834175174020441, 0.000000000000000000 ) ) ;
#2823 = CARTESIAN_POINT ( 'NONE',  ( 0.7415080017781775501, -0.6087446010145470821, 0.02015000000000002206 ) ) ;
#2824 = CARTESIAN_POINT ( 'NONE',  ( -0.7540852297177578212, -1.414670021996402127, 2.134256245050205639E-18 ) ) ;
#2825 = CARTESIAN_POINT ( 'NONE',  ( -0.3096710404434667718, -1.566411435343337821, 0.02015000000000002206 ) ) ;
#2826 = CARTESIAN_POINT ( 'NONE',  ( 0.3429078182511584583, 0.8284490771591395131, -0.005270901231338724797 ) ) ;
#2827 = CARTESIAN_POINT ( 'NONE',  ( 0.9588022085357291724, 0.6420190228709564684, -0.02015000000000002206 ) ) ;
#2828 = CARTESIAN_POINT ( 'NONE',  ( -0.8073571158029475558, 1.507049962144787258, 0.02015000000000002206 ) ) ;
#2829 = CARTESIAN_POINT ( 'NONE',  ( -0.3376187258431641580, 1.688733571307307280, 0.000000000000000000 ) ) ;
#2830 = CARTESIAN_POINT ( 'NONE',  ( 0.9541265667974768716, 0.9572783972911057537, 0.005270901231338727400 ) ) ;
#2831 = CARTESIAN_POINT ( 'NONE',  ( 1.080240999027268556, -0.8836540091166532607, 0.02015000000000002206 ) ) ;
#2832 = CARTESIAN_POINT ( 'NONE',  ( -0.5660954884808510057, -1.059494098237514503, 0.005270901231338729134 ) ) ;
#2833 = CARTESIAN_POINT ( 'NONE',  ( 0.1574276423133157132, -1.579482156034954787, -0.02015000000000002206 ) ) ;
#2834 = CARTESIAN_POINT ( 'NONE',  ( 0.9307658346483748124, 0.6220805951980338255, -0.02015000000000002206 ) ) ;
#2835 = CARTESIAN_POINT ( 'NONE',  ( 0.4467601660061298885, -0.6662334079121104979, 0.02015000000000002206 ) ) ;
#2836 = CARTESIAN_POINT ( 'NONE',  ( -0.1509215949444404903, 1.516840844423077650, 0.000000000000000000 ) ) ;
#2837 = CARTESIAN_POINT ( 'NONE',  ( -1.404178228887819069, -0.4274925941071098245, 0.005270901231338727400 ) ) ;
#2838 = CARTESIAN_POINT ( 'NONE',  ( -0.3491485042959576179, -1.760412940355395195, -0.005270901231338724797 ) ) ;
#2839 = CARTESIAN_POINT ( 'NONE',  ( -0.1387406171657522835, -1.423384087830366074, -0.005270901231338727400 ) ) ;
#2840 = CARTESIAN_POINT ( 'NONE',  ( 0.5363425111141367774, -0.8031268213139206580, -0.005270901231338724797 ) ) ;
#2841 = CARTESIAN_POINT ( 'NONE',  ( -0.1933175962092300026, -0.9748715734452833015, 0.02015000000000002206 ) ) ;
#2842 = CARTESIAN_POINT ( 'NONE',  ( -0.3192804869888804520, -0.7733491137579409092, 0.000000000000000000 ) ) ;
#2843 = VERTEX_POINT ( 'NONE', #3718 ) ;
#2844 = CARTESIAN_POINT ( 'NONE',  ( 0.7298681232698380761, -0.0008544233854192408899, 0.005270901231338729134 ) ) ;
#2845 = CARTESIAN_POINT ( 'NONE',  ( 0.6193420263997200248, -1.488582641839613308, -0.02015000000000002206 ) ) ;
#2846 = CARTESIAN_POINT ( 'NONE',  ( 0.2697235683289542774, -1.353612763968483179, 0.005270901231338729134 ) ) ;
#2847 = CARTESIAN_POINT ( 'NONE',  ( 0.3746180060972844061, 1.899015941328781043, 0.000000000000000000 ) ) ;
#2848 = CARTESIAN_POINT ( 'NONE',  ( 0.6510448399406715270, 1.574236381604599000, -0.02015000000000002206 ) ) ;
#2849 = CARTESIAN_POINT ( 'NONE',  ( 1.259813594297240824, 0.5233375016740893226, -0.005270901231338727400 ) ) ;
#2850 = CARTESIAN_POINT ( 'NONE',  ( -0.3376187258431641580, 1.688733571307307280, 0.000000000000000000 ) ) ;
#2851 = CARTESIAN_POINT ( 'NONE',  ( -0.2111244486780558260, 1.061032819385229420, 0.02015000000000002206 ) ) ;
#2852 = CARTESIAN_POINT ( 'NONE',  ( 0.6043036268532824273, -1.454284836891896582, 2.134256245050205639E-18 ) ) ;
#2853 = CARTESIAN_POINT ( 'NONE',  ( 1.434918633216832884, -0.5935379157374324199, 0.02015000000000002206 ) ) ;
#2854 = CARTESIAN_POINT ( 'NONE',  ( -1.043753055172573552, 0.6960675375878493387, -0.005270901231338724797 ) ) ;
#2855 = CARTESIAN_POINT ( 'NONE',  ( -1.061804575661401850, 1.058444251294180294, -0.02015000000000002206 ) ) ;
#2856 = CARTESIAN_POINT ( 'NONE',  ( -1.420131738292333079, 0.4293100298189278519, 0.02015000000000002206 ) ) ;
#2857 = CARTESIAN_POINT ( 'NONE',  ( -0.3162303200274408921, -1.603282406148555106, 0.000000000000000000 ) ) ;
#2858 = CARTESIAN_POINT ( 'NONE',  ( -0.8088472554647893054, 1.509707503463420863, 0.005270901231338727400 ) ) ;
#2859 = CARTESIAN_POINT ( 'NONE',  ( -0.1385143783776271176, -1.420345686037651101, 0.02015000000000002206 ) ) ;
#2860 = CARTESIAN_POINT ( 'NONE',  ( 1.195246800794747655, -0.6383084075336821206, 0.02015000000000002206 ) ) ;
#2861 = CARTESIAN_POINT ( 'NONE',  ( 1.480484694280911118, -0.4473042365981125257, 0.005270901231338729134 ) ) ;
#2862 = CARTESIAN_POINT ( 'NONE',  ( -1.036948417296990943, 1.034658888633163798, -0.02015000000000002206 ) ) ;
#2863 = CARTESIAN_POINT ( 'NONE',  ( -0.7156351897485245805, -0.7165297815107519730, -0.02015000000000002206 ) ) ;
#2864 = CARTESIAN_POINT ( 'NONE',  ( 0.2977231044529745629, 1.504576940149330744, 0.000000000000000000 ) ) ;
#2865 = CARTESIAN_POINT ( 'NONE',  ( -1.244767478624644097, 0.8299278464495765117, 0.005270901231338727400 ) ) ;
#2866 = CARTESIAN_POINT ( 'NONE',  ( 1.727856394441518839, 0.9270148034327432285, 0.02015000000000002206 ) ) ;
#2867 = CARTESIAN_POINT ( 'NONE',  ( -1.838600594165971547, -0.002260871458993952022, -0.005270901231338724797 ) ) ;
#2868 = CARTESIAN_POINT ( 'NONE',  ( -0.8837750882329594715, -0.8856150542735711229, -0.005270901231338727400 ) ) ;
#2869 = CARTESIAN_POINT ( 'NONE',  ( -1.384053864290848201, 0.4192660393690074150, -0.005270901231338724797 ) ) ;
#2870 = CARTESIAN_POINT ( 'NONE',  ( 0.9423015235718230631, -0.2840614059098928723, 0.000000000000000000 ) ) ;
#2871 = DIRECTION ( 'NONE',  ( 0.9998509997720635978, 0.01726204665747673589, 5.247679386446804676E-20 ) ) ;
#2872 = CARTESIAN_POINT ( 'NONE',  ( 0.5656328842021768333, -0.5643018287050109993, 0.005270901231338727400 ) ) ;
#2873 = CARTESIAN_POINT ( 'NONE',  ( 0.7329077625518832795, -0.07247081500368435236, 0.005270901231338729134 ) ) ;
#2874 = CARTESIAN_POINT ( 'NONE',  ( -0.3063335036959454749, -0.7382080046189081202, 0.02015000000000002206 ) ) ;
#2875 = CARTESIAN_POINT ( 'NONE',  ( 1.353795651950975953, 1.114585580596392678, -0.02015000000000002206 ) ) ;
#2876 = CARTESIAN_POINT ( 'NONE',  ( 1.547725248266793585, -0.8248865154563532753, 0.005270901231338729134 ) ) ;
#2877 = CARTESIAN_POINT ( 'NONE',  ( -1.748407349982275427, 0.7222539915999606208, 0.000000000000000000 ) ) ;
#2878 = CARTESIAN_POINT ( 'NONE',  ( -1.432203855852415053, -0.7677100350445317245, -0.02015000000000002206 ) ) ;
#2879 = CARTESIAN_POINT ( 'NONE',  ( 0.7462914311601734907, 1.119380830785750458, -0.005270901231338727400 ) ) ;
#2880 = CARTESIAN_POINT ( 'NONE',  ( 1.020780509790973456, -1.239741028475744855, 0.000000000000000000 ) ) ;
#2881 = CARTESIAN_POINT ( 'NONE',  ( 0.9373358637705507812, 0.0004372922600000489837, 0.02015000000000002206 ) ) ;
#2882 = CARTESIAN_POINT ( 'NONE',  ( 0.3497842678954439233, -1.747417208360023233, 2.134256245050205639E-18 ) ) ;
#2883 = CARTESIAN_POINT ( 'NONE',  ( 1.431575335717838238, 0.9577141082581254183, 0.02015000000000002206 ) ) ;
#2884 = CARTESIAN_POINT ( 'NONE',  ( -0.8559245060036612118, -0.8562154874223580903, -0.005270901231338724797 ) ) ;
#2885 = CARTESIAN_POINT ( 'NONE',  ( 0.9612851707088114761, 0.6437848133365058345, 0.000000000000000000 ) ) ;
#2886 = CARTESIAN_POINT ( 'NONE',  ( -1.636225796996182646, -0.3281409302444867060, -0.02015000000000002206 ) ) ;
#2887 = CARTESIAN_POINT ( 'NONE',  ( 1.080837092333922778, 1.620927422155468367, 0.000000000000000000 ) ) ;
#2888 = CARTESIAN_POINT ( 'NONE',  ( -0.7724506283608468804, -1.450762859432999985, 0.005270901231338727400 ) ) ;
#2889 = CARTESIAN_POINT ( 'NONE',  ( 1.112896843307689343, 0.3387906298794147175, 0.02015000000000002206 ) ) ;
#2890 = PRESENTATION_LAYER_ASSIGNMENT (  '', '', ( #3366 ) ) ;
#2891 = CARTESIAN_POINT ( 'NONE',  ( 1.294732488728336017, -0.8630237920014167674, 0.005270901231338729134 ) ) ;
#2892 = CARTESIAN_POINT ( 'NONE',  ( 0.2368741208775917428, -0.7762433393096506151, -0.02015000000000002206 ) ) ;
#2893 = CARTESIAN_POINT ( 'NONE',  ( 1.039693906339542728, 0.4316339398537670236, -0.02015000000000002206 ) ) ;
#2894 = CARTESIAN_POINT ( 'NONE',  ( 0.7270504242972418707, -0.2996124230314293757, 0.005270901231338727400 ) ) ;
#2895 = CARTESIAN_POINT ( 'NONE',  ( 1.540931945940445580, 0.3080968532916672498, 0.005270901231338727400 ) ) ;
#2896 = CARTESIAN_POINT ( 'NONE',  ( 0.9132688088264234727, 0.1814404916164773507, -0.02015000000000002206 ) ) ;
#2897 = CARTESIAN_POINT ( 'NONE',  ( 0.9541265667974768716, 0.9572783972911057537, -0.005270901231338727400 ) ) ;
#2898 = CARTESIAN_POINT ( 'NONE',  ( -0.7795373108393753858, -1.169247957987746611, -0.005270901231338724797 ) ) ;
#2899 = CARTESIAN_POINT ( 'NONE',  ( -0.9335810111500513209, -0.5010653200894831238, 0.000000000000000000 ) ) ;
#2900 = CARTESIAN_POINT ( 'NONE',  ( -0.9814091404061605628, -0.4077589322072399103, 0.000000000000000000 ) ) ;
#2901 = CARTESIAN_POINT ( 'NONE',  ( 0.3819159489980291644, -0.7125019650076044320, 0.005270901231338727400 ) ) ;
#2902 = CARTESIAN_POINT ( 'NONE',  ( -0.0001218389263104745950, -0.7835784480795552343, 0.005270901231338729134 ) ) ;
#2903 = CARTESIAN_POINT ( 'NONE',  ( 1.466979869720981267, -0.6060138120749977153, -0.02015000000000002206 ) ) ;
#2904 = CARTESIAN_POINT ( 'NONE',  ( -0.8917744864263479343, -1.336019300625992834, 0.005270901231338729134 ) ) ;
#2905 = CARTESIAN_POINT ( 'NONE',  ( 1.816622502129123573, 0.7544946406186484600, 0.000000000000000000 ) ) ;
#2906 = CARTESIAN_POINT ( 'NONE',  ( 0.1763284255271758416, -1.779614974511790404, -0.02015000000000002206 ) ) ;
#2907 = CARTESIAN_POINT ( 'NONE',  ( -1.077985765446750399, 0.7177033829893897376, -0.005270901231338727400 ) ) ;
#2908 = CARTESIAN_POINT ( 'NONE',  ( 1.573391172074056987, -0.1533944936517846191, 0.000000000000000000 ) ) ;
#2909 = CARTESIAN_POINT ( 'NONE',  ( 0.7262785007928336256, 1.087726760781297264, 0.02015000000000002206 ) ) ;
#2910 = CARTESIAN_POINT ( 'NONE',  ( -0.7156351897485245805, -0.7165297815107519730, 0.02015000000000002206 ) ) ;
#2911 = CARTESIAN_POINT ( 'NONE',  ( -0.6275770133849277732, -0.5150008151432591275, 0.005270901231338729134 ) ) ;
#2912 = CARTESIAN_POINT ( 'NONE',  ( 1.316827500245993265, -0.2615159087082559730, -0.005270901231338724797 ) ) ;
#2913 = CARTESIAN_POINT ( 'NONE',  ( 0.8271076052984762672, -0.5505878705505450332, 0.000000000000000000 ) ) ;
#2914 = CARTESIAN_POINT ( 'NONE',  ( -0.002706313008229023920, 1.725323629846420959, -0.02015000000000002206 ) ) ;
#2915 = CARTESIAN_POINT ( 'NONE',  ( 0.1604874905346217739, -0.8019238191801268956, 0.000000000000000000 ) ) ;
#2916 = CARTESIAN_POINT ( 'NONE',  ( -0.8950195492424086741, -1.091492739327480699, 0.02015000000000002206 ) ) ;
#2917 = CARTESIAN_POINT ( 'NONE',  ( 0.5870137572278580906, 1.423700988765330910, 0.005270901231338727400 ) ) ;
#2918 = CARTESIAN_POINT ( 'NONE',  ( 0.8483383639186369285, -0.8456076967928219945, 0.02015000000000002206 ) ) ;
#2919 = CARTESIAN_POINT ( 'NONE',  ( 1.077388605306209612, 0.3268882075441716939, 2.134256245050205639E-18 ) ) ;
#2920 = CARTESIAN_POINT ( 'NONE',  ( -0.6949141861167402734, 1.296761074701824334, 0.005270901231338729134 ) ) ;
#2921 = CARTESIAN_POINT ( 'NONE',  ( -0.3182271590361605007, -0.7704901379092284897, -0.02015000000000002206 ) ) ;
#2922 = CARTESIAN_POINT ( 'NONE',  ( 0.8129762222908625269, 0.4342779646887219847, -0.02015000000000002206 ) ) ;
#2923 = CARTESIAN_POINT ( 'NONE',  ( -1.836535196679146331, -0.3671405983948691776, 0.000000000000000000 ) ) ;
#2924 = CARTESIAN_POINT ( 'NONE',  ( 0.1618580990161113398, -1.616669032930586614, 0.005270901231338727400 ) ) ;
#2925 = CARTESIAN_POINT ( 'NONE',  ( -0.9291791936273492425, 0.4966335640191317236, -0.02015000000000002206 ) ) ;
#2926 = CARTESIAN_POINT ( 'NONE',  ( 1.692570770125722657, 0.5152262127485994769, -0.005270901231338727400 ) ) ;
#2927 = CARTESIAN_POINT ( 'NONE',  ( -1.173192782201607054, -0.3569883028495337007, -0.005270901231338724797 ) ) ;
#2928 = CARTESIAN_POINT ( 'NONE',  ( -0.9627351620698099133, 0.5132619293641010882, 0.000000000000000000 ) ) ;
#2929 = CARTESIAN_POINT ( 'NONE',  ( 0.3570926898788228110, 0.8663805372111738068, 0.000000000000000000 ) ) ;
#2930 = CARTESIAN_POINT ( 'NONE',  ( 0.7733407575674710044, -0.07474962851159740185, 0.005270901231338727400 ) ) ;
#2931 = CARTESIAN_POINT ( 'NONE',  ( -1.649425558943177883, 0.3264765905802038404, -0.02015000000000002206 ) ) ;
#2932 = CARTESIAN_POINT ( 'NONE',  ( -1.248475055754836749, -1.025607510493779850, 0.005270901231338729134 ) ) ;
#2933 = CARTESIAN_POINT ( 'NONE',  ( -1.788302426701249948, -0.5455750395023843957, 0.000000000000000000 ) ) ;
#2934 = CARTESIAN_POINT ( 'NONE',  ( 0.5633909050689839271, -0.5622386278890114664, -0.02015000000000002206 ) ) ;
#2935 = CARTESIAN_POINT ( 'NONE',  ( -0.8837750882329594715, -0.8856150542735711229, -0.005270901231338727400 ) ) ;
#2936 = CARTESIAN_POINT ( 'NONE',  ( 0.4713594034279414702, -1.548374499504132640, 0.000000000000000000 ) ) ;
#2937 = CARTESIAN_POINT ( 'NONE',  ( 0.9282989670940365867, 0.9301595362898381625, 0.02015000000000002206 ) ) ;
#2938 = CARTESIAN_POINT ( 'NONE',  ( -0.2895109239828859149, -0.9540983499726189976, 0.02015000000000002206 ) ) ;
#2939 = SURFACE_STYLE_FILL_AREA ( #3812 ) ;
#2940 = CARTESIAN_POINT ( 'NONE',  ( 1.060591970274107787, 1.589421478462571535, 0.02015000000000002206 ) ) ;
#2941 = CARTESIAN_POINT ( 'NONE',  ( -0.7652229205700291637, -0.9340258165924181233, -0.005270901231338724797 ) ) ;
#2942 = CARTESIAN_POINT ( 'NONE',  ( 0.4655482169399987047, -1.120611367348821830, 0.000000000000000000 ) ) ;
#2943 = CARTESIAN_POINT ( 'NONE',  ( -0.2985207245629692419, 1.488443958291085334, -0.02015000000000002206 ) ) ;
#2944 = CARTESIAN_POINT ( 'NONE',  ( -1.545101602934605856, -1.035954902380741727, 0.000000000000000000 ) ) ;
#2945 = CARTESIAN_POINT ( 'NONE',  ( 1.096757261283283214, 1.098936501009861288, 0.005270901231338727400 ) ) ;
#2946 = CARTESIAN_POINT ( 'NONE',  ( 1.235182475249662515, -1.011730787918551977, 0.02015000000000002206 ) ) ;
#2947 = ADVANCED_FACE ( 'NONE', ( #4161 ), #819, .T. ) ;
#2948 = CARTESIAN_POINT ( 'NONE',  ( 0.9282828724752931748, 0.6203148047323862047, 2.134256245050205639E-18 ) ) ;
#2949 = CARTESIAN_POINT ( 'NONE',  ( -0.9298389127187567382, 1.132093107798715970, 0.005270901231338729134 ) ) ;
#2950 = CARTESIAN_POINT ( 'NONE',  ( 1.353798540978012666, 1.357258749482601834, -0.02015000000000002206 ) ) ;
#2951 = CARTESIAN_POINT ( 'NONE',  ( 0.6452588527940946728, 0.6448979018736624713, -0.02015000000000002206 ) ) ;
#2952 = CARTESIAN_POINT ( 'NONE',  ( -0.7363186680940996265, 1.769704917171158076, 0.000000000000000000 ) ) ;
#2953 = CARTESIAN_POINT ( 'NONE',  ( -1.062964248914428866, 1.587551995852913178, 0.005270901231338727400 ) ) ;
#2954 = CARTESIAN_POINT ( 'NONE',  ( 0.1745913959090479028, 0.8762144655209109789, -0.02015000000000002206 ) ) ;
#2955 = CARTESIAN_POINT ( 'NONE',  ( -0.3162303200274408921, -1.603282406148555106, -0.005270901231338727400 ) ) ;
#2956 = CARTESIAN_POINT ( 'NONE',  ( 0.1160546734786433443, -1.176697007489277080, -0.005270901231338724797 ) ) ;
#2957 = CARTESIAN_POINT ( 'NONE',  ( 1.284370875885076924, -0.5295334903939589166, 0.000000000000000000 ) ) ;
#2958 = CARTESIAN_POINT ( 'NONE',  ( 0.9126431474845304592, -0.3768481304921343367, 0.000000000000000000 ) ) ;
#2959 = CARTESIAN_POINT ( 'NONE',  ( 1.630538963073325132, 0.6784420869181572167, 0.000000000000000000 ) ) ;
#2960 = CARTESIAN_POINT ( 'NONE',  ( -0.2310517941950606668, -0.7617732476922071116, 0.02015000000000002206 ) ) ;
#2961 = CARTESIAN_POINT ( 'NONE',  ( 0.3570926898788228110, 0.8663805372111738068, -0.005270901231338727400 ) ) ;
#2962 = CARTESIAN_POINT ( 'NONE',  ( 1.461468899841054769, 0.4450893741168017170, 0.005270901231338729134 ) ) ;
#2963 =( NAMED_UNIT ( * ) PLANE_ANGLE_UNIT ( ) SI_UNIT ( $, .RADIAN. ) );
#2964 = CARTESIAN_POINT ( 'NONE',  ( 1.353798540978012666, 1.357258749482601834, -0.02015000000000002206 ) ) ;
#2965 = CARTESIAN_POINT ( 'NONE',  ( 0.9939941829502725312, -0.6626550158733278684, -0.005270901231338727400 ) ) ;
#2966 = CARTESIAN_POINT ( 'NONE',  ( -1.242196105898545788, 0.8282934952162034348, 0.02015000000000002206 ) ) ;
#2967 = CARTESIAN_POINT ( 'NONE',  ( -1.639201674204848747, -0.3287945360271859463, 0.000000000000000000 ) ) ;
#2968 = CARTESIAN_POINT ( 'NONE',  ( -0.4896183548547616837, 1.178811856801752711, 0.02015000000000002206 ) ) ;
#2969 = CARTESIAN_POINT ( 'NONE',  ( -1.545680182069505193, 1.030030881960925404, 2.134256245050205639E-18 ) ) ;
#2970 = CARTESIAN_POINT ( 'NONE',  ( 0.9717198295750685277, 0.001590353649070769867, -0.02015000000000002206 ) ) ;
#2971 = CARTESIAN_POINT ( 'NONE',  ( -1.514340930050479983, -1.014594396167406654, 0.02015000000000002206 ) ) ;
#2972 = CARTESIAN_POINT ( 'NONE',  ( 0.6499350075177925401, 1.571398898206918915, -0.005270901231338724797 ) ) ;
#2973 = CARTESIAN_POINT ( 'NONE',  ( 0.9733628351280728674, -0.09477898771711344705, 0.000000000000000000 ) ) ;
#2974 = CARTESIAN_POINT ( 'NONE',  ( 1.574602750702288168, 0.002486446276908671135, -0.02015000000000002206 ) ) ;
#2975 = CARTESIAN_POINT ( 'NONE',  ( -0.1766681510629661278, -1.823454477274821350, 0.000000000000000000 ) ) ;
#2976 = CARTESIAN_POINT ( 'NONE',  ( -1.652425368215098223, 0.3270096839457019566, 0.005270901231338727400 ) ) ;
#2977 = CARTESIAN_POINT ( 'NONE',  ( 1.374185059110894613, 0.7361971123340188550, 0.02015000000000002206 ) ) ;
#2978 = CARTESIAN_POINT ( 'NONE',  ( 0.6109541476338372634, -0.7437991388682726468, 2.134256245050205639E-18 ) ) ;
#2979 = CARTESIAN_POINT ( 'NONE',  ( 1.593423399652093231, 0.6622428864346332489, 0.005270901231338729134 ) ) ;
#2980 = CARTESIAN_POINT ( 'NONE',  ( 0.6940288161622885088, -0.3700524050109108010, -0.02015000000000002206 ) ) ;
#2981 = CARTESIAN_POINT ( 'NONE',  ( 0.3765335015227256887, 1.242698840875738009, -0.02015000000000002206 ) ) ;
#2982 = CARTESIAN_POINT ( 'NONE',  ( -1.879090860442019117, -0.002979373936738233860, 0.000000000000000000 ) ) ;
#2983 = CARTESIAN_POINT ( 'NONE',  ( -1.171882550746745633, -1.432576041952445145, 0.005270901231338727400 ) ) ;
#2984 = CARTESIAN_POINT ( 'NONE',  ( 0.7634873439523640615, 0.5106105411896968427, -0.02015000000000002206 ) ) ;
#2985 = CARTESIAN_POINT ( 'NONE',  ( -0.1766681510629661278, -1.823454477274821350, -0.005270901231338727400 ) ) ;
#2986 = CARTESIAN_POINT ( 'NONE',  ( -0.4038399144257142637, -1.336168364073952564, -0.005270901231338724797 ) ) ;
#2987 = CARTESIAN_POINT ( 'NONE',  ( 0.7938970521617246812, 0.5324683241701797520, 0.000000000000000000 ) ) ;
#2988 = CARTESIAN_POINT ( 'NONE',  ( 0.9733628351280728674, -0.09477898771711344705, 0.005270901231338727400 ) ) ;
#2989 = CARTESIAN_POINT ( 'NONE',  ( -0.08012511123997419216, -0.8233557509138300645, -0.005270901231338727400 ) ) ;
#2990 = CARTESIAN_POINT ( 'NONE',  ( 0.7078008812016503004, 1.325547074162961803, 0.005270901231338729134 ) ) ;
#2991 = CARTESIAN_POINT ( 'NONE',  ( -0.5359940070366022713, -0.6546532945996479391, 0.000000000000000000 ) ) ;
#2992 = CARTESIAN_POINT ( 'NONE',  ( 0.2368741208775917428, -0.7762433393096506151, -0.02015000000000002206 ) ) ;
#2993 = CARTESIAN_POINT ( 'NONE',  ( -1.563031101643532317, 0.6444940240607452964, -0.005270901231338727400 ) ) ;
#2994 = CARTESIAN_POINT ( 'NONE',  ( -1.462214907326532476, -0.7845298726367326836, 0.02015000000000002206 ) ) ;
#2995 = CARTESIAN_POINT ( 'NONE',  ( 0.6890269411082105000, -0.2856755344692892828, 2.134256245050205639E-18 ) ) ;
#2996 = CARTESIAN_POINT ( 'NONE',  ( 1.329690037713667117, 0.1314362166377468222, 0.02015000000000002206 ) ) ;
#2997 = CARTESIAN_POINT ( 'NONE',  ( -0.7853286636796689146, -0.6444393538062924698, 0.02015000000000002206 ) ) ;
#2998 = CARTESIAN_POINT ( 'NONE',  ( 0.6325262084611974478, 0.9499658703794733317, -0.02015000000000002206 ) ) ;
#2999 = CARTESIAN_POINT ( 'NONE',  ( -1.609882313931113140, -0.8617357733782483598, 0.02015000000000002206 ) ) ;
#3000 = CARTESIAN_POINT ( 'NONE',  ( 0.8720795003252421740, -1.303861850712273007, -0.005270901231338724797 ) ) ;
#3001 = CARTESIAN_POINT ( 'NONE',  ( -0.2991799679280714441, 1.491418594031060918, 0.000000000000000000 ) ) ;
#3002 = CARTESIAN_POINT ( 'NONE',  ( 0.3740752261742094631, 1.896017872175575603, -0.02015000000000002206 ) ) ;
#3003 = CARTESIAN_POINT ( 'NONE',  ( 0.3584091041259731547, -1.786984754377950679, 0.000000000000000000 ) ) ;
#3004 = CARTESIAN_POINT ( 'NONE',  ( 1.147653037170011103, -1.395671176789096579, 0.005270901231338727400 ) ) ;
#3005 = CARTESIAN_POINT ( 'NONE',  ( -0.9119248853737657035, -1.367585957403225860, 0.02015000000000002206 ) ) ;
#3006 = CARTESIAN_POINT ( 'NONE',  ( -1.075915321021635229, -0.5753392882101625583, 2.134256245050205639E-18 ) ) ;
#3007 = CARTESIAN_POINT ( 'NONE',  ( -0.3052801757432257457, -0.7353490287701961448, -0.005270901231338724797 ) ) ;
#3008 = CARTESIAN_POINT ( 'NONE',  ( -0.3496862733765331299, -1.763411913237445727, -0.02015000000000002206 ) ) ;
#3009 = CARTESIAN_POINT ( 'NONE',  ( 0.001469625133894321856, -1.389488013031274560, -0.02015000000000002206 ) ) ;
#3010 = CARTESIAN_POINT ( 'NONE',  ( 0.9097903710630436125, -0.3757781607745634411, 0.02015000000000002206 ) ) ;
#3011 = CARTESIAN_POINT ( 'NONE',  ( -0.1994549478797298658, -1.011815335744536748, 0.005270901231338727400 ) ) ;
#3012 = CARTESIAN_POINT ( 'NONE',  ( -1.808061033695298248, 0.5453418723856460204, 0.005270901231338727400 ) ) ;
#3013 = CARTESIAN_POINT ( 'NONE',  ( 0.7610133007744885880, 0.5088322571465319077, 0.005270901231338729134 ) ) ;
#3014 = CARTESIAN_POINT ( 'NONE',  ( -0.6096718333609223439, 0.6093504016674793355, -0.02015000000000002206 ) ) ;
#3015 = CARTESIAN_POINT ( 'NONE',  ( -0.8088472554647893054, 1.509707503463420863, -0.005270901231338727400 ) ) ;
#3016 = CARTESIAN_POINT ( 'NONE',  ( 0.3497842678954439233, -1.747417208360023233, -0.005270901231338724797 ) ) ;
#3017 = CARTESIAN_POINT ( 'NONE',  ( 0.8271076052984762672, -0.5505878705505450332, 0.000000000000000000 ) ) ;
#3018 = CARTESIAN_POINT ( 'NONE',  ( -1.061031655972372256, 0.2098633659835004439, 0.005270901231338727400 ) ) ;
#3019 = CARTESIAN_POINT ( 'NONE',  ( 0.7733407575674710044, -0.07474962851159740185, -0.005270901231338727400 ) ) ;
#3020 = CARTESIAN_POINT ( 'NONE',  ( -1.146759456232966601, -1.400814298949039527, 0.005270901231338729134 ) ) ;
#3021 = CARTESIAN_POINT ( 'NONE',  ( 0.4485538944511942017, -0.6686962936752517406, 0.000000000000000000 ) ) ;
#3022 = CARTESIAN_POINT ( 'NONE',  ( -1.041594066608400260, 1.556798052092823514, -0.02015000000000002206 ) ) ;
#3023 = CARTESIAN_POINT ( 'NONE',  ( -1.477229403626039606, -0.001480979507665901610, -0.005270901231338727400 ) ) ;
#3024 = CARTESIAN_POINT ( 'NONE',  ( 0.9790992621632309545, 1.196890144073371909, 0.02015000000000002206 ) ) ;
#3025 = CARTESIAN_POINT ( 'NONE',  ( 1.692570770125722657, 0.5152262127485994769, 0.000000000000000000 ) ) ;
#3026 = CARTESIAN_POINT ( 'NONE',  ( 0.3177769843058335097, 1.050458198407542731, 0.02015000000000002206 ) ) ;
#3027 = CARTESIAN_POINT ( 'NONE',  ( 0.9097903710630436125, -0.3757781607745634411, -0.02015000000000002206 ) ) ;
#3028 = CARTESIAN_POINT ( 'NONE',  ( -0.07777606522903574016, -0.7829268229029457959, 0.005270901231338729134 ) ) ;
#3029 = CARTESIAN_POINT ( 'NONE',  ( -0.2904176330135718187, 1.451881215288892024, -0.005270901231338724797 ) ) ;
#3030 = CARTESIAN_POINT ( 'NONE',  ( -0.3836257847870365167, 1.259981958273902469, 0.000000000000000000 ) ) ;
#3031 = CARTESIAN_POINT ( 'NONE',  ( 0.6967738038866111427, -0.3713746445300929455, -0.005270901231338727400 ) ) ;
#3032 = CARTESIAN_POINT ( 'NONE',  ( -0.8135067671579561122, -0.6691071818706116892, 0.000000000000000000 ) ) ;
#3033 = CARTESIAN_POINT ( 'NONE',  ( -0.7996267244211930914, -1.200853511895701775, 0.02015000000000002206 ) ) ;
#3034 = CARTESIAN_POINT ( 'NONE',  ( -0.0007273275001313955507, 1.085006270403905404, 2.134256245050205639E-18 ) ) ;
#3035 = CARTESIAN_POINT ( 'NONE',  ( -1.281645621840423521, -1.283090915011205757, 0.005270901231338729134 ) ) ;
#3036 = CARTESIAN_POINT ( 'NONE',  ( 0.9393581308402275676, -0.2832742519371983514, -0.02015000000000002206 ) ) ;
#3037 = CARTESIAN_POINT ( 'NONE',  ( -0.8047352051655889404, 0.9786549036458782602, -0.02015000000000002206 ) ) ;
#3038 = CARTESIAN_POINT ( 'NONE',  ( -0.7060138144715095709, 1.055950287830323964, 0.02015000000000002206 ) ) ;
#3039 = CARTESIAN_POINT ( 'NONE',  ( -0.8743450428759093063, -0.001001174052148393750, 0.005270901231338727400 ) ) ;
#3040 = CARTESIAN_POINT ( 'NONE',  ( -0.1918314809190365955, 1.916617431978808073, 0.005270901231338727400 ) ) ;
#3041 = CARTESIAN_POINT ( 'NONE',  ( -0.7830361772076590565, -0.6424324528746755414, 0.005270901231338729134 ) ) ;
#3042 = CARTESIAN_POINT ( 'NONE',  ( 0.8233554669894411759, -0.8219553623028726941, -0.02015000000000002206 ) ) ;
#3043 = CARTESIAN_POINT ( 'NONE',  ( 1.469819282470427702, -0.6071187045553985140, -0.005270901231338727400 ) ) ;
#3044 = CARTESIAN_POINT ( 'NONE',  ( -1.626612980861763091, -0.1610162112528166489, -0.005270901231338724797 ) ) ;
#3045 = CARTESIAN_POINT ( 'NONE',  ( -0.5842055717920714430, -1.095715841174814020, 0.000000000000000000 ) ) ;
#3046 = CARTESIAN_POINT ( 'NONE',  ( -0.7107784406926598297, -0.4761130391232206160, 0.005270901231338727400 ) ) ;
#3047 = CARTESIAN_POINT ( 'NONE',  ( 0.5602070291955741910, 1.852933611516260681, -0.02015000000000002206 ) ) ;
#3048 = CARTESIAN_POINT ( 'NONE',  ( -0.3331153703736364213, 0.8053838071608319105, -0.005270901231338724797 ) ) ;
#3049 = CARTESIAN_POINT ( 'NONE',  ( 0.3570926898788228110, 0.8663805372111738068, 0.000000000000000000 ) ) ;
#3050 = CARTESIAN_POINT ( 'NONE',  ( 0.08911762797419749138, 0.9203162114437608565, -0.02015000000000002206 ) ) ;
#3051 = CARTESIAN_POINT ( 'NONE',  ( 0.7260928566580463484, 1.361677199398674265, -0.005270901231338727400 ) ) ;
#3052 = CARTESIAN_POINT ( 'NONE',  ( 1.495540774311185928, -0.9972006770378056828, 0.000000000000000000 ) ) ;
#3053 = CARTESIAN_POINT ( 'NONE',  ( -0.8950195492424086741, -1.091492739327480699, 0.02015000000000002206 ) ) ;
#3054 = CARTESIAN_POINT ( 'NONE',  ( 0.9622802147762697933, -0.6427370368675702217, 0.02015000000000002206 ) ) ;
#3055 =( CONVERSION_BASED_UNIT ( 'INCH', #1313 ) LENGTH_UNIT ( ) NAMED_UNIT ( #2619 ) );
#3056 = CARTESIAN_POINT ( 'NONE',  ( 0.6356431682939603922, -0.7719587276663235631, -0.02015000000000002206 ) ) ;
#3057 = CARTESIAN_POINT ( 'NONE',  ( -0.1155385463753380859, -1.182995983348789304, 0.005270901231338729134 ) ) ;
#3058 = CARTESIAN_POINT ( 'NONE',  ( 1.593423399652093231, 0.6622428864346332489, -0.005270901231338724797 ) ) ;
#3059 = CARTESIAN_POINT ( 'NONE',  ( -1.077985765446750399, 0.7177033829893897376, 0.000000000000000000 ) ) ;
#3060 = CARTESIAN_POINT ( 'NONE',  ( 1.689673019593504133, 0.5142848945461783172, -0.02015000000000002206 ) ) ;
#3061 = CARTESIAN_POINT ( 'NONE',  ( -1.048069353480812982, -0.2103362636239102523, 0.000000000000000000 ) ) ;
#3062 = CARTESIAN_POINT ( 'NONE',  ( 0.5870137572278580906, 1.423700988765330910, 0.000000000000000000 ) ) ;
#3063 = CARTESIAN_POINT ( 'NONE',  ( -1.349419182875383427, -0.5614597639983160970, 0.02015000000000002206 ) ) ;
#3064 = CARTESIAN_POINT ( 'NONE',  ( 0.7246503084569612119, 1.085151480038653915, 2.134256245050205639E-18 ) ) ;
#3065 = CARTESIAN_POINT ( 'NONE',  ( -1.796970213414382123, -0.3585040476414285138, 0.005270901231338729134 ) ) ;
#3066 = CARTESIAN_POINT ( 'NONE',  ( -0.8245136621764236340, -0.2510294673081767125, -0.02015000000000002206 ) ) ;
#3067 = CARTESIAN_POINT ( 'NONE',  ( 0.9612851707088114761, 0.6437848133365058345, 0.000000000000000000 ) ) ;
#3068 = CARTESIAN_POINT ( 'NONE',  ( -0.4896183548547616837, 1.178811856801752711, 0.02015000000000002206 ) ) ;
#3069 = CARTESIAN_POINT ( 'NONE',  ( -0.3499696474764826815, 0.8422069134738534579, 0.005270901231338727400 ) ) ;
#3070 = CARTESIAN_POINT ( 'NONE',  ( 0.6967053558821356685, -1.677420275167984975, 0.005270901231338727400 ) ) ;
#3071 = CARTESIAN_POINT ( 'NONE',  ( -0.1928182795789623871, -0.9718659391110169299, 0.005270901231338729134 ) ) ;
#3072 = CARTESIAN_POINT ( 'NONE',  ( 0.4502590561412812553, -1.086424489384932635, -0.02015000000000002206 ) ) ;
#3073 = CARTESIAN_POINT ( 'NONE',  ( 0.08930941710401958666, 0.9233570030237818749, 0.000000000000000000 ) ) ;
#3074 = CARTESIAN_POINT ( 'NONE',  ( 1.084069136130906941, 1.322357861077169350, -0.005270901231338724797 ) ) ;
#3075 = CARTESIAN_POINT ( 'NONE',  ( 1.259813594297240824, 0.5233375016740893226, 0.000000000000000000 ) ) ;
#3076 = CARTESIAN_POINT ( 'NONE',  ( -0.1807216955192745833, 0.9002862732813275981, 0.005270901231338727400 ) ) ;
#3077 = APPLICATION_CONTEXT ( 'automotive_design' ) ;
#3078 = CARTESIAN_POINT ( 'NONE',  ( -0.8667980352292148361, -0.08692464425040249965, -0.005270901231338727400 ) ) ;
#3079 = CARTESIAN_POINT ( 'NONE',  ( -0.1871644351324468214, 1.876390623244668765, 0.005270901231338729134 ) ) ;
#3080 = CARTESIAN_POINT ( 'NONE',  ( -0.1994549478797298658, -1.011815335744536748, 0.000000000000000000 ) ) ;
#3081 = CARTESIAN_POINT ( 'NONE',  ( -1.455415638554654612, 0.2870364769918280490, -0.005270901231338727400 ) ) ;
#3082 = CARTESIAN_POINT ( 'NONE',  ( 0.6646863480767997157, 1.609113316227460677, 0.000000000000000000 ) ) ;
#3083 = CARTESIAN_POINT ( 'NONE',  ( -1.386989052534985056, 0.4200831884806696670, 0.02015000000000002206 ) ) ;
#3084 =( LENGTH_UNIT ( ) NAMED_UNIT ( * ) SI_UNIT ( $, .METRE. ) );
#3085 = CARTESIAN_POINT ( 'NONE',  ( 0.8245199481751241954, -0.5489793932883778593, -0.02015000000000002206 ) ) ;
#3086 = CARTESIAN_POINT ( 'NONE',  ( -0.5576127365131845481, -0.8342303983233123610, 0.005270901231338729134 ) ) ;
#3087 = CARTESIAN_POINT ( 'NONE',  ( -1.599647794482815133, -0.3201071330513194924, -0.005270901231338724797 ) ) ;
#3088 = CARTESIAN_POINT ( 'NONE',  ( -0.7276207004488347563, 1.086538535730148025, 0.000000000000000000 ) ) ;
#3089 = CARTESIAN_POINT ( 'NONE',  ( -0.5581558165299722596, 1.833867959001791448, -0.02015000000000002206 ) ) ;
#3090 = CARTESIAN_POINT ( 'NONE',  ( -0.8493512204956503719, 0.6946296372873473901, 0.000000000000000000 ) ) ;
#3091 = CARTESIAN_POINT ( 'NONE',  ( 1.096757261283283214, 1.098936501009861288, 0.000000000000000000 ) ) ;
#3092 = CARTESIAN_POINT ( 'NONE',  ( -1.785403045475126849, -0.5446387592111008313, 0.02015000000000002206 ) ) ;
#3093 = CARTESIAN_POINT ( 'NONE',  ( 1.333020657761714522, -0.1299836173306040954, 2.134256245050205639E-18 ) ) ;
#3094 = CARTESIAN_POINT ( 'NONE',  ( -0.7587415611330523557, -0.3142814253884147480, -0.005270901231338724797 ) ) ;
#3095 = CARTESIAN_POINT ( 'NONE',  ( -0.4282949941516306924, 0.7981242893233837510, -0.02015000000000002206 ) ) ;
#3096 = CARTESIAN_POINT ( 'NONE',  ( -0.9600051485415055375, 0.5119090951455219640, 0.02015000000000002206 ) ) ;
#3097 = CARTESIAN_POINT ( 'NONE',  ( 1.134535105144002465, -0.3428527054787358641, 0.000000000000000000 ) ) ;
#3098 = CARTESIAN_POINT ( 'NONE',  ( -0.1272876380186117318, 1.279553914065462594, 0.02015000000000002206 ) ) ;
#3099 = CARTESIAN_POINT ( 'NONE',  ( 0.1094328641979097488, 1.123369919354717528, 0.005270901231338727400 ) ) ;
#3100 = CARTESIAN_POINT ( 'NONE',  ( 0.4333335891615047175, 1.049089024328551112, 0.02015000000000002206 ) ) ;
#3101 = CARTESIAN_POINT ( 'NONE',  ( -0.4710519675511455340, -0.8823646382387019260, 0.005270901231338729134 ) ) ;
#3102 = CARTESIAN_POINT ( 'NONE',  ( 1.249441187040006396, -0.5160274348369479069, -0.02015000000000002206 ) ) ;
#3103 = CARTESIAN_POINT ( 'NONE',  ( -1.788302426701249948, -0.5455750395023843957, -0.005270901231338727400 ) ) ;
#3104 = CARTESIAN_POINT ( 'NONE',  ( -0.7890410602448959532, 1.474384786063686281, -0.005270901231338724797 ) ) ;
#3105 = CARTESIAN_POINT ( 'NONE',  ( -1.230888026965613058, 0.3711548947408290222, 0.000000000000000000 ) ) ;
#3106 = CARTESIAN_POINT ( 'NONE',  ( 0.08930941710401958666, 0.9233570030237818749, 0.005270901231338727400 ) ) ;
#3107 = CARTESIAN_POINT ( 'NONE',  ( -1.577179403008766911, 1.050286473323958081, 0.02015000000000002206 ) ) ;
#3108 = CARTESIAN_POINT ( 'NONE',  ( 0.7270414544978539562, 0.8878234437803660395, -0.005270901231338727400 ) ) ;
#3109 = CARTESIAN_POINT ( 'NONE',  ( 1.695133626540581639, 0.9088019001843152811, 0.005270901231338729134 ) ) ;
#3110 = CARTESIAN_POINT ( 'NONE',  ( 1.259813594297240824, 0.5233375016740893226, 0.000000000000000000 ) ) ;
#3111 = CARTESIAN_POINT ( 'NONE',  ( -0.5016177987361265522, 1.644133697731048560, -0.005270901231338727400 ) ) ;
#3112 = CARTESIAN_POINT ( 'NONE',  ( -0.5590930220698715480, 1.836767040747111945, 0.000000000000000000 ) ) ;
#3113 = CARTESIAN_POINT ( 'NONE',  ( -0.5660170835253698352, 1.364749348595255540, 0.02015000000000002206 ) ) ;
#3114 =( NAMED_UNIT ( * ) SI_UNIT ( $, .STERADIAN. ) SOLID_ANGLE_UNIT ( ) );
#3115 = CARTESIAN_POINT ( 'NONE',  ( 1.094650951050373244, 1.096735021291985523, -0.02015000000000002206 ) ) ;
#3116 = CARTESIAN_POINT ( 'NONE',  ( -0.5040629799663428612, 0.9431168907316308525, 0.005270901231338729134 ) ) ;
#3117 = CARTESIAN_POINT ( 'NONE',  ( 1.926566350108709580, 0.1909192368995950850, -0.005270901231338724797 ) ) ;
#3118 = CARTESIAN_POINT ( 'NONE',  ( 0.8129762222908625269, 0.4342779646887219847, 0.02015000000000002206 ) ) ;
#3119 = CARTESIAN_POINT ( 'NONE',  ( -1.276206919020087538, -0.002121438826131132483, 0.000000000000000000 ) ) ;
#3120 = CARTESIAN_POINT ( 'NONE',  ( 1.353795651950975953, 1.114585580596392678, -0.02015000000000002206 ) ) ;
#3121 = CARTESIAN_POINT ( 'NONE',  ( -0.3192804869888804520, -0.7733491137579409092, 0.000000000000000000 ) ) ;
#3122 = CARTESIAN_POINT ( 'NONE',  ( -1.538218048209295752, -0.6389160711455251773, 0.000000000000000000 ) ) ;
#3123 = CARTESIAN_POINT ( 'NONE',  ( 0.8557726627770558814, -1.595035465960351395, 0.02015000000000002206 ) ) ;
#3124 = CARTESIAN_POINT ( 'NONE',  ( 1.316827500245993265, -0.2615159087082559730, 2.134256245050205639E-18 ) ) ;
#3125 = CARTESIAN_POINT ( 'NONE',  ( -1.186110483786181113, 1.441636490717625119, 0.005270901231338729134 ) ) ;
#3126 = CARTESIAN_POINT ( 'NONE',  ( 0.5581728730764936586, -0.8335561650310681081, -0.02015000000000002206 ) ) ;
#3127 = CARTESIAN_POINT ( 'NONE',  ( -0.3248191438676411025, 1.064570386609664299, 0.02015000000000002206 ) ) ;
#3128 = CARTESIAN_POINT ( 'NONE',  ( 0.3276081503265225736, 1.086594775272874180, 0.000000000000000000 ) ) ;
#3129 = CARTESIAN_POINT ( 'NONE',  ( 0.5599489262275344492, -0.8360318056955580168, 0.005270901231338727400 ) ) ;
#3130 = CARTESIAN_POINT ( 'NONE',  ( -1.045100680656782410, -0.2096506075227196064, 0.02015000000000002206 ) ) ;
#3131 = CARTESIAN_POINT ( 'NONE',  ( 0.09665406471327009363, -0.9766180153062159475, 0.005270901231338729134 ) ) ;
#3132 = CARTESIAN_POINT ( 'NONE',  ( -1.194784164113360969, 0.3612045055086569034, -0.02015000000000002206 ) ) ;
#3133 = CARTESIAN_POINT ( 'NONE',  ( 0.3819159489980291644, -0.7125019650076044320, 0.000000000000000000 ) ) ;
#3134 = CARTESIAN_POINT ( 'NONE',  ( -1.633066050008180392, 0.1589354777476481850, -0.005270901231338724797 ) ) ;
#3135 = CARTESIAN_POINT ( 'NONE',  ( -0.7276207004488347563, 1.086538535730148025, 0.000000000000000000 ) ) ;
#3136 = CARTESIAN_POINT ( 'NONE',  ( 0.9922757776405867203, -0.9902661747568557438, 0.005270901231338727400 ) ) ;
#3137 = CARTESIAN_POINT ( 'NONE',  ( -1.833558484084056639, -0.3664908185318206391, 0.02015000000000002206 ) ) ;
#3138 = CARTESIAN_POINT ( 'NONE',  ( 0.6707929152040851273, 0.6722936075519813093, -0.005270901231338727400 ) ) ;
#3139 = CARTESIAN_POINT ( 'NONE',  ( -0.5115519829518374584, -0.6223639526333607508, -0.005270901231338724797 ) ) ;
#3140 = CARTESIAN_POINT ( 'NONE',  ( 1.073875146656476431, 0.4469357622034294542, 0.000000000000000000 ) ) ;
#3141 = CARTESIAN_POINT ( 'NONE',  ( -1.470748816805947712, 1.204660073240859441, -0.005270901231338727400 ) ) ;
#3142 = ORIENTED_EDGE ( 'NONE', *, *, #3280, .T. ) ;
#3143 = CARTESIAN_POINT ( 'NONE',  ( -0.6275770133849277732, -0.5150008151432591275, 2.134256245050205639E-18 ) ) ;
#3144 = CARTESIAN_POINT ( 'NONE',  ( -1.317939918912473862, -0.5475806942533880672, 0.02015000000000002206 ) ) ;
#3145 = CARTESIAN_POINT ( 'NONE',  ( 0.2779090355370689713, -1.390157176172468478, -0.02015000000000002206 ) ) ;
#3146 = CARTESIAN_POINT ( 'NONE',  ( 0.5745831471248135092, 0.7005341124546331510, 0.005270901231338729134 ) ) ;
#3147 = CARTESIAN_POINT ( 'NONE',  ( -1.281645621840423521, -1.283090915011205757, -0.005270901231338724797 ) ) ;
#3148 = CARTESIAN_POINT ( 'NONE',  ( 0.3584091041259731547, -1.786984754377950679, 0.000000000000000000 ) ) ;
#3149 = CARTESIAN_POINT ( 'NONE',  ( 1.336059071367980966, -0.1302097141715951867, -0.02015000000000002206 ) ) ;
#3150 = CARTESIAN_POINT ( 'NONE',  ( -0.8493512204956503719, 0.6946296372873473901, -0.005270901231338727400 ) ) ;
#3151 = CARTESIAN_POINT ( 'NONE',  ( 0.6376517933918159908, -0.7742497078386332277, 0.000000000000000000 ) ) ;
#3152 = CARTESIAN_POINT ( 'NONE',  ( 0.1618580990161113398, -1.616669032930586614, 0.000000000000000000 ) ) ;
#3153 = CARTESIAN_POINT ( 'NONE',  ( -1.474324638195791903E-06, -0.7866229131003283914, 0.02015000000000002206 ) ) ;
#3154 = CARTESIAN_POINT ( 'NONE',  ( -0.5349448407285926077, -1.292754324853520709, 2.134256245050205639E-18 ) ) ;
#3155 = CARTESIAN_POINT ( 'NONE',  ( 0.9031794113595636997, -0.2735989468179536033, -0.005270901231338724797 ) ) ;
#3156 = CARTESIAN_POINT ( 'NONE',  ( -0.4138844460162501293, -1.372246101518411088, -0.02015000000000002206 ) ) ;
#3157 = CARTESIAN_POINT ( 'NONE',  ( -0.7882100552547419703, -0.9635908609485397402, 0.02015000000000002206 ) ) ;
#3158 = CARTESIAN_POINT ( 'NONE',  ( -1.245328695213201664, -0.2490531081885033471, 0.000000000000000000 ) ) ;
#3159 = CARTESIAN_POINT ( 'NONE',  ( -1.211791900756342910, -0.8114565875636784442, 0.005270901231338727400 ) ) ;
#3160 = CARTESIAN_POINT ( 'NONE',  ( 0.9097903710630436125, -0.3757781607745634411, 0.02015000000000002206 ) ) ;
#3161 = CARTESIAN_POINT ( 'NONE',  ( 0.4010487166774975298, -1.317327472158227319, 0.005270901231338729134 ) ) ;
#3162 = CARTESIAN_POINT ( 'NONE',  ( 1.336059071367980966, -0.1302097141715951867, -0.02015000000000002206 ) ) ;
#3163 = CARTESIAN_POINT ( 'NONE',  ( -1.309739434344496578, -1.312257947754155607, -0.005270901231338727400 ) ) ;
#3164 = CARTESIAN_POINT ( 'NONE',  ( -0.7519843944157027504, 0.4017174655522448012, -0.02015000000000002206 ) ) ;
#3165 = CARTESIAN_POINT ( 'NONE',  ( 0.3746180060972844061, 1.899015941328781043, 0.005270901231338727400 ) ) ;
#3166 = CARTESIAN_POINT ( 'NONE',  ( 0.4655482169399987047, -1.120611367348821830, 0.000000000000000000 ) ) ;
#3167 = CARTESIAN_POINT ( 'NONE',  ( 0.9612851707088114761, 0.6437848133365058345, 0.005270901231338727400 ) ) ;
#3168 = CARTESIAN_POINT ( 'NONE',  ( 0.1019113352055737859, -1.016772234786577300, -0.005270901231338727400 ) ) ;
#3169 = CARTESIAN_POINT ( 'NONE',  ( 0.2309832696986008349, -1.156360996557075582, -0.005270901231338724797 ) ) ;
#3170 = CARTESIAN_POINT ( 'NONE',  ( 1.166746434332063931, 0.1168980261592754283, 0.000000000000000000 ) ) ;
#3171 = CARTESIAN_POINT ( 'NONE',  ( 1.816622502129123573, 0.7544946406186484600, -0.005270901231338727400 ) ) ;
#3172 = CARTESIAN_POINT ( 'NONE',  ( 0.2245797514986922205, -0.7408685851826938285, 2.134256245050205639E-18 ) ) ;
#3173 = MECHANICAL_DESIGN_GEOMETRIC_PRESENTATION_REPRESENTATION (  '', ( #343 ), #5251 ) ;
#3174 = CARTESIAN_POINT ( 'NONE',  ( 1.208125863173013403, -0.9904820112707766189, 0.02015000000000002206 ) ) ;
#3175 = CARTESIAN_POINT ( 'NONE',  ( 1.281529100561606738, -0.5284346779891342383, -0.02015000000000002206 ) ) ;
#3176 = CARTESIAN_POINT ( 'NONE',  ( 0.7382576071512380045, -0.8993680258489382684, 0.005270901231338729134 ) ) ;
#3177 = CARTESIAN_POINT ( 'NONE',  ( -1.166974902555377724, -1.170733384784473863, 0.000000000000000000 ) ) ;
#3178 = CARTESIAN_POINT ( 'NONE',  ( -1.439789530558584829, -0.0006144906129714252253, -0.02015000000000002206 ) ) ;
#3179 = CARTESIAN_POINT ( 'NONE',  ( -0.3499696474764826815, 0.8422069134738534579, -0.005270901231338727400 ) ) ;
#3180 = CARTESIAN_POINT ( 'NONE',  ( 0.3864899422032816445, 1.278801015837990995, 0.000000000000000000 ) ) ;
#3181 = CARTESIAN_POINT ( 'NONE',  ( -0.5016177987361265522, 1.644133697731048560, 0.000000000000000000 ) ) ;
#3182 = CARTESIAN_POINT ( 'NONE',  ( 1.763617223050718996, 0.1764893955581187113, 0.02015000000000002206 ) ) ;
#3183 = CARTESIAN_POINT ( 'NONE',  ( 1.341552906882097940, 0.7178222330833942122, 2.134256245050205639E-18 ) ) ;
#3184 = CARTESIAN_POINT ( 'NONE',  ( -0.5040629799663428612, 0.9431168907316308525, -0.005270901231338724797 ) ) ;
#3185 = CARTESIAN_POINT ( 'NONE',  ( -0.5035762057864690000, 1.210256311549694264, -0.02015000000000002206 ) ) ;
#3186 = CARTESIAN_POINT ( 'NONE',  ( -0.1385143783776271176, -1.420345686037651101, 0.02015000000000002206 ) ) ;
#3187 = CARTESIAN_POINT ( 'NONE',  ( -0.9520404726851268151, 1.419900844480240343, 0.000000000000000000 ) ) ;
#3188 = CARTESIAN_POINT ( 'NONE',  ( -0.1184289950923217705, -1.223389494464337313, 0.005270901231338727400 ) ) ;
#3189 = CARTESIAN_POINT ( 'NONE',  ( -0.9600051485415055375, 0.5119090951455219640, 0.02015000000000002206 ) ) ;
#3190 = CARTESIAN_POINT ( 'NONE',  ( -1.191846861493955467, 0.3603949715128422215, 0.005270901231338729134 ) ) ;
#3191 = CARTESIAN_POINT ( 'NONE',  ( -1.418531674075973914, 0.2805504873551657452, -0.02015000000000002206 ) ) ;
#3192 = CARTESIAN_POINT ( 'NONE',  ( -0.8639485681227481173, 0.1702611048391229898, 0.000000000000000000 ) ) ;
#3193 = CARTESIAN_POINT ( 'NONE',  ( 0.7328974085662414151, -0.0007258565243637118318, -0.02015000000000002206 ) ) ;
#3194 = CARTESIAN_POINT ( 'NONE',  ( 0.3803706477888631476, -0.7098760736274406513, 0.02015000000000002206 ) ) ;
#3195 = CARTESIAN_POINT ( 'NONE',  ( 0.7260928566580463484, 1.361677199398674265, 0.000000000000000000 ) ) ;
#3196 = CARTESIAN_POINT ( 'NONE',  ( 0.5723038585685772395, -1.066403946178889672, 0.005270901231338727400 ) ) ;
#3197 = CARTESIAN_POINT ( 'NONE',  ( -1.468358603351663794, 1.202770652739305834, 0.02015000000000002206 ) ) ;
#3198 = CARTESIAN_POINT ( 'NONE',  ( 0.9612851707088114761, 0.6437848133365058345, -0.005270901231338727400 ) ) ;
#3199 = CARTESIAN_POINT ( 'NONE',  ( 0.7610133007744885880, 0.5088322571465319077, -0.005270901231338724797 ) ) ;
#3200 = CARTESIAN_POINT ( 'NONE',  ( 1.366857274759203822, 0.1360289709325979146, 0.000000000000000000 ) ) ;
#3201 = CARTESIAN_POINT ( 'NONE',  ( 1.730518621258949841, 0.9284965509297596897, -0.005270901231338727400 ) ) ;
#3202 = CARTESIAN_POINT ( 'NONE',  ( 0.3819159489980291644, -0.7125019650076044320, 0.000000000000000000 ) ) ;
#3203 = CARTESIAN_POINT ( 'NONE',  ( -0.08592611775836500598, 0.8767745760799271482, 2.134256245050205639E-18 ) ) ;
#3204 = CARTESIAN_POINT ( 'NONE',  ( 0.5837324824285154978, -0.4793385364171399710, 0.005270901231338729134 ) ) ;
#3205 = CARTESIAN_POINT ( 'NONE',  ( -0.7132862400001465097, 1.329394831111448516, -0.02015000000000002206 ) ) ;
#3206 = CARTESIAN_POINT ( 'NONE',  ( -0.8559245060036612118, -0.8562154874223580903, 0.005270901231338729134 ) ) ;
#3207 = CARTESIAN_POINT ( 'NONE',  ( -1.639201674204848747, -0.3287945360271859463, 0.000000000000000000 ) ) ;
#3208 = CARTESIAN_POINT ( 'NONE',  ( 1.714289111671689181, -0.3388039855823276603, -0.02015000000000002206 ) ) ;
#3209 = CARTESIAN_POINT ( 'NONE',  ( -0.6578768776625942838, -0.5418696142778812730, -0.005270901231338727400 ) ) ;
#3210 = CARTESIAN_POINT ( 'NONE',  ( -0.3836257847870365167, 1.259981958273902469, 0.000000000000000000 ) ) ;
#3211 = CARTESIAN_POINT ( 'NONE',  ( 0.3584091041259731547, -1.786984754377950679, 0.000000000000000000 ) ) ;
#3212 = CARTESIAN_POINT ( 'NONE',  ( 1.581074789154663929, -0.8419246771922305195, 0.02015000000000002206 ) ) ;
#3213 = CARTESIAN_POINT ( 'NONE',  ( 0.0007450762020599124283, -1.587462860693169553, 2.134256245050205639E-18 ) ) ;
#3214 = CARTESIAN_POINT ( 'NONE',  ( -1.432203855852415053, -0.7677100350445317245, 0.02015000000000002206 ) ) ;
#3215 = CARTESIAN_POINT ( 'NONE',  ( -0.7492465094395981406, 0.4003806030893953261, -0.005270901231338724797 ) ) ;
#3216 = CARTESIAN_POINT ( 'NONE',  ( -1.208735834091778649, -0.3687862320904466973, -0.02015000000000002206 ) ) ;
#3217 = CARTESIAN_POINT ( 'NONE',  ( -0.5035762057864690000, 1.210256311549694264, 0.02015000000000002206 ) ) ;
#3218 = CARTESIAN_POINT ( 'NONE',  ( 1.573391172074056987, -0.1533944936517846191, 0.000000000000000000 ) ) ;
#3219 = CARTESIAN_POINT ( 'NONE',  ( 0.1211363469203482618, -1.216873705100067538, 0.005270901231338727400 ) ) ;
#3220 = CARTESIAN_POINT ( 'NONE',  ( 0.9717198295750685277, 0.001590353649070769867, 0.02015000000000002206 ) ) ;
#3221 = CARTESIAN_POINT ( 'NONE',  ( -0.5349448407285926077, -1.292754324853520709, 0.005270901231338729134 ) ) ;
#3222 = CARTESIAN_POINT ( 'NONE',  ( -1.386989052534985056, 0.4200831884806696670, -0.02015000000000002206 ) ) ;
#3223 = CARTESIAN_POINT ( 'NONE',  ( -0.001906955048336523911, 1.125485933652464077, 0.000000000000000000 ) ) ;
#3224 = CARTESIAN_POINT ( 'NONE',  ( -0.5133909040113512345, -0.6247932748014249915, -0.02015000000000002206 ) ) ;
#3225 = CARTESIAN_POINT ( 'NONE',  ( 0.001357622890629882079, -0.8209994978663425202, 0.02015000000000002206 ) ) ;
#3226 = CARTESIAN_POINT ( 'NONE',  ( -1.279238294855618019, -1.051943866106160863, 0.000000000000000000 ) ) ;
#3227 = CARTESIAN_POINT ( 'NONE',  ( 1.199226881201504336, 0.6435423970449928310, 0.005270901231338727400 ) ) ;
#3228 = CARTESIAN_POINT ( 'NONE',  ( 1.775625353823729657, 0.001661561025790596422, 0.02015000000000002206 ) ) ;
#3229 = CARTESIAN_POINT ( 'NONE',  ( 0.8906225380062372521, 0.7334339724980429853, -0.005270901231338727400 ) ) ;
#3230 = CARTESIAN_POINT ( 'NONE',  ( 0.5745831471248135092, 0.7005341124546331510, -0.005270901231338724797 ) ) ;
#3231 = CARTESIAN_POINT ( 'NONE',  ( 0.3736176715203726739, -0.9005907306069584894, 0.02015000000000002206 ) ) ;
#3232 = CARTESIAN_POINT ( 'NONE',  ( 0.1211363469203482618, -1.216873705100067538, 0.000000000000000000 ) ) ;
#3233 = CARTESIAN_POINT ( 'NONE',  ( 1.080837092333922778, 1.620927422155468367, -0.005270901231338727400 ) ) ;
#3234 = CARTESIAN_POINT ( 'NONE',  ( -1.514340930050479983, -1.014594396167406654, 0.02015000000000002206 ) ) ;
#3235 = CARTESIAN_POINT ( 'NONE',  ( 1.257028647251172027, 0.5221017232407895170, -0.02015000000000002206 ) ) ;
#3236 = CARTESIAN_POINT ( 'NONE',  ( -0.1460476992013662878, 1.476638508706693997, 0.005270901231338729134 ) ) ;
#3237 = CARTESIAN_POINT ( 'NONE',  ( 1.356113858628259505, 1.116562688883884213, 0.000000000000000000 ) ) ;
#3238 = CARTESIAN_POINT ( 'NONE',  ( -1.615553204686548616, 0.3204571654447166407, -0.02015000000000002206 ) ) ;
#3239 = CARTESIAN_POINT ( 'NONE',  ( -0.7789543309099374868, 0.7772840017148821001, -0.005270901231338727400 ) ) ;
#3240 = CARTESIAN_POINT ( 'NONE',  ( 1.284370875885076924, -0.5295334903939589166, 0.000000000000000000 ) ) ;
#3241 = CARTESIAN_POINT ( 'NONE',  ( -0.5055799946398328304, 0.9457591994853480344, 0.02015000000000002206 ) ) ;
#3242 = CARTESIAN_POINT ( 'NONE',  ( -1.138919877986292351, -1.141528997461086492, 2.134256245050205639E-18 ) ) ;
#3243 = CARTESIAN_POINT ( 'NONE',  ( 0.6055271061956031264, -1.457075204026378357, 0.02015000000000002206 ) ) ;
#3244 = CARTESIAN_POINT ( 'NONE',  ( -0.3331153703736364213, 0.8053838071608319105, -0.005270901231338724797 ) ) ;
#3245 = CARTESIAN_POINT ( 'NONE',  ( -1.041810367204478727, -0.6985387898786709071, -0.02015000000000002206 ) ) ;
#3246 = CARTESIAN_POINT ( 'NONE',  ( 0.8483383639186369285, -0.8456076967928219945, 0.02015000000000002206 ) ) ;
#3247 = CARTESIAN_POINT ( 'NONE',  ( -1.477229403626039606, -0.001480979507665901610, 0.000000000000000000 ) ) ;
#3248 = CARTESIAN_POINT ( 'NONE',  ( 1.082641149088169552, -0.8855308026790439380, 0.005270901231338727400 ) ) ;
#3249 = CARTESIAN_POINT ( 'NONE',  ( -0.4709623701424829334, -1.142195918614966832, 0.02015000000000002206 ) ) ;
#3250 = CARTESIAN_POINT ( 'NONE',  ( 0.9597000608968794255, -0.6411165694914572333, 0.005270901231338729134 ) ) ;
#3251 = CARTESIAN_POINT ( 'NONE',  ( 0.4597292553168276785, -1.512776291463462153, -0.02015000000000002206 ) ) ;
#3252 = CARTESIAN_POINT ( 'NONE',  ( 0.1019113352055737859, -1.016772234786577300, 0.000000000000000000 ) ) ;
#3253 = CARTESIAN_POINT ( 'NONE',  ( -0.1871644351324468214, 1.876390623244668765, -0.005270901231338724797 ) ) ;
#3254 = CARTESIAN_POINT ( 'NONE',  ( 1.966791553317508212, 0.1955994674647489606, 0.005270901231338727400 ) ) ;
#3255 = CARTESIAN_POINT ( 'NONE',  ( -1.673438231575997470, 0.1621083620707732265, 0.000000000000000000 ) ) ;
#3256 = CARTESIAN_POINT ( 'NONE',  ( -1.666824414092487494, -0.1658142189559886903, 0.005270901231338727400 ) ) ;
#3257 = CARTESIAN_POINT ( 'NONE',  ( 0.3629218751330963166, -0.6802258142216927039, -0.02015000000000002206 ) ) ;
#3258 = CARTESIAN_POINT ( 'NONE',  ( -0.7276207004488347563, 1.086538535730148025, -0.005270901231338727400 ) ) ;
#3259 = CARTESIAN_POINT ( 'NONE',  ( 0.9282828724752931748, 0.6203148047323862047, -0.005270901231338724797 ) ) ;
#3260 = CARTESIAN_POINT ( 'NONE',  ( 0.002335922603857154209, -1.426927904380912215, 0.000000000000000000 ) ) ;
#3261 = CARTESIAN_POINT ( 'NONE',  ( -0.1807216955192745833, 0.9002862732813275981, 0.000000000000000000 ) ) ;
#3262 = DIRECTION ( 'NONE',  ( -0.01726204665747662834, 0.9998509997720635978, -1.350407910224643675E-34 ) ) ;
#3263 = CARTESIAN_POINT ( 'NONE',  ( -0.7213871141179166724, 1.735360507963833676, 0.02015000000000002206 ) ) ;
#3264 = CARTESIAN_POINT ( 'NONE',  ( 1.326296011485933679, -0.8831791181810302316, -0.02015000000000002206 ) ) ;
#3265 = CARTESIAN_POINT ( 'NONE',  ( -0.0003244928754079940423, 1.286024825992360121, 0.005270901231338729134 ) ) ;
#3266 = CARTESIAN_POINT ( 'NONE',  ( -1.205597224380985155, 1.203248347813309360, 0.000000000000000000 ) ) ;
#3267 = CARTESIAN_POINT ( 'NONE',  ( 0.1446843146113553635, 1.486081791153404330, -0.02015000000000002206 ) ) ;
#3268 = CARTESIAN_POINT ( 'NONE',  ( -0.7107784406926598297, -0.4761130391232206160, -0.005270901231338727400 ) ) ;
#3269 = CARTESIAN_POINT ( 'NONE',  ( -0.5842055717920714430, -1.095715841174814020, 0.000000000000000000 ) ) ;
#3270 = AXIS2_PLACEMENT_3D ( 'NONE', #2021, #1548, #4720 ) ;
#3271 = CARTESIAN_POINT ( 'NONE',  ( -0.9011141835682231482, -0.4823995128010284961, 0.02015000000000002206 ) ) ;
#3272 = CARTESIAN_POINT ( 'NONE',  ( 0.1648841687081069318, 1.683025402547531968, 2.134256245050205639E-18 ) ) ;
#3273 = CARTESIAN_POINT ( 'NONE',  ( -1.286523401947412548, 1.053244030662926489, 0.02015000000000002206 ) ) ;
#3274 = CARTESIAN_POINT ( 'NONE',  ( -1.032969420498475177, 0.1011255486406651555, -0.005270901231338724797 ) ) ;
#3275 = CARTESIAN_POINT ( 'NONE',  ( -1.188386632590250347, 0.4908918858248318418, -0.02015000000000002206 ) ) ;
#3276 = CARTESIAN_POINT ( 'NONE',  ( 1.257028647251172027, 0.5221017232407895170, 0.02015000000000002206 ) ) ;
#3277 = CARTESIAN_POINT ( 'NONE',  ( -1.279238294855618019, -1.051943866106160863, 0.000000000000000000 ) ) ;
#3278 = CARTESIAN_POINT ( 'NONE',  ( -0.7276207004488347563, 1.086538535730148025, 0.005270901231338727400 ) ) ;
#3279 = CARTESIAN_POINT ( 'NONE',  ( 1.225975150854711426, -0.6537790964108777247, 0.02015000000000002206 ) ) ;
#3280 = EDGE_CURVE ( 'NONE', #2196, #5842, #3557, .T. ) ;
#3281 = CARTESIAN_POINT ( 'NONE',  ( 1.225582410374018938, 0.5081479278203645533, 0.02015000000000002206 ) ) ;
#3282 = CARTESIAN_POINT ( 'NONE',  ( 1.095463125983095587, -0.3322050630574307495, 0.005270901231338729134 ) ) ;
#3283 = CARTESIAN_POINT ( 'NONE',  ( -0.9306333693134711815, 1.389172557027514632, -0.02015000000000002206 ) ) ;
#3284 = CARTESIAN_POINT ( 'NONE',  ( -0.001109228592123104318, 1.888902649222202523, -0.005270901231338724797 ) ) ;
#3285 = CARTESIAN_POINT ( 'NONE',  ( -1.642575093221395832, -0.8800024732142828210, 0.005270901231338727400 ) ) ;
#3286 = CARTESIAN_POINT ( 'NONE',  ( 0.6646863480767997157, 1.609113316227460677, 0.000000000000000000 ) ) ;
#3287 = CARTESIAN_POINT ( 'NONE',  ( 1.376839913707069041, 0.7376920377158671105, 0.005270901231338727400 ) ) ;
#3288 = CARTESIAN_POINT ( 'NONE',  ( 0.2255799847294824301, -0.7437465696907000767, 0.02015000000000002206 ) ) ;
#3289 = CARTESIAN_POINT ( 'NONE',  ( -0.6804715744687609424, -0.4541127196253210707, -0.02015000000000002206 ) ) ;
#3290 = CARTESIAN_POINT ( 'NONE',  ( 0.6665368199679438943, -1.243972323954779746, -0.005270901231338727400 ) ) ;
#3291 = CARTESIAN_POINT ( 'NONE',  ( -1.008611230855529284, -0.2012228637585475877, -0.005270901231338724797 ) ) ;
#3292 = CARTESIAN_POINT ( 'NONE',  ( -0.3257888356608308889, 1.067458781819022429, 0.000000000000000000 ) ) ;
#3293 = CARTESIAN_POINT ( 'NONE',  ( -0.4670301143217400197, -0.7016685252095359315, 0.000000000000000000 ) ) ;
#3294 = CARTESIAN_POINT ( 'NONE',  ( 0.4916114036369004237, 1.627729147591641556, 0.02015000000000002206 ) ) ;
#3295 = CARTESIAN_POINT ( 'NONE',  ( -1.535427889653403710, -0.6376921181565959884, -0.02015000000000002206 ) ) ;
#3296 = CARTESIAN_POINT ( 'NONE',  ( -1.153422440843427044, 0.4774753211620931248, 0.005270901231338729134 ) ) ;
#3297 = SURFACE_STYLE_USAGE ( .BOTH. , #1967 ) ;
#3298 = CARTESIAN_POINT ( 'NONE',  ( -0.7905311999064466022, 1.477042327381736797, -0.02015000000000002206 ) ) ;
#3299 = CARTESIAN_POINT ( 'NONE',  ( -0.5842055717920714430, -1.095715841174814020, -0.005270901231338727400 ) ) ;
#3300 = CARTESIAN_POINT ( 'NONE',  ( -1.077985765446750399, 0.7177033829893897376, 0.000000000000000000 ) ) ;
#3301 = CARTESIAN_POINT ( 'NONE',  ( -0.08633427184671781107, 0.8797939479947134434, 0.02015000000000002206 ) ) ;
#3302 = CARTESIAN_POINT ( 'NONE',  ( -1.833037230317976496, 0.1794783528163294839, 2.134256245050205639E-18 ) ) ;
#3303 = CARTESIAN_POINT ( 'NONE',  ( 1.675557577994310376, -0.5072269336140265983, 0.02015000000000002206 ) ) ;
#3304 = CARTESIAN_POINT ( 'NONE',  ( -0.5349448407285926077, -1.292754324853520709, -0.005270901231338724797 ) ) ;
#3305 = CARTESIAN_POINT ( 'NONE',  ( -0.3369644985155094696, 1.685757831402151297, -0.02015000000000002206 ) ) ;
#3306 = CARTESIAN_POINT ( 'NONE',  ( -0.4138844460162501293, -1.372246101518411088, 0.02015000000000002206 ) ) ;
#3307 = CARTESIAN_POINT ( 'NONE',  ( 1.020780509790973456, -1.239741028475744855, 0.000000000000000000 ) ) ;
#3308 = CARTESIAN_POINT ( 'NONE',  ( -1.315931077667800819, 1.076431968058664701, 0.005270901231338727400 ) ) ;
#3309 = CARTESIAN_POINT ( 'NONE',  ( -1.227950724345772127, 0.3703453607450143403, 0.02015000000000002206 ) ) ;
#3310 = CARTESIAN_POINT ( 'NONE',  ( -1.633066050008180392, 0.1589354777476481850, 0.005270901231338729134 ) ) ;
#3311 = CARTESIAN_POINT ( 'NONE',  ( -1.636103493005425458, 0.1591741929940221345, -0.02015000000000002206 ) ) ;
#3312 = CARTESIAN_POINT ( 'NONE',  ( 0.9061228040913253956, -0.2743861007906480132, -0.02015000000000002206 ) ) ;
#3313 = CARTESIAN_POINT ( 'NONE',  ( -1.464872751235547721, -0.7860194739903916261, 0.000000000000000000 ) ) ;
#3314 = CARTESIAN_POINT ( 'NONE',  ( 1.294700086024715091, 0.8681260429874646523, 0.005270901231338727400 ) ) ;
#3315 = CARTESIAN_POINT ( 'NONE',  ( 1.509783676611563319, 1.241387656608247569, 0.02015000000000002206 ) ) ;
#3316 = CARTESIAN_POINT ( 'NONE',  ( 0.8956969698508906452, 1.680775888249228966, -0.005270901231338724797 ) ) ;
#3317 = CARTESIAN_POINT ( 'NONE',  ( -0.8292161515990194021, 1.006995368166873739, -0.005270901231338727400 ) ) ;
#3318 = CARTESIAN_POINT ( 'NONE',  ( -1.043753055172573552, 0.6960675375878493387, -0.005270901231338724797 ) ) ;
#3319 = CARTESIAN_POINT ( 'NONE',  ( -0.5359940070366022713, -0.6546532945996479391, 0.000000000000000000 ) ) ;
#3320 = CARTESIAN_POINT ( 'NONE',  ( -0.7955432384091166709, -0.3311825998292729500, 0.000000000000000000 ) ) ;
#3321 = CARTESIAN_POINT ( 'NONE',  ( 0.1807068429672382681, -1.816807983761690171, 0.000000000000000000 ) ) ;
#3322 = CARTESIAN_POINT ( 'NONE',  ( 0.6510448399406715270, 1.574236381604599000, 0.02015000000000002206 ) ) ;
#3323 = CARTESIAN_POINT ( 'NONE',  ( -1.491942134753148963, 0.7956552752512585647, -0.02015000000000002206 ) ) ;
#3324 = CARTESIAN_POINT ( 'NONE',  ( 1.294732488728336017, -0.8630237920014167674, 0.005270901231338729134 ) ) ;
#3325 = CARTESIAN_POINT ( 'NONE',  ( 0.9481668450031139894, 1.422774367408236262, -0.02015000000000002206 ) ) ;
#3326 = CARTESIAN_POINT ( 'NONE',  ( 0.6307301826331075389, 1.184712561587630608, -0.005270901231338727400 ) ) ;
#3327 = CARTESIAN_POINT ( 'NONE',  ( 0.1618580990161113398, -1.616669032930586614, 0.000000000000000000 ) ) ;
#3328 = CARTESIAN_POINT ( 'NONE',  ( -0.4474425802325289747, -0.6697490886090344819, 0.02015000000000002206 ) ) ;
#3329 = CARTESIAN_POINT ( 'NONE',  ( 1.325301408497944200, 1.090283948898961741, 2.134256245050205639E-18 ) ) ;
#3330 = CARTESIAN_POINT ( 'NONE',  ( 1.504369984149265260, 0.2999902905396681363, 0.02015000000000002206 ) ) ;
#3331 = CARTESIAN_POINT ( 'NONE',  ( -0.8931426954961040332, -1.089092637845695100, -0.005270901231338724797 ) ) ;
#3332 = CARTESIAN_POINT ( 'NONE',  ( -1.242196105898545788, 0.8282934952162034348, -0.02015000000000002206 ) ) ;
#3333 = CARTESIAN_POINT ( 'NONE',  ( 0.6646863480767997157, 1.609113316227460677, 0.000000000000000000 ) ) ;
#3334 = CARTESIAN_POINT ( 'NONE',  ( 1.294700086024715091, 0.8681260429874646523, 0.005270901231338727400 ) ) ;
#3335 = CARTESIAN_POINT ( 'NONE',  ( 0.9588022085357291724, 0.6420190228709564684, 0.02015000000000002206 ) ) ;
#3336 = CARTESIAN_POINT ( 'NONE',  ( 1.018028616780382922, 0.8360485992822096479, 0.02015000000000002206 ) ) ;
#3337 = CARTESIAN_POINT ( 'NONE',  ( 0.4907828861924954933, 1.624797151762133796, 0.005270901231338729134 ) ) ;
#3338 = CARTESIAN_POINT ( 'NONE',  ( 1.929592735038131446, 0.1912713589053678109, -0.02015000000000002206 ) ) ;
#3339 = CARTESIAN_POINT ( 'NONE',  ( 0.4211140961932026694, 1.016929053289588047, -0.02015000000000002206 ) ) ;
#3340 = CARTESIAN_POINT ( 'NONE',  ( 1.730518621258949841, 0.9284965509297596897, 0.000000000000000000 ) ) ;
#3341 = CARTESIAN_POINT ( 'NONE',  ( 0.9683766516261700374, 1.454303005633201140, 0.005270901231338727400 ) ) ;
#3342 = CARTESIAN_POINT ( 'NONE',  ( 1.377705946537882253, 1.381997458464802486, 0.02015000000000002206 ) ) ;
#3343 = CARTESIAN_POINT ( 'NONE',  ( -0.7853286636796689146, -0.6444393538062924698, -0.02015000000000002206 ) ) ;
#3344 = CARTESIAN_POINT ( 'NONE',  ( -1.466694833401301468, -0.1468714080645105169, -0.005270901231338727400 ) ) ;
#3345 = CARTESIAN_POINT ( 'NONE',  ( -0.7652229205700291637, -0.9340258165924181233, -0.005270901231338724797 ) ) ;
#3346 = CARTESIAN_POINT ( 'NONE',  ( -0.2992154687573843619, -0.9902691944565905624, 0.000000000000000000 ) ) ;
#3347 = CARTESIAN_POINT ( 'NONE',  ( 0.8906225380062372521, 0.7334339724980429853, 0.000000000000000000 ) ) ;
#3348 = CARTESIAN_POINT ( 'NONE',  ( -0.1918314809190365955, 1.916617431978808073, 0.000000000000000000 ) ) ;
#3349 = CARTESIAN_POINT ( 'NONE',  ( -0.8338773133583753383, 0.0005396457169805584210, 0.005270901231338729134 ) ) ;
#3350 = CARTESIAN_POINT ( 'NONE',  ( -0.4729414580599122786, -1.564399274764243453, -0.02015000000000002206 ) ) ;
#3351 = CARTESIAN_POINT ( 'NONE',  ( 0.1570671935675275466, -1.576456742621983764, 0.005270901231338729134 ) ) ;
#3352 = CARTESIAN_POINT ( 'NONE',  ( -1.642575093221395832, -0.8800024732142828210, 0.000000000000000000 ) ) ;
#3353 = CARTESIAN_POINT ( 'NONE',  ( -0.6348647744319081410, 0.6327791612833466584, -0.02015000000000002206 ) ) ;
#3354 = CARTESIAN_POINT ( 'NONE',  ( -0.7900802199849681351, -0.9659961847946322289, -0.005270901231338727400 ) ) ;
#3355 = CARTESIAN_POINT ( 'NONE',  ( -0.2991799679280714441, 1.491418594031060918, 0.000000000000000000 ) ) ;
#3356 = CARTESIAN_POINT ( 'NONE',  ( 0.7626816360359864877, -1.138856932270566613, 0.02015000000000002206 ) ) ;
#3357 = CARTESIAN_POINT ( 'NONE',  ( -1.036009244467034796, 0.1013319705581807867, 0.02015000000000002206 ) ) ;
#3358 =( LENGTH_UNIT ( ) NAMED_UNIT ( * ) SI_UNIT ( $, .METRE. ) );
#3359 = CARTESIAN_POINT ( 'NONE',  ( -0.001164271653857572395, 1.891948958293850902, 0.02015000000000002206 ) ) ;
#3360 = CARTESIAN_POINT ( 'NONE',  ( 0.7246503084569612119, 1.085151480038653915, -0.005270901231338724797 ) ) ;
#3361 = CARTESIAN_POINT ( 'NONE',  ( 0.1094328641979097488, 1.123369919354717528, 0.000000000000000000 ) ) ;
#3362 = CARTESIAN_POINT ( 'NONE',  ( -1.313538556864928486, 1.074545466618793910, -0.02015000000000002206 ) ) ;
#3363 = CARTESIAN_POINT ( 'NONE',  ( 1.512104058723804378, 1.243362208235009092, 0.000000000000000000 ) ) ;
#3364 = CARTESIAN_POINT ( 'NONE',  ( -0.002764890159205933909, 1.728369875091887886, 0.005270901231338727400 ) ) ;
#3365 = CARTESIAN_POINT ( 'NONE',  ( 0.7251785362446631078, 0.8854124989496924281, 0.02015000000000002206 ) ) ;
#3366 = STYLED_ITEM ( 'NONE', ( #5660 ), #3803 ) ;
#3367 = CARTESIAN_POINT ( 'NONE',  ( 1.053139698320247453, -0.8624621896880445560, 0.02015000000000002206 ) ) ;
#3368 = CARTESIAN_POINT ( 'NONE',  ( 0.09665406471327009363, -0.9766180153062159475, 2.134256245050205639E-18 ) ) ;
#3369 = CARTESIAN_POINT ( 'NONE',  ( 0.9559651398318254056, 1.167440081071754232, 0.005270901231338729134 ) ) ;
#3370 = CARTESIAN_POINT ( 'NONE',  ( -0.2397447908248143134, -0.7950602983452085271, -0.02015000000000002206 ) ) ;
#3371 = CARTESIAN_POINT ( 'NONE',  ( -0.5592232289222567321, -0.8368167979030678438, -0.02015000000000002206 ) ) ;
#3372 = CARTESIAN_POINT ( 'NONE',  ( 0.5656328842021768333, -0.5643018287050109993, 0.005270901231338727400 ) ) ;
#3373 = CARTESIAN_POINT ( 'NONE',  ( -1.211791900756342910, -0.8114565875636784442, 0.005270901231338727400 ) ) ;
#3374 = CARTESIAN_POINT ( 'NONE',  ( -0.7113282263892125590, 0.4757512087598131933, 0.02015000000000002206 ) ) ;
#3375 = CARTESIAN_POINT ( 'NONE',  ( 0.8129762222908625269, 0.4342779646887219847, -0.02015000000000002206 ) ) ;
#3376 = CARTESIAN_POINT ( 'NONE',  ( -1.245328695213201664, -0.2490531081885033471, -0.005270901231338727400 ) ) ;
#3377 = CARTESIAN_POINT ( 'NONE',  ( 1.304118452077732027, 0.2607117013374981029, -0.005270901231338724797 ) ) ;
#3378 = CARTESIAN_POINT ( 'NONE',  ( -0.9814091404061605628, -0.4077589322072399103, 0.000000000000000000 ) ) ;
#3379 = CARTESIAN_POINT ( 'NONE',  ( -0.9335810111500513209, -0.5010653200894831238, 0.000000000000000000 ) ) ;
#3380 = CARTESIAN_POINT ( 'NONE',  ( 1.379823238307043454, 1.384188372270204415, 0.000000000000000000 ) ) ;
#3381 = CARTESIAN_POINT ( 'NONE',  ( -0.3369644985155094696, 1.685757831402151297, -0.02015000000000002206 ) ) ;
#3382 = CARTESIAN_POINT ( 'NONE',  ( -1.429546011942837369, -0.7662204336908730040, 0.005270901231338729134 ) ) ;
#3383 = CARTESIAN_POINT ( 'NONE',  ( -1.514340930050479983, -1.014594396167406654, -0.02015000000000002206 ) ) ;
#3384 = CARTESIAN_POINT ( 'NONE',  ( 0.2578426339556110780, 1.307548870956974474, -0.005270901231338727400 ) ) ;
#3385 = CARTESIAN_POINT ( 'NONE',  ( 1.237578667588751458, -1.013612625735693884, 0.000000000000000000 ) ) ;
#3386 = PRODUCT_RELATED_PRODUCT_CATEGORY ( 'part', '', ( #2314 ) ) ;
#3387 = CARTESIAN_POINT ( 'NONE',  ( 1.319829494299890049, -0.2620365884575798776, 0.02015000000000002206 ) ) ;
#3388 =( NAMED_UNIT ( * ) SI_UNIT ( $, .STERADIAN. ) SOLID_ANGLE_UNIT ( ) );
#3389 = CARTESIAN_POINT ( 'NONE',  ( -1.188084254919365979, 1.443957537399775726, 0.02015000000000002206 ) ) ;
#3390 = CARTESIAN_POINT ( 'NONE',  ( -0.1269136333720825016, 1.276530140573310046, -0.005270901231338724797 ) ) ;
#3391 = CARTESIAN_POINT ( 'NONE',  ( 0.3890591810186798116, -0.9347091925379735766, 0.000000000000000000 ) ) ;
#3392 = CARTESIAN_POINT ( 'NONE',  ( 1.107250391662196742, 1.351770793707251617, -0.02015000000000002206 ) ) ;
#3393 = CARTESIAN_POINT ( 'NONE',  ( 1.495540774311185928, -0.9972006770378056828, 0.000000000000000000 ) ) ;
#3394 = CARTESIAN_POINT ( 'NONE',  ( 1.328863925574705007, -0.8848188954155085106, 0.005270901231338727400 ) ) ;
#3395 = CARTESIAN_POINT ( 'NONE',  ( -1.670400788578751516, 0.1618696468243993047, 0.02015000000000002206 ) ) ;
#3396 = CARTESIAN_POINT ( 'NONE',  ( -0.5360437548785759176, -1.295596059526914035, 0.02015000000000002206 ) ) ;
#3397 = CARTESIAN_POINT ( 'NONE',  ( -0.5928966784866871453, 0.8861069055429027230, 2.134256245050205639E-18 ) ) ;
#3398 = CARTESIAN_POINT ( 'NONE',  ( 0.6043036268532824273, -1.454284836891896582, 0.005270901231338729134 ) ) ;
#3399 = CARTESIAN_POINT ( 'NONE',  ( -1.188084254919365979, 1.443957537399775726, -0.02015000000000002206 ) ) ;
#3400 = CARTESIAN_POINT ( 'NONE',  ( -0.1933175962092300026, -0.9748715734452833015, -0.02015000000000002206 ) ) ;
#3401 = CARTESIAN_POINT ( 'NONE',  ( 1.512104058723804378, 1.243362208235009092, 0.000000000000000000 ) ) ;
#3402 = CARTESIAN_POINT ( 'NONE',  ( -1.836535196679146331, -0.3671405983948691776, 0.005270901231338727400 ) ) ;
#3403 = CARTESIAN_POINT ( 'NONE',  ( -1.024092057859378402, 0.2037012191936206085, -0.02015000000000002206 ) ) ;
#3404 = CARTESIAN_POINT ( 'NONE',  ( -0.3562962634403943896, -1.800273796285656314, -0.005270901231338727400 ) ) ;
#3405 = CARTESIAN_POINT ( 'NONE',  ( -0.8931426954961040332, -1.089092637845695100, -0.005270901231338724797 ) ) ;
#3406 = CARTESIAN_POINT ( 'NONE',  ( 1.343635513853318031, 0.2695653998278391139, 0.000000000000000000 ) ) ;
#3407 = CARTESIAN_POINT ( 'NONE',  ( 0.08930941710401958666, 0.9233570030237818749, 0.000000000000000000 ) ) ;
#3408 = CARTESIAN_POINT ( 'NONE',  ( 0.2378743541084164526, -0.7791213238177947531, 0.005270901231338727400 ) ) ;
#3409 = CARTESIAN_POINT ( 'NONE',  ( 0.08930941710401958666, 0.9233570030237818749, -0.005270901231338727400 ) ) ;
#3410 = CARTESIAN_POINT ( 'NONE',  ( 1.738182607244135980, 0.0009324142917533815526, 0.005270901231338729134 ) ) ;
#3411 = CARTESIAN_POINT ( 'NONE',  ( -1.148649618333073441, -1.403203926660912204, -0.02015000000000002206 ) ) ;
#3412 = CARTESIAN_POINT ( 'NONE',  ( -0.3836257847870365167, 1.259981958273902469, -0.005270901231338727400 ) ) ;
#3413 = CARTESIAN_POINT ( 'NONE',  ( -1.121057458041601507, -0.9230124942361123130, 0.02015000000000002206 ) ) ;
#3414 = CARTESIAN_POINT ( 'NONE',  ( -0.9562346950440949733, 1.162805412926206872, 0.000000000000000000 ) ) ;
#3415 = CARTESIAN_POINT ( 'NONE',  ( 1.098402746902901406, -0.3330061494900434793, 0.02015000000000002206 ) ) ;
#3416 = LENGTH_MEASURE_WITH_UNIT ( LENGTH_MEASURE( 0.02539999999999999897 ), #4284 );
#3417 = CARTESIAN_POINT ( 'NONE',  ( -0.5465691911706664907, 0.6667387064652695594, 0.005270901231338729134 ) ) ;
#3418 = CARTESIAN_POINT ( 'NONE',  ( -0.4883822172565205344, 1.176027067584773933, -0.005270901231338724797 ) ) ;
#3419 = CARTESIAN_POINT ( 'NONE',  ( -0.9814091404061605628, -0.4077589322072399103, 0.000000000000000000 ) ) ;
#3420 = CARTESIAN_POINT ( 'NONE',  ( -1.315019518200103210, 0.7002139995808902562, -0.02015000000000002206 ) ) ;
#3421 = CARTESIAN_POINT ( 'NONE',  ( -1.788302426701249948, -0.5455750395023843957, 0.000000000000000000 ) ) ;
#3422 = CARTESIAN_POINT ( 'NONE',  ( 1.573391172074056987, -0.1533944936517846191, 0.005270901231338727400 ) ) ;
#3423 = CARTESIAN_POINT ( 'NONE',  ( -0.5660170835253698352, 1.364749348595255540, 0.02015000000000002206 ) ) ;
#3424 = CARTESIAN_POINT ( 'NONE',  ( -1.663799065162476332, -0.1654532358647932688, 0.02015000000000002206 ) ) ;
#3425 = CARTESIAN_POINT ( 'NONE',  ( 0.3169771499549464688, 1.047518234273461912, 2.134256245050205639E-18 ) ) ;
#3426 = CARTESIAN_POINT ( 'NONE',  ( -0.001986311804070143086, 1.687880698428279480, 0.005270901231338729134 ) ) ;
#3427 = CARTESIAN_POINT ( 'NONE',  ( 0.4467601660061298885, -0.6662334079121104979, -0.02015000000000002206 ) ) ;
#3428 = CARTESIAN_POINT ( 'NONE',  ( -0.9318248268082325314, 1.134403779962756209, -0.02015000000000002206 ) ) ;
#3429 = CARTESIAN_POINT ( 'NONE',  ( -1.808061033695298248, 0.5453418723856460204, 0.000000000000000000 ) ) ;
#3430 = CARTESIAN_POINT ( 'NONE',  ( 0.2368741208775917428, -0.7762433393096506151, 0.02015000000000002206 ) ) ;
#3431 = CARTESIAN_POINT ( 'NONE',  ( 0.8623605224465453745, 0.7088624081050999282, -0.02015000000000002206 ) ) ;
#3432 = CARTESIAN_POINT ( 'NONE',  ( -0.9135642617439307944, -1.370154126466789801, -0.005270901231338727400 ) ) ;
#3433 = CARTESIAN_POINT ( 'NONE',  ( -0.1357335637209117762, -1.382999162438423912, -0.005270901231338724797 ) ) ;
#3434 = CARTESIAN_POINT ( 'NONE',  ( 0.2958921661487682320, -0.9715894170657407569, 0.000000000000000000 ) ) ;
#3435 = CARTESIAN_POINT ( 'NONE',  ( 0.3570926898788228110, 0.8663805372111738068, 0.005270901231338727400 ) ) ;
#3436 = CARTESIAN_POINT ( 'NONE',  ( -0.8460032837790635307, 0.2555782320411348341, -0.005270901231338727400 ) ) ;
#3437 = CARTESIAN_POINT ( 'NONE',  ( -1.501132648447425666, -0.6226478967850905821, 0.005270901231338729134 ) ) ;
#3438 = CARTESIAN_POINT ( 'NONE',  ( -1.061031655972372256, 0.2098633659835004439, 0.000000000000000000 ) ) ;
#3439 = CARTESIAN_POINT ( 'NONE',  ( 0.4467601660061298885, -0.6662334079121104979, -0.02015000000000002206 ) ) ;
#3440 = CARTESIAN_POINT ( 'NONE',  ( 0.1475485730782827021, 1.523421985877380758, -0.005270901231338727400 ) ) ;
#3441 = CARTESIAN_POINT ( 'NONE',  ( 1.018799443403051397, -1.237426200781331032, 0.02015000000000002206 ) ) ;
#3442 = CARTESIAN_POINT ( 'NONE',  ( 0.7329077625518832795, -0.07247081500368435236, 2.134256245050205639E-18 ) ) ;
#3443 = CARTESIAN_POINT ( 'NONE',  ( -0.8047352051655889404, 0.9786549036458782602, 0.02015000000000002206 ) ) ;
#3444 = CARTESIAN_POINT ( 'NONE',  ( -0.4724030389728655077, -0.8850955277786762831, 0.02015000000000002206 ) ) ;
#3445 = CARTESIAN_POINT ( 'NONE',  ( 0.8956969698508906452, 1.680775888249228966, 2.134256245050205639E-18 ) ) ;
#3446 = CARTESIAN_POINT ( 'NONE',  ( -0.7882100552547419703, -0.9635908609485397402, -0.02015000000000002206 ) ) ;
#3447 = CARTESIAN_POINT ( 'NONE',  ( -1.548242864754658221, 1.031678816472028748, 0.02015000000000002206 ) ) ;
#3448 = CARTESIAN_POINT ( 'NONE',  ( 1.261513724069512010, 0.8449172617017847164, -0.005270901231338724797 ) ) ;
#3449 = CARTESIAN_POINT ( 'NONE',  ( -0.1387406171657522835, -1.423384087830366074, 0.000000000000000000 ) ) ;
#3450 = CARTESIAN_POINT ( 'NONE',  ( -0.3192804869888804520, -0.7733491137579409092, -0.005270901231338727400 ) ) ;
#3451 = CARTESIAN_POINT ( 'NONE',  ( 1.778671584030809605, 0.001720882229786206740, 0.000000000000000000 ) ) ;
#3452 = CARTESIAN_POINT ( 'NONE',  ( 1.751149173740902842, -0.3454241630625419224, 0.005270901231338727400 ) ) ;
#3453 = CARTESIAN_POINT ( 'NONE',  ( 1.516541089538821385, -0.4574249893048952242, 0.02015000000000002206 ) ) ;
#3454 = CARTESIAN_POINT ( 'NONE',  ( 0.9031794113595636997, -0.2735989468179536033, 2.134256245050205639E-18 ) ) ;
#3455 = CARTESIAN_POINT ( 'NONE',  ( 0.5837324824285154978, -0.4793385364171399710, -0.005270901231338724797 ) ) ;
#3456 = CARTESIAN_POINT ( 'NONE',  ( -1.772037409520452078, 0.5351052478975928395, -0.02015000000000002206 ) ) ;
#3457 = CARTESIAN_POINT ( 'NONE',  ( 0.2703895135319105969, -1.356585908369878357, -0.02015000000000002206 ) ) ;
#3458 = CARTESIAN_POINT ( 'NONE',  ( 0.2378743541084164526, -0.7791213238177947531, 0.005270901231338727400 ) ) ;
#3459 = PRODUCT_DEFINITION_FORMATION_WITH_SPECIFIED_SOURCE ( 'ANY', '', #2314, .NOT_KNOWN. ) ;
#3460 = CARTESIAN_POINT ( 'NONE',  ( -1.579742085693920162, 1.051934407835061647, 0.005270901231338727400 ) ) ;
#3461 = CARTESIAN_POINT ( 'NONE',  ( 0.09704960091723442706, -0.9796390596999292599, -0.02015000000000002206 ) ) ;
#3462 = CARTESIAN_POINT ( 'NONE',  ( 0.6646863480767997157, 1.609113316227460677, -0.005270901231338727400 ) ) ;
#3463 = CARTESIAN_POINT ( 'NONE',  ( 0.4907828861924954933, 1.624797151762133796, -0.005270901231338724797 ) ) ;
#3464 = CARTESIAN_POINT ( 'NONE',  ( 0.3276081503265225736, 1.086594775272874180, 0.000000000000000000 ) ) ;
#3465 = CARTESIAN_POINT ( 'NONE',  ( 0.5599489262275344492, -0.8360318056955580168, 0.005270901231338727400 ) ) ;
#3466 = CARTESIAN_POINT ( 'NONE',  ( 1.509783676611563319, 1.241387656608247569, -0.02015000000000002206 ) ) ;
#3467 = CARTESIAN_POINT ( 'NONE',  ( -0.8068348190417770072, 0.2452902912326064278, -0.005270901231338724797 ) ) ;
#3468 = CARTESIAN_POINT ( 'NONE',  ( -0.7789543309099374868, 0.7772840017148821001, 0.000000000000000000 ) ) ;
#3469 = CARTESIAN_POINT ( 'NONE',  ( 1.898166556018229700, 0.3800967734566127465, -0.02015000000000002206 ) ) ;
#3470 = CARTESIAN_POINT ( 'NONE',  ( 0.5870137572278580906, 1.423700988765330910, -0.005270901231338727400 ) ) ;
#3471 = CARTESIAN_POINT ( 'NONE',  ( 1.497068677044800511, 0.4567147518998384559, 0.02015000000000002206 ) ) ;
#3472 = CARTESIAN_POINT ( 'NONE',  ( -1.748407349982275427, 0.7222539915999606208, 0.000000000000000000 ) ) ;
#3473 = CARTESIAN_POINT ( 'NONE',  ( 1.195246800794747655, -0.6383084075336821206, 0.02015000000000002206 ) ) ;
#3474 = CARTESIAN_POINT ( 'NONE',  ( 1.926566350108709580, 0.1909192368995950850, 2.134256245050205639E-18 ) ) ;
#3475 = CARTESIAN_POINT ( 'NONE',  ( 1.156678471971253064, -0.2281376048065439366, -0.02015000000000002206 ) ) ;
#3476 = CARTESIAN_POINT ( 'NONE',  ( 0.2245797514986922205, -0.7408685851826938285, 0.005270901231338729134 ) ) ;
#3477 = CARTESIAN_POINT ( 'NONE',  ( 1.537161124775034970, 0.001700280484006173225, -0.005270901231338724797 ) ) ;
#3478 = CARTESIAN_POINT ( 'NONE',  ( -1.111104734206231903, -0.5953816022218216819, 0.000000000000000000 ) ) ;
#3479 = CARTESIAN_POINT ( 'NONE',  ( 1.492975279173912817, -0.9955571226704060805, -0.02015000000000002206 ) ) ;
#3480 = CARTESIAN_POINT ( 'NONE',  ( -0.7412782310244555584, -0.7438234097827168823, 0.000000000000000000 ) ) ;
#3481 = CARTESIAN_POINT ( 'NONE',  ( 1.570353262082317958, -0.1531617794290483503, 0.02015000000000002206 ) ) ;
#3482 = CARTESIAN_POINT ( 'NONE',  ( 0.7390892277421293732, -0.6068918470879590688, 2.134256245050205639E-18 ) ) ;
#3483 = CARTESIAN_POINT ( 'NONE',  ( -0.3491485042959576179, -1.760412940355395195, 0.005270901231338729134 ) ) ;
#3484 = CARTESIAN_POINT ( 'NONE',  ( 0.7914230089838487636, 0.5306900401269338818, -0.02015000000000002206 ) ) ;
#3485 = CARTESIAN_POINT ( 'NONE',  ( 0.7262785007928336256, 1.087726760781297264, -0.02015000000000002206 ) ) ;
#3486 = CARTESIAN_POINT ( 'NONE',  ( 0.9393581308402275676, -0.2832742519371983514, 0.02015000000000002206 ) ) ;
#3487 = CARTESIAN_POINT ( 'NONE',  ( 1.115785687665855175, 0.3397589754674914531, 0.005270901231338727400 ) ) ;
#3488 = CARTESIAN_POINT ( 'NONE',  ( 0.3803706477888631476, -0.7098760736274406513, 0.02015000000000002206 ) ) ;
#3489 = CARTESIAN_POINT ( 'NONE',  ( 0.7022804716536580338, 0.8557783642403283819, 0.005270901231338729134 ) ) ;
#3490 = CARTESIAN_POINT ( 'NONE',  ( -1.156267023220497236, 0.4785668528547726286, -0.02015000000000002206 ) ) ;
#3491 = CARTESIAN_POINT ( 'NONE',  ( -1.494657878513600879, 0.7970364990951537276, -0.005270901231338727400 ) ) ;
#3492 = CARTESIAN_POINT ( 'NONE',  ( 1.261513724069512010, 0.8449172617017847164, -0.005270901231338724797 ) ) ;
#3493 = CARTESIAN_POINT ( 'NONE',  ( -1.111104734206231903, -0.5953816022218216819, 0.000000000000000000 ) ) ;
#3494 = CARTESIAN_POINT ( 'NONE',  ( -0.5242263844771045678, 0.9782371444627333545, 0.005270901231338727400 ) ) ;
#3495 = CARTESIAN_POINT ( 'NONE',  ( 0.3819159489980291644, -0.7125019650076044320, -0.005270901231338727400 ) ) ;
#3496 = CARTESIAN_POINT ( 'NONE',  ( 0.7298681232698380761, -0.0008544233854192409983, -0.005270901231338724797 ) ) ;
#3497 = CARTESIAN_POINT ( 'NONE',  ( -0.1807216955192745833, 0.9002862732813275981, 0.000000000000000000 ) ) ;
#3498 = CARTESIAN_POINT ( 'NONE',  ( -0.4282949941516306924, 0.7981242893233837510, -0.02015000000000002206 ) ) ;
#3499 = CARTESIAN_POINT ( 'NONE',  ( -1.123368198323856593, -0.9249983306963230900, -0.005270901231338727400 ) ) ;
#3500 = CARTESIAN_POINT ( 'NONE',  ( -1.203399588131495168, 1.201138030851137684, 0.02015000000000002206 ) ) ;
#3501 = CARTESIAN_POINT ( 'NONE',  ( 0.5017951279756529548, 1.663767782017541164, 0.000000000000000000 ) ) ;
#3502 = CARTESIAN_POINT ( 'NONE',  ( -1.094965728084118961, -0.9005894166372688803, 0.02015000000000002206 ) ) ;
#3503 = APPLICATION_PROTOCOL_DEFINITION ( 'draft international standard', 'automotive_design', 1998, #2548 ) ;
#3504 = CARTESIAN_POINT ( 'NONE',  ( -0.8816797207624655908, -0.8834031473363047615, -0.02015000000000002206 ) ) ;
#3505 = CARTESIAN_POINT ( 'NONE',  ( -0.8172935539009804629, 0.6698848997548053630, 0.005270901231338729134 ) ) ;
#3506 = CARTESIAN_POINT ( 'NONE',  ( 1.325301408497944200, 1.090283948898961741, -0.005270901231338724797 ) ) ;
#3507 = CARTESIAN_POINT ( 'NONE',  ( 1.343635513853318031, 0.2695653998278391139, 0.000000000000000000 ) ) ;
#3508 = CARTESIAN_POINT ( 'NONE',  ( 0.7653347998975816857, -0.1512902070212980843, -0.005270901231338727400 ) ) ;
#3509 = CARTESIAN_POINT ( 'NONE',  ( 0.9423015235718230631, -0.2840614059098928723, 0.000000000000000000 ) ) ;
#3510 = CARTESIAN_POINT ( 'NONE',  ( 0.001600930868976154896, -1.627950493827648559, 0.000000000000000000 ) ) ;
#3511 = CARTESIAN_POINT ( 'NONE',  ( -1.276923790620680510, -1.049962423047197113, 0.02015000000000002206 ) ) ;
#3512 = CARTESIAN_POINT ( 'NONE',  ( -0.8027435083660245940, 0.9763492079638943499, 2.134256245050205639E-18 ) ) ;
#3513 = CARTESIAN_POINT ( 'NONE',  ( 1.248301887064151572, -1.245296901059800732, 0.005270901231338729134 ) ) ;
#3514 = CARTESIAN_POINT ( 'NONE',  ( -0.9786324580744633073, -0.4065046683323421672, -0.02015000000000002206 ) ) ;
#3515 = CARTESIAN_POINT ( 'NONE',  ( -1.208806227000156275, -0.2407700695207291852, -0.02015000000000002206 ) ) ;
#3516 = CARTESIAN_POINT ( 'NONE',  ( -0.5774081081826422102, -0.8660211355397970934, 0.02015000000000002206 ) ) ;
#3517 = CARTESIAN_POINT ( 'NONE',  ( -0.7900802199849681351, -0.9659961847946322289, 0.000000000000000000 ) ) ;
#3518 = CARTESIAN_POINT ( 'NONE',  ( 0.1805767864995252714, 0.9131832279276178577, 0.005270901231338727400 ) ) ;
#3519 = CARTESIAN_POINT ( 'NONE',  ( -1.879090860442019117, -0.002979373936738233860, 0.005270901231338727400 ) ) ;
#3520 = CARTESIAN_POINT ( 'NONE',  ( 0.2828653441693936843, -0.9332448979416690937, 0.005270901231338729134 ) ) ;
#3521 = CARTESIAN_POINT ( 'NONE',  ( 0.7262785007928336256, 1.087726760781297264, -0.02015000000000002206 ) ) ;
#3522 = CARTESIAN_POINT ( 'NONE',  ( 1.778671584030809605, 0.001720882229786206740, -0.005270901231338727400 ) ) ;
#3523 = CARTESIAN_POINT ( 'NONE',  ( 0.2907118720410361012, 1.464691791224965511, -0.005270901231338724797 ) ) ;
#3524 = CARTESIAN_POINT ( 'NONE',  ( 1.082641149088169552, -0.8855308026790439380, 0.000000000000000000 ) ) ;
#3525 = CARTESIAN_POINT ( 'NONE',  ( -0.6163827538810128237, 0.9190978106364767752, 0.005270901231338727400 ) ) ;
#3526 = CARTESIAN_POINT ( 'NONE',  ( -0.2405146614896036539, -0.7980082718583720869, -0.005270901231338727400 ) ) ;
#3527 = CARTESIAN_POINT ( 'NONE',  ( -1.511838333433434434, -1.012856569078846469, 0.005270901231338729134 ) ) ;
#3528 = CARTESIAN_POINT ( 'NONE',  ( -0.8743450428759093063, -0.001001174052148393750, 0.000000000000000000 ) ) ;
#3529 = CARTESIAN_POINT ( 'NONE',  ( 0.1618580990161113398, -1.616669032930586614, -0.005270901231338727400 ) ) ;
#3530 = CARTESIAN_POINT ( 'NONE',  ( 1.816622502129123573, 0.7544946406186484600, 0.000000000000000000 ) ) ;
#3531 = CARTESIAN_POINT ( 'NONE',  ( 1.540207263809526994, 0.001764240588550949548, 0.02015000000000002206 ) ) ;
#3532 = CARTESIAN_POINT ( 'NONE',  ( 0.000000000000000000, 0.000000000000000000, 0.000000000000000000 ) ) ;
#3533 = CARTESIAN_POINT ( 'NONE',  ( -0.8469393286646735852, 0.6927679412672642645, -0.02015000000000002206 ) ) ;
#3534 = CARTESIAN_POINT ( 'NONE',  ( -0.5928966784866871453, 0.8861069055429027230, 0.005270901231338729134 ) ) ;
#3535 = CARTESIAN_POINT ( 'NONE',  ( -0.4628260725654979590, -1.528341383907225071, -0.005270901231338724797 ) ) ;
#3536 = CARTESIAN_POINT ( 'NONE',  ( 0.7634873439523640615, 0.5106105411896968427, 0.02015000000000002206 ) ) ;
#3537 = CARTESIAN_POINT ( 'NONE',  ( -0.8292161515990194021, 1.006995368166873739, 0.000000000000000000 ) ) ;
#3538 = CARTESIAN_POINT ( 'NONE',  ( 1.708666545830383132, -0.5165738676110357419, -0.02015000000000002206 ) ) ;
#3539 = CARTESIAN_POINT ( 'NONE',  ( -1.005710650110386739, 0.4145729567204703425, 0.000000000000000000 ) ) ;
#3540 = CARTESIAN_POINT ( 'NONE',  ( -1.404178228887819069, -0.4274925941071098245, 0.000000000000000000 ) ) ;
#3541 = CARTESIAN_POINT ( 'NONE',  ( 0.1803506279807803869, -1.813782071439088650, 0.02015000000000002206 ) ) ;
#3542 = CARTESIAN_POINT ( 'NONE',  ( -0.1460476992013662878, 1.476638508706693997, 2.134256245050205639E-18 ) ) ;
#3543 = CARTESIAN_POINT ( 'NONE',  ( -0.8495659579539007744, -1.591570621171583877, 0.005270901231338729134 ) ) ;
#3544 = CARTESIAN_POINT ( 'NONE',  ( 0.6687155400290383245, 0.6700647746321530818, -0.02015000000000002206 ) ) ;
#3545 = CARTESIAN_POINT ( 'NONE',  ( 0.8427341297983287349, 0.4515422078585620835, 0.02015000000000002206 ) ) ;
#3546 = CARTESIAN_POINT ( 'NONE',  ( 1.082641149088169552, -0.8855308026790439380, 0.000000000000000000 ) ) ;
#3547 = CARTESIAN_POINT ( 'NONE',  ( -0.8580198734741548705, -0.8584273943587739097, 0.02015000000000002206 ) ) ;
#3548 = CARTESIAN_POINT ( 'NONE',  ( 0.1019113352055737859, -1.016772234786577300, 0.005270901231338727400 ) ) ;
#3549 = CARTESIAN_POINT ( 'NONE',  ( -0.8430564036669172534, 0.2548042081326173380, 0.02015000000000002206 ) ) ;
#3550 = CARTESIAN_POINT ( 'NONE',  ( -0.2104404975601546768, 1.058063755992932453, 0.005270901231338729134 ) ) ;
#3551 = CARTESIAN_POINT ( 'NONE',  ( 1.039693906339542728, 0.4316339398537670236, -0.02015000000000002206 ) ) ;
#3552 = CARTESIAN_POINT ( 'NONE',  ( 0.7270504242972418707, -0.2996124230314293757, 0.000000000000000000 ) ) ;
#3553 = CARTESIAN_POINT ( 'NONE',  ( 1.726423020526979268, 0.1721210642396229784, -0.005270901231338724797 ) ) ;
#3554 = CARTESIAN_POINT ( 'NONE',  ( -1.245328695213201664, -0.2490531081885033471, 0.000000000000000000 ) ) ;
#3555 = CARTESIAN_POINT ( 'NONE',  ( -0.5790186005915372025, -0.8686075351197306560, 0.005270901231338727400 ) ) ;
#3556 = CARTESIAN_POINT ( 'NONE',  ( -1.870368203883203018, 0.1824596936279514192, 0.02015000000000002206 ) ) ;
#3557 = CIRCLE ( 'NONE', #3270, 0.02014999999999990757 ) ;
#3558 = CARTESIAN_POINT ( 'NONE',  ( -0.4720532235583049241, -1.145040763001760276, -0.005270901231338727400 ) ) ;
#3559 = CARTESIAN_POINT ( 'NONE',  ( -0.4094670246554983351, 0.7657510921038237495, -0.005270901231338724797 ) ) ;
#3560 = CARTESIAN_POINT ( 'NONE',  ( -0.8273931464775039490, -0.2520253568315128367, 0.000000000000000000 ) ) ;
#3561 = CARTESIAN_POINT ( 'NONE',  ( -0.8088472554647893054, 1.509707503463420863, -0.005270901231338727400 ) ) ;
#3562 = ORIENTED_EDGE ( 'NONE', *, *, #1537, .F. ) ;
#3563 = CARTESIAN_POINT ( 'NONE',  ( 1.462298630818986478, 0.9791283617966567432, 0.000000000000000000 ) ) ;
#3564 = CARTESIAN_POINT ( 'NONE',  ( -1.432203855852415053, -0.7677100350445317245, 0.02015000000000002206 ) ) ;
#3565 = CARTESIAN_POINT ( 'NONE',  ( 1.129594105643378921, 0.1121855857374159382, 0.02015000000000002206 ) ) ;
#3566 = CARTESIAN_POINT ( 'NONE',  ( -0.7767351016389475449, 0.7751963827149432884, -0.02015000000000002206 ) ) ;
#3567 = CARTESIAN_POINT ( 'NONE',  ( 0.09665406471327009363, -0.9766180153062159475, 0.005270901231338729134 ) ) ;
#3568 = CARTESIAN_POINT ( 'NONE',  ( -1.284130881144540215, 1.051357529223055920, -0.005270901231338724797 ) ) ;
#3569 = CARTESIAN_POINT ( 'NONE',  ( 0.9132688088264234727, 0.1814404916164773507, 0.02015000000000002206 ) ) ;
#3570 = CARTESIAN_POINT ( 'NONE',  ( -1.423066926536470600, 0.4301271789304639270, 0.000000000000000000 ) ) ;
#3571 = CARTESIAN_POINT ( 'NONE',  ( 1.813828757771373645, 0.7532789024579680248, -0.02015000000000002206 ) ) ;
#3572 = CARTESIAN_POINT ( 'NONE',  ( -0.3257888356608308889, 1.067458781819022429, 0.000000000000000000 ) ) ;
#3573 = CARTESIAN_POINT ( 'NONE',  ( -1.064005891039412566, 1.060550734678906704, 0.000000000000000000 ) ) ;
#3574 = CARTESIAN_POINT ( 'NONE',  ( 0.3740752261742094631, 1.896017872175575603, 0.02015000000000002206 ) ) ;
#3575 = CARTESIAN_POINT ( 'NONE',  ( 0.6125225836206753538, 1.148539778499770181, 2.134256245050205639E-18 ) ) ;
#3576 = CARTESIAN_POINT ( 'NONE',  ( -1.769106634880433182, 0.5342724266550228363, 0.005270901231338729134 ) ) ;
#3577 = CARTESIAN_POINT ( 'NONE',  ( -0.8609403182574976165, 0.1697777279271223405, -0.02015000000000002206 ) ) ;
#3578 = CARTESIAN_POINT ( 'NONE',  ( 0.1800898329695527489, 0.9101755596593320563, 0.02015000000000002206 ) ) ;
#3579 = CARTESIAN_POINT ( 'NONE',  ( 0.002335922603857154209, -1.426927904380912215, 0.000000000000000000 ) ) ;
#3580 = CARTESIAN_POINT ( 'NONE',  ( -1.236023241259890160, 0.1214042791348209360, 0.02015000000000002206 ) ) ;
#3581 = CARTESIAN_POINT ( 'NONE',  ( 0.001121125418458782325, -1.025066133049630013, 0.005270901231338727400 ) ) ;
#3582 = CARTESIAN_POINT ( 'NONE',  ( -0.7828992298010314377, 0.4168126515562101120, 0.02015000000000002206 ) ) ;
#3583 = CARTESIAN_POINT ( 'NONE',  ( 0.6431814776190480920, 0.6426690689537535306, 0.005270901231338729134 ) ) ;
#3584 = CARTESIAN_POINT ( 'NONE',  ( 0.2514465359974132341, 1.270649170409855477, -0.02015000000000002206 ) ) ;
#3585 = CARTESIAN_POINT ( 'NONE',  ( -1.470748816805947712, 1.204660073240859441, -0.005270901231338727400 ) ) ;
#3586 = CARTESIAN_POINT ( 'NONE',  ( 1.654055311329860167, 0.5027146793919471390, -0.005270901231338724797 ) ) ;
#3587 = CARTESIAN_POINT ( 'NONE',  ( 1.366857274759203822, 0.1360289709325979146, 0.000000000000000000 ) ) ;
#3588 = CARTESIAN_POINT ( 'NONE',  ( -0.7276207004488347563, 1.086538535730148025, 0.005270901231338727400 ) ) ;
#3589 = CARTESIAN_POINT ( 'NONE',  ( 0.3577602056173886935, -1.784007848971294719, 0.02015000000000002206 ) ) ;
#3590 = CARTESIAN_POINT ( 'NONE',  ( -0.5242263844771045678, 0.9782371444627333545, -0.005270901231338727400 ) ) ;
#3591 = CARTESIAN_POINT ( 'NONE',  ( -0.7201723274120809259, 1.732566349246845938, 0.005270901231338729134 ) ) ;
#3592 = CARTESIAN_POINT ( 'NONE',  ( 0.7415080017781775501, -0.6087446010145470821, 0.02015000000000002206 ) ) ;
#3593 = CARTESIAN_POINT ( 'NONE',  ( -0.5242263844771045678, 0.9782371444627333545, 0.000000000000000000 ) ) ;
#3594 = CARTESIAN_POINT ( 'NONE',  ( 1.766643232454596424, 0.1768447899678749213, -0.005270901231338727400 ) ) ;
#3595 = ORIENTED_EDGE ( 'NONE', *, *, #5488, .F. ) ;
#3596 = CARTESIAN_POINT ( 'NONE',  ( -0.7087335346019101312, 0.4741540910467859082, 2.134256245050205639E-18 ) ) ;
#3597 = CARTESIAN_POINT ( 'NONE',  ( 0.1651222306879080171, 1.686062896119214782, 0.02015000000000002206 ) ) ;
#3598 = CARTESIAN_POINT ( 'NONE',  ( 1.098402746902901406, -0.3330061494900434793, 0.02015000000000002206 ) ) ;
#3599 = CARTESIAN_POINT ( 'NONE',  ( -0.1315107124655762183, 1.313696860378358311, -0.02015000000000002206 ) ) ;
#3600 = CARTESIAN_POINT ( 'NONE',  ( 1.119759328950334698, -0.2218543593727494712, 0.005270901231338729134 ) ) ;
#3601 = CARTESIAN_POINT ( 'NONE',  ( 0.3497842678954439233, -1.747417208360023233, -0.005270901231338724797 ) ) ;
#3602 = CARTESIAN_POINT ( 'NONE',  ( 0.9359893645336462287, -0.09238420785921226674, 0.02015000000000002206 ) ) ;
#3603 = CARTESIAN_POINT ( 'NONE',  ( 1.583788008352033927, -0.8433108512231183296, 0.000000000000000000 ) ) ;
#3604 = CARTESIAN_POINT ( 'NONE',  ( 0.6707929152040851273, 0.6722936075519813093, -0.005270901231338727400 ) ) ;
#3605 = CARTESIAN_POINT ( 'NONE',  ( 0.4423182869424111541, 0.8297544829725637117, 0.000000000000000000 ) ) ;
#3606 = CARTESIAN_POINT ( 'NONE',  ( -1.639201674204848747, -0.3287945360271859463, 0.000000000000000000 ) ) ;
#3607 = CARTESIAN_POINT ( 'NONE',  ( 0.3629218751330963166, -0.6802258142216927039, 0.02015000000000002206 ) ) ;
#3608 = CARTESIAN_POINT ( 'NONE',  ( -0.1269136333720825016, 1.276530140573310046, 2.134256245050205639E-18 ) ) ;
#3609 = CARTESIAN_POINT ( 'NONE',  ( 0.9329487704139954873, -0.09218937571123382579, -0.005270901231338724797 ) ) ;
#3610 = CARTESIAN_POINT ( 'NONE',  ( -1.002861918674029074, 0.4134922781423693294, -0.02015000000000002206 ) ) ;
#3611 = CARTESIAN_POINT ( 'NONE',  ( 0.4127512351919280231, -1.352902002109895196, 0.02015000000000002206 ) ) ;
#3612 = CARTESIAN_POINT ( 'NONE',  ( 0.3864899422032816445, 1.278801015837990995, 0.000000000000000000 ) ) ;
#3613 = CARTESIAN_POINT ( 'NONE',  ( 0.4344157740023583125, 1.051937181222844409, 0.005270901231338727400 ) ) ;
#3614 = CARTESIAN_POINT ( 'NONE',  ( -0.1989556312494622226, -1.008809701410269932, 0.02015000000000002206 ) ) ;
#3615 = CARTESIAN_POINT ( 'NONE',  ( 0.3429078182511584583, 0.8284490771591395131, 0.005270901231338729134 ) ) ;
#3616 = CARTESIAN_POINT ( 'NONE',  ( 0.2316579535385015487, -1.159332175831282230, -0.02015000000000002206 ) ) ;
#3617 = CARTESIAN_POINT ( 'NONE',  ( 0.4485538944511942017, -0.6686962936752517406, 0.000000000000000000 ) ) ;
#3618 = CARTESIAN_POINT ( 'NONE',  ( 1.351681249209182534, 1.355067835676538435, -0.005270901231338724797 ) ) ;
#3619 = CARTESIAN_POINT ( 'NONE',  ( -0.7406261955097727112, 0.4937850676044521769, 0.02015000000000002206 ) ) ;
#3620 = CARTESIAN_POINT ( 'NONE',  ( -1.352207054872457848, -0.5626889245636939041, 0.000000000000000000 ) ) ;
#3621 = CARTESIAN_POINT ( 'NONE',  ( -0.1387406171657522835, -1.423384087830366074, 0.005270901231338727400 ) ) ;
#3622 = CARTESIAN_POINT ( 'NONE',  ( -1.061225634607696255, 1.585049946696809986, 0.02015000000000002206 ) ) ;
#3623 = CARTESIAN_POINT ( 'NONE',  ( -0.9335810111500513209, -0.5010653200894831238, -0.005270901231338727400 ) ) ;
#3624 = CARTESIAN_POINT ( 'NONE',  ( 1.077388605306209612, 0.3268882075441716939, -0.005270901231338724797 ) ) ;
#3625 = CARTESIAN_POINT ( 'NONE',  ( 0.1094328641979097488, 1.123369919354717528, 0.000000000000000000 ) ) ;
#3626 = CARTESIAN_POINT ( 'NONE',  ( 1.512104058723804378, 1.243362208235009092, -0.005270901231338727400 ) ) ;
#3627 = CARTESIAN_POINT ( 'NONE',  ( -0.8239644071500840106, 0.1638362993459017980, 2.134256245050205639E-18 ) ) ;
#3628 =( BOUNDED_SURFACE ( )  B_SPLINE_SURFACE ( 3, 3, ( 
 ( #1602, #1077, #4693, #4250, #4194, #137, #1939, #3021, #4361, #5270, #4833, #4008, #1309, #362, #2135, #3947, #2991, #5240, #747, #5362, #3560, #5747, #3528, #1751, #775, #333, #2076, #1687, #2574, #5810, #3979, #3497, #5331, #303, #5689, #3049, #719, #4393, #5779, #5299, #2516, #1629, #1723, #2543, #4333, #2105, #2165, #3891, #4861, #3918, #1247, #5717, #1188, #4423, #1279, #3080, #4892, #4778, #274, #835, #2633, #805, #1217, #2604, #4454, #392, #3438, #1659, #2194, #4805, #3468, #2310, #3593, #11, #4510, #865, #3625, #73, #2281, #2342, #4539, #545, #1874, #3140, #2752, #3170, #5394, #452, #5454, #4568, #989, #4069, #957, #4951, #2784, #4098, #3232, #1339, #4599, #2662, #3687, #5485, #4159, #5515, #2253, #5840, #1780, #1430, #104, #1813, #1398, #894, #5041, #513, #2692, #1903, #4922, #4982, #4128, #2723, #4483, #4040, #3716, #5424, #422, #1370, #3110, #2224, #3200, #928, #42, #484, #1843, #3657, #5010, #4188, #132, #3745, #1459, #3260, #5069, #1933, #2371, #1017, #2813, #4631, #573, #2643, #3540, #4874, #5343, #2205, #462, #4465, #2704, #3573, #5821, #4021, #5853, #939, #2236, #5790, #5405, #3062, #1792, #4521, #3091, #3636, #875, #2673, #2615, #4435, #1380, #404, #2263, #4493, #1763, #5374, #1734, #4079, #4933, #3152, #3510, #2177, #817, #4903, #846, #433, #4052, #1320, #3122, #3606, #1351, #1701, #1290, #22, #4963, #906, #1824, #5435, #3990, #3181, #4992, #2733, #4550, #494, #3959, #5760, #5312, #1260, #374, #2959, #5657, #4689, #1101, #5600, #2430, #524, #1129, #216, #1410, #84, #4579, #3211, #3321, #1573, #630, #4775, #5021, #4716, #687, #5152, #1963, #2485, #968, #1599, #5182, #2018, #4304, #4138, #3668, #2291, #1543, #2457, #1516, #3348, #5573, #2763, #3831, #4746, #5629, #3380, #5210, #4108, #243, #2046, #3801, #4246 ),
 ( #2321, #2930, #3775, #5125, #1073, #52, #2872, #3861, #2901, #3408, #657, #1156, #1853, #189, #5465, #1991, #4275, #2102, #3046, #359, #4451, #1655, #4420, #744, #389, #5744, #832, #4802, #2191, #271, #1276, #3076, #4005, #3106, #3915, #3435, #5237, #4889, #5805, #5714, #4858, #4358, #2630, #2162, #2988, #5328, #1305, #3943, #715, #2513, #3465, #3976, #1684, #5776, #1747, #2540, #5267, #1719, #3555, #300, #1214, #5685, #330, #772, #5359, #4830, #3018, #2570, #4390, #4330, #2073, #3525, #3494, #5296, #2132, #1185, #1244, #3888, #1626, #802, #2600, #1898, #3167, #477, #2220, #38, #4978, #100, #4124, #4094, #5481, #448, #5836, #3196, #861, #922, #69, #4536, #2658, #1777, #1870, #2688, #4480, #890, #2307, #4037, #2278, #2719, #1839, #954, #3711, #5007, #4507, #509, #3588, #2748, #1426, #4066, #4595, #3652, #5450, #5389, #1334, #2338, #1366, #3227, #1395, #5420, #4565, #2250, #5037, #3684, #985, #418, #3136, #4947, #7, #1808, #2780, #540, #3621, #4154, #5511, #1455, #4917, #1041, #3373, #5567, #2837, #5093, #1566, #1484, #2479, #1094, #2865, #5175, #2012, #4682, #183, #5623, #1123, #2397, #3855, #681, #1510, #1984, #624, #3314, #3287, #3825, #2895, #2366, #4656, #5540, #4183, #4212, #2451, #5119, #5651, #128, #5593, #2924, #3794, #596, #4740, #1928, #4298, #210, #4710, #237, #157, #4625, #3256, #2424, #2040, #651, #4239, #1957, #4269, #3768, #5065, #1536, #1012, #2809, #569, #3740, #1066, #3341, #5146, #4824, #826, #383, #5322, #2126, #2156, #3998, #4769, #5262, #3970, #1593, #4324, #2594, #3070, #2535, #2097, #5770, #295, #1180, #2507, #2983, #5709, #1712, #3910, #353, #3402, #3519, #1270, #3012, #1650, #3460, #1208, #265, #2953, #5204, #709, #3040, #2068, #796, #3883, #4353, #4797, #1150, #766, #4414, #2564, #2624, #4384, #4883 ),
 ( #324, #5680, #1621, #4445, #3937, #2185, #5738, #1678, #3488, #3430, #5232, #5290, #739, #1238, #4852, #2652, #884, #4941, #2271, #4087, #2682, #1, #5443, #4501, #3549, #3582, #61, #2244, #5383, #1771, #4117, #4031, #5030, #3644, #5413, #1863, #4558, #1359, #2712, #2299, #3677, #442, #533, #3220, #4060, #4529, #3160, #1802, #5830, #502, #1388, #4911, #1328, #2214, #855, #3614, #5000, #4971, #2331, #4474, #31, #5474, #470, #3130, #1419, #412, #978, #2741, #3189, #2772, #915, #1299, #5799, #1832, #4588, #947, #1741, #5353, #3100, #1922, #3365, #2418, #3335, #4705, #2889, #4147, #4177, #5616, #1089, #1505, #5169, #2918, #2007, #4676, #646, #674, #1448, #5504, #93, #3249, #5588, #1006, #5140, #4618, #1035, #5534, #1891, #4649, #2446, #3309, #1117, #5562, #1560, #4262, #122, #3789, #4206, #563, #1476, #618, #1531, #3819, #5087, #1978, #3734, #4733, #5114, #205, #2360, #3704, #5059, #2803, #3279, #2831, #590, #2391, #150, #1951, #3763, #1061, #2859, #4234, #178, #3033, #2118, #4763, #1232, #3063, #5702, #4875, #2472, #1615, #5730, #1644, #3931, #4846, #2501, #3877, #1671, #5761, #4318, #2062, #1587, #2090, #2529, #788, #733, #5674, #2977, #4347, #1702, #4291, #3481, #3453, #5255, #703, #2946, #259, #230, #1261, #1201, #2587, #5313, #288, #3904, #5644, #3005, #4818, #3511, #5282, #760, #4407, #3424, #3395, #2558, #2033, #4377, #346, #318, #3847, #5197, #2148, #5226, #1144, #1174, #3960, #4791, #907, #5822, #1793, #4022, #1291, #463, #3182, #4080, #23, #3669, #3212, #2734, #4993, #2237, #3123, #4934, #876, #3541, #2292, #375, #1381, #940, #495, #818, #1764, #5344, #3092, #4551, #4109, #2206, #4964, #4466, #53, #2264, #4904, #5436, #1411, #4053, #2616, #4436, #3574, #1825, #5854, #3637, #1854, #847, #5375, #5466, #2178, #2644, #405 ),
 ( #3991, #4522, #5791, #1321, #2674, #1735, #4494, #434, #3607, #5406, #1352, #3153, #2705, #1943, #4610, #3328, #4139, #2438, #1971, #4668, #5132, #998, #525, #5608, #2382, #3782, #610, #4198, #4169, #2410, #2795, #4254, #3301, #4226, #5581, #1524, #5022, #5051, #638, #1081, #142, #197, #3811, #2881, #5554, #4697, #1552, #2322, #2823, #1999, #969, #1883, #170, #2764, #114, #5525, #4580, #3726, #555, #85, #2352, #3271, #3696, #1468, #5496, #4641, #1027, #5079, #1053, #1440, #5106, #1914, #3241, #582, #2851, #3754, #1497, #3026, #279, #2081, #2025, #3838, #780, #5666, #5722, #3896, #3869, #1607, #3415, #2579, #5752, #4810, #724, #2521, #1580, #5637, #5189, #3952, #2140, #4338, #2110, #338, #5217, #4783, #666, #5694, #1164, #4398, #2549, #1634, #3923, #4753, #4282, #3443, #5161, #2968, #4366, #5245, #1110, #222, #308, #1136, #2909, #2937, #752, #2463, #1193, #2492, #2996, #694, #3387, #1664, #3473, #5275, #1222, #3356, #4724, #4838, #4310, #251, #2054, #4012, #5813, #4427, #3053, #3502, #809, #3144, #365, #898, #2168, #4457, #3083, #5304, #2198, #4513, #868, #932, #3113, #4985, #455, #1726, #1343, #1754, #3982, #4895, #4044, #4955, #5427, #2636, #5398, #3531, #1373, #2665, #1816, #5782, #3174, #1251, #2256, #4072, #2726, #4101, #838, #5334, #1283, #14, #4542, #395, #5844, #3564, #3629, #2696, #5365, #487, #2284, #4925, #1692, #4865, #1312, #2607, #4486, #425, #2227, #1784, #3597, #3294, #3322, #1876, #5489, #5014, #5518, #107, #4218, #4162, #1433, #3689, #163, #1020, #5099, #5458, #4131, #2756, #991, #5044, #2374, #4191, #2787, #1907, #5547, #4603, #3661, #3234, #1964, #2345, #548, #3719, #3776, #76, #5126, #3748, #1461, #5574, #4661, #3263, #2816, #2403, #1517, #5072, #631, #1074, #4634, #576, #134, #1936, #1490, #603, #1046, #961 ),
 ( #2844, #2873, #4690, #2431, #45, #3204, #1846, #1402, #4572, #517, #2313, #2902, #3802, #190, #5153, #4247, #1102, #4717, #658, #1992, #1544, #5601, #3349, #2186, #5831, #1209, #1239, #2683, #4032, #4446, #443, #2, #4942, #1742, #1772, #3615, #4385, #4884, #3583, #3013, #3938, #2215, #4502, #2157, #1713, #5384, #5771, #797, #2127, #2595, #5323, #1329, #3520, #3131, #827, #3071, #1271, #3101, #4061, #5354, #3041, #2653, #325, #4912, #885, #354, #2245, #4000, #5800, #5739, #1679, #1803, #2625, #4825, #3550, #384, #1300, #767, #856, #2565, #3489, #4853, #4475, #413, #5291, #4415, #3971, #5060, #3282, #503, #3250, #5444, #5088, #4589, #5535, #3645, #1036, #4972, #123, #1923, #2832, #1953, #2742, #2272, #4088, #3735, #4651, #948, #3705, #3190, #1479, #1007, #1833, #4178, #152, #2773, #5414, #1360, #4559, #2804, #534, #4619, #591, #1389, #2300, #564, #2392, #5001, #4118, #4530, #5031, #5475, #4207, #3678, #62, #1864, #1420, #3161, #916, #2361, #2332, #4148, #3221, #32, #979, #2713, #471, #94, #1892, #5505, #1449, #5171, #1062, #4736, #2008, #4793, #2949, #2920, #4320, #5142, #4678, #2036, #5563, #5619, #4765, #3369, #1506, #1119, #620, #5647, #2503, #5589, #1146, #2861, #3851, #2891, #677, #1090, #4235, #3398, #261, #705, #2064, #735, #290, #5676, #3879, #2475, #206, #3821, #1562, #2420, #5115, #3310, #179, #5200, #1980, #1617, #3790, #647, #4706, #1532, #4263, #3426, #4294, #3337, #2447, #233, #5228, #1589, #1176, #2979, #2531, #4349, #3764, #2589, #4906, #1263, #1323, #3513, #5377, #849, #2120, #1737, #2150, #4379, #3483, #4439, #3543, #5825, #3035, #5793, #3933, #1766, #3065, #2208, #320, #3576, #1646, #2646, #4468, #3125, #4496, #5284, #4820, #762, #407, #4936, #1234, #377, #5732, #4024, #5346, #1673, #878, #2676, #5315, #2092 ),
 ( #1704, #4877, #3906, #5704, #4848, #3455, #5257, #4409, #821, #2618, #3962, #790, #1203, #1293, #3007, #348, #5763, #2560, #2180, #3094, #3993, #1030, #1354, #2767, #4613, #3215, #25, #558, #5408, #3729, #3244, #88, #2355, #2266, #1796, #2826, #3672, #5054, #1886, #5469, #5438, #3699, #4082, #5856, #3609, #3155, #1414, #1001, #437, #465, #1917, #2798, #5025, #5528, #5082, #4172, #972, #117, #2239, #4966, #4112, #1471, #4055, #910, #1443, #3274, #1383, #942, #2707, #4524, #1827, #3639, #3184, #4995, #2736, #4553, #497, #4583, #2294, #56, #5499, #1858, #528, #2325, #4142, #5220, #4644, #3785, #2028, #3814, #225, #1139, #4671, #173, #3841, #2057, #613, #4229, #3757, #4257, #4700, #2941, #2884, #1974, #5135, #641, #3872, #1167, #5639, #2002, #5611, #2854, #5109, #2413, #585, #3418, #1555, #3390, #1610, #2441, #200, #1946, #3360, #5164, #5669, #1582, #1112, #5192, #5584, #5557, #2912, #2385, #4728, #4757, #668, #4201, #2466, #1500, #4286, #697, #1527, #2496, #3304, #4312, #3331, #254, #1084, #1056, #145, #5339, #370, #2173, #5817, #5370, #4899, #1286, #4403, #5278, #1227, #3029, #5697, #4342, #4786, #2085, #4431, #1638, #3986, #3448, #5726, #4371, #728, #3477, #5786, #2144, #2201, #341, #400, #1730, #3000, #2611, #4842, #5249, #313, #5308, #3535, #842, #3927, #813, #4813, #2639, #3955, #3087, #1196, #4461, #2524, #4017, #1758, #3568, #5756, #784, #2583, #1697, #755, #283, #3899, #2553, #2972, #2114, #1667, #3506, #1256, #3058, #4870, #1900, #4213, #570, #626, #2810, #4684, #158, #1347, #1042, #1456, #3601, #2699, #3742, #2838, #5120, #2339, #5094, #3147, #1068, #2368, #1511, #5401, #2867, #871, #1958, #3770, #2425, #3796, #4516, #4048, #5849, #5569, #4241, #542, #5542, #4958, #3316, #4657, #901, #184, #1986, #4627, #1316, #3117, #4156 ),
 ( #4929, #2669, #101, #4489, #429, #3713, #129, #4185, #3257, #5512, #2231, #598, #1788, #5066, #1014, #1930, #1485, #2398, #3289, #326, #652, #2069, #3911, #2508, #5177, #5710, #4711, #3014, #2536, #5233, #1651, #1568, #1096, #2128, #2954, #4354, #1181, #4770, #4741, #2984, #3375, #5147, #2896, #2452, #710, #296, #5595, #5624, #1210, #2098, #4325, #4826, #4386, #3461, #266, #5263, #1538, #4270, #3884, #768, #3343, #2566, #5681, #211, #2013, #3826, #3403, #1124, #2925, #682, #740, #2480, #4299, #238, #2041, #3856, #5652, #1594, #5205, #1151, #1622, #3431, #4798, #3551, #5801, #4001, #5832, #917, #2216, #5772, #5385, #3042, #1773, #4503, #3072, #3616, #857, #2654, #2596, #4416, #1361, #385, #444, #4476, #4447, #1743, #1714, #2246, #4913, #3132, #3490, #2158, #798, #4885, #828, #414, #4033, #2626, #5355, #3584, #2187, #1680, #3521, #4062, #1301, #5324, #1272, #3, #3972, #3162, #1330, #3102, #1804, #2684, #4943, #886, #5415, #4973, #2714, #4531, #472, #3939, #5740, #5292, #1240, #4854, #355, #124, #1390, #63, #4560, #3191, #3222, #1480, #535, #2862, #5002, #4620, #592, #5061, #1865, #2393, #949, #5564, #5089, #1924, #4208, #4119, #3647, #4679, #5506, #1037, #3736, #1450, #1421, #5536, #3679, #1834, #5445, #2743, #3251, #2833, #2273, #2301, #3765, #4652, #153, #1954, #1507, #4089, #5476, #504, #5032, #3311, #5116, #980, #565, #2774, #1063, #3283, #4590, #33, #2333, #1008, #4149, #95, #1893, #3706, #2805, #2362, #4179, #648, #2009, #3880, #3907, #2448, #207, #5590, #234, #678, #4794, #4737, #3822, #1120, #2476, #5705, #3008, #2065, #3852, #5648, #4707, #1091, #4264, #1204, #5258, #1590, #5229, #3456, #4295, #2037, #3791, #3399, #5201, #1647, #5677, #1147, #1177, #5620, #1533, #4766, #2421, #2950, #1618, #706, #4236, #2504, #3338, #4321 ),
 ( #621, #180, #4350, #262, #2980, #1981, #5143, #3427, #736, #2892, #1563, #2532, #2093, #3370, #2921, #291, #5172, #4410, #5733, #349, #3066, #1324, #5316, #3577, #4440, #822, #4878, #850, #1797, #3095, #791, #408, #3934, #2647, #5378, #3964, #4497, #1738, #3544, #3484, #5285, #4849, #438, #3994, #4937, #3036, #2240, #4380, #2677, #5347, #3126, #1355, #2121, #2620, #879, #4821, #1674, #5826, #4056, #5764, #1264, #5857, #3514, #2151, #1235, #1706, #379, #3610, #2181, #5409, #5794, #1294, #4907, #4469, #763, #2209, #2590, #4025, #1767, #2561, #321, #2295, #2827, #89, #973, #1444, #4525, #466, #5470, #5529, #1887, #3673, #5026, #4996, #1472, #4143, #2356, #2708, #1384, #27, #4113, #57, #5500, #3245, #1859, #3216, #2799, #1415, #911, #943, #3275, #2768, #2737, #4554, #5083, #3185, #2387, #1002, #4584, #1031, #1918, #529, #3700, #4645, #586, #2326, #3759, #4202, #5055, #4614, #559, #4173, #498, #3730, #118, #2267, #146, #5439, #4083, #1947, #5558, #3156, #4967, #1828, #3640, #5671, #4288, #1086, #1612, #614, #4788, #4315, #1141, #3420, #3332, #2855, #2087, #4730, #256, #2943, #670, #643, #4759, #5137, #1057, #4672, #2414, #2469, #2059, #1501, #1528, #2974, #3874, #227, #730, #285, #5223, #2030, #700, #4230, #5585, #174, #2443, #4259, #3843, #5641, #202, #1557, #2498, #2004, #5110, #2886, #1169, #3816, #4702, #5613, #2526, #3362, #4344, #5194, #1114, #3901, #3305, #2914, #1584, #1975, #3786, #5166, #3392, #3120, #2146, #4433, #3060, #5758, #3929, #4463, #3538, #4815, #3479, #2116, #757, #786, #4901, #3957, #431, #2555, #2175, #4019, #2613, #5280, #5819, #4373, #4931, #2641, #5341, #1761, #1669, #1198, #2234, #4872, #402, #1288, #815, #4844, #3089, #1229, #5252, #3002, #315, #372, #2203, #5699, #5728, #1318, #3571, #3988, #873, #4491 ),
 ( #1258, #1699, #3508, #5310, #3031, #2585, #1641, #4405, #844, #344, #5372, #5788, #1732, #2671, #3450, #4548, #996, #3209, #3268, #5463, #1466, #2793, #4077, #3694, #4106, #460, #5433, #522, #5077, #2761, #3179, #4577, #20, #3724, #5019, #4167, #2261, #5523, #3604, #50, #5494, #937, #1790, #1822, #112, #492, #3634, #1378, #2350, #4990, #1025, #1881, #3666, #1912, #4608, #1407, #966, #553, #2821, #2731, #4639, #580, #2289, #2319, #4136, #1851, #82, #4050, #1438, #3150, #3239, #5049, #4961, #5851, #5403, #1349, #904, #2702, #4519, #692, #5158, #1969, #2490, #1495, #5662, #5187, #2023, #4308, #4223, #3752, #2965, #5606, #1134, #3836, #1550, #1522, #5634, #168, #1941, #5552, #3299, #3354, #2935, #2380, #2408, #3866, #4751, #1108, #1604, #1161, #248, #2907, #2051, #4780, #5104, #195, #3412, #4196, #1051, #3384, #5214, #3326, #2879, #139, #1079, #3780, #2849, #5579, #636, #4666, #4695, #608, #1997, #4252, #2436, #4280, #5130, #664, #3808, #1578, #4722, #220, #2461, #5719, #393, #3499, #4395, #4863, #2078, #3893, #3023, #3081, #5301, #1219, #2576, #2545, #4893, #1689, #5780, #276, #4807, #3440, #1661, #3470, #3051, #807, #5272, #4835, #2137, #5691, #1249, #777, #1752, #1724, #5749, #1280, #2107, #1631, #2605, #2518, #335, #3529, #3949, #4335, #4424, #5242, #363, #5332, #4363, #3980, #1190, #2166, #836, #2634, #3920, #2993, #4455, #2195, #4009, #5811, #3561, #3111, #5363, #1310, #721, #749, #305, #1371, #1781, #423, #866, #4041, #514, #3594, #4129, #5395, #1814, #453, #2663, #5425, #1875, #4099, #4160, #485, #2343, #3688, #4952, #4569, #4983, #1340, #2254, #1399, #105, #3658, #4070, #5455, #895, #4600, #43, #5042, #3141, #546, #4484, #5486, #1431, #1904, #1460, #12, #2693, #4511, #3233, #3717, #3626, #3201, #3171, #990, #2311, #929 ),
 ( #1844, #74, #2785, #2724, #4540, #5516, #4923, #2282, #5011, #5841, #958, #2753, #2225, #1514, #2842, #3773, #3319, #2483, #5655, #4714, #629, #2428, #1488, #3746, #5097, #3859, #2044, #4244, #2016, #241, #3829, #3261, #5123, #4687, #574, #187, #1071, #4302, #2455, #1989, #5627, #4660, #4189, #1541, #5070, #2870, #4273, #3799, #1018, #5598, #133, #5150, #1571, #1045, #655, #2372, #3346, #2401, #1099, #601, #5545, #2899, #3378, #214, #5180, #2814, #4632, #1127, #2928, #4744, #5572, #685, #1934, #3292, #4216, #161, #1961, #3128, #4328, #881, #2154, #4442, #3067, #5208, #2182, #4499, #852, #913, #3097, #4969, #440, #1709, #1326, #1739, #3967, #4880, #4027, #2710, #410, #824, #2211, #3517, #1357, #2649, #1799, #5767, #3158, #1154, #2242, #4058, #4527, #4085, #2622, #269, #5319, #5160, #468, #381, #5828, #1267, #3612, #4938, #3996, #5411, #2269, #4908, #1597, #3406, #5796, #2679, #4471, #2957, #4773, #3546, #5349, #713, #2511, #1296, #1768, #3579, #5380, #91, #4204, #4145, #5472, #531, #1889, #5112, #2416, #1474, #3247, #5057, #4115, #500, #1861, #616, #4674, #1004, #59, #5531, #3702, #2297, #1417, #2358, #1059, #4616, #5028, #561, #3675, #5560, #2801, #148, #3218, #1503, #5441, #588, #2389, #3307, #29, #975, #2739, #4556, #1949, #2857, #2770, #4175, #4586, #3761, #3277, #2328, #4647, #1830, #120, #3642, #1386, #5502, #5085, #1920, #1033, #3187, #1446, #3732, #2829, #4998, #945, #3817, #3333, #3844, #4289, #2527, #2470, #5614, #4731, #228, #3451, #758, #5672, #1585, #3393, #2444, #4703, #203, #4816, #3003, #5195, #2975, #1199, #2031, #5642, #1529, #1142, #2944, #5253, #3421, #4760, #4789, #1558, #5138, #2499, #175, #701, #5224, #4316, #1976, #257, #1087, #2060, #731, #2005, #1613, #2887, #3875, #3363, #1170, #5167, #644, #4345, #286 ) ),
 .UNSPECIFIED., .T., .F., .F. ) 
 B_SPLINE_SURFACE_WITH_KNOTS ( ( 4, 2, 2, 2, 4 ),
 ( 4, 2, 2, 2, 2, 2, 2, 2, 2, 2, 2, 2, 2, 2, 2, 2, 2, 2, 2, 2, 2, 2, 2, 2, 2, 2, 2, 2, 2, 2, 2, 2, 2, 2, 2, 2, 2, 2, 2, 2, 2, 2, 2, 2, 2, 2, 2, 2, 2, 2, 2, 2, 2, 2, 2, 2, 2, 2, 2, 2, 2, 2, 2, 2, 2, 2, 2, 2, 2, 2, 2, 2, 2, 2, 2, 2, 2, 2, 2, 2, 2, 2, 2, 2, 2, 2, 2, 2, 2, 2, 2, 2, 2, 2, 2, 2, 2, 2, 2, 2, 2, 2, 2, 2, 2, 2, 2, 2, 2, 2, 2, 2, 2, 2, 2, 2, 2, 2, 2, 2, 2, 2, 2, 2, 2, 2, 2, 2, 4 ),
 ( 0.000000000000000000, 0.2500000000000000000, 0.5000000000000000000, 0.7500000000000000000, 1.000000000000000000 ),
 ( 0.000000000000000000, 0.007812500000000000000, 0.01562500000000000000, 0.02343750000000000000, 0.03125000000000000000, 0.03906250000000000000, 0.04687500000000000000, 0.05468750000000000000, 0.06250000000000000000, 0.07031250000000000000, 0.07812500000000000000, 0.08593750000000000000, 0.09375000000000000000, 0.1015625000000000000, 0.1093750000000000000, 0.1171875000000000000, 0.1250000000000000000, 0.1328125000000000000, 0.1406250000000000000, 0.1484375000000000000, 0.1562500000000000000, 0.1640625000000000000, 0.1718750000000000000, 0.1796875000000000000, 0.1875000000000000000, 0.1953125000000000000, 0.2031250000000000000, 0.2109375000000000000, 0.2187500000000000000, 0.2265625000000000000, 0.2343750000000000000, 0.2421875000000000000, 0.2500000000000000000, 0.2578125000000000000, 0.2656250000000000000, 0.2734375000000000000, 0.2812500000000000000, 0.2890625000000000000, 0.2968750000000000000, 0.3046875000000000000, 0.3125000000000000000, 0.3203125000000000000, 0.3281250000000000000, 0.3359375000000000000, 0.3437500000000000000, 0.3515625000000000000, 0.3593750000000000000, 0.3671875000000000000, 0.3750000000000000000, 0.3828125000000000000, 0.3906250000000000000, 0.3984375000000000000, 0.4062500000000000000, 0.4140625000000000000, 0.4218750000000000000, 0.4296875000000000000, 0.4375000000000000000, 0.4453125000000000000, 0.4531250000000000000, 0.4609375000000000000, 0.4687500000000000000, 0.4765625000000000000, 0.4843750000000000000, 0.4921875000000000000, 0.5000000000000000000, 0.5078125000000000000, 0.5156250000000000000, 0.5234375000000000000, 0.5312500000000000000, 0.5390625000000000000, 0.5468750000000000000, 0.5546875000000000000, 0.5625000000000000000, 0.5703125000000000000, 0.5781250000000000000, 0.5859375000000000000, 0.5937500000000000000, 0.6015625000000000000, 0.6093750000000000000, 0.6171875000000000000, 0.6250000000000000000, 0.6328125000000000000, 0.6406250000000000000, 0.6484375000000000000, 0.6562500000000000000, 0.6640625000000000000, 0.6718750000000000000, 0.6796875000000000000, 0.6875000000000000000, 0.6953125000000000000, 0.7031250000000000000, 0.7109375000000000000, 0.7187500000000000000, 0.7265625000000000000, 0.7343750000000000000, 0.7421875000000000000, 0.7500000000000000000, 0.7578125000000000000, 0.7656250000000000000, 0.7734375000000000000, 0.7812500000000000000, 0.7890625000000000000, 0.7968750000000000000, 0.8046875000000000000, 0.8125000000000000000, 0.8203125000000000000, 0.8281250000000000000, 0.8359375000000000000, 0.8437500000000000000, 0.8515625000000000000, 0.8593750000000000000, 0.8671875000000000000, 0.8750000000000000000, 0.8828125000000000000, 0.8906250000000000000, 0.8984375000000000000, 0.9062500000000000000, 0.9140625000000000000, 0.9218750000000000000, 0.9296875000000000000, 0.9375000000000000000, 0.9453125000000000000, 0.9531250000000000000, 0.9609375000000000000, 0.9687500000000000000, 0.9765625000000000000, 0.9843750000000000000, 0.9921875000000000000, 1.000000000000000000 ),
 .UNSPECIFIED. ) 
 GEOMETRIC_REPRESENTATION_ITEM ( )  RATIONAL_B_SPLINE_SURFACE ( (
 ( 1.000000000000000000, 1.000000000000000000, 1.000000000000000000, 1.000000000000000000, 1.000000000000000000, 1.000000000000000000, 1.000000000000000000, 1.000000000000000000, 1.000000000000000000, 1.000000000000000000, 1.000000000000000000, 1.000000000000000000, 1.000000000000000000, 1.000000000000000000, 1.000000000000000000, 1.000000000000000000, 1.000000000000000000, 1.000000000000000000, 1.000000000000000000, 1.000000000000000000, 1.000000000000000000, 1.000000000000000000, 1.000000000000000000, 1.000000000000000000, 1.000000000000000000, 1.000000000000000000, 1.000000000000000000, 1.000000000000000000, 1.000000000000000000, 1.000000000000000000, 1.000000000000000000, 1.000000000000000000, 1.000000000000000000, 1.000000000000000000, 1.000000000000000000, 1.000000000000000000, 1.000000000000000000, 1.000000000000000000, 1.000000000000000000, 1.000000000000000000, 1.000000000000000000, 1.000000000000000000, 1.000000000000000000, 1.000000000000000000, 1.000000000000000000, 1.000000000000000000, 1.000000000000000000, 1.000000000000000000, 1.000000000000000000, 1.000000000000000000, 1.000000000000000000, 1.000000000000000000, 1.000000000000000000, 1.000000000000000000, 1.000000000000000000, 1.000000000000000000, 1.000000000000000000, 1.000000000000000000, 1.000000000000000000, 1.000000000000000000, 1.000000000000000000, 1.000000000000000000, 1.000000000000000000, 1.000000000000000000, 1.000000000000000000, 1.000000000000000000, 1.000000000000000000, 1.000000000000000000, 1.000000000000000000, 1.000000000000000000, 1.000000000000000000, 1.000000000000000000, 1.000000000000000000, 1.000000000000000000, 1.000000000000000000, 1.000000000000000000, 1.000000000000000000, 1.000000000000000000, 1.000000000000000000, 1.000000000000000000, 1.000000000000000000, 1.000000000000000000, 1.000000000000000000, 1.000000000000000000, 1.000000000000000000, 1.000000000000000000, 1.000000000000000000, 1.000000000000000000, 1.000000000000000000, 1.000000000000000000, 1.000000000000000000, 1.000000000000000000, 1.000000000000000000, 1.000000000000000000, 1.000000000000000000, 1.000000000000000000, 1.000000000000000000, 1.000000000000000000, 1.000000000000000000, 1.000000000000000000, 1.000000000000000000, 1.000000000000000000, 1.000000000000000000, 1.000000000000000000, 1.000000000000000000, 1.000000000000000000, 1.000000000000000000, 1.000000000000000000, 1.000000000000000000, 1.000000000000000000, 1.000000000000000000, 1.000000000000000000, 1.000000000000000000, 1.000000000000000000, 1.000000000000000000, 1.000000000000000000, 1.000000000000000000, 1.000000000000000000, 1.000000000000000000, 1.000000000000000000, 1.000000000000000000, 1.000000000000000000, 1.000000000000000000, 1.000000000000000000, 1.000000000000000000, 1.000000000000000000, 1.000000000000000000, 1.000000000000000000, 1.000000000000000000, 1.000000000000000000, 1.000000000000000000, 1.000000000000000000, 1.000000000000000000, 1.000000000000000000, 1.000000000000000000, 1.000000000000000000, 1.000000000000000000, 1.000000000000000000, 1.000000000000000000, 1.000000000000000000, 1.000000000000000000, 1.000000000000000000, 1.000000000000000000, 1.000000000000000000, 1.000000000000000000, 1.000000000000000000, 1.000000000000000000, 1.000000000000000000, 1.000000000000000000, 1.000000000000000000, 1.000000000000000000, 1.000000000000000000, 1.000000000000000000, 1.000000000000000000, 1.000000000000000000, 1.000000000000000000, 1.000000000000000000, 1.000000000000000000, 1.000000000000000000, 1.000000000000000000, 1.000000000000000000, 1.000000000000000000, 1.000000000000000000, 1.000000000000000000, 1.000000000000000000, 1.000000000000000000, 1.000000000000000000, 1.000000000000000000, 1.000000000000000000, 1.000000000000000000, 1.000000000000000000, 1.000000000000000000, 1.000000000000000000, 1.000000000000000000, 1.000000000000000000, 1.000000000000000000, 1.000000000000000000, 1.000000000000000000, 1.000000000000000000, 1.000000000000000000, 1.000000000000000000, 1.000000000000000000, 1.000000000000000000, 1.000000000000000000, 1.000000000000000000, 1.000000000000000000, 1.000000000000000000, 1.000000000000000000, 1.000000000000000000, 1.000000000000000000, 1.000000000000000000, 1.000000000000000000, 1.000000000000000000, 1.000000000000000000, 1.000000000000000000, 1.000000000000000000, 1.000000000000000000, 1.000000000000000000, 1.000000000000000000, 1.000000000000000000, 1.000000000000000000, 1.000000000000000000, 1.000000000000000000, 1.000000000000000000, 1.000000000000000000, 1.000000000000000000, 1.000000000000000000, 1.000000000000000000, 1.000000000000000000, 1.000000000000000000, 1.000000000000000000, 1.000000000000000000, 1.000000000000000000, 1.000000000000000000, 1.000000000000000000, 1.000000000000000000, 1.000000000000000000, 1.000000000000000000, 1.000000000000000000, 1.000000000000000000, 1.000000000000000000, 1.000000000000000000, 1.000000000000000000, 1.000000000000000000, 1.000000000000000000, 1.000000000000000000, 1.000000000000000000, 1.000000000000000000, 1.000000000000000000, 1.000000000000000000, 1.000000000000000000, 1.000000000000000000, 1.000000000000000000, 1.000000000000000000, 1.000000000000000000, 1.000000000000000000, 1.000000000000000000, 1.000000000000000000, 1.000000000000000000, 1.000000000000000000, 1.000000000000000000, 1.000000000000000000, 1.000000000000000000, 1.000000000000000000, 1.000000000000000000, 1.000000000000000000, 1.000000000000000000, 1.000000000000000000, 1.000000000000000000, 1.000000000000000000, 1.000000000000000000, 1.000000000000000000, 1.000000000000000000, 1.000000000000000000, 1.000000000000000000, 1.000000000000000000, 1.000000000000000000, 1.000000000000000000),
 ( 1.000000000000000000, 1.000000000000000000, 1.000000000000000000, 1.000000000000000000, 1.000000000000000000, 1.000000000000000000, 1.000000000000000000, 1.000000000000000000, 1.000000000000000000, 1.000000000000000000, 1.000000000000000000, 1.000000000000000000, 1.000000000000000000, 1.000000000000000000, 1.000000000000000000, 1.000000000000000000, 1.000000000000000000, 1.000000000000000000, 1.000000000000000000, 1.000000000000000000, 1.000000000000000000, 1.000000000000000000, 1.000000000000000000, 1.000000000000000000, 1.000000000000000000, 1.000000000000000000, 1.000000000000000000, 1.000000000000000000, 1.000000000000000000, 1.000000000000000000, 1.000000000000000000, 1.000000000000000000, 1.000000000000000000, 1.000000000000000000, 1.000000000000000000, 1.000000000000000000, 1.000000000000000000, 1.000000000000000000, 1.000000000000000000, 1.000000000000000000, 1.000000000000000000, 1.000000000000000000, 1.000000000000000000, 1.000000000000000000, 1.000000000000000000, 1.000000000000000000, 1.000000000000000000, 1.000000000000000000, 1.000000000000000000, 1.000000000000000000, 1.000000000000000000, 1.000000000000000000, 1.000000000000000000, 1.000000000000000000, 1.000000000000000000, 1.000000000000000000, 1.000000000000000000, 1.000000000000000000, 1.000000000000000000, 1.000000000000000000, 1.000000000000000000, 1.000000000000000000, 1.000000000000000000, 1.000000000000000000, 1.000000000000000000, 1.000000000000000000, 1.000000000000000000, 1.000000000000000000, 1.000000000000000000, 1.000000000000000000, 1.000000000000000000, 1.000000000000000000, 1.000000000000000000, 1.000000000000000000, 1.000000000000000000, 1.000000000000000000, 1.000000000000000000, 1.000000000000000000, 1.000000000000000000, 1.000000000000000000, 1.000000000000000000, 1.000000000000000000, 1.000000000000000000, 1.000000000000000000, 1.000000000000000000, 1.000000000000000000, 1.000000000000000000, 1.000000000000000000, 1.000000000000000000, 1.000000000000000000, 1.000000000000000000, 1.000000000000000000, 1.000000000000000000, 1.000000000000000000, 1.000000000000000000, 1.000000000000000000, 1.000000000000000000, 1.000000000000000000, 1.000000000000000000, 1.000000000000000000, 1.000000000000000000, 1.000000000000000000, 1.000000000000000000, 1.000000000000000000, 1.000000000000000000, 1.000000000000000000, 1.000000000000000000, 1.000000000000000000, 1.000000000000000000, 1.000000000000000000, 1.000000000000000000, 1.000000000000000000, 1.000000000000000000, 1.000000000000000000, 1.000000000000000000, 1.000000000000000000, 1.000000000000000000, 1.000000000000000000, 1.000000000000000000, 1.000000000000000000, 1.000000000000000000, 1.000000000000000000, 1.000000000000000000, 1.000000000000000000, 1.000000000000000000, 1.000000000000000000, 1.000000000000000000, 1.000000000000000000, 1.000000000000000000, 1.000000000000000000, 1.000000000000000000, 1.000000000000000000, 1.000000000000000000, 1.000000000000000000, 1.000000000000000000, 1.000000000000000000, 1.000000000000000000, 1.000000000000000000, 1.000000000000000000, 1.000000000000000000, 1.000000000000000000, 1.000000000000000000, 1.000000000000000000, 1.000000000000000000, 1.000000000000000000, 1.000000000000000000, 1.000000000000000000, 1.000000000000000000, 1.000000000000000000, 1.000000000000000000, 1.000000000000000000, 1.000000000000000000, 1.000000000000000000, 1.000000000000000000, 1.000000000000000000, 1.000000000000000000, 1.000000000000000000, 1.000000000000000000, 1.000000000000000000, 1.000000000000000000, 1.000000000000000000, 1.000000000000000000, 1.000000000000000000, 1.000000000000000000, 1.000000000000000000, 1.000000000000000000, 1.000000000000000000, 1.000000000000000000, 1.000000000000000000, 1.000000000000000000, 1.000000000000000000, 1.000000000000000000, 1.000000000000000000, 1.000000000000000000, 1.000000000000000000, 1.000000000000000000, 1.000000000000000000, 1.000000000000000000, 1.000000000000000000, 1.000000000000000000, 1.000000000000000000, 1.000000000000000000, 1.000000000000000000, 1.000000000000000000, 1.000000000000000000, 1.000000000000000000, 1.000000000000000000, 1.000000000000000000, 1.000000000000000000, 1.000000000000000000, 1.000000000000000000, 1.000000000000000000, 1.000000000000000000, 1.000000000000000000, 1.000000000000000000, 1.000000000000000000, 1.000000000000000000, 1.000000000000000000, 1.000000000000000000, 1.000000000000000000, 1.000000000000000000, 1.000000000000000000, 1.000000000000000000, 1.000000000000000000, 1.000000000000000000, 1.000000000000000000, 1.000000000000000000, 1.000000000000000000, 1.000000000000000000, 1.000000000000000000, 1.000000000000000000, 1.000000000000000000, 1.000000000000000000, 1.000000000000000000, 1.000000000000000000, 1.000000000000000000, 1.000000000000000000, 1.000000000000000000, 1.000000000000000000, 1.000000000000000000, 1.000000000000000000, 1.000000000000000000, 1.000000000000000000, 1.000000000000000000, 1.000000000000000000, 1.000000000000000000, 1.000000000000000000, 1.000000000000000000, 1.000000000000000000, 1.000000000000000000, 1.000000000000000000, 1.000000000000000000, 1.000000000000000000, 1.000000000000000000, 1.000000000000000000, 1.000000000000000000, 1.000000000000000000, 1.000000000000000000, 1.000000000000000000, 1.000000000000000000, 1.000000000000000000, 1.000000000000000000, 1.000000000000000000, 1.000000000000000000, 1.000000000000000000, 1.000000000000000000, 1.000000000000000000, 1.000000000000000000, 1.000000000000000000, 1.000000000000000000, 1.000000000000000000, 1.000000000000000000, 1.000000000000000000, 1.000000000000000000, 1.000000000000000000, 1.000000000000000000, 1.000000000000000000, 1.000000000000000000),
 ( 0.6821109168793200173, 0.6821109168793200173, 0.6821109168793200173, 0.6821109168793200173, 0.6821109168793200173, 0.6821109168793200173, 0.6821109168793200173, 0.6821109168793200173, 0.6821109168793200173, 0.6821109168793200173, 0.6821109168793200173, 0.6821109168793200173, 0.6821109168793200173, 0.6821109168793200173, 0.6821109168793200173, 0.6821109168793200173, 0.6821109168793200173, 0.6821109168793200173, 0.6821109168793200173, 0.6821109168793200173, 0.6821109168793200173, 0.6821109168793200173, 0.6821109168793200173, 0.6821109168793200173, 0.6821109168793200173, 0.6821109168793200173, 0.6821109168793200173, 0.6821109168793200173, 0.6821109168793200173, 0.6821109168793200173, 0.6821109168793200173, 0.6821109168793200173, 0.6821109168793200173, 0.6821109168793200173, 0.6821109168793200173, 0.6821109168793200173, 0.6821109168793200173, 0.6821109168793200173, 0.6821109168793200173, 0.6821109168793200173, 0.6821109168793200173, 0.6821109168793200173, 0.6821109168793200173, 0.6821109168793200173, 0.6821109168793200173, 0.6821109168793200173, 0.6821109168793200173, 0.6821109168793200173, 0.6821109168793200173, 0.6821109168793200173, 0.6821109168793200173, 0.6821109168793200173, 0.6821109168793200173, 0.6821109168793200173, 0.6821109168793200173, 0.6821109168793200173, 0.6821109168793200173, 0.6821109168793200173, 0.6821109168793200173, 0.6821109168793200173, 0.6821109168793200173, 0.6821109168793200173, 0.6821109168793200173, 0.6821109168793200173, 0.6821109168793200173, 0.6821109168793200173, 0.6821109168793200173, 0.6821109168793200173, 0.6821109168793200173, 0.6821109168793200173, 0.6821109168793200173, 0.6821109168793200173, 0.6821109168793200173, 0.6821109168793200173, 0.6821109168793200173, 0.6821109168793200173, 0.6821109168793200173, 0.6821109168793200173, 0.6821109168793200173, 0.6821109168793200173, 0.6821109168793200173, 0.6821109168793200173, 0.6821109168793200173, 0.6821109168793200173, 0.6821109168793200173, 0.6821109168793200173, 0.6821109168793200173, 0.6821109168793200173, 0.6821109168793200173, 0.6821109168793200173, 0.6821109168793200173, 0.6821109168793200173, 0.6821109168793200173, 0.6821109168793200173, 0.6821109168793200173, 0.6821109168793200173, 0.6821109168793200173, 0.6821109168793200173, 0.6821109168793200173, 0.6821109168793200173, 0.6821109168793200173, 0.6821109168793200173, 0.6821109168793200173, 0.6821109168793200173, 0.6821109168793200173, 0.6821109168793200173, 0.6821109168793200173, 0.6821109168793200173, 0.6821109168793200173, 0.6821109168793200173, 0.6821109168793200173, 0.6821109168793200173, 0.6821109168793200173, 0.6821109168793200173, 0.6821109168793200173, 0.6821109168793200173, 0.6821109168793200173, 0.6821109168793200173, 0.6821109168793200173, 0.6821109168793200173, 0.6821109168793200173, 0.6821109168793200173, 0.6821109168793200173, 0.6821109168793200173, 0.6821109168793200173, 0.6821109168793200173, 0.6821109168793200173, 0.6821109168793200173, 0.6821109168793200173, 0.6821109168793200173, 0.6821109168793200173, 0.6821109168793200173, 0.6821109168793200173, 0.6821109168793200173, 0.6821109168793200173, 0.6821109168793200173, 0.6821109168793200173, 0.6821109168793200173, 0.6821109168793200173, 0.6821109168793200173, 0.6821109168793200173, 0.6821109168793200173, 0.6821109168793200173, 0.6821109168793200173, 0.6821109168793200173, 0.6821109168793200173, 0.6821109168793200173, 0.6821109168793200173, 0.6821109168793200173, 0.6821109168793200173, 0.6821109168793200173, 0.6821109168793200173, 0.6821109168793200173, 0.6821109168793200173, 0.6821109168793200173, 0.6821109168793200173, 0.6821109168793200173, 0.6821109168793200173, 0.6821109168793200173, 0.6821109168793200173, 0.6821109168793200173, 0.6821109168793200173, 0.6821109168793200173, 0.6821109168793200173, 0.6821109168793200173, 0.6821109168793200173, 0.6821109168793200173, 0.6821109168793200173, 0.6821109168793200173, 0.6821109168793200173, 0.6821109168793200173, 0.6821109168793200173, 0.6821109168793200173, 0.6821109168793200173, 0.6821109168793200173, 0.6821109168793200173, 0.6821109168793200173, 0.6821109168793200173, 0.6821109168793200173, 0.6821109168793200173, 0.6821109168793200173, 0.6821109168793200173, 0.6821109168793200173, 0.6821109168793200173, 0.6821109168793200173, 0.6821109168793200173, 0.6821109168793200173, 0.6821109168793200173, 0.6821109168793200173, 0.6821109168793200173, 0.6821109168793200173, 0.6821109168793200173, 0.6821109168793200173, 0.6821109168793200173, 0.6821109168793200173, 0.6821109168793200173, 0.6821109168793200173, 0.6821109168793200173, 0.6821109168793200173, 0.6821109168793200173, 0.6821109168793200173, 0.6821109168793200173, 0.6821109168793200173, 0.6821109168793200173, 0.6821109168793200173, 0.6821109168793200173, 0.6821109168793200173, 0.6821109168793200173, 0.6821109168793200173, 0.6821109168793200173, 0.6821109168793200173, 0.6821109168793200173, 0.6821109168793200173, 0.6821109168793200173, 0.6821109168793200173, 0.6821109168793200173, 0.6821109168793200173, 0.6821109168793200173, 0.6821109168793200173, 0.6821109168793200173, 0.6821109168793200173, 0.6821109168793200173, 0.6821109168793200173, 0.6821109168793200173, 0.6821109168793200173, 0.6821109168793200173, 0.6821109168793200173, 0.6821109168793200173, 0.6821109168793200173, 0.6821109168793200173, 0.6821109168793200173, 0.6821109168793200173, 0.6821109168793200173, 0.6821109168793200173, 0.6821109168793200173, 0.6821109168793200173, 0.6821109168793200173, 0.6821109168793200173, 0.6821109168793200173, 0.6821109168793200173, 0.6821109168793200173, 0.6821109168793200173, 0.6821109168793200173, 0.6821109168793200173, 0.6821109168793200173, 0.6821109168793200173, 0.6821109168793200173, 0.6821109168793200173, 0.6821109168793200173, 0.6821109168793200173, 0.6821109168793200173, 0.6821109168793200173, 0.6821109168793200173, 0.6821109168793200173, 0.6821109168793200173, 0.6821109168793200173, 0.6821109168793200173, 0.6821109168793200173),
 ( 0.6821109168793200173, 0.6821109168793200173, 0.6821109168793200173, 0.6821109168793200173, 0.6821109168793200173, 0.6821109168793200173, 0.6821109168793200173, 0.6821109168793200173, 0.6821109168793200173, 0.6821109168793200173, 0.6821109168793200173, 0.6821109168793200173, 0.6821109168793200173, 0.6821109168793200173, 0.6821109168793200173, 0.6821109168793200173, 0.6821109168793200173, 0.6821109168793200173, 0.6821109168793200173, 0.6821109168793200173, 0.6821109168793200173, 0.6821109168793200173, 0.6821109168793200173, 0.6821109168793200173, 0.6821109168793200173, 0.6821109168793200173, 0.6821109168793200173, 0.6821109168793200173, 0.6821109168793200173, 0.6821109168793200173, 0.6821109168793200173, 0.6821109168793200173, 0.6821109168793200173, 0.6821109168793200173, 0.6821109168793200173, 0.6821109168793200173, 0.6821109168793200173, 0.6821109168793200173, 0.6821109168793200173, 0.6821109168793200173, 0.6821109168793200173, 0.6821109168793200173, 0.6821109168793200173, 0.6821109168793200173, 0.6821109168793200173, 0.6821109168793200173, 0.6821109168793200173, 0.6821109168793200173, 0.6821109168793200173, 0.6821109168793200173, 0.6821109168793200173, 0.6821109168793200173, 0.6821109168793200173, 0.6821109168793200173, 0.6821109168793200173, 0.6821109168793200173, 0.6821109168793200173, 0.6821109168793200173, 0.6821109168793200173, 0.6821109168793200173, 0.6821109168793200173, 0.6821109168793200173, 0.6821109168793200173, 0.6821109168793200173, 0.6821109168793200173, 0.6821109168793200173, 0.6821109168793200173, 0.6821109168793200173, 0.6821109168793200173, 0.6821109168793200173, 0.6821109168793200173, 0.6821109168793200173, 0.6821109168793200173, 0.6821109168793200173, 0.6821109168793200173, 0.6821109168793200173, 0.6821109168793200173, 0.6821109168793200173, 0.6821109168793200173, 0.6821109168793200173, 0.6821109168793200173, 0.6821109168793200173, 0.6821109168793200173, 0.6821109168793200173, 0.6821109168793200173, 0.6821109168793200173, 0.6821109168793200173, 0.6821109168793200173, 0.6821109168793200173, 0.6821109168793200173, 0.6821109168793200173, 0.6821109168793200173, 0.6821109168793200173, 0.6821109168793200173, 0.6821109168793200173, 0.6821109168793200173, 0.6821109168793200173, 0.6821109168793200173, 0.6821109168793200173, 0.6821109168793200173, 0.6821109168793200173, 0.6821109168793200173, 0.6821109168793200173, 0.6821109168793200173, 0.6821109168793200173, 0.6821109168793200173, 0.6821109168793200173, 0.6821109168793200173, 0.6821109168793200173, 0.6821109168793200173, 0.6821109168793200173, 0.6821109168793200173, 0.6821109168793200173, 0.6821109168793200173, 0.6821109168793200173, 0.6821109168793200173, 0.6821109168793200173, 0.6821109168793200173, 0.6821109168793200173, 0.6821109168793200173, 0.6821109168793200173, 0.6821109168793200173, 0.6821109168793200173, 0.6821109168793200173, 0.6821109168793200173, 0.6821109168793200173, 0.6821109168793200173, 0.6821109168793200173, 0.6821109168793200173, 0.6821109168793200173, 0.6821109168793200173, 0.6821109168793200173, 0.6821109168793200173, 0.6821109168793200173, 0.6821109168793200173, 0.6821109168793200173, 0.6821109168793200173, 0.6821109168793200173, 0.6821109168793200173, 0.6821109168793200173, 0.6821109168793200173, 0.6821109168793200173, 0.6821109168793200173, 0.6821109168793200173, 0.6821109168793200173, 0.6821109168793200173, 0.6821109168793200173, 0.6821109168793200173, 0.6821109168793200173, 0.6821109168793200173, 0.6821109168793200173, 0.6821109168793200173, 0.6821109168793200173, 0.6821109168793200173, 0.6821109168793200173, 0.6821109168793200173, 0.6821109168793200173, 0.6821109168793200173, 0.6821109168793200173, 0.6821109168793200173, 0.6821109168793200173, 0.6821109168793200173, 0.6821109168793200173, 0.6821109168793200173, 0.6821109168793200173, 0.6821109168793200173, 0.6821109168793200173, 0.6821109168793200173, 0.6821109168793200173, 0.6821109168793200173, 0.6821109168793200173, 0.6821109168793200173, 0.6821109168793200173, 0.6821109168793200173, 0.6821109168793200173, 0.6821109168793200173, 0.6821109168793200173, 0.6821109168793200173, 0.6821109168793200173, 0.6821109168793200173, 0.6821109168793200173, 0.6821109168793200173, 0.6821109168793200173, 0.6821109168793200173, 0.6821109168793200173, 0.6821109168793200173, 0.6821109168793200173, 0.6821109168793200173, 0.6821109168793200173, 0.6821109168793200173, 0.6821109168793200173, 0.6821109168793200173, 0.6821109168793200173, 0.6821109168793200173, 0.6821109168793200173, 0.6821109168793200173, 0.6821109168793200173, 0.6821109168793200173, 0.6821109168793200173, 0.6821109168793200173, 0.6821109168793200173, 0.6821109168793200173, 0.6821109168793200173, 0.6821109168793200173, 0.6821109168793200173, 0.6821109168793200173, 0.6821109168793200173, 0.6821109168793200173, 0.6821109168793200173, 0.6821109168793200173, 0.6821109168793200173, 0.6821109168793200173, 0.6821109168793200173, 0.6821109168793200173, 0.6821109168793200173, 0.6821109168793200173, 0.6821109168793200173, 0.6821109168793200173, 0.6821109168793200173, 0.6821109168793200173, 0.6821109168793200173, 0.6821109168793200173, 0.6821109168793200173, 0.6821109168793200173, 0.6821109168793200173, 0.6821109168793200173, 0.6821109168793200173, 0.6821109168793200173, 0.6821109168793200173, 0.6821109168793200173, 0.6821109168793200173, 0.6821109168793200173, 0.6821109168793200173, 0.6821109168793200173, 0.6821109168793200173, 0.6821109168793200173, 0.6821109168793200173, 0.6821109168793200173, 0.6821109168793200173, 0.6821109168793200173, 0.6821109168793200173, 0.6821109168793200173, 0.6821109168793200173, 0.6821109168793200173, 0.6821109168793200173, 0.6821109168793200173, 0.6821109168793200173, 0.6821109168793200173, 0.6821109168793200173, 0.6821109168793200173, 0.6821109168793200173, 0.6821109168793200173, 0.6821109168793200173, 0.6821109168793200173, 0.6821109168793200173, 0.6821109168793200173, 0.6821109168793200173, 0.6821109168793200173),
 ( 1.000000000000000000, 1.000000000000000000, 1.000000000000000000, 1.000000000000000000, 1.000000000000000000, 1.000000000000000000, 1.000000000000000000, 1.000000000000000000, 1.000000000000000000, 1.000000000000000000, 1.000000000000000000, 1.000000000000000000, 1.000000000000000000, 1.000000000000000000, 1.000000000000000000, 1.000000000000000000, 1.000000000000000000, 1.000000000000000000, 1.000000000000000000, 1.000000000000000000, 1.000000000000000000, 1.000000000000000000, 1.000000000000000000, 1.000000000000000000, 1.000000000000000000, 1.000000000000000000, 1.000000000000000000, 1.000000000000000000, 1.000000000000000000, 1.000000000000000000, 1.000000000000000000, 1.000000000000000000, 1.000000000000000000, 1.000000000000000000, 1.000000000000000000, 1.000000000000000000, 1.000000000000000000, 1.000000000000000000, 1.000000000000000000, 1.000000000000000000, 1.000000000000000000, 1.000000000000000000, 1.000000000000000000, 1.000000000000000000, 1.000000000000000000, 1.000000000000000000, 1.000000000000000000, 1.000000000000000000, 1.000000000000000000, 1.000000000000000000, 1.000000000000000000, 1.000000000000000000, 1.000000000000000000, 1.000000000000000000, 1.000000000000000000, 1.000000000000000000, 1.000000000000000000, 1.000000000000000000, 1.000000000000000000, 1.000000000000000000, 1.000000000000000000, 1.000000000000000000, 1.000000000000000000, 1.000000000000000000, 1.000000000000000000, 1.000000000000000000, 1.000000000000000000, 1.000000000000000000, 1.000000000000000000, 1.000000000000000000, 1.000000000000000000, 1.000000000000000000, 1.000000000000000000, 1.000000000000000000, 1.000000000000000000, 1.000000000000000000, 1.000000000000000000, 1.000000000000000000, 1.000000000000000000, 1.000000000000000000, 1.000000000000000000, 1.000000000000000000, 1.000000000000000000, 1.000000000000000000, 1.000000000000000000, 1.000000000000000000, 1.000000000000000000, 1.000000000000000000, 1.000000000000000000, 1.000000000000000000, 1.000000000000000000, 1.000000000000000000, 1.000000000000000000, 1.000000000000000000, 1.000000000000000000, 1.000000000000000000, 1.000000000000000000, 1.000000000000000000, 1.000000000000000000, 1.000000000000000000, 1.000000000000000000, 1.000000000000000000, 1.000000000000000000, 1.000000000000000000, 1.000000000000000000, 1.000000000000000000, 1.000000000000000000, 1.000000000000000000, 1.000000000000000000, 1.000000000000000000, 1.000000000000000000, 1.000000000000000000, 1.000000000000000000, 1.000000000000000000, 1.000000000000000000, 1.000000000000000000, 1.000000000000000000, 1.000000000000000000, 1.000000000000000000, 1.000000000000000000, 1.000000000000000000, 1.000000000000000000, 1.000000000000000000, 1.000000000000000000, 1.000000000000000000, 1.000000000000000000, 1.000000000000000000, 1.000000000000000000, 1.000000000000000000, 1.000000000000000000, 1.000000000000000000, 1.000000000000000000, 1.000000000000000000, 1.000000000000000000, 1.000000000000000000, 1.000000000000000000, 1.000000000000000000, 1.000000000000000000, 1.000000000000000000, 1.000000000000000000, 1.000000000000000000, 1.000000000000000000, 1.000000000000000000, 1.000000000000000000, 1.000000000000000000, 1.000000000000000000, 1.000000000000000000, 1.000000000000000000, 1.000000000000000000, 1.000000000000000000, 1.000000000000000000, 1.000000000000000000, 1.000000000000000000, 1.000000000000000000, 1.000000000000000000, 1.000000000000000000, 1.000000000000000000, 1.000000000000000000, 1.000000000000000000, 1.000000000000000000, 1.000000000000000000, 1.000000000000000000, 1.000000000000000000, 1.000000000000000000, 1.000000000000000000, 1.000000000000000000, 1.000000000000000000, 1.000000000000000000, 1.000000000000000000, 1.000000000000000000, 1.000000000000000000, 1.000000000000000000, 1.000000000000000000, 1.000000000000000000, 1.000000000000000000, 1.000000000000000000, 1.000000000000000000, 1.000000000000000000, 1.000000000000000000, 1.000000000000000000, 1.000000000000000000, 1.000000000000000000, 1.000000000000000000, 1.000000000000000000, 1.000000000000000000, 1.000000000000000000, 1.000000000000000000, 1.000000000000000000, 1.000000000000000000, 1.000000000000000000, 1.000000000000000000, 1.000000000000000000, 1.000000000000000000, 1.000000000000000000, 1.000000000000000000, 1.000000000000000000, 1.000000000000000000, 1.000000000000000000, 1.000000000000000000, 1.000000000000000000, 1.000000000000000000, 1.000000000000000000, 1.000000000000000000, 1.000000000000000000, 1.000000000000000000, 1.000000000000000000, 1.000000000000000000, 1.000000000000000000, 1.000000000000000000, 1.000000000000000000, 1.000000000000000000, 1.000000000000000000, 1.000000000000000000, 1.000000000000000000, 1.000000000000000000, 1.000000000000000000, 1.000000000000000000, 1.000000000000000000, 1.000000000000000000, 1.000000000000000000, 1.000000000000000000, 1.000000000000000000, 1.000000000000000000, 1.000000000000000000, 1.000000000000000000, 1.000000000000000000, 1.000000000000000000, 1.000000000000000000, 1.000000000000000000, 1.000000000000000000, 1.000000000000000000, 1.000000000000000000, 1.000000000000000000, 1.000000000000000000, 1.000000000000000000, 1.000000000000000000, 1.000000000000000000, 1.000000000000000000, 1.000000000000000000, 1.000000000000000000, 1.000000000000000000, 1.000000000000000000, 1.000000000000000000, 1.000000000000000000, 1.000000000000000000, 1.000000000000000000, 1.000000000000000000, 1.000000000000000000, 1.000000000000000000, 1.000000000000000000, 1.000000000000000000, 1.000000000000000000, 1.000000000000000000, 1.000000000000000000, 1.000000000000000000, 1.000000000000000000, 1.000000000000000000, 1.000000000000000000),
 ( 1.000000000000000000, 1.000000000000000000, 1.000000000000000000, 1.000000000000000000, 1.000000000000000000, 1.000000000000000000, 1.000000000000000000, 1.000000000000000000, 1.000000000000000000, 1.000000000000000000, 1.000000000000000000, 1.000000000000000000, 1.000000000000000000, 1.000000000000000000, 1.000000000000000000, 1.000000000000000000, 1.000000000000000000, 1.000000000000000000, 1.000000000000000000, 1.000000000000000000, 1.000000000000000000, 1.000000000000000000, 1.000000000000000000, 1.000000000000000000, 1.000000000000000000, 1.000000000000000000, 1.000000000000000000, 1.000000000000000000, 1.000000000000000000, 1.000000000000000000, 1.000000000000000000, 1.000000000000000000, 1.000000000000000000, 1.000000000000000000, 1.000000000000000000, 1.000000000000000000, 1.000000000000000000, 1.000000000000000000, 1.000000000000000000, 1.000000000000000000, 1.000000000000000000, 1.000000000000000000, 1.000000000000000000, 1.000000000000000000, 1.000000000000000000, 1.000000000000000000, 1.000000000000000000, 1.000000000000000000, 1.000000000000000000, 1.000000000000000000, 1.000000000000000000, 1.000000000000000000, 1.000000000000000000, 1.000000000000000000, 1.000000000000000000, 1.000000000000000000, 1.000000000000000000, 1.000000000000000000, 1.000000000000000000, 1.000000000000000000, 1.000000000000000000, 1.000000000000000000, 1.000000000000000000, 1.000000000000000000, 1.000000000000000000, 1.000000000000000000, 1.000000000000000000, 1.000000000000000000, 1.000000000000000000, 1.000000000000000000, 1.000000000000000000, 1.000000000000000000, 1.000000000000000000, 1.000000000000000000, 1.000000000000000000, 1.000000000000000000, 1.000000000000000000, 1.000000000000000000, 1.000000000000000000, 1.000000000000000000, 1.000000000000000000, 1.000000000000000000, 1.000000000000000000, 1.000000000000000000, 1.000000000000000000, 1.000000000000000000, 1.000000000000000000, 1.000000000000000000, 1.000000000000000000, 1.000000000000000000, 1.000000000000000000, 1.000000000000000000, 1.000000000000000000, 1.000000000000000000, 1.000000000000000000, 1.000000000000000000, 1.000000000000000000, 1.000000000000000000, 1.000000000000000000, 1.000000000000000000, 1.000000000000000000, 1.000000000000000000, 1.000000000000000000, 1.000000000000000000, 1.000000000000000000, 1.000000000000000000, 1.000000000000000000, 1.000000000000000000, 1.000000000000000000, 1.000000000000000000, 1.000000000000000000, 1.000000000000000000, 1.000000000000000000, 1.000000000000000000, 1.000000000000000000, 1.000000000000000000, 1.000000000000000000, 1.000000000000000000, 1.000000000000000000, 1.000000000000000000, 1.000000000000000000, 1.000000000000000000, 1.000000000000000000, 1.000000000000000000, 1.000000000000000000, 1.000000000000000000, 1.000000000000000000, 1.000000000000000000, 1.000000000000000000, 1.000000000000000000, 1.000000000000000000, 1.000000000000000000, 1.000000000000000000, 1.000000000000000000, 1.000000000000000000, 1.000000000000000000, 1.000000000000000000, 1.000000000000000000, 1.000000000000000000, 1.000000000000000000, 1.000000000000000000, 1.000000000000000000, 1.000000000000000000, 1.000000000000000000, 1.000000000000000000, 1.000000000000000000, 1.000000000000000000, 1.000000000000000000, 1.000000000000000000, 1.000000000000000000, 1.000000000000000000, 1.000000000000000000, 1.000000000000000000, 1.000000000000000000, 1.000000000000000000, 1.000000000000000000, 1.000000000000000000, 1.000000000000000000, 1.000000000000000000, 1.000000000000000000, 1.000000000000000000, 1.000000000000000000, 1.000000000000000000, 1.000000000000000000, 1.000000000000000000, 1.000000000000000000, 1.000000000000000000, 1.000000000000000000, 1.000000000000000000, 1.000000000000000000, 1.000000000000000000, 1.000000000000000000, 1.000000000000000000, 1.000000000000000000, 1.000000000000000000, 1.000000000000000000, 1.000000000000000000, 1.000000000000000000, 1.000000000000000000, 1.000000000000000000, 1.000000000000000000, 1.000000000000000000, 1.000000000000000000, 1.000000000000000000, 1.000000000000000000, 1.000000000000000000, 1.000000000000000000, 1.000000000000000000, 1.000000000000000000, 1.000000000000000000, 1.000000000000000000, 1.000000000000000000, 1.000000000000000000, 1.000000000000000000, 1.000000000000000000, 1.000000000000000000, 1.000000000000000000, 1.000000000000000000, 1.000000000000000000, 1.000000000000000000, 1.000000000000000000, 1.000000000000000000, 1.000000000000000000, 1.000000000000000000, 1.000000000000000000, 1.000000000000000000, 1.000000000000000000, 1.000000000000000000, 1.000000000000000000, 1.000000000000000000, 1.000000000000000000, 1.000000000000000000, 1.000000000000000000, 1.000000000000000000, 1.000000000000000000, 1.000000000000000000, 1.000000000000000000, 1.000000000000000000, 1.000000000000000000, 1.000000000000000000, 1.000000000000000000, 1.000000000000000000, 1.000000000000000000, 1.000000000000000000, 1.000000000000000000, 1.000000000000000000, 1.000000000000000000, 1.000000000000000000, 1.000000000000000000, 1.000000000000000000, 1.000000000000000000, 1.000000000000000000, 1.000000000000000000, 1.000000000000000000, 1.000000000000000000, 1.000000000000000000, 1.000000000000000000, 1.000000000000000000, 1.000000000000000000, 1.000000000000000000, 1.000000000000000000, 1.000000000000000000, 1.000000000000000000, 1.000000000000000000, 1.000000000000000000, 1.000000000000000000, 1.000000000000000000, 1.000000000000000000, 1.000000000000000000, 1.000000000000000000, 1.000000000000000000, 1.000000000000000000, 1.000000000000000000, 1.000000000000000000, 1.000000000000000000, 1.000000000000000000, 1.000000000000000000, 1.000000000000000000),
 ( 0.6821109168793200173, 0.6821109168793200173, 0.6821109168793200173, 0.6821109168793200173, 0.6821109168793200173, 0.6821109168793200173, 0.6821109168793200173, 0.6821109168793200173, 0.6821109168793200173, 0.6821109168793200173, 0.6821109168793200173, 0.6821109168793200173, 0.6821109168793200173, 0.6821109168793200173, 0.6821109168793200173, 0.6821109168793200173, 0.6821109168793200173, 0.6821109168793200173, 0.6821109168793200173, 0.6821109168793200173, 0.6821109168793200173, 0.6821109168793200173, 0.6821109168793200173, 0.6821109168793200173, 0.6821109168793200173, 0.6821109168793200173, 0.6821109168793200173, 0.6821109168793200173, 0.6821109168793200173, 0.6821109168793200173, 0.6821109168793200173, 0.6821109168793200173, 0.6821109168793200173, 0.6821109168793200173, 0.6821109168793200173, 0.6821109168793200173, 0.6821109168793200173, 0.6821109168793200173, 0.6821109168793200173, 0.6821109168793200173, 0.6821109168793200173, 0.6821109168793200173, 0.6821109168793200173, 0.6821109168793200173, 0.6821109168793200173, 0.6821109168793200173, 0.6821109168793200173, 0.6821109168793200173, 0.6821109168793200173, 0.6821109168793200173, 0.6821109168793200173, 0.6821109168793200173, 0.6821109168793200173, 0.6821109168793200173, 0.6821109168793200173, 0.6821109168793200173, 0.6821109168793200173, 0.6821109168793200173, 0.6821109168793200173, 0.6821109168793200173, 0.6821109168793200173, 0.6821109168793200173, 0.6821109168793200173, 0.6821109168793200173, 0.6821109168793200173, 0.6821109168793200173, 0.6821109168793200173, 0.6821109168793200173, 0.6821109168793200173, 0.6821109168793200173, 0.6821109168793200173, 0.6821109168793200173, 0.6821109168793200173, 0.6821109168793200173, 0.6821109168793200173, 0.6821109168793200173, 0.6821109168793200173, 0.6821109168793200173, 0.6821109168793200173, 0.6821109168793200173, 0.6821109168793200173, 0.6821109168793200173, 0.6821109168793200173, 0.6821109168793200173, 0.6821109168793200173, 0.6821109168793200173, 0.6821109168793200173, 0.6821109168793200173, 0.6821109168793200173, 0.6821109168793200173, 0.6821109168793200173, 0.6821109168793200173, 0.6821109168793200173, 0.6821109168793200173, 0.6821109168793200173, 0.6821109168793200173, 0.6821109168793200173, 0.6821109168793200173, 0.6821109168793200173, 0.6821109168793200173, 0.6821109168793200173, 0.6821109168793200173, 0.6821109168793200173, 0.6821109168793200173, 0.6821109168793200173, 0.6821109168793200173, 0.6821109168793200173, 0.6821109168793200173, 0.6821109168793200173, 0.6821109168793200173, 0.6821109168793200173, 0.6821109168793200173, 0.6821109168793200173, 0.6821109168793200173, 0.6821109168793200173, 0.6821109168793200173, 0.6821109168793200173, 0.6821109168793200173, 0.6821109168793200173, 0.6821109168793200173, 0.6821109168793200173, 0.6821109168793200173, 0.6821109168793200173, 0.6821109168793200173, 0.6821109168793200173, 0.6821109168793200173, 0.6821109168793200173, 0.6821109168793200173, 0.6821109168793200173, 0.6821109168793200173, 0.6821109168793200173, 0.6821109168793200173, 0.6821109168793200173, 0.6821109168793200173, 0.6821109168793200173, 0.6821109168793200173, 0.6821109168793200173, 0.6821109168793200173, 0.6821109168793200173, 0.6821109168793200173, 0.6821109168793200173, 0.6821109168793200173, 0.6821109168793200173, 0.6821109168793200173, 0.6821109168793200173, 0.6821109168793200173, 0.6821109168793200173, 0.6821109168793200173, 0.6821109168793200173, 0.6821109168793200173, 0.6821109168793200173, 0.6821109168793200173, 0.6821109168793200173, 0.6821109168793200173, 0.6821109168793200173, 0.6821109168793200173, 0.6821109168793200173, 0.6821109168793200173, 0.6821109168793200173, 0.6821109168793200173, 0.6821109168793200173, 0.6821109168793200173, 0.6821109168793200173, 0.6821109168793200173, 0.6821109168793200173, 0.6821109168793200173, 0.6821109168793200173, 0.6821109168793200173, 0.6821109168793200173, 0.6821109168793200173, 0.6821109168793200173, 0.6821109168793200173, 0.6821109168793200173, 0.6821109168793200173, 0.6821109168793200173, 0.6821109168793200173, 0.6821109168793200173, 0.6821109168793200173, 0.6821109168793200173, 0.6821109168793200173, 0.6821109168793200173, 0.6821109168793200173, 0.6821109168793200173, 0.6821109168793200173, 0.6821109168793200173, 0.6821109168793200173, 0.6821109168793200173, 0.6821109168793200173, 0.6821109168793200173, 0.6821109168793200173, 0.6821109168793200173, 0.6821109168793200173, 0.6821109168793200173, 0.6821109168793200173, 0.6821109168793200173, 0.6821109168793200173, 0.6821109168793200173, 0.6821109168793200173, 0.6821109168793200173, 0.6821109168793200173, 0.6821109168793200173, 0.6821109168793200173, 0.6821109168793200173, 0.6821109168793200173, 0.6821109168793200173, 0.6821109168793200173, 0.6821109168793200173, 0.6821109168793200173, 0.6821109168793200173, 0.6821109168793200173, 0.6821109168793200173, 0.6821109168793200173, 0.6821109168793200173, 0.6821109168793200173, 0.6821109168793200173, 0.6821109168793200173, 0.6821109168793200173, 0.6821109168793200173, 0.6821109168793200173, 0.6821109168793200173, 0.6821109168793200173, 0.6821109168793200173, 0.6821109168793200173, 0.6821109168793200173, 0.6821109168793200173, 0.6821109168793200173, 0.6821109168793200173, 0.6821109168793200173, 0.6821109168793200173, 0.6821109168793200173, 0.6821109168793200173, 0.6821109168793200173, 0.6821109168793200173, 0.6821109168793200173, 0.6821109168793200173, 0.6821109168793200173, 0.6821109168793200173, 0.6821109168793200173, 0.6821109168793200173, 0.6821109168793200173, 0.6821109168793200173, 0.6821109168793200173, 0.6821109168793200173, 0.6821109168793200173, 0.6821109168793200173, 0.6821109168793200173, 0.6821109168793200173, 0.6821109168793200173, 0.6821109168793200173, 0.6821109168793200173, 0.6821109168793200173, 0.6821109168793200173, 0.6821109168793200173, 0.6821109168793200173, 0.6821109168793200173, 0.6821109168793200173, 0.6821109168793200173, 0.6821109168793200173),
 ( 0.6821109168793200173, 0.6821109168793200173, 0.6821109168793200173, 0.6821109168793200173, 0.6821109168793200173, 0.6821109168793200173, 0.6821109168793200173, 0.6821109168793200173, 0.6821109168793200173, 0.6821109168793200173, 0.6821109168793200173, 0.6821109168793200173, 0.6821109168793200173, 0.6821109168793200173, 0.6821109168793200173, 0.6821109168793200173, 0.6821109168793200173, 0.6821109168793200173, 0.6821109168793200173, 0.6821109168793200173, 0.6821109168793200173, 0.6821109168793200173, 0.6821109168793200173, 0.6821109168793200173, 0.6821109168793200173, 0.6821109168793200173, 0.6821109168793200173, 0.6821109168793200173, 0.6821109168793200173, 0.6821109168793200173, 0.6821109168793200173, 0.6821109168793200173, 0.6821109168793200173, 0.6821109168793200173, 0.6821109168793200173, 0.6821109168793200173, 0.6821109168793200173, 0.6821109168793200173, 0.6821109168793200173, 0.6821109168793200173, 0.6821109168793200173, 0.6821109168793200173, 0.6821109168793200173, 0.6821109168793200173, 0.6821109168793200173, 0.6821109168793200173, 0.6821109168793200173, 0.6821109168793200173, 0.6821109168793200173, 0.6821109168793200173, 0.6821109168793200173, 0.6821109168793200173, 0.6821109168793200173, 0.6821109168793200173, 0.6821109168793200173, 0.6821109168793200173, 0.6821109168793200173, 0.6821109168793200173, 0.6821109168793200173, 0.6821109168793200173, 0.6821109168793200173, 0.6821109168793200173, 0.6821109168793200173, 0.6821109168793200173, 0.6821109168793200173, 0.6821109168793200173, 0.6821109168793200173, 0.6821109168793200173, 0.6821109168793200173, 0.6821109168793200173, 0.6821109168793200173, 0.6821109168793200173, 0.6821109168793200173, 0.6821109168793200173, 0.6821109168793200173, 0.6821109168793200173, 0.6821109168793200173, 0.6821109168793200173, 0.6821109168793200173, 0.6821109168793200173, 0.6821109168793200173, 0.6821109168793200173, 0.6821109168793200173, 0.6821109168793200173, 0.6821109168793200173, 0.6821109168793200173, 0.6821109168793200173, 0.6821109168793200173, 0.6821109168793200173, 0.6821109168793200173, 0.6821109168793200173, 0.6821109168793200173, 0.6821109168793200173, 0.6821109168793200173, 0.6821109168793200173, 0.6821109168793200173, 0.6821109168793200173, 0.6821109168793200173, 0.6821109168793200173, 0.6821109168793200173, 0.6821109168793200173, 0.6821109168793200173, 0.6821109168793200173, 0.6821109168793200173, 0.6821109168793200173, 0.6821109168793200173, 0.6821109168793200173, 0.6821109168793200173, 0.6821109168793200173, 0.6821109168793200173, 0.6821109168793200173, 0.6821109168793200173, 0.6821109168793200173, 0.6821109168793200173, 0.6821109168793200173, 0.6821109168793200173, 0.6821109168793200173, 0.6821109168793200173, 0.6821109168793200173, 0.6821109168793200173, 0.6821109168793200173, 0.6821109168793200173, 0.6821109168793200173, 0.6821109168793200173, 0.6821109168793200173, 0.6821109168793200173, 0.6821109168793200173, 0.6821109168793200173, 0.6821109168793200173, 0.6821109168793200173, 0.6821109168793200173, 0.6821109168793200173, 0.6821109168793200173, 0.6821109168793200173, 0.6821109168793200173, 0.6821109168793200173, 0.6821109168793200173, 0.6821109168793200173, 0.6821109168793200173, 0.6821109168793200173, 0.6821109168793200173, 0.6821109168793200173, 0.6821109168793200173, 0.6821109168793200173, 0.6821109168793200173, 0.6821109168793200173, 0.6821109168793200173, 0.6821109168793200173, 0.6821109168793200173, 0.6821109168793200173, 0.6821109168793200173, 0.6821109168793200173, 0.6821109168793200173, 0.6821109168793200173, 0.6821109168793200173, 0.6821109168793200173, 0.6821109168793200173, 0.6821109168793200173, 0.6821109168793200173, 0.6821109168793200173, 0.6821109168793200173, 0.6821109168793200173, 0.6821109168793200173, 0.6821109168793200173, 0.6821109168793200173, 0.6821109168793200173, 0.6821109168793200173, 0.6821109168793200173, 0.6821109168793200173, 0.6821109168793200173, 0.6821109168793200173, 0.6821109168793200173, 0.6821109168793200173, 0.6821109168793200173, 0.6821109168793200173, 0.6821109168793200173, 0.6821109168793200173, 0.6821109168793200173, 0.6821109168793200173, 0.6821109168793200173, 0.6821109168793200173, 0.6821109168793200173, 0.6821109168793200173, 0.6821109168793200173, 0.6821109168793200173, 0.6821109168793200173, 0.6821109168793200173, 0.6821109168793200173, 0.6821109168793200173, 0.6821109168793200173, 0.6821109168793200173, 0.6821109168793200173, 0.6821109168793200173, 0.6821109168793200173, 0.6821109168793200173, 0.6821109168793200173, 0.6821109168793200173, 0.6821109168793200173, 0.6821109168793200173, 0.6821109168793200173, 0.6821109168793200173, 0.6821109168793200173, 0.6821109168793200173, 0.6821109168793200173, 0.6821109168793200173, 0.6821109168793200173, 0.6821109168793200173, 0.6821109168793200173, 0.6821109168793200173, 0.6821109168793200173, 0.6821109168793200173, 0.6821109168793200173, 0.6821109168793200173, 0.6821109168793200173, 0.6821109168793200173, 0.6821109168793200173, 0.6821109168793200173, 0.6821109168793200173, 0.6821109168793200173, 0.6821109168793200173, 0.6821109168793200173, 0.6821109168793200173, 0.6821109168793200173, 0.6821109168793200173, 0.6821109168793200173, 0.6821109168793200173, 0.6821109168793200173, 0.6821109168793200173, 0.6821109168793200173, 0.6821109168793200173, 0.6821109168793200173, 0.6821109168793200173, 0.6821109168793200173, 0.6821109168793200173, 0.6821109168793200173, 0.6821109168793200173, 0.6821109168793200173, 0.6821109168793200173, 0.6821109168793200173, 0.6821109168793200173, 0.6821109168793200173, 0.6821109168793200173, 0.6821109168793200173, 0.6821109168793200173, 0.6821109168793200173, 0.6821109168793200173, 0.6821109168793200173, 0.6821109168793200173, 0.6821109168793200173, 0.6821109168793200173, 0.6821109168793200173, 0.6821109168793200173, 0.6821109168793200173, 0.6821109168793200173, 0.6821109168793200173, 0.6821109168793200173, 0.6821109168793200173, 0.6821109168793200173),
 ( 1.000000000000000000, 1.000000000000000000, 1.000000000000000000, 1.000000000000000000, 1.000000000000000000, 1.000000000000000000, 1.000000000000000000, 1.000000000000000000, 1.000000000000000000, 1.000000000000000000, 1.000000000000000000, 1.000000000000000000, 1.000000000000000000, 1.000000000000000000, 1.000000000000000000, 1.000000000000000000, 1.000000000000000000, 1.000000000000000000, 1.000000000000000000, 1.000000000000000000, 1.000000000000000000, 1.000000000000000000, 1.000000000000000000, 1.000000000000000000, 1.000000000000000000, 1.000000000000000000, 1.000000000000000000, 1.000000000000000000, 1.000000000000000000, 1.000000000000000000, 1.000000000000000000, 1.000000000000000000, 1.000000000000000000, 1.000000000000000000, 1.000000000000000000, 1.000000000000000000, 1.000000000000000000, 1.000000000000000000, 1.000000000000000000, 1.000000000000000000, 1.000000000000000000, 1.000000000000000000, 1.000000000000000000, 1.000000000000000000, 1.000000000000000000, 1.000000000000000000, 1.000000000000000000, 1.000000000000000000, 1.000000000000000000, 1.000000000000000000, 1.000000000000000000, 1.000000000000000000, 1.000000000000000000, 1.000000000000000000, 1.000000000000000000, 1.000000000000000000, 1.000000000000000000, 1.000000000000000000, 1.000000000000000000, 1.000000000000000000, 1.000000000000000000, 1.000000000000000000, 1.000000000000000000, 1.000000000000000000, 1.000000000000000000, 1.000000000000000000, 1.000000000000000000, 1.000000000000000000, 1.000000000000000000, 1.000000000000000000, 1.000000000000000000, 1.000000000000000000, 1.000000000000000000, 1.000000000000000000, 1.000000000000000000, 1.000000000000000000, 1.000000000000000000, 1.000000000000000000, 1.000000000000000000, 1.000000000000000000, 1.000000000000000000, 1.000000000000000000, 1.000000000000000000, 1.000000000000000000, 1.000000000000000000, 1.000000000000000000, 1.000000000000000000, 1.000000000000000000, 1.000000000000000000, 1.000000000000000000, 1.000000000000000000, 1.000000000000000000, 1.000000000000000000, 1.000000000000000000, 1.000000000000000000, 1.000000000000000000, 1.000000000000000000, 1.000000000000000000, 1.000000000000000000, 1.000000000000000000, 1.000000000000000000, 1.000000000000000000, 1.000000000000000000, 1.000000000000000000, 1.000000000000000000, 1.000000000000000000, 1.000000000000000000, 1.000000000000000000, 1.000000000000000000, 1.000000000000000000, 1.000000000000000000, 1.000000000000000000, 1.000000000000000000, 1.000000000000000000, 1.000000000000000000, 1.000000000000000000, 1.000000000000000000, 1.000000000000000000, 1.000000000000000000, 1.000000000000000000, 1.000000000000000000, 1.000000000000000000, 1.000000000000000000, 1.000000000000000000, 1.000000000000000000, 1.000000000000000000, 1.000000000000000000, 1.000000000000000000, 1.000000000000000000, 1.000000000000000000, 1.000000000000000000, 1.000000000000000000, 1.000000000000000000, 1.000000000000000000, 1.000000000000000000, 1.000000000000000000, 1.000000000000000000, 1.000000000000000000, 1.000000000000000000, 1.000000000000000000, 1.000000000000000000, 1.000000000000000000, 1.000000000000000000, 1.000000000000000000, 1.000000000000000000, 1.000000000000000000, 1.000000000000000000, 1.000000000000000000, 1.000000000000000000, 1.000000000000000000, 1.000000000000000000, 1.000000000000000000, 1.000000000000000000, 1.000000000000000000, 1.000000000000000000, 1.000000000000000000, 1.000000000000000000, 1.000000000000000000, 1.000000000000000000, 1.000000000000000000, 1.000000000000000000, 1.000000000000000000, 1.000000000000000000, 1.000000000000000000, 1.000000000000000000, 1.000000000000000000, 1.000000000000000000, 1.000000000000000000, 1.000000000000000000, 1.000000000000000000, 1.000000000000000000, 1.000000000000000000, 1.000000000000000000, 1.000000000000000000, 1.000000000000000000, 1.000000000000000000, 1.000000000000000000, 1.000000000000000000, 1.000000000000000000, 1.000000000000000000, 1.000000000000000000, 1.000000000000000000, 1.000000000000000000, 1.000000000000000000, 1.000000000000000000, 1.000000000000000000, 1.000000000000000000, 1.000000000000000000, 1.000000000000000000, 1.000000000000000000, 1.000000000000000000, 1.000000000000000000, 1.000000000000000000, 1.000000000000000000, 1.000000000000000000, 1.000000000000000000, 1.000000000000000000, 1.000000000000000000, 1.000000000000000000, 1.000000000000000000, 1.000000000000000000, 1.000000000000000000, 1.000000000000000000, 1.000000000000000000, 1.000000000000000000, 1.000000000000000000, 1.000000000000000000, 1.000000000000000000, 1.000000000000000000, 1.000000000000000000, 1.000000000000000000, 1.000000000000000000, 1.000000000000000000, 1.000000000000000000, 1.000000000000000000, 1.000000000000000000, 1.000000000000000000, 1.000000000000000000, 1.000000000000000000, 1.000000000000000000, 1.000000000000000000, 1.000000000000000000, 1.000000000000000000, 1.000000000000000000, 1.000000000000000000, 1.000000000000000000, 1.000000000000000000, 1.000000000000000000, 1.000000000000000000, 1.000000000000000000, 1.000000000000000000, 1.000000000000000000, 1.000000000000000000, 1.000000000000000000, 1.000000000000000000, 1.000000000000000000, 1.000000000000000000, 1.000000000000000000, 1.000000000000000000, 1.000000000000000000, 1.000000000000000000, 1.000000000000000000, 1.000000000000000000, 1.000000000000000000, 1.000000000000000000, 1.000000000000000000, 1.000000000000000000, 1.000000000000000000, 1.000000000000000000, 1.000000000000000000, 1.000000000000000000, 1.000000000000000000, 1.000000000000000000, 1.000000000000000000, 1.000000000000000000, 1.000000000000000000, 1.000000000000000000, 1.000000000000000000),
 ( 1.000000000000000000, 1.000000000000000000, 1.000000000000000000, 1.000000000000000000, 1.000000000000000000, 1.000000000000000000, 1.000000000000000000, 1.000000000000000000, 1.000000000000000000, 1.000000000000000000, 1.000000000000000000, 1.000000000000000000, 1.000000000000000000, 1.000000000000000000, 1.000000000000000000, 1.000000000000000000, 1.000000000000000000, 1.000000000000000000, 1.000000000000000000, 1.000000000000000000, 1.000000000000000000, 1.000000000000000000, 1.000000000000000000, 1.000000000000000000, 1.000000000000000000, 1.000000000000000000, 1.000000000000000000, 1.000000000000000000, 1.000000000000000000, 1.000000000000000000, 1.000000000000000000, 1.000000000000000000, 1.000000000000000000, 1.000000000000000000, 1.000000000000000000, 1.000000000000000000, 1.000000000000000000, 1.000000000000000000, 1.000000000000000000, 1.000000000000000000, 1.000000000000000000, 1.000000000000000000, 1.000000000000000000, 1.000000000000000000, 1.000000000000000000, 1.000000000000000000, 1.000000000000000000, 1.000000000000000000, 1.000000000000000000, 1.000000000000000000, 1.000000000000000000, 1.000000000000000000, 1.000000000000000000, 1.000000000000000000, 1.000000000000000000, 1.000000000000000000, 1.000000000000000000, 1.000000000000000000, 1.000000000000000000, 1.000000000000000000, 1.000000000000000000, 1.000000000000000000, 1.000000000000000000, 1.000000000000000000, 1.000000000000000000, 1.000000000000000000, 1.000000000000000000, 1.000000000000000000, 1.000000000000000000, 1.000000000000000000, 1.000000000000000000, 1.000000000000000000, 1.000000000000000000, 1.000000000000000000, 1.000000000000000000, 1.000000000000000000, 1.000000000000000000, 1.000000000000000000, 1.000000000000000000, 1.000000000000000000, 1.000000000000000000, 1.000000000000000000, 1.000000000000000000, 1.000000000000000000, 1.000000000000000000, 1.000000000000000000, 1.000000000000000000, 1.000000000000000000, 1.000000000000000000, 1.000000000000000000, 1.000000000000000000, 1.000000000000000000, 1.000000000000000000, 1.000000000000000000, 1.000000000000000000, 1.000000000000000000, 1.000000000000000000, 1.000000000000000000, 1.000000000000000000, 1.000000000000000000, 1.000000000000000000, 1.000000000000000000, 1.000000000000000000, 1.000000000000000000, 1.000000000000000000, 1.000000000000000000, 1.000000000000000000, 1.000000000000000000, 1.000000000000000000, 1.000000000000000000, 1.000000000000000000, 1.000000000000000000, 1.000000000000000000, 1.000000000000000000, 1.000000000000000000, 1.000000000000000000, 1.000000000000000000, 1.000000000000000000, 1.000000000000000000, 1.000000000000000000, 1.000000000000000000, 1.000000000000000000, 1.000000000000000000, 1.000000000000000000, 1.000000000000000000, 1.000000000000000000, 1.000000000000000000, 1.000000000000000000, 1.000000000000000000, 1.000000000000000000, 1.000000000000000000, 1.000000000000000000, 1.000000000000000000, 1.000000000000000000, 1.000000000000000000, 1.000000000000000000, 1.000000000000000000, 1.000000000000000000, 1.000000000000000000, 1.000000000000000000, 1.000000000000000000, 1.000000000000000000, 1.000000000000000000, 1.000000000000000000, 1.000000000000000000, 1.000000000000000000, 1.000000000000000000, 1.000000000000000000, 1.000000000000000000, 1.000000000000000000, 1.000000000000000000, 1.000000000000000000, 1.000000000000000000, 1.000000000000000000, 1.000000000000000000, 1.000000000000000000, 1.000000000000000000, 1.000000000000000000, 1.000000000000000000, 1.000000000000000000, 1.000000000000000000, 1.000000000000000000, 1.000000000000000000, 1.000000000000000000, 1.000000000000000000, 1.000000000000000000, 1.000000000000000000, 1.000000000000000000, 1.000000000000000000, 1.000000000000000000, 1.000000000000000000, 1.000000000000000000, 1.000000000000000000, 1.000000000000000000, 1.000000000000000000, 1.000000000000000000, 1.000000000000000000, 1.000000000000000000, 1.000000000000000000, 1.000000000000000000, 1.000000000000000000, 1.000000000000000000, 1.000000000000000000, 1.000000000000000000, 1.000000000000000000, 1.000000000000000000, 1.000000000000000000, 1.000000000000000000, 1.000000000000000000, 1.000000000000000000, 1.000000000000000000, 1.000000000000000000, 1.000000000000000000, 1.000000000000000000, 1.000000000000000000, 1.000000000000000000, 1.000000000000000000, 1.000000000000000000, 1.000000000000000000, 1.000000000000000000, 1.000000000000000000, 1.000000000000000000, 1.000000000000000000, 1.000000000000000000, 1.000000000000000000, 1.000000000000000000, 1.000000000000000000, 1.000000000000000000, 1.000000000000000000, 1.000000000000000000, 1.000000000000000000, 1.000000000000000000, 1.000000000000000000, 1.000000000000000000, 1.000000000000000000, 1.000000000000000000, 1.000000000000000000, 1.000000000000000000, 1.000000000000000000, 1.000000000000000000, 1.000000000000000000, 1.000000000000000000, 1.000000000000000000, 1.000000000000000000, 1.000000000000000000, 1.000000000000000000, 1.000000000000000000, 1.000000000000000000, 1.000000000000000000, 1.000000000000000000, 1.000000000000000000, 1.000000000000000000, 1.000000000000000000, 1.000000000000000000, 1.000000000000000000, 1.000000000000000000, 1.000000000000000000, 1.000000000000000000, 1.000000000000000000, 1.000000000000000000, 1.000000000000000000, 1.000000000000000000, 1.000000000000000000, 1.000000000000000000, 1.000000000000000000, 1.000000000000000000, 1.000000000000000000, 1.000000000000000000, 1.000000000000000000, 1.000000000000000000, 1.000000000000000000, 1.000000000000000000, 1.000000000000000000, 1.000000000000000000, 1.000000000000000000, 1.000000000000000000, 1.000000000000000000, 1.000000000000000000) ) ) 
 REPRESENTATION_ITEM ( '' )  SURFACE ( )  );
#3629 = CARTESIAN_POINT ( 'NONE',  ( -1.503922807003317041, -0.6238718497740198821, 0.02015000000000002206 ) ) ;
#3630 = CARTESIAN_POINT ( 'NONE',  ( -0.9162120482388258491, -1.118593491501180148, -0.02015000000000002206 ) ) ;
#3631 = CARTESIAN_POINT ( 'NONE',  ( 0.9329487704139954873, -0.09218937571123382579, 0.005270901231338729134 ) ) ;
#3632 = CARTESIAN_POINT ( 'NONE',  ( 1.540931945940445580, 0.3080968532916672498, 0.000000000000000000 ) ) ;
#3633 = CARTESIAN_POINT ( 'NONE',  ( -1.078562833058650527, -0.5768471925141540613, -0.02015000000000002206 ) ) ;
#3634 = CARTESIAN_POINT ( 'NONE',  ( 0.9126431474845304592, -0.3768481304921343367, -0.005270901231338727400 ) ) ;
#3635 = CARTESIAN_POINT ( 'NONE',  ( -0.7900802199849681351, -0.9659961847946322289, 0.000000000000000000 ) ) ;
#3636 = CARTESIAN_POINT ( 'NONE',  ( 1.294700086024715091, 0.8681260429874646523, 0.000000000000000000 ) ) ;
#3637 = CARTESIAN_POINT ( 'NONE',  ( 1.079190009574493736, 1.618364192527235845, 0.02015000000000002206 ) ) ;
#3638 = CARTESIAN_POINT ( 'NONE',  ( -0.7795373108393753858, -1.169247957987746611, 2.134256245050205639E-18 ) ) ;
#3639 = CARTESIAN_POINT ( 'NONE',  ( -0.5928966784866871453, 0.8861069055429027230, -0.005270901231338724797 ) ) ;
#3640 = CARTESIAN_POINT ( 'NONE',  ( -0.9162120482388258491, -1.118593491501180148, -0.02015000000000002206 ) ) ;
#3641 = CARTESIAN_POINT ( 'NONE',  ( 1.048961797449726507, -0.5585082944812002070, 0.02015000000000002206 ) ) ;
#3642 = CARTESIAN_POINT ( 'NONE',  ( -1.673438231575997470, 0.1621083620707732265, 0.000000000000000000 ) ) ;
#3643 = CARTESIAN_POINT ( 'NONE',  ( -1.004408518379826587, 0.8225651782396692369, 0.005270901231338727400 ) ) ;
#3644 = CARTESIAN_POINT ( 'NONE',  ( 0.08911762797419749138, 0.9203162114437608565, 0.02015000000000002206 ) ) ;
#3645 = CARTESIAN_POINT ( 'NONE',  ( 0.2309832696986008349, -1.156360996557075582, 0.005270901231338729134 ) ) ;
#3646 = B_SPLINE_CURVE_WITH_KNOTS ( 'NONE', 3,
 ( #5812, #3442, #5244, #2995, #307, #4809, #751, #2109, #1845, #3172, #1783, #4984, #4954, #4100, #5457, #454, #3659, #3143, #2283, #4071, #2725, #4571, #2312, #3627, #960, #516, #3596, #5397, #5426, #1815, #897, #1372, #3203, #4541, #1342, #44, #2694, #4512, #930, #2255, #1401, #5013, #13, #486, #2755, #3454, #4735, #3850, #3482, #2978, #3932, #2035, #5283, #3368, #4378, #319, #1233, #347, #1145, #676, #2474, #289, #2091, #704, #3878, #5256, #2502, #1561, #1588, #5731, #260, #3397, #5646, #2119, #5199, #3034, #1645, #3425, #1672, #2559, #5227, #4847, #2948, #4764, #2919, #1175, #5675, #789, #2063, #4319, #1616, #4792, #2588, #3820, #1202, #734, #2530, #4348, #4293, #3905, #4408, #232, #5703, #5618, #3006, #4819, #5170, #761, #1118, #4965, #1794, #2265, #3992, #3512, #2735, #5376, #908, #3608, #1322, #1292, #5407, #3575, #3064, #4054, #2706, #5792, #1353, #5314, #2238, #3093, #3124, #5345, #2617, #2645, #4467, #24, #5437, #4994, #4552, #4081, #464, #4876, #3154, #3638, #4905, #406, #4523, #848, #1736, #820, #4438, #941, #2207, #1826, #1765, #4023, #5823, #5855, #2149, #435, #3542, #2179, #1382, #4935, #376, #877, #4495, #3961, #3183, #5762, #2675, #1703, #1262, #5526, #611, #4581, #1972, #54, #1054, #2852, #171, #526, #3213, #1441, #5497, #2824, #4642, #3242, #556, #143, #5052, #4110, #4140, #2411, #2796, #86, #2323, #4669, #1884, #5582, #4199, #4227, #5107, #115, #3272, #3783, #1525, #999, #1082, #3329, #4611, #5080, #3727, #2353, #3697, #5133, #1944, #5467, #4170, #2765, #1412, #970, #1915, #2882, #496, #1469, #2293, #1855, #1028, #583, #3670, #2383, #3755, #5023, #5555, #1498, #3302, #223, #5609, #2969, #639, #2055, #3839, #2082, #2464, #4255, #198, #2000, #5667, #3445, #4698, #4726, #310, #1635, #3870, #3924, #3474, #4755 ),
 .UNSPECIFIED., .F., .F.,
 ( 4, 2, 2, 2, 2, 2, 2, 2, 2, 2, 2, 2, 2, 2, 2, 2, 2, 2, 2, 2, 2, 2, 2, 2, 2, 2, 2, 2, 2, 2, 2, 2, 2, 2, 2, 2, 2, 2, 2, 2, 2, 2, 2, 2, 2, 2, 2, 2, 2, 2, 2, 2, 2, 2, 2, 2, 2, 2, 2, 2, 2, 2, 2, 2, 2, 2, 2, 2, 2, 2, 2, 2, 2, 2, 2, 2, 2, 2, 2, 2, 2, 2, 2, 2, 2, 2, 2, 2, 2, 2, 2, 2, 2, 2, 2, 2, 2, 2, 2, 2, 2, 2, 2, 2, 2, 2, 2, 2, 2, 2, 2, 2, 2, 2, 2, 2, 2, 2, 2, 2, 2, 2, 2, 2, 2, 2, 2, 2, 4 ),
 ( 0.000000000000000000, 0.007812500000000000000, 0.01562500000000000000, 0.02343750000000000000, 0.03125000000000000000, 0.03906250000000000000, 0.04687500000000000000, 0.05468750000000000000, 0.06250000000000000000, 0.07031250000000000000, 0.07812500000000000000, 0.08593750000000000000, 0.09375000000000000000, 0.1015625000000000000, 0.1093750000000000000, 0.1171875000000000000, 0.1250000000000000000, 0.1328125000000000000, 0.1406250000000000000, 0.1484375000000000000, 0.1562500000000000000, 0.1640625000000000000, 0.1718750000000000000, 0.1796875000000000000, 0.1875000000000000000, 0.1953125000000000000, 0.2031250000000000000, 0.2109375000000000000, 0.2187500000000000000, 0.2265625000000000000, 0.2343750000000000000, 0.2421875000000000000, 0.2500000000000000000, 0.2578125000000000000, 0.2656250000000000000, 0.2734375000000000000, 0.2812500000000000000, 0.2890625000000000000, 0.2968750000000000000, 0.3046875000000000000, 0.3125000000000000000, 0.3203125000000000000, 0.3281250000000000000, 0.3359375000000000000, 0.3437500000000000000, 0.3515625000000000000, 0.3593750000000000000, 0.3671875000000000000, 0.3750000000000000000, 0.3828125000000000000, 0.3906250000000000000, 0.3984375000000000000, 0.4062500000000000000, 0.4140625000000000000, 0.4218750000000000000, 0.4296875000000000000, 0.4375000000000000000, 0.4453125000000000000, 0.4531250000000000000, 0.4609375000000000000, 0.4687500000000000000, 0.4765625000000000000, 0.4843750000000000000, 0.4921875000000000000, 0.5000000000000000000, 0.5078125000000000000, 0.5156250000000000000, 0.5234375000000000000, 0.5312500000000000000, 0.5390625000000000000, 0.5468750000000000000, 0.5546875000000000000, 0.5625000000000000000, 0.5703125000000000000, 0.5781250000000000000, 0.5859375000000000000, 0.5937500000000000000, 0.6015625000000000000, 0.6093750000000000000, 0.6171875000000000000, 0.6250000000000000000, 0.6328125000000000000, 0.6406250000000000000, 0.6484375000000000000, 0.6562500000000000000, 0.6640625000000000000, 0.6718750000000000000, 0.6796875000000000000, 0.6875000000000000000, 0.6953125000000000000, 0.7031250000000000000, 0.7109375000000000000, 0.7187500000000000000, 0.7265625000000000000, 0.7343750000000000000, 0.7421875000000000000, 0.7500000000000000000, 0.7578125000000000000, 0.7656250000000000000, 0.7734375000000000000, 0.7812500000000000000, 0.7890625000000000000, 0.7968750000000000000, 0.8046875000000000000, 0.8125000000000000000, 0.8203125000000000000, 0.8281250000000000000, 0.8359375000000000000, 0.8437500000000000000, 0.8515625000000000000, 0.8593750000000000000, 0.8671875000000000000, 0.8750000000000000000, 0.8828125000000000000, 0.8906250000000000000, 0.8984375000000000000, 0.9062500000000000000, 0.9140625000000000000, 0.9218750000000000000, 0.9296875000000000000, 0.9375000000000000000, 0.9453125000000000000, 0.9531250000000000000, 0.9609375000000000000, 0.9687500000000000000, 0.9765625000000000000, 0.9843750000000000000, 0.9921875000000000000, 1.000000000000000000 ),
 .UNSPECIFIED. ) ;
#3647 = CARTESIAN_POINT ( 'NONE',  ( 1.344207761478271701, 0.7193171584651096850, -0.02015000000000002206 ) ) ;
#3648 = CARTESIAN_POINT ( 'NONE',  ( 0.5656328842021768333, -0.5643018287050109993, 0.000000000000000000 ) ) ;
#3649 = CARTESIAN_POINT ( 'NONE',  ( -0.4474425802325289747, -0.6697490886090344819, -0.02015000000000002206 ) ) ;
#3650 = CARTESIAN_POINT ( 'NONE',  ( 0.6940288161622885088, -0.3700524050109108010, 0.02015000000000002206 ) ) ;
#3651 = CARTESIAN_POINT ( 'NONE',  ( 0.9683766516261700374, 1.454303005633201140, 0.000000000000000000 ) ) ;
#3652 = CARTESIAN_POINT ( 'NONE',  ( 0.2578426339556110780, 1.307548870956974474, 0.005270901231338727400 ) ) ;
#3653 = CARTESIAN_POINT ( 'NONE',  ( 0.8557726627770558814, -1.595035465960351395, 0.02015000000000002206 ) ) ;
#3654 = PRODUCT_DEFINITION_SHAPE ( 'NONE', 'NONE',  #5859 ) ;
#3655 = CARTESIAN_POINT ( 'NONE',  ( 0.7648163529256304383, -0.9299396490749085586, -0.005270901231338727400 ) ) ;
#3656 = CARTESIAN_POINT ( 'NONE',  ( 0.2828653441693936843, -0.9332448979416690937, -0.005270901231338724797 ) ) ;
#3657 = CARTESIAN_POINT ( 'NONE',  ( 1.082641149088169552, -0.8855308026790439380, 0.000000000000000000 ) ) ;
#3658 = CARTESIAN_POINT ( 'NONE',  ( -1.788302426701249948, -0.5455750395023843957, -0.005270901231338727400 ) ) ;
#3659 = CARTESIAN_POINT ( 'NONE',  ( -0.5115519829518374584, -0.6223639526333607508, 2.134256245050205639E-18 ) ) ;
#3660 =( GEOMETRIC_REPRESENTATION_CONTEXT ( 3 ) GLOBAL_UNCERTAINTY_ASSIGNED_CONTEXT ( ( #1338 ) ) GLOBAL_UNIT_ASSIGNED_CONTEXT ( ( #3055, #2170, #3114 ) ) REPRESENTATION_CONTEXT ( 'NONE', 'WORKASPACE' ) );
#3661 = CARTESIAN_POINT ( 'NONE',  ( -1.283759288993516323, -1.285285327002809508, 0.02015000000000002206 ) ) ;
#3662 = CARTESIAN_POINT ( 'NONE',  ( -1.315019518200103210, 0.7002139995808902562, -0.02015000000000002206 ) ) ;
#3663 = CARTESIAN_POINT ( 'NONE',  ( -0.5647878031557976852, 1.361961530562434852, 0.005270901231338729134 ) ) ;
#3664 = CARTESIAN_POINT ( 'NONE',  ( 1.237578667588751458, -1.013612625735693884, 0.000000000000000000 ) ) ;
#3665 = CARTESIAN_POINT ( 'NONE',  ( -1.629638329791773366, -0.1613771943440120704, -0.02015000000000002206 ) ) ;
#3666 = CARTESIAN_POINT ( 'NONE',  ( 0.2958921661487682320, -0.9715894170657407569, -0.005270901231338727400 ) ) ;
#3667 = CARTESIAN_POINT ( 'NONE',  ( 1.228696520285260219, -0.6551492142235911809, 0.000000000000000000 ) ) ;
#3668 = CARTESIAN_POINT ( 'NONE',  ( -1.470748816805947712, 1.204660073240859441, 0.000000000000000000 ) ) ;
#3669 = CARTESIAN_POINT ( 'NONE',  ( 1.708666545830383132, -0.5165738676110357419, 0.02015000000000002206 ) ) ;
#3670 = CARTESIAN_POINT ( 'NONE',  ( -1.281645621840423521, -1.283090915011205757, 2.134256245050205639E-18 ) ) ;
#3671 = CARTESIAN_POINT ( 'NONE',  ( 0.6817157931992979814, -1.643101132199427550, 0.02015000000000002206 ) ) ;
#3672 = CARTESIAN_POINT ( 'NONE',  ( 0.4245075914789298577, 0.7933843767539374703, -0.005270901231338724797 ) ) ;
#3673 = CARTESIAN_POINT ( 'NONE',  ( 0.8483383639186369285, -0.8456076967928219945, -0.02015000000000002206 ) ) ;
#3674 = CARTESIAN_POINT ( 'NONE',  ( 1.112896843307689343, 0.3387906298794147175, 0.02015000000000002206 ) ) ;
#3675 = CARTESIAN_POINT ( 'NONE',  ( 1.376839913707069041, 0.7376920377158671105, 0.000000000000000000 ) ) ;
#3676 = CARTESIAN_POINT ( 'NONE',  ( 0.7648163529256304383, -0.9299396490749085586, 0.005270901231338727400 ) ) ;
#3677 = CARTESIAN_POINT ( 'NONE',  ( 0.8427341297983287349, 0.4515422078585620835, 0.02015000000000002206 ) ) ;
#3678 = CARTESIAN_POINT ( 'NONE',  ( 1.050739548259346900, -0.8605853961258906892, 0.005270901231338729134 ) ) ;
#3679 = CARTESIAN_POINT ( 'NONE',  ( 1.208125863173013403, -0.9904820112707766189, -0.02015000000000002206 ) ) ;
#3680 = CARTESIAN_POINT ( 'NONE',  ( -0.1807216955192745833, 0.9002862732813275981, 0.000000000000000000 ) ) ;
#3681 = CARTESIAN_POINT ( 'NONE',  ( 1.926566350108709580, 0.1909192368995950850, -0.005270901231338724797 ) ) ;
#3682 = CARTESIAN_POINT ( 'NONE',  ( 1.934767834548602350, 0.3880236722248595060, 0.005270901231338727400 ) ) ;
#3683 = CARTESIAN_POINT ( 'NONE',  ( 0.5870137572278580906, 1.423700988765330910, 0.000000000000000000 ) ) ;
#3684 = CARTESIAN_POINT ( 'NONE',  ( 1.284370875885076924, -0.5295334903939589166, 0.005270901231338727400 ) ) ;
#3685 = CARTESIAN_POINT ( 'NONE',  ( -0.5790186005915372025, -0.8686075351197306560, -0.005270901231338727400 ) ) ;
#3686 = CARTESIAN_POINT ( 'NONE',  ( -0.9678467287531302699, 0.4002091145664556371, -0.005270901231338724797 ) ) ;
#3687 = CARTESIAN_POINT ( 'NONE',  ( -0.5842055717920714430, -1.095715841174814020, 0.000000000000000000 ) ) ;
#3688 = CARTESIAN_POINT ( 'NONE',  ( -0.1766681510629661278, -1.823454477274821350, -0.005270901231338727400 ) ) ;
#3689 = CARTESIAN_POINT ( 'NONE',  ( 1.714289111671689181, -0.3388039855823276603, 0.02015000000000002206 ) ) ;
#3690 = CARTESIAN_POINT ( 'NONE',  ( -0.8272244547994549446, 1.004689672484448293, -0.02015000000000002206 ) ) ;
#3691 = CARTESIAN_POINT ( 'NONE',  ( -1.281608850268985522, 0.6832959026439987538, 0.005270901231338729134 ) ) ;
#3692 = CARTESIAN_POINT ( 'NONE',  ( 0.9809813853701755404, 1.199286113378744245, 0.000000000000000000 ) ) ;
#3693 = CARTESIAN_POINT ( 'NONE',  ( 0.0008094673165792621748, -1.590508989809326090, -0.02015000000000002206 ) ) ;
#3694 = CARTESIAN_POINT ( 'NONE',  ( -0.8639485681227481173, 0.1702611048391229898, -0.005270901231338727400 ) ) ;
#3695 = CARTESIAN_POINT ( 'NONE',  ( -0.4720532235583049241, -1.145040763001760276, 0.000000000000000000 ) ) ;
#3696 = CARTESIAN_POINT ( 'NONE',  ( -0.9472795422459056036, -0.3923421444986895379, 0.02015000000000002206 ) ) ;
#3697 = CARTESIAN_POINT ( 'NONE',  ( 1.738182607244135980, 0.0009324142917533815526, 2.134256245050205639E-18 ) ) ;
#3698 = CARTESIAN_POINT ( 'NONE',  ( 1.070867543531142552, 1.071877007285629624, 0.02015000000000002206 ) ) ;
#3699 = CARTESIAN_POINT ( 'NONE',  ( 0.8849568241518871448, 0.2687714400707260642, -0.005270901231338724797 ) ) ;
#3700 = CARTESIAN_POINT ( 'NONE',  ( 0.7446632388243006329, 1.116805550042649919, -0.02015000000000002206 ) ) ;
#3701 = CARTESIAN_POINT ( 'NONE',  ( 1.156678471971253064, -0.2281376048065439366, 0.02015000000000002206 ) ) ;
#3702 = CARTESIAN_POINT ( 'NONE',  ( -0.1509215949444404903, 1.516840844423077650, 0.000000000000000000 ) ) ;
#3703 = CARTESIAN_POINT ( 'NONE',  ( -1.245328695213201664, -0.2490531081885033471, 0.005270901231338727400 ) ) ;
#3704 = CARTESIAN_POINT ( 'NONE',  ( 1.370367326566495292, -0.1327626872445139550, 0.02015000000000002206 ) ) ;
#3705 = CARTESIAN_POINT ( 'NONE',  ( -1.232984250545575255, 0.1211860420625452128, 0.005270901231338729134 ) ) ;
#3706 = CARTESIAN_POINT ( 'NONE',  ( 0.9481668450031139894, 1.422774367408236262, -0.02015000000000002206 ) ) ;
#3707 = CARTESIAN_POINT ( 'NONE',  ( 0.6376517933918159908, -0.7742497078386332277, 0.000000000000000000 ) ) ;
#3708 = CARTESIAN_POINT ( 'NONE',  ( -1.545680182069505193, 1.030030881960925404, -0.005270901231338724797 ) ) ;
#3709 = CARTESIAN_POINT ( 'NONE',  ( -0.5341550859770164417, -0.6522239724316554188, 0.02015000000000002206 ) ) ;
#3710 = CARTESIAN_POINT ( 'NONE',  ( 1.237578667588751458, -1.013612625735693884, 0.000000000000000000 ) ) ;
#3711 = CARTESIAN_POINT ( 'NONE',  ( -1.191231214967320984, 0.4919834175174020441, 0.005270901231338727400 ) ) ;
#3712 = CARTESIAN_POINT ( 'NONE',  ( 0.5861647739729503037, -0.4811735385344148019, 0.02015000000000002206 ) ) ;
#3713 = CARTESIAN_POINT ( 'NONE',  ( 0.5861647739729503037, -0.4811735385344148019, -0.02015000000000002206 ) ) ;
#3714 = CARTESIAN_POINT ( 'NONE',  ( 0.5870137572278580906, 1.423700988765330910, -0.005270901231338727400 ) ) ;
#3715 = CARTESIAN_POINT ( 'NONE',  ( -0.1928182795789623871, -0.9718659391110169299, -0.005270901231338724797 ) ) ;
#3716 = CARTESIAN_POINT ( 'NONE',  ( 0.7462914311601734907, 1.119380830785750458, 0.000000000000000000 ) ) ;
#3717 = CARTESIAN_POINT ( 'NONE',  ( 1.379823238307043454, 1.384188372270204415, -0.005270901231338727400 ) ) ;
#3718 = CARTESIAN_POINT ( 'NONE',  ( 0.7298681232698380761, -0.0008544233854192408899, 2.134256245050205639E-18 ) ) ;
#3719 = CARTESIAN_POINT ( 'NONE',  ( -1.841646921389384683, -0.002314928738824513672, 0.02015000000000002206 ) ) ;
#3720 = CARTESIAN_POINT ( 'NONE',  ( -0.3557584943596631133, -1.797274823402982724, -0.02015000000000002206 ) ) ;
#3721 = CARTESIAN_POINT ( 'NONE',  ( -0.4575541425220522873, -1.107228506377783139, 0.005270901231338729134 ) ) ;
#3722 = CARTESIAN_POINT ( 'NONE',  ( -1.652425368215098223, 0.3270096839457019566, 0.000000000000000000 ) ) ;
#3723 = CARTESIAN_POINT ( 'NONE',  ( -1.528157176001552209, 0.6308448024161964485, -0.02015000000000002206 ) ) ;
#3724 = CARTESIAN_POINT ( 'NONE',  ( 0.08930941710401958666, 0.9233570030237818749, -0.005270901231338727400 ) ) ;
#3725 = CARTESIAN_POINT ( 'NONE',  ( 1.073875146656476431, 0.4469357622034294542, 0.000000000000000000 ) ) ;
#3726 = CARTESIAN_POINT ( 'NONE',  ( -0.4724030389728655077, -0.8850955277786762831, 0.02015000000000002206 ) ) ;
#3727 = CARTESIAN_POINT ( 'NONE',  ( 1.654055311329860167, 0.5027146793919471390, 2.134256245050205639E-18 ) ) ;
#3728 = CARTESIAN_POINT ( 'NONE',  ( 1.536050693444732440, -0.1505340861732626934, 0.02015000000000002206 ) ) ;
#3729 = CARTESIAN_POINT ( 'NONE',  ( -0.4094670246554983351, 0.7657510921038237495, -0.005270901231338724797 ) ) ;
#3730 = CARTESIAN_POINT ( 'NONE',  ( 1.080240999027268556, -0.8836540091166532607, -0.02015000000000002206 ) ) ;
#3731 = CARTESIAN_POINT ( 'NONE',  ( 0.7251785362446631078, 0.8854124989496924281, 0.02015000000000002206 ) ) ;
#3732 = CARTESIAN_POINT ( 'NONE',  ( -0.5016177987361265522, 1.644133697731048560, 0.000000000000000000 ) ) ;
#3733 = CARTESIAN_POINT ( 'NONE',  ( 0.5723038585685772395, -1.066403946178889672, 0.005270901231338727400 ) ) ;
#3734 = CARTESIAN_POINT ( 'NONE',  ( 1.044066554658972024, 0.8585341543799945851, 0.02015000000000002206 ) ) ;
#3735 = CARTESIAN_POINT ( 'NONE',  ( -1.173192782201607054, -0.3569883028495337007, 0.005270901231338729134 ) ) ;
#3736 = CARTESIAN_POINT ( 'NONE',  ( 1.536050693444732440, -0.1505340861732626934, -0.02015000000000002206 ) ) ;
#3737 = CARTESIAN_POINT ( 'NONE',  ( 0.6630337800754604327, -0.3551223340126441474, -0.02015000000000002206 ) ) ;
#3738 = CARTESIAN_POINT ( 'NONE',  ( 0.7241896880607525677, -0.2985638667501399057, 0.02015000000000002206 ) ) ;
#3739 = CARTESIAN_POINT ( 'NONE',  ( 0.4713594034279414702, -1.548374499504132640, 0.000000000000000000 ) ) ;
#3740 = CARTESIAN_POINT ( 'NONE',  ( 0.5017951279756529548, 1.663767782017541164, 0.005270901231338727400 ) ) ;
#3741 = CARTESIAN_POINT ( 'NONE',  ( 0.3629218751330963166, -0.6802258142216927039, 0.02015000000000002206 ) ) ;
#3742 = CARTESIAN_POINT ( 'NONE',  ( -0.1734321113240538947, -1.783087331690172084, -0.005270901231338724797 ) ) ;
#3743 = CARTESIAN_POINT ( 'NONE',  ( 1.356728512085618732, -0.2684365249612486459, -0.005270901231338727400 ) ) ;
#3744 = CARTESIAN_POINT ( 'NONE',  ( 1.126571502969889949, 0.1118021956371978293, -0.005270901231338724797 ) ) ;
#3745 = CARTESIAN_POINT ( 'NONE',  ( 0.4137033172014812354, -1.355796239783332524, 0.000000000000000000 ) ) ;
#3746 = CARTESIAN_POINT ( 'NONE',  ( -0.8639485681227481173, 0.1702611048391229898, 0.000000000000000000 ) ) ;
#3747 = DIRECTION ( 'NONE',  ( -0.01726204665747662834, 0.9998509997720635978, 0.000000000000000000 ) ) ;
#3748 = CARTESIAN_POINT ( 'NONE',  ( -1.548242864754658221, 1.031678816472028748, 0.02015000000000002206 ) ) ;
#3749 = CARTESIAN_POINT ( 'NONE',  ( -1.670400788578751516, 0.1618696468243993047, -0.02015000000000002206 ) ) ;
#3750 = CARTESIAN_POINT ( 'NONE',  ( -1.011226627033686709, -0.6769254890068490127, 0.005270901231338729134 ) ) ;
#3751 = CARTESIAN_POINT ( 'NONE',  ( -1.178584972652667151, 1.177309381336838934, -0.02015000000000002206 ) ) ;
#3752 = CARTESIAN_POINT ( 'NONE',  ( 1.051687412658427911, -0.5598699597655386606, -0.005270901231338727400 ) ) ;
#3753 = CARTESIAN_POINT ( 'NONE',  ( 0.4344157740023583125, 1.051937181222844409, 0.000000000000000000 ) ) ;
#3754 = CARTESIAN_POINT ( 'NONE',  ( -0.0008160780034905748288, 1.088051799897545857, 0.02015000000000002206 ) ) ;
#3755 = CARTESIAN_POINT ( 'NONE',  ( -1.607222526898616444, -0.8602496491509953325, 2.134256245050205639E-18 ) ) ;
#3756 = CARTESIAN_POINT ( 'NONE',  ( -1.250789559989211375, -1.027588953552743378, 0.02015000000000002206 ) ) ;
#3757 = CARTESIAN_POINT ( 'NONE',  ( -0.2323421480427178831, -1.168959613113591312, -0.005270901231338724797 ) ) ;
#3758 = CARTESIAN_POINT ( 'NONE',  ( 0.1745913959090479028, 0.8762144655209109789, 0.02015000000000002206 ) ) ;
#3759 = CARTESIAN_POINT ( 'NONE',  ( 1.257028647251172027, 0.5221017232407895170, -0.02015000000000002206 ) ) ;
#3760 = CARTESIAN_POINT ( 'NONE',  ( 0.1678103081586940493, 1.720360762749144845, 0.02015000000000002206 ) ) ;
#3761 = CARTESIAN_POINT ( 'NONE',  ( -1.166974902555377724, -1.170733384784473863, 0.000000000000000000 ) ) ;
#3762 = CARTESIAN_POINT ( 'NONE',  ( -0.9180889019851310451, -1.120993592982966192, 0.005270901231338727400 ) ) ;
#3763 = CARTESIAN_POINT ( 'NONE',  ( 0.2779090355370689713, -1.390157176172468478, 0.02015000000000002206 ) ) ;
#3764 = CARTESIAN_POINT ( 'NONE',  ( 1.738182607244135980, 0.0009324142917533815526, 0.005270901231338729134 ) ) ;
#3765 = CARTESIAN_POINT ( 'NONE',  ( -0.4636490301652175794, -1.531274946383097246, -0.02015000000000002206 ) ) ;
#3766 = CARTESIAN_POINT ( 'NONE',  ( -0.0001026719777850645108, -0.9876360518246491971, -0.02015000000000002206 ) ) ;
#3767 = CARTESIAN_POINT ( 'NONE',  ( 0.1475485730782827021, 1.523421985877380758, 0.000000000000000000 ) ) ;
#3768 = CARTESIAN_POINT ( 'NONE',  ( -0.9520404726851268151, 1.419900844480240343, 0.005270901231338727400 ) ) ;
#3769 = CARTESIAN_POINT ( 'NONE',  ( -0.001785790528654647826, 1.926346365166137886, 0.02015000000000002206 ) ) ;
#3770 = CARTESIAN_POINT ( 'NONE',  ( -1.710714577448589013, 0.7074474854740289143, -0.005270901231338724797 ) ) ;
#3771 = CARTESIAN_POINT ( 'NONE',  ( -0.7147809355183392110, 1.332049816219171845, -0.005270901231338727400 ) ) ;
#3772 = CARTESIAN_POINT ( 'NONE',  ( -0.6949141861167402734, 1.296761074701824334, -0.005270901231338724797 ) ) ;
#3773 = CARTESIAN_POINT ( 'NONE',  ( -0.4670301143217400197, -0.7016685252095359315, 0.000000000000000000 ) ) ;
#3774 = CARTESIAN_POINT ( 'NONE',  ( 1.949984140556861867, 0.001837933221555797291, -1.057407396370665064E-21 ) ) ;
#3775 = CARTESIAN_POINT ( 'NONE',  ( 0.7653347998975816857, -0.1512902070212980843, 0.005270901231338727400 ) ) ;
#3776 = CARTESIAN_POINT ( 'NONE',  ( -1.836074367006176100, 0.1797209058144741134, 0.02015000000000002206 ) ) ;
#3777 = CARTESIAN_POINT ( 'NONE',  ( -0.3156966766002555214, -1.600282693913325893, -0.02015000000000002206 ) ) ;
#3778 = CARTESIAN_POINT ( 'NONE',  ( -0.8931426954961040332, -1.089092637845695100, 0.005270901231338729134 ) ) ;
#3779 = CARTESIAN_POINT ( 'NONE',  ( -0.2910768763784165603, 1.454855851028867386, -0.02015000000000002206 ) ) ;
#3780 = CARTESIAN_POINT ( 'NONE',  ( 1.199226881201504336, 0.6435423970449928310, -0.005270901231338727400 ) ) ;
#3781 = CARTESIAN_POINT ( 'NONE',  ( 0.9809813853701755404, 1.199286113378744245, 0.000000000000000000 ) ) ;
#3782 = CARTESIAN_POINT ( 'NONE',  ( -0.7519843944157027504, 0.4017174655522448012, 0.02015000000000002206 ) ) ;
#3783 = CARTESIAN_POINT ( 'NONE',  ( 0.4907828861924954933, 1.624797151762133796, 2.134256245050205639E-18 ) ) ;
#3784 = CARTESIAN_POINT ( 'NONE',  ( -1.615553204686548616, 0.3204571654447166407, 0.02015000000000002206 ) ) ;
#3785 = CARTESIAN_POINT ( 'NONE',  ( 1.119759328950334698, -0.2218543593727494712, -0.005270901231338724797 ) ) ;
#3786 = CARTESIAN_POINT ( 'NONE',  ( 0.6635765156539205067, 1.606275832829189065, -0.02015000000000002206 ) ) ;
#3787 = CARTESIAN_POINT ( 'NONE',  ( 0.7733407575674710044, -0.07474962851159740185, 0.000000000000000000 ) ) ;
#3788 = CARTESIAN_POINT ( 'NONE',  ( -0.5811267864092536373, 1.399015821251289093, 0.005270901231338727400 ) ) ;
#3789 = CARTESIAN_POINT ( 'NONE',  ( -0.5035762057864690000, 1.210256311549694264, 0.02015000000000002206 ) ) ;
#3790 = CARTESIAN_POINT ( 'NONE',  ( -1.176387336402598960, 1.175199064374667701, 0.005270901231338729134 ) ) ;
#3791 = CARTESIAN_POINT ( 'NONE',  ( -1.441369501869378178, 1.181436256187674116, -0.02015000000000002206 ) ) ;
#3792 = CARTESIAN_POINT ( 'NONE',  ( -0.3138698664412827299, 1.031956064532047801, -0.02015000000000002206 ) ) ;
#3793 = CARTESIAN_POINT ( 'NONE',  ( -0.001840833590225307917, 1.929392674238441963, 0.000000000000000000 ) ) ;
#3794 = CARTESIAN_POINT ( 'NONE',  ( 0.001600930868976154896, -1.627950493827648559, 0.005270901231338727400 ) ) ;
#3795 = CARTESIAN_POINT ( 'NONE',  ( 0.6630337800754604327, -0.3551223340126441474, 0.02015000000000002206 ) ) ;
#3796 = CARTESIAN_POINT ( 'NONE',  ( -1.438979288415740188, 1.179546835686121176, -0.005270901231338724797 ) ) ;
#3797 = CARTESIAN_POINT ( 'NONE',  ( 1.199226881201504336, 0.6435423970449928310, -0.005270901231338727400 ) ) ;
#3798 = CARTESIAN_POINT ( 'NONE',  ( 0.9261977106000932602, 0.9279532266270980045, -0.005270901231338724797 ) ) ;
#3799 = CARTESIAN_POINT ( 'NONE',  ( 0.8271076052984762672, -0.5505878705505450332, 0.000000000000000000 ) ) ;
#3800 = CARTESIAN_POINT ( 'NONE',  ( -0.6163827538810128237, 0.9190978106364767752, 0.000000000000000000 ) ) ;
#3801 = CARTESIAN_POINT ( 'NONE',  ( 1.966791553317508212, 0.1955994674647489606, 0.000000000000000000 ) ) ;
#3802 = CARTESIAN_POINT ( 'NONE',  ( -0.07777606522903574016, -0.7829268229029457959, 0.005270901231338729134 ) ) ;
#3803 = MANIFOLD_SOLID_BREP ( 'Sweep1', #909 ) ;
#3804 = CARTESIAN_POINT ( 'NONE',  ( 1.775625353823729657, 0.001661561025790596422, -0.02015000000000002206 ) ) ;
#3805 = CARTESIAN_POINT ( 'NONE',  ( 1.672625375881530596, -0.5063991488351508030, 0.005270901231338729134 ) ) ;
#3806 = CARTESIAN_POINT ( 'NONE',  ( -1.470748816805947712, 1.204660073240859441, 0.000000000000000000 ) ) ;
#3807 = CARTESIAN_POINT ( 'NONE',  ( -0.8430564036669172534, 0.2548042081326173380, -0.02015000000000002206 ) ) ;
#3808 = CARTESIAN_POINT ( 'NONE',  ( 0.2785749807400254574, -1.393130320574346381, -0.005270901231338727400 ) ) ;
#3809 = CARTESIAN_POINT ( 'NONE',  ( 0.5870137572278580906, 1.423700988765330910, 0.000000000000000000 ) ) ;
#3810 =( REPRESENTATION_RELATIONSHIP ('NONE','NONE', #781, #4267 ) REPRESENTATION_RELATIONSHIP_WITH_TRANSFORMATION ( #1344 )SHAPE_REPRESENTATION_RELATIONSHIP( ) );
#3811 = CARTESIAN_POINT ( 'NONE',  ( 0.9132688088264234727, 0.1814404916164773507, 0.02015000000000002206 ) ) ;
#3812 = FILL_AREA_STYLE ('',( #5246 ) ) ;
#3813 = CARTESIAN_POINT ( 'NONE',  ( -0.6780058982080960917, -0.4523228392360981731, 0.005270901231338729134 ) ) ;
#3814 = CARTESIAN_POINT ( 'NONE',  ( 1.015459890964976797, -0.5417713820686348436, -0.005270901231338724797 ) ) ;
#3815 = CARTESIAN_POINT ( 'NONE',  ( 1.166746434332063931, 0.1168980261592754283, 0.000000000000000000 ) ) ;
#3816 = CARTESIAN_POINT ( 'NONE',  ( -1.670400788578751516, 0.1618696468243993047, -0.02015000000000002206 ) ) ;
#3817 = CARTESIAN_POINT ( 'NONE',  ( 0.5017951279756529548, 1.663767782017541164, 0.000000000000000000 ) ) ;
#3818 = CARTESIAN_POINT ( 'NONE',  ( 1.630538963073325132, 0.6784420869181572167, 0.005270901231338727400 ) ) ;
#3819 = CARTESIAN_POINT ( 'NONE',  ( 0.6293603150168006755, 1.181991064694784654, 0.02015000000000002206 ) ) ;
#3820 = CARTESIAN_POINT ( 'NONE',  ( 0.5522514997431299255, -1.031220227964161795, 2.134256245050205639E-18 ) ) ;
#3821 = CARTESIAN_POINT ( 'NONE',  ( -1.429546011942837369, -0.7662204336908730040, 0.005270901231338729134 ) ) ;
#3822 = CARTESIAN_POINT ( 'NONE',  ( 0.6817157931992979814, -1.643101132199427550, -0.02015000000000002206 ) ) ;
#3823 = CARTESIAN_POINT ( 'NONE',  ( 1.138352634839041366, 0.0001668850502806230071, -0.02015000000000002206 ) ) ;
#3824 = CARTESIAN_POINT ( 'NONE',  ( 0.9141710740835822246, 1.716813157271476431, 0.000000000000000000 ) ) ;
#3825 = CARTESIAN_POINT ( 'NONE',  ( 1.499964968759224915, 0.4576605579692981096, 0.005270901231338727400 ) ) ;
#3826 = CARTESIAN_POINT ( 'NONE',  ( -1.036009244467034796, 0.1013319705581807867, -0.02015000000000002206 ) ) ;
#3827 = CARTESIAN_POINT ( 'NONE',  ( -1.211627510803702679, -0.3697460764318586390, -0.005270901231338727400 ) ) ;
#3828 = CARTESIAN_POINT ( 'NONE',  ( -0.1155385463753380859, -1.182995983348789304, -0.005270901231338724797 ) ) ;
#3829 = CARTESIAN_POINT ( 'NONE',  ( -0.3499696474764826815, 0.8422069134738534579, 0.000000000000000000 ) ) ;
#3830 = CARTESIAN_POINT ( 'NONE',  ( 0.3890591810186798116, -0.9347091925379735766, 0.000000000000000000 ) ) ;
#3831 = CARTESIAN_POINT ( 'NONE',  ( 0.5610388891212514384, 1.855864658646915411, 0.000000000000000000 ) ) ;
#3832 = CARTESIAN_POINT ( 'NONE',  ( -1.276923790620680510, -1.049962423047197113, -0.02015000000000002206 ) ) ;
#3833 = CARTESIAN_POINT ( 'NONE',  ( -1.633066050008180392, 0.1589354777476481850, 0.005270901231338729134 ) ) ;
#3834 = FILL_AREA_STYLE ('',( #662 ) ) ;
#3835 = CARTESIAN_POINT ( 'NONE',  ( -0.5475733577187856804, 1.801132969875795631, -0.02015000000000002206 ) ) ;
#3836 = CARTESIAN_POINT ( 'NONE',  ( 0.5723038585685772395, -1.066403946178889672, -0.005270901231338727400 ) ) ;
#3837 = CARTESIAN_POINT ( 'NONE',  ( -0.7724506283608468804, -1.450762859432999985, 0.000000000000000000 ) ) ;
#3838 = CARTESIAN_POINT ( 'NONE',  ( 0.8623605224465453745, 0.7088624081050999282, 0.02015000000000002206 ) ) ;
#3839 = CARTESIAN_POINT ( 'NONE',  ( -1.039855452302316241, 1.554296002936071730, 2.134256245050205639E-18 ) ) ;
#3840 = CARTESIAN_POINT ( 'NONE',  ( 0.3679464252488264253, 1.862165166465392208, 0.02015000000000002206 ) ) ;
#3841 = CARTESIAN_POINT ( 'NONE',  ( 0.4490151756110046244, -1.083643146939358370, -0.005270901231338724797 ) ) ;
#3842 = CARTESIAN_POINT ( 'NONE',  ( -0.2195312356370549833, 1.097527069858855953, 0.000000000000000000 ) ) ;
#3843 = CARTESIAN_POINT ( 'NONE',  ( -0.4729414580599122786, -1.564399274764243453, -0.02015000000000002206 ) ) ;
#3844 = CARTESIAN_POINT ( 'NONE',  ( 0.9683766516261700374, 1.454303005633201140, 0.000000000000000000 ) ) ;
#3845 = CARTESIAN_POINT ( 'NONE',  ( -1.368603655623050086, -0.4157902524549188517, 0.02015000000000002206 ) ) ;
#3846 = CARTESIAN_POINT ( 'NONE',  ( -1.423066926536470600, 0.4301271789304639270, 0.005270901231338727400 ) ) ;
#3847 = CARTESIAN_POINT ( 'NONE',  ( -0.9502988545904972328, 1.417400882644831883, 0.02015000000000002206 ) ) ;
#3848 = AXIS2_PLACEMENT_3D ( 'NONE', #280, #2550, #4400 ) ;
#3849 = CARTESIAN_POINT ( 'NONE',  ( 0.001469625133894321856, -1.389488013031274560, 0.02015000000000002206 ) ) ;
#3850 = CARTESIAN_POINT ( 'NONE',  ( 0.7927137538579086540, -0.5292087908012511610, 2.134256245050205639E-18 ) ) ;
#3851 = CARTESIAN_POINT ( 'NONE',  ( 1.432079220467927572, -0.5924330232573018495, 0.005270901231338729134 ) ) ;
#3852 = CARTESIAN_POINT ( 'NONE',  ( -0.8509513681747179481, -1.594284229820047916, -0.02015000000000002206 ) ) ;
#3853 = CARTESIAN_POINT ( 'NONE',  ( -1.011579903679379111, -0.2019085198596478614, -0.02015000000000002206 ) ) ;
#3854 = CARTESIAN_POINT ( 'NONE',  ( 0.001477987492284754244, -0.8240439628872554545, 0.005270901231338727400 ) ) ;
#3855 = CARTESIAN_POINT ( 'NONE',  ( 0.2977231044529745629, 1.504576940149330744, 0.005270901231338727400 ) ) ;
#3856 = CARTESIAN_POINT ( 'NONE',  ( -0.0008160780034905748288, 1.088051799897545857, -0.02015000000000002206 ) ) ;
#3857 = CARTESIAN_POINT ( 'NONE',  ( 1.294700086024715091, 0.8681260429874646523, -0.005270901231338727400 ) ) ;
#3858 = CARTESIAN_POINT ( 'NONE',  ( 0.6465899100653449416, -1.208728802795006052, -0.005270901231338724797 ) ) ;
#3859 = CARTESIAN_POINT ( 'NONE',  ( -0.7856371147769859453, 0.4181495140189092630, 0.000000000000000000 ) ) ;
#3860 = CARTESIAN_POINT ( 'NONE',  ( -0.09135109889392062366, 0.9169065658045697509, 0.000000000000000000 ) ) ;
#3861 = CARTESIAN_POINT ( 'NONE',  ( 0.4485538944511942017, -0.6686962936752517406, 0.005270901231338727400 ) ) ;
#3862 = CARTESIAN_POINT ( 'NONE',  ( -0.7432208872972275726, 0.4953821853174797951, -0.005270901231338727400 ) ) ;
#3863 = CARTESIAN_POINT ( 'NONE',  ( 1.726423020526979268, 0.1721210642396229784, 0.005270901231338729134 ) ) ;
#3864 = CARTESIAN_POINT ( 'NONE',  ( -1.808061033695298248, 0.5453418723856460204, 0.000000000000000000 ) ) ;
#3865 = CARTESIAN_POINT ( 'NONE',  ( -0.5341550859770164417, -0.6522239724316554188, -0.02015000000000002206 ) ) ;
#3866 = CARTESIAN_POINT ( 'NONE',  ( -1.211627510803702679, -0.3697460764318586390, -0.005270901231338727400 ) ) ;
#3867 = CARTESIAN_POINT ( 'NONE',  ( -0.1505549023377712736, 1.513816179954484697, 0.02015000000000002206 ) ) ;
#3868 = CARTESIAN_POINT ( 'NONE',  ( 1.540931945940445580, 0.3080968532916672498, 0.000000000000000000 ) ) ;
#3869 = CARTESIAN_POINT ( 'NONE',  ( 1.138352634839041366, 0.0001668850502806230071, 0.02015000000000002206 ) ) ;
#3870 = CARTESIAN_POINT ( 'NONE',  ( 1.779489441669531935, 0.7383356536689515970, 2.134256245050205639E-18 ) ) ;
#3871 = CARTESIAN_POINT ( 'NONE',  ( -0.8239644071500840106, 0.1638362993459017980, 0.005270901231338729134 ) ) ;
#3872 = CARTESIAN_POINT ( 'NONE',  ( -1.205834867896449669, -0.2400961861947720766, -0.005270901231338724797 ) ) ;
#3873 = CARTESIAN_POINT ( 'NONE',  ( 0.9232900528251212213, 0.2818315948865870446, 0.000000000000000000 ) ) ;
#3874 = CARTESIAN_POINT ( 'NONE',  ( 1.570353262082317958, -0.1531617794290483503, -0.02015000000000002206 ) ) ;
#3875 = CARTESIAN_POINT ( 'NONE',  ( 1.379823238307043454, 1.384188372270204415, 0.000000000000000000 ) ) ;
#3876 = CARTESIAN_POINT ( 'NONE',  ( -1.464872751235547721, -0.7860194739903916261, 0.005270901231338727400 ) ) ;
#3877 = CARTESIAN_POINT ( 'NONE',  ( -0.7132862400001465097, 1.329394831111448516, 0.02015000000000002206 ) ) ;
#3878 = CARTESIAN_POINT ( 'NONE',  ( -1.026732299346029720, -0.1010144595162804776, 2.134256245050205639E-18 ) ) ;
#3879 = CARTESIAN_POINT ( 'NONE',  ( -0.8917744864263479343, -1.336019300625992834, 0.005270901231338729134 ) ) ;
#3880 = CARTESIAN_POINT ( 'NONE',  ( 1.729449029930255399, 0.1724764586492288365, -0.02015000000000002206 ) ) ;
#3881 = CARTESIAN_POINT ( 'NONE',  ( 0.1068750319368580587, 1.086007351070269467, -0.02015000000000002206 ) ) ;
#3882 = CARTESIAN_POINT ( 'NONE',  ( -1.309739434344496578, -1.312257947754155607, 0.000000000000000000 ) ) ;
#3883 = CARTESIAN_POINT ( 'NONE',  ( 0.5610388891212514384, 1.855864658646915411, 0.005270901231338727400 ) ) ;
#3884 = CARTESIAN_POINT ( 'NONE',  ( -0.5592232289222567321, -0.8368167979030678438, -0.02015000000000002206 ) ) ;
#3885 = CARTESIAN_POINT ( 'NONE',  ( 1.376839913707069041, 0.7376920377158671105, -0.005270901231338727400 ) ) ;
#3886 = CARTESIAN_POINT ( 'NONE',  ( -1.315152046915399442, -0.5463515336882580620, -0.005270901231338724797 ) ) ;
#3887 = CARTESIAN_POINT ( 'NONE',  ( -0.3257888356608308889, 1.067458781819022429, 0.000000000000000000 ) ) ;
#3888 = CARTESIAN_POINT ( 'NONE',  ( 0.3276081503265225736, 1.086594775272874180, 0.005270901231338727400 ) ) ;
#3889 = CARTESIAN_POINT ( 'NONE',  ( 0.4485538944511942017, -0.6686962936752517406, -0.005270901231338727400 ) ) ;
#3890 = CARTESIAN_POINT ( 'NONE',  ( 1.341552906882097940, 0.7178222330833942122, 0.005270901231338729134 ) ) ;
#3891 = CARTESIAN_POINT ( 'NONE',  ( 0.8271076052984762672, -0.5505878705505450332, 0.000000000000000000 ) ) ;
#3892 = CARTESIAN_POINT ( 'NONE',  ( 0.3679464252488264253, 1.862165166465392208, -0.02015000000000002206 ) ) ;
#3893 = CARTESIAN_POINT ( 'NONE',  ( -1.466694833401301468, -0.1468714080645105169, -0.005270901231338727400 ) ) ;
#3894 = CARTESIAN_POINT ( 'NONE',  ( 0.7247166408926430936, 1.358958911913431544, 0.02015000000000002206 ) ) ;
#3895 = CARTESIAN_POINT ( 'NONE',  ( 1.294700086024715091, 0.8681260429874646523, 0.000000000000000000 ) ) ;
#3896 = CARTESIAN_POINT ( 'NONE',  ( 1.129594105643378921, 0.1121855857374159382, 0.02015000000000002206 ) ) ;
#3897 = CARTESIAN_POINT ( 'NONE',  ( -0.001818204544977326852, 1.122440404158823402, -0.02015000000000002206 ) ) ;
#3898 = CARTESIAN_POINT ( 'NONE',  ( -0.08592611775836500598, 0.8767745760799271482, 0.005270901231338729134 ) ) ;
#3899 = CARTESIAN_POINT ( 'NONE',  ( 0.1648841687081069318, 1.683025402547531968, -0.005270901231338724797 ) ) ;
#3900 = CARTESIAN_POINT ( 'NONE',  ( -1.244767478624644097, 0.8299278464495765117, 0.000000000000000000 ) ) ;
#3901 = CARTESIAN_POINT ( 'NONE',  ( -0.5006771717770824859, 1.641235722060790048, -0.02015000000000002206 ) ) ;
#3902 = CARTESIAN_POINT ( 'NONE',  ( 0.6967738038866111427, -0.3713746445300929455, 0.000000000000000000 ) ) ;
#3903 = CARTESIAN_POINT ( 'NONE',  ( 0.1807068429672382681, -1.816807983761690171, 0.005270901231338727400 ) ) ;
#3904 = CARTESIAN_POINT ( 'NONE',  ( -0.4729414580599122786, -1.564399274764243453, 0.02015000000000002206 ) ) ;
#3905 = CARTESIAN_POINT ( 'NONE',  ( -0.4575541425220522873, -1.107228506377783139, 2.134256245050205639E-18 ) ) ;
#3906 = CARTESIAN_POINT ( 'NONE',  ( 0.7253161464796067381, -0.1450829918850024824, -0.005270901231338724797 ) ) ;
#3907 = CARTESIAN_POINT ( 'NONE',  ( 1.741228837452423850, 0.0009917354956735244600, -0.02015000000000002206 ) ) ;
#3908 = CARTESIAN_POINT ( 'NONE',  ( -1.156267023220497236, 0.4785668528547726286, -0.02015000000000002206 ) ) ;
#3909 = CARTESIAN_POINT ( 'NONE',  ( 0.6967738038866111427, -0.3713746445300929455, 0.005270901231338727400 ) ) ;
#3910 = CARTESIAN_POINT ( 'NONE',  ( -1.642575093221395832, -0.8800024732142828210, 0.005270901231338727400 ) ) ;
#3911 = CARTESIAN_POINT ( 'NONE',  ( -0.8369219450051273990, 0.0004237205418483345272, -0.02015000000000002206 ) ) ;
#3912 = CARTESIAN_POINT ( 'NONE',  ( 0.001600930868976154896, -1.627950493827648559, -0.005270901231338727400 ) ) ;
#3913 = CARTESIAN_POINT ( 'NONE',  ( 1.121366271146441607, -1.364865584208182270, -0.005270901231338724797 ) ) ;
#3914 = CARTESIAN_POINT ( 'NONE',  ( -1.073373248748989095, 0.1038692060985847848, 0.000000000000000000 ) ) ;
#3915 = CARTESIAN_POINT ( 'NONE',  ( 0.1805767864995252714, 0.9131832279276178577, 0.005270901231338727400 ) ) ;
#3916 = CARTESIAN_POINT ( 'NONE',  ( -1.785403045475126849, -0.5446387592111008313, -0.02015000000000002206 ) ) ;
#3917 = CARTESIAN_POINT ( 'NONE',  ( 1.533012783452994299, -0.1503013719505936763, 0.005270901231338729134 ) ) ;
#3918 = CARTESIAN_POINT ( 'NONE',  ( 0.6376517933918159908, -0.7742497078386332277, 0.000000000000000000 ) ) ;
#3919 = CARTESIAN_POINT ( 'NONE',  ( 0.1597723334589088162, -0.7989620958169040277, -0.02015000000000002206 ) ) ;
#3920 = CARTESIAN_POINT ( 'NONE',  ( -1.652425368215098223, 0.3270096839457019566, -0.005270901231338727400 ) ) ;
#3921 = CARTESIAN_POINT ( 'NONE',  ( -1.649425558943177883, 0.3264765905802038404, 0.02015000000000002206 ) ) ;
#3922 = CARTESIAN_POINT ( 'NONE',  ( -1.579742085693920162, 1.051934407835061647, 0.000000000000000000 ) ) ;
#3923 = CARTESIAN_POINT ( 'NONE',  ( -1.156267023220497236, 0.4785668528547726286, 0.02015000000000002206 ) ) ;
#3924 = CARTESIAN_POINT ( 'NONE',  ( 1.895188785141269427, 0.3794518646105937698, 2.134256245050205639E-18 ) ) ;
#3925 = CARTESIAN_POINT ( 'NONE',  ( 0.2392761478865392810, -1.192881254395736113, -0.02015000000000002206 ) ) ;
#3926 = CARTESIAN_POINT ( 'NONE',  ( -1.441369501869378178, 1.181436256187674116, 0.02015000000000002206 ) ) ;
#3927 = CARTESIAN_POINT ( 'NONE',  ( -0.8917744864263479343, -1.336019300625992834, -0.005270901231338724797 ) ) ;
#3928 = CARTESIAN_POINT ( 'NONE',  ( -0.1509215949444404903, 1.516840844423077650, 0.000000000000000000 ) ) ;
#3929 = CARTESIAN_POINT ( 'NONE',  ( 1.775625353823729657, 0.001661561025790596422, -0.02015000000000002206 ) ) ;
#3930 = CARTESIAN_POINT ( 'NONE',  ( -0.8273931464775039490, -0.2520253568315128367, 0.000000000000000000 ) ) ;
#3931 = CARTESIAN_POINT ( 'NONE',  ( -1.242196105898545788, 0.8282934952162034348, 0.02015000000000002206 ) ) ;
#3932 = CARTESIAN_POINT ( 'NONE',  ( 0.5363425111141367774, -0.8031268213139206580, 2.134256245050205639E-18 ) ) ;
#3933 = CARTESIAN_POINT ( 'NONE',  ( -1.607222526898616444, -0.8602496491509953325, 0.005270901231338729134 ) ) ;
#3934 = CARTESIAN_POINT ( 'NONE',  ( -0.09094294480556901206, 0.9138871938897832337, -0.02015000000000002206 ) ) ;
#3935 = CARTESIAN_POINT ( 'NONE',  ( 1.249441187040006396, -0.5160274348369479069, -0.02015000000000002206 ) ) ;
#3936 = CARTESIAN_POINT ( 'NONE',  ( -0.9627351620698099133, 0.5132619293641010882, 0.005270901231338727400 ) ) ;
#3937 = CARTESIAN_POINT ( 'NONE',  ( 0.6940288161622885088, -0.3700524050109108010, 0.02015000000000002206 ) ) ;
#3938 = CARTESIAN_POINT ( 'NONE',  ( 0.8103407973608985904, 0.4327490058116802985, 0.005270901231338729134 ) ) ;
#3939 = CARTESIAN_POINT ( 'NONE',  ( -0.4046571075630648884, -1.339103541208640280, -0.02015000000000002206 ) ) ;
#3940 = CARTESIAN_POINT ( 'NONE',  ( -0.9520404726851268151, 1.419900844480240343, -0.005270901231338727400 ) ) ;
#3941 = CARTESIAN_POINT ( 'NONE',  ( 0.4587830611477785592, -1.509880127411586948, -0.005270901231338724797 ) ) ;
#3942 = CARTESIAN_POINT ( 'NONE',  ( -0.4720532235583049241, -1.145040763001760276, 0.000000000000000000 ) ) ;
#3943 = CARTESIAN_POINT ( 'NONE',  ( 0.8271076052984762672, -0.5505878705505450332, 0.005270901231338727400 ) ) ;
#3944 = CARTESIAN_POINT ( 'NONE',  ( -0.6804715744687609424, -0.4541127196253210707, 0.02015000000000002206 ) ) ;
#3945 = CARTESIAN_POINT ( 'NONE',  ( -1.870368203883203018, 0.1824596936279514192, -0.02015000000000002206 ) ) ;
#3946 = CARTESIAN_POINT ( 'NONE',  ( 1.926566350108709580, 0.1909192368995950850, 0.005270901231338729134 ) ) ;
#3947 = CARTESIAN_POINT ( 'NONE',  ( -0.4670301143217400197, -0.7016685252095359315, 0.000000000000000000 ) ) ;
#3948 = CARTESIAN_POINT ( 'NONE',  ( 0.1800898329695527489, 0.9101755596593320563, -0.02015000000000002206 ) ) ;
#3949 = CARTESIAN_POINT ( 'NONE',  ( 0.001600930868976154896, -1.627950493827648559, -0.005270901231338727400 ) ) ;
#3950 = CARTESIAN_POINT ( 'NONE',  ( 1.466979869720981267, -0.6060138120749977153, 0.02015000000000002206 ) ) ;
#3951 = CARTESIAN_POINT ( 'NONE',  ( -1.545101602934605856, -1.035954902380741727, 0.000000000000000000 ) ) ;
#3952 = CARTESIAN_POINT ( 'NONE',  ( -0.1157560122856376300, -1.186035031096887460, 0.02015000000000002206 ) ) ;
#3953 = CARTESIAN_POINT ( 'NONE',  ( -1.063868818953339845, -0.1058502938468968424, -0.02015000000000002206 ) ) ;
#3954 = CARTESIAN_POINT ( 'NONE',  ( 0.1160546734786433443, -1.176697007489277080, 0.005270901231338729134 ) ) ;
#3955 = CARTESIAN_POINT ( 'NONE',  ( -1.501132648447425666, -0.6226478967850905821, -0.005270901231338724797 ) ) ;
#3956 = CARTESIAN_POINT ( 'NONE',  ( -1.245328695213201664, -0.2490531081885033471, 0.000000000000000000 ) ) ;
#3957 = CARTESIAN_POINT ( 'NONE',  ( 0.3577602056173886935, -1.784007848971294719, -0.02015000000000002206 ) ) ;
#3958 = CARTESIAN_POINT ( 'NONE',  ( 0.5991790545834454473, 0.7327062561889097214, 0.000000000000000000 ) ) ;
#3959 = CARTESIAN_POINT ( 'NONE',  ( 0.6646863480767997157, 1.609113316227460677, 0.000000000000000000 ) ) ;
#3960 = CARTESIAN_POINT ( 'NONE',  ( 0.5009666105312480244, 1.660835786188032959, 0.02015000000000002206 ) ) ;
#3961 = CARTESIAN_POINT ( 'NONE',  ( 1.261513724069512010, 0.8449172617017847164, 2.134256245050205639E-18 ) ) ;
#3962 = CARTESIAN_POINT ( 'NONE',  ( 0.1509819783876368837, -0.7625580653310917167, -0.005270901231338724797 ) ) ;
#3963 = CARTESIAN_POINT ( 'NONE',  ( -0.1721150372736560685, 0.8638384878101335040, 0.02015000000000002206 ) ) ;
#3964 = CARTESIAN_POINT ( 'NONE',  ( 0.3560254763341290096, 0.8635267244308592050, -0.02015000000000002206 ) ) ;
#3965 = CARTESIAN_POINT ( 'NONE',  ( 0.7626816360359864877, -1.138856932270566613, -0.02015000000000002206 ) ) ;
#3966 = CARTESIAN_POINT ( 'NONE',  ( 0.08911762797419749138, 0.9203162114437608565, 0.02015000000000002206 ) ) ;
#3967 = CARTESIAN_POINT ( 'NONE',  ( 0.4655482169399987047, -1.120611367348821830, 0.000000000000000000 ) ) ;
#3968 = CARTESIAN_POINT ( 'NONE',  ( -0.5674580194021628943, -1.062219278675745393, 0.02015000000000002206 ) ) ;
#3969 = CARTESIAN_POINT ( 'NONE',  ( -1.048069353480812982, -0.2103362636239102523, 0.005270901231338727400 ) ) ;
#3970 = CARTESIAN_POINT ( 'NONE',  ( 1.495540774311185928, -0.9972006770378056828, 0.005270901231338727400 ) ) ;
#3971 = CARTESIAN_POINT ( 'NONE',  ( 1.135307068356967486, 7.949201421640480429E-05, 0.005270901231338729134 ) ) ;
#3972 = CARTESIAN_POINT ( 'NONE',  ( 1.329690037713667117, 0.1314362166377468222, -0.02015000000000002206 ) ) ;
#3973 = CARTESIAN_POINT ( 'NONE',  ( -0.002764890159205933909, 1.728369875091887886, -0.005270901231338727400 ) ) ;
#3974 = CARTESIAN_POINT ( 'NONE',  ( -1.248475055754836749, -1.025607510493779850, -0.005270901231338724797 ) ) ;
#3975 = CARTESIAN_POINT ( 'NONE',  ( 1.284370875885076924, -0.5295334903939589166, 0.000000000000000000 ) ) ;
#3976 = CARTESIAN_POINT ( 'NONE',  ( 0.3890591810186798116, -0.9347091925379735766, 0.005270901231338727400 ) ) ;
#3977 = CARTESIAN_POINT ( 'NONE',  ( -1.833558484084056639, -0.3664908185318206391, -0.02015000000000002206 ) ) ;
#3978 = CARTESIAN_POINT ( 'NONE',  ( -0.001109228592123104318, 1.888902649222202523, 0.005270901231338729134 ) ) ;
#3979 = CARTESIAN_POINT ( 'NONE',  ( -0.3499696474764826815, 0.8422069134738534579, 0.000000000000000000 ) ) ;
#3980 = CARTESIAN_POINT ( 'NONE',  ( -1.464872751235547721, -0.7860194739903916261, -0.005270901231338727400 ) ) ;
#3981 = CARTESIAN_POINT ( 'NONE',  ( 1.512104058723804378, 1.243362208235009092, 0.000000000000000000 ) ) ;
#3982 = CARTESIAN_POINT ( 'NONE',  ( 0.7091770969670531111, 1.328265361648204523, 0.02015000000000002206 ) ) ;
#3983 = APPLICATION_PROTOCOL_DEFINITION ( 'draft international standard', 'automotive_design', 1998, #5198 ) ;
#3984 = CARTESIAN_POINT ( 'NONE',  ( 0.9467594413471025483, 0.1893122252554306773, -0.02015000000000002206 ) ) ;
#3985 = CARTESIAN_POINT ( 'NONE',  ( 0.9282828724752931748, 0.6203148047323862047, 0.005270901231338729134 ) ) ;
#3986 = CARTESIAN_POINT ( 'NONE',  ( 1.068761233297969016, 1.069675527568017648, -0.005270901231338724797 ) ) ;
#3987 = CARTESIAN_POINT ( 'NONE',  ( 1.259813594297240824, 0.5233375016740893226, 0.000000000000000000 ) ) ;
#3988 = CARTESIAN_POINT ( 'NONE',  ( 1.931790063672310431, 0.3873787633791743734, -0.02015000000000002206 ) ) ;
#3989 = CARTESIAN_POINT ( 'NONE',  ( 0.001121125418458782325, -1.025066133049630013, 0.000000000000000000 ) ) ;
#3990 = CARTESIAN_POINT ( 'NONE',  ( -0.8088472554647893054, 1.509707503463420863, 0.000000000000000000 ) ) ;
#3991 = CARTESIAN_POINT ( 'NONE',  ( 0.7328974085662414151, -0.0007258565243637115066, 0.02015000000000002206 ) ) ;
#3992 = CARTESIAN_POINT ( 'NONE',  ( -0.9724437325616150929, 0.7977007368796563691, 2.134256245050205639E-18 ) ) ;
#3993 = CARTESIAN_POINT ( 'NONE',  ( -0.7891204733376071534, -0.2387884886206538826, -0.005270901231338724797 ) ) ;
#3994 = CARTESIAN_POINT ( 'NONE',  ( 0.9717198295750685277, 0.001590353649070769867, -0.02015000000000002206 ) ) ;
#3995 = CARTESIAN_POINT ( 'NONE',  ( -0.7767351016389475449, 0.7751963827149432884, 0.02015000000000002206 ) ) ;
#3996 = CARTESIAN_POINT ( 'NONE',  ( 0.7462914311601734907, 1.119380830785750458, 0.000000000000000000 ) ) ;
#3997 = CARTESIAN_POINT ( 'NONE',  ( 0.9126431474845304592, -0.3768481304921343367, 0.005270901231338727400 ) ) ;
#3998 = CARTESIAN_POINT ( 'NONE',  ( 1.751149173740902842, -0.3454241630625419224, 0.005270901231338727400 ) ) ;
#3999 =( REPRESENTATION_RELATIONSHIP ('NONE','NONE', #781, #4267 ) REPRESENTATION_RELATIONSHIP_WITH_TRANSFORMATION ( #4014 )SHAPE_REPRESENTATION_RELATIONSHIP( ) );
#4000 = CARTESIAN_POINT ( 'NONE',  ( -0.9678467287531302699, 0.4002091145664556371, 0.005270901231338729134 ) ) ;
#4001 = CARTESIAN_POINT ( 'NONE',  ( 1.129594105643378921, 0.1121855857374159382, -0.02015000000000002206 ) ) ;
#4002 = CARTESIAN_POINT ( 'NONE',  ( 0.3746180060972844061, 1.899015941328781043, -0.005270901231338727400 ) ) ;
#4003 = CARTESIAN_POINT ( 'NONE',  ( -0.4891154530407353929, 1.605615246505650129, -0.005270901231338724797 ) ) ;
#4004 = CARTESIAN_POINT ( 'NONE',  ( 0.9939941829502725312, -0.6626550158733278684, 0.000000000000000000 ) ) ;
#4005 = CARTESIAN_POINT ( 'NONE',  ( -0.09135109889392062366, 0.9169065658045697509, 0.005270901231338727400 ) ) ;
#4006 = CARTESIAN_POINT ( 'NONE',  ( 0.7938970521617246812, 0.5324683241701797520, -0.005270901231338727400 ) ) ;
#4007 = CARTESIAN_POINT ( 'NONE',  ( -0.7492465094395981406, 0.4003806030893953261, -0.005270901231338724797 ) ) ;
#4008 = CARTESIAN_POINT ( 'NONE',  ( 0.001477987492284754244, -0.8240439628872554545, 0.000000000000000000 ) ) ;
#4009 = CARTESIAN_POINT ( 'NONE',  ( -1.205597224380985155, 1.203248347813309360, -0.005270901231338727400 ) ) ;
#4010 = EDGE_LOOP ( 'NONE', ( #4425, #5487, #4570, #4042 ) ) ;
#4011 = CARTESIAN_POINT ( 'NONE',  ( 0.7701318767301625901, 0.0008544233854192408899, 0.000000000000000000 ) ) ;
#4012 = CARTESIAN_POINT ( 'NONE',  ( -0.4046571075630648884, -1.339103541208640280, 0.02015000000000002206 ) ) ;
#4013 = UNCERTAINTY_MEASURE_WITH_UNIT (LENGTH_MEASURE( 1.000000000000000082E-05 ), #4339, 'distance_accuracy_value', 'NONE');
#4014 = ITEM_DEFINED_TRANSFORMATION ( 'NONE', 'NONE', #2695,  #1656 ) ;
#4015 = CARTESIAN_POINT ( 'NONE',  ( 0.8883232246980251601, 0.7314349032915127280, -0.02015000000000002206 ) ) ;
#4016 = CARTESIAN_POINT ( 'NONE',  ( -0.0007273275001313955507, 1.085006270403905404, 0.005270901231338729134 ) ) ;
#4017 = CARTESIAN_POINT ( 'NONE',  ( -1.525319937405836823, 0.6297343424451672389, -0.005270901231338724797 ) ) ;
#4018 = CARTESIAN_POINT ( 'NONE',  ( -1.466694833401301468, -0.1468714080645105169, 0.000000000000000000 ) ) ;
#4019 = CARTESIAN_POINT ( 'NONE',  ( -0.7008594413839920323, -1.699525699660293432, -0.02015000000000002206 ) ) ;
#4020 = CARTESIAN_POINT ( 'NONE',  ( 0.001477987492284754244, -0.8240439628872554545, 0.000000000000000000 ) ) ;
#4021 = CARTESIAN_POINT ( 'NONE',  ( -0.7147809355183392110, 1.332049816219171845, 0.000000000000000000 ) ) ;
#4022 = CARTESIAN_POINT ( 'NONE',  ( 1.459799075146788860, 0.9773861619861045069, 0.02015000000000002206 ) ) ;
#4023 = CARTESIAN_POINT ( 'NONE',  ( -1.034747101919234691, 1.032552405248691851, 2.134256245050205639E-18 ) ) ;
#4024 = CARTESIAN_POINT ( 'NONE',  ( 1.351681249209182534, 1.355067835676538435, 0.005270901231338729134 ) ) ;
#4025 = CARTESIAN_POINT ( 'NONE',  ( 0.3268083159756353107, 1.083654811138600849, -0.02015000000000002206 ) ) ;
#4026 = CARTESIAN_POINT ( 'NONE',  ( -1.070333424780429254, 0.1036627841810691397, 0.02015000000000002206 ) ) ;
#4027 = CARTESIAN_POINT ( 'NONE',  ( 0.1211363469203482618, -1.216873705100067538, 0.000000000000000000 ) ) ;
#4028 = CARTESIAN_POINT ( 'NONE',  ( 0.6138924512368686415, 1.151261275393069328, 0.02015000000000002206 ) ) ;
#4029 = CARTESIAN_POINT ( 'NONE',  ( -0.9335810111500513209, -0.5010653200894831238, 0.005270901231338727400 ) ) ;
#4030 = CARTESIAN_POINT ( 'NONE',  ( -0.6964088816349326416, 1.299416059809291646, 0.02015000000000002206 ) ) ;
#4031 = CARTESIAN_POINT ( 'NONE',  ( -0.1800214834694956745, 0.8973209901430994062, 0.02015000000000002206 ) ) ;
#4032 = CARTESIAN_POINT ( 'NONE',  ( -0.5465691911706664907, 0.6667387064652695594, 0.005270901231338729134 ) ) ;
#4033 = CARTESIAN_POINT ( 'NONE',  ( -0.3718347993938502238, 1.224436622966458499, -0.02015000000000002206 ) ) ;
#4034 = CARTESIAN_POINT ( 'NONE',  ( 1.080837092333922778, 1.620927422155468367, -0.005270901231338727400 ) ) ;
#4035 = CARTESIAN_POINT ( 'NONE',  ( 0.9465226354020148669, 1.420209291420845288, -0.005270901231338724797 ) ) ;
#4036 = CARTESIAN_POINT ( 'NONE',  ( -0.9180889019851310451, -1.120993592982966192, 0.000000000000000000 ) ) ;
#4037 = CARTESIAN_POINT ( 'NONE',  ( -1.211627510803702679, -0.3697460764318586390, 0.005270901231338727400 ) ) ;
#4038 = CARTESIAN_POINT ( 'NONE',  ( 0.8453695547284563183, 0.4530711667356038808, -0.005270901231338727400 ) ) ;
#4039 = CARTESIAN_POINT ( 'NONE',  ( -1.710714577448589013, 0.7074474854740289143, 0.005270901231338729134 ) ) ;
#4040 = CARTESIAN_POINT ( 'NONE',  ( 0.6307301826331075389, 1.184712561587630608, 0.000000000000000000 ) ) ;
#4041 = CARTESIAN_POINT ( 'NONE',  ( 1.630538963073325132, 0.6784420869181572167, -0.005270901231338727400 ) ) ;
#4042 = ORIENTED_EDGE ( 'NONE', *, *, #4623, .F. ) ;
#4043 = CARTESIAN_POINT ( 'NONE',  ( -1.212344867974656903, 1.472486688775476837, 0.000000000000000000 ) ) ;
#4044 = CARTESIAN_POINT ( 'NONE',  ( 1.070867543531142552, 1.071877007285629624, 0.02015000000000002206 ) ) ;
#4045 = CARTESIAN_POINT ( 'NONE',  ( 0.1516971354633323832, -0.7655197886944533625, 0.02015000000000002206 ) ) ;
#4046 = CARTESIAN_POINT ( 'NONE',  ( -1.108457222168788059, -0.5938736979176155728, -0.02015000000000002206 ) ) ;
#4047 = CARTESIAN_POINT ( 'NONE',  ( 0.8600612091381383273, 0.7068633388989601363, 0.005270901231338729134 ) ) ;
#4048 = CARTESIAN_POINT ( 'NONE',  ( -1.039855452302316241, 1.554296002936071730, -0.005270901231338724797 ) ) ;
#4049 = CARTESIAN_POINT ( 'NONE',  ( 1.751149173740902842, -0.3454241630625419224, 0.000000000000000000 ) ) ;
#4050 = CARTESIAN_POINT ( 'NONE',  ( -1.005710650110386739, 0.4145729567204703425, -0.005270901231338727400 ) ) ;
#4051 = CARTESIAN_POINT ( 'NONE',  ( -0.8743450428759093063, -0.001001174052148393750, 0.000000000000000000 ) ) ;
#4052 = CARTESIAN_POINT ( 'NONE',  ( -1.279238294855618019, -1.051943866106160863, 0.000000000000000000 ) ) ;
#4053 = CARTESIAN_POINT ( 'NONE',  ( -0.5581558165299722596, 1.833867959001791448, 0.02015000000000002206 ) ) ;
#4054 = CARTESIAN_POINT ( 'NONE',  ( 0.9261977106000932602, 0.9279532266270980045, 2.134256245050205639E-18 ) ) ;
#4055 = CARTESIAN_POINT ( 'NONE',  ( -0.9445028599140279368, -0.3910878806237014227, -0.005270901231338724797 ) ) ;
#4056 = CARTESIAN_POINT ( 'NONE',  ( -0.5774081081826422102, -0.8660211355397970934, -0.02015000000000002206 ) ) ;
#4057 = CARTESIAN_POINT ( 'NONE',  ( -0.8272244547994549446, 1.004689672484448293, 0.02015000000000002206 ) ) ;
#4058 = CARTESIAN_POINT ( 'NONE',  ( -1.230888026965613058, 0.3711548947408290222, 0.000000000000000000 ) ) ;
#4059 = CARTESIAN_POINT ( 'NONE',  ( -0.3257888356608308889, 1.067458781819022429, 0.005270901231338727400 ) ) ;
#4060 = CARTESIAN_POINT ( 'NONE',  ( 0.9703222410082557037, -0.09458415556913489508, 0.02015000000000002206 ) ) ;
#4061 = CARTESIAN_POINT ( 'NONE',  ( -0.5576127365131845481, -0.8342303983233123610, 0.005270901231338729134 ) ) ;
#4062 = CARTESIAN_POINT ( 'NONE',  ( 0.9282989670940365867, 0.9301595362898381625, -0.02015000000000002206 ) ) ;
#4063 = CARTESIAN_POINT ( 'NONE',  ( 0.7701318767301625901, 0.0008544233854192408899, 0.000000000000000000 ) ) ;
#4064 = CARTESIAN_POINT ( 'NONE',  ( 0.3674036453255876133, 1.859167097311532402, -0.005270901231338724797 ) ) ;
#4065 = CARTESIAN_POINT ( 'NONE',  ( -0.001361028145740965541, 1.326508313428211183, 0.000000000000000000 ) ) ;
#4066 = CARTESIAN_POINT ( 'NONE',  ( -0.1318847171121614870, 1.316720633869616019, 0.005270901231338727400 ) ) ;
#4067 = CARTESIAN_POINT ( 'NONE',  ( 1.175787223235251533, 0.001241076782799628315, -0.005270901231338727400 ) ) ;
#4068 = CARTESIAN_POINT ( 'NONE',  ( -1.039855452302316241, 1.554296002936071730, 0.005270901231338729134 ) ) ;
#4069 = CARTESIAN_POINT ( 'NONE',  ( 0.8505509035393795658, -0.8477023989134940818, 0.000000000000000000 ) ) ;
#4070 = CARTESIAN_POINT ( 'NONE',  ( -1.836535196679146331, -0.3671405983948691776, -0.005270901231338727400 ) ) ;
#4071 = CARTESIAN_POINT ( 'NONE',  ( -0.7587415611330523557, -0.3142814253884147480, 2.134256245050205639E-18 ) ) ;
#4072 = CARTESIAN_POINT ( 'NONE',  ( 0.6055271061956031264, -1.457075204026378357, 0.02015000000000002206 ) ) ;
#4073 = CARTESIAN_POINT ( 'NONE',  ( -0.2985207245629692419, 1.488443958291085334, -0.02015000000000002206 ) ) ;
#4074 = CARTESIAN_POINT ( 'NONE',  ( -0.4710519675511455340, -0.8823646382387019260, 0.005270901231338729134 ) ) ;
#4075 = CARTESIAN_POINT ( 'NONE',  ( -1.464872751235547721, -0.7860194739903916261, 0.000000000000000000 ) ) ;
#4076 = CARTESIAN_POINT ( 'NONE',  ( -0.0004024776826667331902, 1.289070643202537170, -0.02015000000000002206 ) ) ;
#4077 = CARTESIAN_POINT ( 'NONE',  ( -0.8743450428759093063, -0.001001174052148393750, -0.005270901231338727400 ) ) ;
#4078 = CARTESIAN_POINT ( 'NONE',  ( -0.1184289950923217705, -1.223389494464337313, 0.000000000000000000 ) ) ;
#4079 = CARTESIAN_POINT ( 'NONE',  ( 0.6205655057417678311, -1.491373008974095304, 0.000000000000000000 ) ) ;
#4080 = CARTESIAN_POINT ( 'NONE',  ( 1.775625353823729657, 0.001661561025790596422, 0.02015000000000002206 ) ) ;
#4081 = CARTESIAN_POINT ( 'NONE',  ( 0.001399145755060335512, -1.386442015117156368, 2.134256245050205639E-18 ) ) ;
#4082 = CARTESIAN_POINT ( 'NONE',  ( 0.9103028056609476781, 0.1807433537861549422, -0.005270901231338724797 ) ) ;
#4083 = CARTESIAN_POINT ( 'NONE',  ( 0.2779090355370689713, -1.390157176172468478, -0.02015000000000002206 ) ) ;
#4084 = CARTESIAN_POINT ( 'NONE',  ( 0.3268083159756353107, 1.083654811138600849, 0.02015000000000002206 ) ) ;
#4085 = CARTESIAN_POINT ( 'NONE',  ( -1.077985765446750399, 0.7177033829893897376, 0.000000000000000000 ) ) ;
#4086 = CARTESIAN_POINT ( 'NONE',  ( -1.044298569103947028, -0.7002971835861695471, 0.005270901231338727400 ) ) ;
#4087 = CARTESIAN_POINT ( 'NONE',  ( -0.7927744260091197370, -0.3299110224221994403, 0.02015000000000002206 ) ) ;
#4088 = CARTESIAN_POINT ( 'NONE',  ( -1.075915321021635229, -0.5753392882101625583, 0.005270901231338729134 ) ) ;
#4089 = CARTESIAN_POINT ( 'NONE',  ( -1.432203855852415053, -0.7677100350445317245, -0.02015000000000002206 ) ) ;
#4090 = CARTESIAN_POINT ( 'NONE',  ( 1.816622502129123573, 0.7544946406186484600, -0.005270901231338727400 ) ) ;
#4091 = CARTESIAN_POINT ( 'NONE',  ( -0.4109988121085950130, 0.7683848788927464257, -0.02015000000000002206 ) ) ;
#4092 = CARTESIAN_POINT ( 'NONE',  ( -1.873405340570763356, 0.1827022466259360933, 0.005270901231338727400 ) ) ;
#4093 = CARTESIAN_POINT ( 'NONE',  ( -1.494657878513600879, 0.7970364990951537276, 0.000000000000000000 ) ) ;
#4094 = CARTESIAN_POINT ( 'NONE',  ( 1.051687412658427911, -0.5598699597655386606, 0.005270901231338727400 ) ) ;
#4095 = CARTESIAN_POINT ( 'NONE',  ( -1.542599006317559862, -1.034217075292181098, 0.02015000000000002206 ) ) ;
#4096 = CARTESIAN_POINT ( 'NONE',  ( 0.7712383691861520729, -0.6315177307630112091, -0.005270901231338727400 ) ) ;
#4097 = CARTESIAN_POINT ( 'NONE',  ( -0.2104404975601546768, 1.058063755992932453, -0.005270901231338724797 ) ) ;
#4098 = CARTESIAN_POINT ( 'NONE',  ( 0.2399508317265431068, -1.195852433669943204, 0.000000000000000000 ) ) ;
#4099 = CARTESIAN_POINT ( 'NONE',  ( 0.8572580124606603569, -1.597695686247856628, -0.005270901231338727400 ) ) ;
#4100 = CARTESIAN_POINT ( 'NONE',  ( -0.2302819235303066314, -0.7588252741789028866, 2.134256245050205639E-18 ) ) ;
#4101 = CARTESIAN_POINT ( 'NONE',  ( 0.1574276423133157132, -1.579482156034954787, 0.02015000000000002206 ) ) ;
#4102 = CARTESIAN_POINT ( 'NONE',  ( -1.227950724345772127, 0.3703453607450143403, -0.02015000000000002206 ) ) ;
#4103 = CARTESIAN_POINT ( 'NONE',  ( -1.173192782201607054, -0.3569883028495337007, 0.005270901231338729134 ) ) ;
#4104 = CARTESIAN_POINT ( 'NONE',  ( 0.8572580124606603569, -1.597695686247856628, 0.000000000000000000 ) ) ;
#4105 = CARTESIAN_POINT ( 'NONE',  ( -1.213161444020806945, 0.8098392139779998500, -0.02015000000000002206 ) ) ;
#4106 = CARTESIAN_POINT ( 'NONE',  ( -0.8460032837790635307, 0.2555782320411348341, -0.005270901231338727400 ) ) ;
#4107 = CARTESIAN_POINT ( 'NONE',  ( -1.211627510803702679, -0.3697460764318586390, 0.000000000000000000 ) ) ;
#4108 = CARTESIAN_POINT ( 'NONE',  ( 1.730518621258949841, 0.9284965509297596897, 0.000000000000000000 ) ) ;
#4109 = CARTESIAN_POINT ( 'NONE',  ( -1.876044533218605981, -0.002925316656828175037, 0.02015000000000002206 ) ) ;
#4110 = CARTESIAN_POINT ( 'NONE',  ( -1.599647794482815133, -0.3201071330513194924, 2.134256245050205639E-18 ) ) ;
#4111 = CARTESIAN_POINT ( 'NONE',  ( 1.123343983281009484, -1.367183274951289995, 0.02015000000000002206 ) ) ;
#4112 = CARTESIAN_POINT ( 'NONE',  ( -0.7830361772076590565, -0.6424324528746755414, -0.005270901231338724797 ) ) ;
#4113 = CARTESIAN_POINT ( 'NONE',  ( -0.5828430408709701638, -1.092990660737215736, -0.02015000000000002206 ) ) ;
#4114 = CARTESIAN_POINT ( 'NONE',  ( -1.242357336109926491, -0.2483792248625461552, 0.02015000000000002206 ) ) ;
#4115 = CARTESIAN_POINT ( 'NONE',  ( -1.423066926536470600, 0.4301271789304639270, 0.000000000000000000 ) ) ;
#4116 = CARTESIAN_POINT ( 'NONE',  ( -1.273377003589673873, 0.1240867406810308854, 0.005270901231338727400 ) ) ;
#4117 = CARTESIAN_POINT ( 'NONE',  ( -0.3487015984393075363, 0.8394364888377384704, 0.02015000000000002206 ) ) ;
#4118 = CARTESIAN_POINT ( 'NONE',  ( 1.326666222140839402, 0.1310625638439406326, 0.005270901231338729134 ) ) ;
#4119 = CARTESIAN_POINT ( 'NONE',  ( 1.264010534467609137, 0.8466633984590899997, -0.02015000000000002206 ) ) ;
#4120 = CARTESIAN_POINT ( 'NONE',  ( -1.545101602934605856, -1.035954902380741727, -0.005270901231338727400 ) ) ;
#4121 = CARTESIAN_POINT ( 'NONE',  ( -0.3491485042959576179, -1.760412940355395195, -0.005270901231338724797 ) ) ;
#4122 = CARTESIAN_POINT ( 'NONE',  ( -1.212344867974656903, 1.472486688775476837, 0.005270901231338727400 ) ) ;
#4123 = CARTESIAN_POINT ( 'NONE',  ( 1.540931945940445580, 0.3080968532916672498, 0.000000000000000000 ) ) ;
#4124 = CARTESIAN_POINT ( 'NONE',  ( 1.134535105144002465, -0.3428527054787358641, 0.005270901231338727400 ) ) ;
#4125 = CARTESIAN_POINT ( 'NONE',  ( 0.9667324420250709149, 1.451737929646400138, 0.02015000000000002206 ) ) ;
#4126 = CARTESIAN_POINT ( 'NONE',  ( -0.1994549478797298658, -1.011815335744536748, -0.005270901231338727400 ) ) ;
#4127 = CARTESIAN_POINT ( 'NONE',  ( 0.9103028056609476781, 0.1807433537861549422, -0.005270901231338724797 ) ) ;
#4128 = CARTESIAN_POINT ( 'NONE',  ( -0.001361028145740965541, 1.326508313428211183, 0.000000000000000000 ) ) ;
#4129 = CARTESIAN_POINT ( 'NONE',  ( 1.778671584030809605, 0.001720882229786206740, -0.005270901231338727400 ) ) ;
#4130 = MECHANICAL_DESIGN_GEOMETRIC_PRESENTATION_REPRESENTATION (  '', ( #3366 ), #1477 ) ;
#4131 = CARTESIAN_POINT ( 'NONE',  ( 1.123343983281009484, -1.367183274951289995, 0.02015000000000002206 ) ) ;
#4132 = CARTESIAN_POINT ( 'NONE',  ( -0.1385143783776271176, -1.420345686037651101, -0.02015000000000002206 ) ) ;
#4133 = CARTESIAN_POINT ( 'NONE',  ( 1.246599411716066585, -0.5149286224320059890, 0.005270901231338729134 ) ) ;
#4134 = CARTESIAN_POINT ( 'NONE',  ( -0.7019742908916665192, -1.702361214516944887, 0.000000000000000000 ) ) ;
#4135 = CARTESIAN_POINT ( 'NONE',  ( 0.9964302270859156652, -1.211288317801181513, -0.02015000000000002206 ) ) ;
#4136 = CARTESIAN_POINT ( 'NONE',  ( -1.066890135447390309, -0.1062437229075484657, -0.005270901231338727400 ) ) ;
#4137 = CARTESIAN_POINT ( 'NONE',  ( 0.1094328641979097488, 1.123369919354717528, 0.000000000000000000 ) ) ;
#4138 = CARTESIAN_POINT ( 'NONE',  ( -1.579742085693920162, 1.051934407835061647, 0.000000000000000000 ) ) ;
#4139 = CARTESIAN_POINT ( 'NONE',  ( -0.5133909040113512345, -0.6247932748014249915, 0.02015000000000002206 ) ) ;
#4140 = CARTESIAN_POINT ( 'NONE',  ( -1.626612980861763091, -0.1610162112528166489, 2.134256245050205639E-18 ) ) ;
#4141 = CARTESIAN_POINT ( 'NONE',  ( -0.8934138627962333601, -1.338587469689556553, 0.02015000000000002206 ) ) ;
#4142 = CARTESIAN_POINT ( 'NONE',  ( 1.077388605306209612, 0.3268882075441716939, -0.005270901231338724797 ) ) ;
#4143 = CARTESIAN_POINT ( 'NONE',  ( 0.2392761478865392810, -1.192881254395736113, -0.02015000000000002206 ) ) ;
#4144 = CARTESIAN_POINT ( 'NONE',  ( 1.172741656753577111, 0.001153683746685468629, 0.02015000000000002206 ) ) ;
#4145 = CARTESIAN_POINT ( 'NONE',  ( -0.8012611392035158264, -1.203424845513665353, 0.000000000000000000 ) ) ;
#4146 = CARTESIAN_POINT ( 'NONE',  ( 1.159682103354424454, -0.2286487909183678446, 0.005270901231338727400 ) ) ;
#4147 = CARTESIAN_POINT ( 'NONE',  ( 1.163723831658574515, 0.1165146360590572083, 0.02015000000000002206 ) ) ;
#4148 = CARTESIAN_POINT ( 'NONE',  ( -0.4038399144257142637, -1.336168364073952564, 0.005270901231338729134 ) ) ;
#4149 = CARTESIAN_POINT ( 'NONE',  ( 0.1651222306879080171, 1.686062896119214782, -0.02015000000000002206 ) ) ;
#4150 = CARTESIAN_POINT ( 'NONE',  ( 0.7270414544978539562, 0.8878234437803660395, 0.000000000000000000 ) ) ;
#4151 = CARTESIAN_POINT ( 'NONE',  ( -1.146759456232966601, -1.400814298949039527, -0.005270901231338724797 ) ) ;
#4152 = CARTESIAN_POINT ( 'NONE',  ( -1.470748816805947712, 1.204660073240859441, 0.005270901231338727400 ) ) ;
#4153 = CARTESIAN_POINT ( 'NONE',  ( 1.469819282470427702, -0.6071187045553985140, 0.000000000000000000 ) ) ;
#4154 = CARTESIAN_POINT ( 'NONE',  ( -0.4147016391535399693, -1.375181278652612971, 0.005270901231338727400 ) ) ;
#4155 = CARTESIAN_POINT ( 'NONE',  ( 0.7359497809130057799, -0.07264226390392233834, 0.02015000000000002206 ) ) ;
#4156 = CARTESIAN_POINT ( 'NONE',  ( 1.929837142911454473, 0.001490102981407594607, -0.005270901231338724797 ) ) ;
#4157 = CARTESIAN_POINT ( 'NONE',  ( 1.259813594297240824, 0.5233375016740893226, -0.005270901231338727400 ) ) ;
#4158 = CARTESIAN_POINT ( 'NONE',  ( 0.3723613963543238592, -0.8978149542858675503, -0.005270901231338724797 ) ) ;
#4159 = CARTESIAN_POINT ( 'NONE',  ( -0.8837750882329594715, -0.8856150542735711229, 0.000000000000000000 ) ) ;
#4160 = CARTESIAN_POINT ( 'NONE',  ( 0.6967053558821356685, -1.677420275167984975, -0.005270901231338727400 ) ) ;
#4161 = FACE_OUTER_BOUND ( 'NONE', #4010, .T. ) ;
#4162 = CARTESIAN_POINT ( 'NONE',  ( 1.729449029930255399, 0.1724764586492288365, 0.02015000000000002206 ) ) ;
#4163 = CARTESIAN_POINT ( 'NONE',  ( 1.196575400709670944, 0.6420414869991021289, -0.02015000000000002206 ) ) ;
#4164 = CARTESIAN_POINT ( 'NONE',  ( 1.333020657761714522, -0.1299836173306040954, 0.005270901231338729134 ) ) ;
#4165 = CARTESIAN_POINT ( 'NONE',  ( 1.109136349485622786, 1.354163742196285103, 0.000000000000000000 ) ) ;
#4166 = CARTESIAN_POINT ( 'NONE',  ( 1.344207761478271701, 0.7193171584651096850, -0.02015000000000002206 ) ) ;
#4167 = CARTESIAN_POINT ( 'NONE',  ( 0.3570926898788228110, 0.8663805372111738068, -0.005270901231338727400 ) ) ;
#4168 = CARTESIAN_POINT ( 'NONE',  ( 0.4655482169399987047, -1.120611367348821830, 0.000000000000000000 ) ) ;
#4169 = CARTESIAN_POINT ( 'NONE',  ( -0.5485876852727378239, 0.6690210051371682232, 0.02015000000000002206 ) ) ;
#4170 = CARTESIAN_POINT ( 'NONE',  ( 1.461441488963394875, -0.9753553698483216072, 2.134256245050205639E-18 ) ) ;
#4171 = CARTESIAN_POINT ( 'NONE',  ( -0.7554669695529671047, -1.417385504094569981, 0.02015000000000002206 ) ) ;
#4172 = CARTESIAN_POINT ( 'NONE',  ( -0.1928182795789623871, -0.9718659391110169299, -0.005270901231338724797 ) ) ;
#4173 = CARTESIAN_POINT ( 'NONE',  ( 1.281529100561606738, -0.5284346779891342383, -0.02015000000000002206 ) ) ;
#4174 = CARTESIAN_POINT ( 'NONE',  ( 1.196575400709670944, 0.6420414869991021289, 0.02015000000000002206 ) ) ;
#4175 = CARTESIAN_POINT ( 'NONE',  ( -0.7724506283608468804, -1.450762859432999985, 0.000000000000000000 ) ) ;
#4176 = CARTESIAN_POINT ( 'NONE',  ( -0.8012611392035158264, -1.203424845513665353, 0.005270901231338727400 ) ) ;
#4177 = CARTESIAN_POINT ( 'NONE',  ( 1.172741656753577111, 0.001153683746685468629, 0.02015000000000002206 ) ) ;
#4178 = CARTESIAN_POINT ( 'NONE',  ( -0.8027435083660245940, 0.9763492079638943499, 0.005270901231338729134 ) ) ;
#4179 = CARTESIAN_POINT ( 'NONE',  ( 1.431575335717838238, 0.9577141082581254183, -0.02015000000000002206 ) ) ;
#4180 = CARTESIAN_POINT ( 'NONE',  ( 0.6918876773445663542, -0.2867240907505786973, -0.02015000000000002206 ) ) ;
#4181 = CARTESIAN_POINT ( 'NONE',  ( -1.309739434344496578, -1.312257947754155607, 0.005270901231338727400 ) ) ;
#4182 = CARTESIAN_POINT ( 'NONE',  ( 1.630538963073325132, 0.6784420869181572167, 0.000000000000000000 ) ) ;
#4183 = CARTESIAN_POINT ( 'NONE',  ( 1.469819282470427702, -0.6071187045553985140, 0.005270901231338727400 ) ) ;
#4184 = CARTESIAN_POINT ( 'NONE',  ( 1.963765168386078841, 0.1952473454587256019, 0.02015000000000002206 ) ) ;
#4185 = CARTESIAN_POINT ( 'NONE',  ( 0.4265062765650032284, -0.6384237268603215609, -0.02015000000000002206 ) ) ;
#4186 = CARTESIAN_POINT ( 'NONE',  ( -0.4147016391535399693, -1.375181278652612971, -0.005270901231338727400 ) ) ;
#4187 = CARTESIAN_POINT ( 'NONE',  ( -1.032969420498475177, 0.1011255486406651555, -0.005270901231338724797 ) ) ;
#4188 = CARTESIAN_POINT ( 'NONE',  ( 0.7842116132879448642, -1.169499327565599156, 0.000000000000000000 ) ) ;
#4189 = CARTESIAN_POINT ( 'NONE',  ( 0.9497254445125788980, 0.1900093630857323801, 0.000000000000000000 ) ) ;
#4190 = CARTESIAN_POINT ( 'NONE',  ( 0.4485538944511942017, -0.6686962936752517406, 0.000000000000000000 ) ) ;
#4191 = CARTESIAN_POINT ( 'NONE',  ( -0.1736755781337049609, -1.786124395799998821, 0.02015000000000002206 ) ) ;
#4192 = CARTESIAN_POINT ( 'NONE',  ( -1.542599006317559862, -1.034217075292181098, -0.02015000000000002206 ) ) ;
#4193 = CARTESIAN_POINT ( 'NONE',  ( 0.6465899100653449416, -1.208728802795006052, 0.005270901231338729134 ) ) ;
#4194 = CARTESIAN_POINT ( 'NONE',  ( 0.6967738038866111427, -0.3713746445300929455, 0.000000000000000000 ) ) ;
#4195 = CARTESIAN_POINT ( 'NONE',  ( -0.4636490301652175794, -1.531274946383097246, -0.02015000000000002206 ) ) ;
#4196 = CARTESIAN_POINT ( 'NONE',  ( -0.1318847171121614870, 1.316720633869616019, -0.005270901231338727400 ) ) ;
#4197 = CARTESIAN_POINT ( 'NONE',  ( 0.9612851707088114761, 0.6437848133365058345, 0.000000000000000000 ) ) ;
#4198 = CARTESIAN_POINT ( 'NONE',  ( -0.6096718333609223439, 0.6093504016674793355, 0.02015000000000002206 ) ) ;
#4199 = CARTESIAN_POINT ( 'NONE',  ( -0.7890410602448959532, 1.474384786063686281, 2.134256245050205639E-18 ) ) ;
#4200 = CARTESIAN_POINT ( 'NONE',  ( 0.9481668450031139894, 1.422774367408236262, 0.02015000000000002206 ) ) ;
#4201 = CARTESIAN_POINT ( 'NONE',  ( 0.7609300212894080095, -1.136363958365058435, -0.005270901231338724797 ) ) ;
#4202 = CARTESIAN_POINT ( 'NONE',  ( 1.340662406680752650, 0.2688992826293178928, -0.02015000000000002206 ) ) ;
#4203 = CARTESIAN_POINT ( 'NONE',  ( -0.4729414580599122786, -1.564399274764243453, 0.02015000000000002206 ) ) ;
#4204 = CARTESIAN_POINT ( 'NONE',  ( -0.5495510610353377956, -1.330525248715934472, 0.000000000000000000 ) ) ;
#4205 = CARTESIAN_POINT ( 'NONE',  ( 1.366857274759203822, 0.1360289709325979146, 0.005270901231338727400 ) ) ;
#4206 = CARTESIAN_POINT ( 'NONE',  ( -0.3826665053762899893, 1.257090095789075601, 0.02015000000000002206 ) ) ;
#4207 = CARTESIAN_POINT ( 'NONE',  ( 1.192525431364199306, -0.6369382897207322980, 0.005270901231338729134 ) ) ;
#4208 = CARTESIAN_POINT ( 'NONE',  ( 1.070867543531142552, 1.071877007285629624, -0.02015000000000002206 ) ) ;
#4209 = CARTESIAN_POINT ( 'NONE',  ( 0.6142405423543448872, 0.9208245910812350443, -0.02015000000000002206 ) ) ;
#4210 = CARTESIAN_POINT ( 'NONE',  ( -0.7828992298010314377, 0.4168126515562101120, 0.02015000000000002206 ) ) ;
#4211 = CARTESIAN_POINT ( 'NONE',  ( -0.3162303200274408921, -1.603282406148555106, 0.000000000000000000 ) ) ;
#4212 = CARTESIAN_POINT ( 'NONE',  ( 1.328863925574705007, -0.8848188954155085106, 0.005270901231338727400 ) ) ;
#4213 = CARTESIAN_POINT ( 'NONE',  ( 1.738182607244135980, 0.0009324142917533815526, -0.005270901231338724797 ) ) ;
#4214 = CARTESIAN_POINT ( 'NONE',  ( -1.352207054872457848, -0.5626889245636939041, -0.005270901231338727400 ) ) ;
#4215 = CARTESIAN_POINT ( 'NONE',  ( -1.210590071294454839, 0.8082048627443727540, -0.005270901231338724797 ) ) ;
#4216 = CARTESIAN_POINT ( 'NONE',  ( -0.2195312356370549833, 1.097527069858855953, 0.000000000000000000 ) ) ;
#4217 = CARTESIAN_POINT ( 'NONE',  ( 0.5656328842021768333, -0.5643018287050109993, 0.000000000000000000 ) ) ;
#4218 = CARTESIAN_POINT ( 'NONE',  ( 1.656953061862679322, 0.5036559975945186229, 0.02015000000000002206 ) ) ;
#4219 = CARTESIAN_POINT ( 'NONE',  ( 1.497068677044800511, 0.4567147518998384559, -0.02015000000000002206 ) ) ;
#4220 = CARTESIAN_POINT ( 'NONE',  ( 0.9629528668365238131, -0.9623349713919471249, 0.005270901231338729134 ) ) ;
#4221 = CARTESIAN_POINT ( 'NONE',  ( -0.001840833590225307917, 1.929392674238441963, 0.000000000000000000 ) ) ;
#4222 = CARTESIAN_POINT ( 'NONE',  ( 0.5734290882338448636, 1.388801837777083881, -0.02015000000000002206 ) ) ;
#4223 = CARTESIAN_POINT ( 'NONE',  ( 1.134535105144002465, -0.3428527054787358641, -0.005270901231338727400 ) ) ;
#4224 = CARTESIAN_POINT ( 'NONE',  ( 0.6205655057417678311, -1.491373008974095304, 0.000000000000000000 ) ) ;
#4225 = CIRCLE ( 'NONE', #436, 0.02014999999999990757 ) ;
#4226 = CARTESIAN_POINT ( 'NONE',  ( 0.08695204051191902928, 0.8859811053466843944, 0.02015000000000002206 ) ) ;
#4227 = CARTESIAN_POINT ( 'NONE',  ( -0.4891154530407353929, 1.605615246505650129, 2.134256245050205639E-18 ) ) ;
#4228 = CARTESIAN_POINT ( 'NONE',  ( 0.7091770969670531111, 1.328265361648204523, 0.02015000000000002206 ) ) ;
#4229 = CARTESIAN_POINT ( 'NONE',  ( -0.1155385463753380859, -1.182995983348789304, -0.005270901231338724797 ) ) ;
#4230 = CARTESIAN_POINT ( 'NONE',  ( 0.6193420263997200248, -1.488582641839613308, -0.02015000000000002206 ) ) ;
#4231 = CARTESIAN_POINT ( 'NONE',  ( -0.7996267244211930914, -1.200853511895701775, 0.02015000000000002206 ) ) ;
#4232 = CARTESIAN_POINT ( 'NONE',  ( 0.7701318767301625901, 0.0008544233854192408899, 0.000000000000000000 ) ) ;
#4233 = CARTESIAN_POINT ( 'NONE',  ( 0.5017951279756529548, 1.663767782017541164, 0.005270901231338727400 ) ) ;
#4234 = CARTESIAN_POINT ( 'NONE',  ( -0.4138844460162501293, -1.372246101518411088, 0.02015000000000002206 ) ) ;
#4235 = CARTESIAN_POINT ( 'NONE',  ( 0.8720795003252421740, -1.303861850712273007, 0.005270901231338729134 ) ) ;
#4236 = CARTESIAN_POINT ( 'NONE',  ( 1.782283186026613508, 0.7395513918292980771, -0.02015000000000002206 ) ) ;
#4237 = CARTESIAN_POINT ( 'NONE',  ( -0.4724030389728655077, -0.8850955277786762831, -0.02015000000000002206 ) ) ;
#4238 = CARTESIAN_POINT ( 'NONE',  ( -0.7955432384091166709, -0.3311825998292729500, 0.005270901231338727400 ) ) ;
#4239 = CARTESIAN_POINT ( 'NONE',  ( -1.494657878513600879, 0.7970364990951537276, 0.005270901231338727400 ) ) ;
#4240 = CARTESIAN_POINT ( 'NONE',  ( 0.7328974085662414151, -0.0007258565243637115066, 0.02015000000000002206 ) ) ;
#4241 = CARTESIAN_POINT ( 'NONE',  ( -0.1871644351324468214, 1.876390623244668765, -0.005270901231338724797 ) ) ;
#4242 = CARTESIAN_POINT ( 'NONE',  ( 0.7842116132879448642, -1.169499327565599156, -0.005270901231338727400 ) ) ;
#4243 = CARTESIAN_POINT ( 'NONE',  ( -0.1269136333720825016, 1.276530140573310046, -0.005270901231338724797 ) ) ;
#4244 = CARTESIAN_POINT ( 'NONE',  ( -0.6370959160180167391, 0.6348540631276851087, 0.000000000000000000 ) ) ;
#4245 = DIRECTION ( 'NONE',  ( 0.04240314567837418641, -0.9991005821420477773, 0.000000000000000000 ) ) ;
#4246 = CARTESIAN_POINT ( 'NONE',  ( 1.970131138202268817, 0.002185763461703942295, 0.000000000000000000 ) ) ;
#4247 = CARTESIAN_POINT ( 'NONE',  ( -0.4458489968691683458, -0.6671522184313384285, 0.005270901231338729134 ) ) ;
#4248 = CARTESIAN_POINT ( 'NONE',  ( 0.9667324420250709149, 1.451737929646400138, -0.02015000000000002206 ) ) ;
#4249 = CARTESIAN_POINT ( 'NONE',  ( 0.1759722105407228177, -1.776589062188569157, 0.005270901231338729134 ) ) ;
#4250 = CARTESIAN_POINT ( 'NONE',  ( 0.7270504242972418707, -0.2996124230314293757, 0.000000000000000000 ) ) ;
#4251 = CARTESIAN_POINT ( 'NONE',  ( 1.596215827602384563, 0.6634616501021368684, -0.02015000000000002206 ) ) ;
#4252 = CARTESIAN_POINT ( 'NONE',  ( 1.082641149088169552, -0.8855308026790439380, -0.005270901231338727400 ) ) ;
#4253 = CARTESIAN_POINT ( 'NONE',  ( -1.123368198323856593, -0.9249983306963230900, 0.000000000000000000 ) ) ;
#4254 = CARTESIAN_POINT ( 'NONE',  ( -0.1721150372736560685, 0.8638384878101335040, 0.02015000000000002206 ) ) ;
#4255 = CARTESIAN_POINT ( 'NONE',  ( -0.1871644351324468214, 1.876390623244668765, 2.134256245050205639E-18 ) ) ;
#4256 = CARTESIAN_POINT ( 'NONE',  ( -0.2302819235303066314, -0.7588252741789028866, 0.005270901231338729134 ) ) ;
#4257 = CARTESIAN_POINT ( 'NONE',  ( -0.4575541425220522873, -1.107228506377783139, -0.005270901231338724797 ) ) ;
#4258 = CARTESIAN_POINT ( 'NONE',  ( 0.9939941829502725312, -0.6626550158733278684, 0.000000000000000000 ) ) ;
#4259 = CARTESIAN_POINT ( 'NONE',  ( -0.3156966766002555214, -1.600282693913325893, -0.02015000000000002206 ) ) ;
#4260 = CARTESIAN_POINT ( 'NONE',  ( 0.3819159489980291644, -0.7125019650076044320, 0.000000000000000000 ) ) ;
#4261 = CARTESIAN_POINT ( 'NONE',  ( 1.356113858628259505, 1.116562688883884213, 0.005270901231338727400 ) ) ;
#4262 = CARTESIAN_POINT ( 'NONE',  ( -0.8272244547994549446, 1.004689672484448293, 0.02015000000000002206 ) ) ;
#4263 = CARTESIAN_POINT ( 'NONE',  ( -0.3289230616015021980, 1.649181516550996651, 0.005270901231338729134 ) ) ;
#4264 = CARTESIAN_POINT ( 'NONE',  ( -1.609882313931113140, -0.8617357733782483598, -0.02015000000000002206 ) ) ;
#4265 = CARTESIAN_POINT ( 'NONE',  ( 0.1446843146113594158, 1.486081791153404330, 0.02015000000000002206 ) ) ;
#4266 = CARTESIAN_POINT ( 'NONE',  ( 0.9373358637705507812, 0.0004372922600000489837, -0.02015000000000002206 ) ) ;
#4267 = SHAPE_REPRESENTATION ( 'Coil', ( #1656 ), #1952 ) ;
#4268 = CARTESIAN_POINT ( 'NONE',  ( 0.3819159489980291644, -0.7125019650076044320, 0.005270901231338727400 ) ) ;
#4269 = CARTESIAN_POINT ( 'NONE',  ( -1.205597224380985155, 1.203248347813309360, 0.005270901231338727400 ) ) ;
#4270 = CARTESIAN_POINT ( 'NONE',  ( -0.4724030389728655077, -0.8850955277786762831, -0.02015000000000002206 ) ) ;
#4271 = CARTESIAN_POINT ( 'NONE',  ( -1.404178228887819069, -0.4274925941071098245, -0.005270901231338727400 ) ) ;
#4272 = CARTESIAN_POINT ( 'NONE',  ( -1.235723599388528937, -0.001077562551306459693, -0.005270901231338724797 ) ) ;
#4273 = CARTESIAN_POINT ( 'NONE',  ( 0.9126431474845304592, -0.3768481304921343367, 0.000000000000000000 ) ) ;
#4274 = CARTESIAN_POINT ( 'NONE',  ( 0.8453695547284563183, 0.4530711667356038808, 0.000000000000000000 ) ) ;
#4275 = CARTESIAN_POINT ( 'NONE',  ( -0.5359940070366022713, -0.6546532945996479391, 0.005270901231338727400 ) ) ;
#4276 = CARTESIAN_POINT ( 'NONE',  ( 1.627746535123033356, 0.6772233232506531531, -0.02015000000000002206 ) ) ;
#4277 = CARTESIAN_POINT ( 'NONE',  ( -1.626612980861763091, -0.1610162112528166489, 0.005270901231338729134 ) ) ;
#4278 = CARTESIAN_POINT ( 'NONE',  ( -0.5590930220698715480, 1.836767040747111945, 0.000000000000000000 ) ) ;
#4279 = CARTESIAN_POINT ( 'NONE',  ( -0.6555972359141426509, -0.5398481122777757379, -0.02015000000000002206 ) ) ;
#4280 = CARTESIAN_POINT ( 'NONE',  ( 0.7842116132879448642, -1.169499327565599156, -0.005270901231338727400 ) ) ;
#4281 = CARTESIAN_POINT ( 'NONE',  ( -1.538218048209295752, -0.6389160711455251773, 0.000000000000000000 ) ) ;
#4282 = CARTESIAN_POINT ( 'NONE',  ( -0.9748486364107924462, 0.7995714389414887435, 0.02015000000000002206 ) ) ;
#4283 = CARTESIAN_POINT ( 'NONE',  ( -0.9706954601898555302, 0.4012897931445105759, 0.02015000000000002206 ) ) ;
#4284 =( LENGTH_UNIT ( ) NAMED_UNIT ( * ) SI_UNIT ( $, .METRE. ) );
#4285 = CARTESIAN_POINT ( 'NONE',  ( -1.041594066608400260, 1.556798052092823514, 0.02015000000000002206 ) ) ;
#4286 = CARTESIAN_POINT ( 'NONE',  ( 0.2697235683289542774, -1.353612763968483179, -0.005270901231338724797 ) ) ;
#4287 = CARTESIAN_POINT ( 'NONE',  ( 0.9126431474845304592, -0.3768481304921343367, 0.000000000000000000 ) ) ;
#4288 = CARTESIAN_POINT ( 'NONE',  ( -1.209298901512082747, -0.8097050109196540779, -0.02015000000000002206 ) ) ;
#4289 = CARTESIAN_POINT ( 'NONE',  ( 1.109136349485622786, 1.354163742196285103, 0.000000000000000000 ) ) ;
#4290 = CARTESIAN_POINT ( 'NONE',  ( 1.020780509790973456, -1.239741028475744855, 0.005270901231338727400 ) ) ;
#4291 = CARTESIAN_POINT ( 'NONE',  ( 1.574602750702288168, 0.002486446276908671135, 0.02015000000000002206 ) ) ;
#4292 = CARTESIAN_POINT ( 'NONE',  ( 0.6480906365422819393, -1.211380385702345963, 0.02015000000000002206 ) ) ;
#4293 = CARTESIAN_POINT ( 'NONE',  ( -0.2323421480427178831, -1.168959613113591312, 2.134256245050205639E-18 ) ) ;
#4294 = CARTESIAN_POINT ( 'NONE',  ( 0.1648841687081069318, 1.683025402547531968, 0.005270901231338729134 ) ) ;
#4295 = CARTESIAN_POINT ( 'NONE',  ( -1.713550432325218642, 0.7085614683355294652, -0.02015000000000002206 ) ) ;
#4296 = CARTESIAN_POINT ( 'NONE',  ( -0.8197054457317710652, 0.6717465957748880445, -0.02015000000000002206 ) ) ;
#4297 = CARTESIAN_POINT ( 'NONE',  ( -1.748407349982275427, 0.7222539915999606208, 0.000000000000000000 ) ) ;
#4298 = CARTESIAN_POINT ( 'NONE',  ( -0.9135642617439307944, -1.370154126466789801, 0.005270901231338727400 ) ) ;
#4299 = CARTESIAN_POINT ( 'NONE',  ( -0.5055799946398328304, 0.9457591994853480344, -0.02015000000000002206 ) ) ;
#4300 = CARTESIAN_POINT ( 'NONE',  ( 0.1807068429672382681, -1.816807983761690171, -0.005270901231338727400 ) ) ;
#4301 = CARTESIAN_POINT ( 'NONE',  ( 0.7609300212894080095, -1.136363958365058435, -0.005270901231338724797 ) ) ;
#4302 = CARTESIAN_POINT ( 'NONE',  ( 0.5991790545834454473, 0.7327062561889097214, 0.000000000000000000 ) ) ;
#4303 = CARTESIAN_POINT ( 'NONE',  ( 0.9733628351280728674, -0.09477898771711344705, 0.000000000000000000 ) ) ;
#4304 = CARTESIAN_POINT ( 'NONE',  ( -1.748407349982275427, 0.7222539915999606208, 0.000000000000000000 ) ) ;
#4305 = CARTESIAN_POINT ( 'NONE',  ( 0.1678103081586940493, 1.720360762749144845, -0.02015000000000002206 ) ) ;
#4306 = CARTESIAN_POINT ( 'NONE',  ( -1.176387336402598960, 1.175199064374667701, 0.005270901231338729134 ) ) ;
#4307 = CARTESIAN_POINT ( 'NONE',  ( -1.799946926009471371, -0.3591538275045563777, -0.02015000000000002206 ) ) ;
#4308 = CARTESIAN_POINT ( 'NONE',  ( 1.159682103354424454, -0.2286487909183678446, -0.005270901231338727400 ) ) ;
#4309 = CARTESIAN_POINT ( 'NONE',  ( -1.455415638554654612, 0.2870364769918280490, 0.000000000000000000 ) ) ;
#4310 = CARTESIAN_POINT ( 'NONE',  ( 0.2703895135319105969, -1.356585908369878357, 0.02015000000000002206 ) ) ;
#4311 = CARTESIAN_POINT ( 'NONE',  ( 1.697795853357347839, 0.9102836476816639211, 0.02015000000000002206 ) ) ;
#4312 = CARTESIAN_POINT ( 'NONE',  ( -0.7795373108393753858, -1.169247957987746611, -0.005270901231338724797 ) ) ;
#4313 = CARTESIAN_POINT ( 'NONE',  ( 0.5991790545834454473, 0.7327062561889097214, 0.000000000000000000 ) ) ;
#4314 = AXIS2_PLACEMENT_3D ( 'NONE', #3532, #2608, #1694 ) ;
#4315 = CARTESIAN_POINT ( 'NONE',  ( -1.452414869193355162, 0.2865087962162265467, -0.02015000000000002206 ) ) ;
#4316 = CARTESIAN_POINT ( 'NONE',  ( -1.062964248914428866, 1.587551995852913178, 0.000000000000000000 ) ) ;
#4317 = CARTESIAN_POINT ( 'NONE',  ( -0.4737644156597711209, -1.567332837239003407, 0.005270901231338727400 ) ) ;
#4318 = CARTESIAN_POINT ( 'NONE',  ( -0.1505549023377712736, 1.513816179954484697, 0.02015000000000002206 ) ) ;
#4319 = CARTESIAN_POINT ( 'NONE',  ( 1.015459890964976797, -0.5417713820686348436, 2.134256245050205639E-18 ) ) ;
#4320 = CARTESIAN_POINT ( 'NONE',  ( -0.5647878031557976852, 1.361961530562434852, 0.005270901231338729134 ) ) ;
#4321 = CARTESIAN_POINT ( 'NONE',  ( 1.932868703483374029, 0.001542441719929016223, -0.02015000000000002206 ) ) ;
#4322 = CARTESIAN_POINT ( 'NONE',  ( -0.2895109239828859149, -0.9540983499726189976, -0.02015000000000002206 ) ) ;
#4323 = CARTESIAN_POINT ( 'NONE',  ( -0.3192804869888804520, -0.7733491137579409092, 0.005270901231338727400 ) ) ;
#4324 = CARTESIAN_POINT ( 'NONE',  ( 1.147653037170011103, -1.395671176789096579, 0.005270901231338727400 ) ) ;
#4325 = CARTESIAN_POINT ( 'NONE',  ( 0.5381185642651774570, -0.8056024619784102336, -0.02015000000000002206 ) ) ;
#4326 = CARTESIAN_POINT ( 'NONE',  ( -1.205597224380985155, 1.203248347813309360, -0.005270901231338727400 ) ) ;
#4327 = CARTESIAN_POINT ( 'NONE',  ( -0.3708755199830477967, 1.221544760482527803, -0.005270901231338724797 ) ) ;
#4328 = CARTESIAN_POINT ( 'NONE',  ( 0.4344157740023583125, 1.051937181222844409, 0.000000000000000000 ) ) ;
#4329 = CARTESIAN_POINT ( 'NONE',  ( 0.4423182869424111541, 0.8297544829725637117, 0.000000000000000000 ) ) ;
#4330 = CARTESIAN_POINT ( 'NONE',  ( -0.8493512204956503719, 0.6946296372873473901, 0.005270901231338727400 ) ) ;
#4331 = CARTESIAN_POINT ( 'NONE',  ( 0.4423182869424111541, 0.8297544829725637117, -0.005270901231338727400 ) ) ;
#4332 = CARTESIAN_POINT ( 'NONE',  ( -1.284130881144540215, 1.051357529223055920, 0.005270901231338729134 ) ) ;
#4333 = CARTESIAN_POINT ( 'NONE',  ( 0.9733628351280728674, -0.09477898771711344705, 0.000000000000000000 ) ) ;
#4334 = CARTESIAN_POINT ( 'NONE',  ( -0.7213871141179166724, 1.735360507963833676, -0.02015000000000002206 ) ) ;
#4335 = CARTESIAN_POINT ( 'NONE',  ( -0.3162303200274408921, -1.603282406148555106, -0.005270901231338727400 ) ) ;
#4336 = CARTESIAN_POINT ( 'NONE',  ( -1.463670148786198943, -0.1465048731646463598, 0.02015000000000002206 ) ) ;
#4337 = CARTESIAN_POINT ( 'NONE',  ( -1.315931077667800819, 1.076431968058664701, 0.000000000000000000 ) ) ;
#4338 = CARTESIAN_POINT ( 'NONE',  ( -0.4586449959377694174, -1.110073350764576361, 0.02015000000000002206 ) ) ;
#4339 =( CONVERSION_BASED_UNIT ( 'INCH', #695 ) LENGTH_UNIT ( ) NAMED_UNIT ( #1718 ) );
#4340 = CARTESIAN_POINT ( 'NONE',  ( -0.6146157546136165051, 0.9166157056383136270, -0.02015000000000002206 ) ) ;
#4341 = CARTESIAN_POINT ( 'NONE',  ( 1.898166556018229700, 0.3800967734566127465, 0.02015000000000002206 ) ) ;
#4342 = CARTESIAN_POINT ( 'NONE',  ( 0.1444512870837237895, 1.483043904259268464, -0.005270901231338724797 ) ) ;
#4343 = CARTESIAN_POINT ( 'NONE',  ( 0.1211363469203482618, -1.216873705100067538, 0.000000000000000000 ) ) ;
#4344 = CARTESIAN_POINT ( 'NONE',  ( -1.203399588131495168, 1.201138030851137684, -0.02015000000000002206 ) ) ;
#4345 = CARTESIAN_POINT ( 'NONE',  ( 1.966791553317508212, 0.1955994674647489606, 0.000000000000000000 ) ) ;
#4346 = CARTESIAN_POINT ( 'NONE',  ( 0.8952924746793301525, -1.337045265786458437, 0.005270901231338727400 ) ) ;
#4347 = CARTESIAN_POINT ( 'NONE',  ( 1.497068677044800511, 0.4567147518998384559, 0.02015000000000002206 ) ) ;
#4348 = CARTESIAN_POINT ( 'NONE',  ( -0.1155385463753380859, -1.182995983348789304, 2.134256245050205639E-18 ) ) ;
#4349 = CARTESIAN_POINT ( 'NONE',  ( 1.726423020526979268, 0.1721210642396229784, 0.005270901231338729134 ) ) ;
#4350 = CARTESIAN_POINT ( 'NONE',  ( 0.7623239549573066487, -0.1508232007457327439, -0.02015000000000002206 ) ) ;
#4351 = CARTESIAN_POINT ( 'NONE',  ( -0.1272876380186117318, 1.279553914065462594, -0.02015000000000002206 ) ) ;
#4352 = CARTESIAN_POINT ( 'NONE',  ( 1.080837092333922778, 1.620927422155468367, 0.000000000000000000 ) ) ;
#4353 = CARTESIAN_POINT ( 'NONE',  ( 0.9141710740835822246, 1.716813157271476431, 0.005270901231338727400 ) ) ;
#4354 = CARTESIAN_POINT ( 'NONE',  ( 0.3439750317958126802, 0.8313028899394538929, -0.02015000000000002206 ) ) ;
#4355 = CARTESIAN_POINT ( 'NONE',  ( 1.573391172074056987, -0.1533944936517846191, -0.005270901231338727400 ) ) ;
#4356 = CARTESIAN_POINT ( 'NONE',  ( 1.248301887064151572, -1.245296901059800732, -0.005270901231338724797 ) ) ;
#4357 = CARTESIAN_POINT ( 'NONE',  ( -0.5242263844771045678, 0.9782371444627333545, 0.000000000000000000 ) ) ;
#4358 = CARTESIAN_POINT ( 'NONE',  ( 0.9232900528251212213, 0.2818315948865870446, 0.005270901231338727400 ) ) ;
#4359 = CARTESIAN_POINT ( 'NONE',  ( 1.727856394441518839, 0.9270148034327432285, -0.02015000000000002206 ) ) ;
#4360 = CARTESIAN_POINT ( 'NONE',  ( 1.325301408497944200, 1.090283948898961741, 0.005270901231338729134 ) ) ;
#4361 = CARTESIAN_POINT ( 'NONE',  ( 0.3819159489980291644, -0.7125019650076044320, 0.000000000000000000 ) ) ;
#4362 = CARTESIAN_POINT ( 'NONE',  ( 0.5508140806685662971, 1.819837685154967577, -0.02015000000000002206 ) ) ;
#4363 = CARTESIAN_POINT ( 'NONE',  ( -1.279238294855618019, -1.051943866106160863, -0.005270901231338727400 ) ) ;
#4364 = CARTESIAN_POINT ( 'NONE',  ( -0.5798975060399387260, 1.396228003218467739, 0.02015000000000002206 ) ) ;
#4365 = CARTESIAN_POINT ( 'NONE',  ( -1.062964248914428866, 1.587551995852913178, 0.000000000000000000 ) ) ;
#4366 = CARTESIAN_POINT ( 'NONE',  ( -0.3718347993938502238, 1.224436622966458499, 0.02015000000000002206 ) ) ;
#4367 = DIMENSIONAL_EXPONENTS ( 1.000000000000000000, 0.000000000000000000, 0.000000000000000000, 0.000000000000000000, 0.000000000000000000, 0.000000000000000000, 0.000000000000000000 ) ;
#4368 =( NAMED_UNIT ( * ) PLANE_ANGLE_UNIT ( ) SI_UNIT ( $, .RADIAN. ) );
#4369 = CARTESIAN_POINT ( 'NONE',  ( 0.9588022085357291724, 0.6420190228709564684, -0.02015000000000002206 ) ) ;
#4370 = CARTESIAN_POINT ( 'NONE',  ( -0.0001218389263104745950, -0.7835784480795552343, 0.005270901231338729134 ) ) ;
#4371 = CARTESIAN_POINT ( 'NONE',  ( 1.461468899841054769, 0.4450893741168017170, -0.005270901231338724797 ) ) ;
#4372 = CARTESIAN_POINT ( 'NONE',  ( -0.9180889019851310451, -1.120993592982966192, 0.000000000000000000 ) ) ;
#4373 = CARTESIAN_POINT ( 'NONE',  ( -1.542599006317559862, -1.034217075292181098, -0.02015000000000002206 ) ) ;
#4374 = CARTESIAN_POINT ( 'NONE',  ( -0.2992154687573843619, -0.9902691944565905624, 0.000000000000000000 ) ) ;
#4375 = CARTESIAN_POINT ( 'NONE',  ( 1.277460878527277410, -1.273399070432335467, 0.005270901231338727400 ) ) ;
#4376 = CARTESIAN_POINT ( 'NONE',  ( 0.2912393693910934056, 1.467692591816196490, 0.02015000000000002206 ) ) ;
#4377 = CARTESIAN_POINT ( 'NONE',  ( -1.491942134753148963, 0.7956552752512585647, 0.02015000000000002206 ) ) ;
#4378 = CARTESIAN_POINT ( 'NONE',  ( -0.0002022364845482875408, -0.9845908520330431957, 2.134256245050205639E-18 ) ) ;
#4379 = CARTESIAN_POINT ( 'NONE',  ( -0.1734321113240538947, -1.783087331690172084, 0.005270901231338729134 ) ) ;
#4380 = CARTESIAN_POINT ( 'NONE',  ( 0.8245199481751241954, -0.5489793932883778593, -0.02015000000000002206 ) ) ;
#4381 = CARTESIAN_POINT ( 'NONE',  ( 1.166636201782580207, 0.6250939572804183886, -0.02015000000000002206 ) ) ;
#4382 = CARTESIAN_POINT ( 'NONE',  ( 0.7914230089838487636, 0.5306900401269338818, 0.02015000000000002206 ) ) ;
#4383 = CARTESIAN_POINT ( 'NONE',  ( 1.073875146656476431, 0.4469357622034294542, 0.005270901231338727400 ) ) ;
#4384 = CARTESIAN_POINT ( 'NONE',  ( 1.966791553317508212, 0.1955994674647489606, 0.005270901231338727400 ) ) ;
#4385 = CARTESIAN_POINT ( 'NONE',  ( 0.4245075914789298577, 0.7933843767539374703, 0.005270901231338729134 ) ) ;
#4386 = CARTESIAN_POINT ( 'NONE',  ( 0.2838454306464373023, -0.9361297876500739301, -0.02015000000000002206 ) ) ;
#4387 = CARTESIAN_POINT ( 'NONE',  ( -1.171882550746745633, -1.432576041952445145, -0.005270901231338727400 ) ) ;
#4388 = CARTESIAN_POINT ( 'NONE',  ( -0.1460476992013662878, 1.476638508706693997, -0.005270901231338724797 ) ) ;
#4389 = CARTESIAN_POINT ( 'NONE',  ( 0.6341456267723789564, 0.9525466853756933139, 0.000000000000000000 ) ) ;
#4390 = CARTESIAN_POINT ( 'NONE',  ( -0.9627351620698099133, 0.5132619293641010882, 0.005270901231338727400 ) ) ;
#4391 = CARTESIAN_POINT ( 'NONE',  ( -0.7955432384091166709, -0.3311825998292729500, -0.005270901231338727400 ) ) ;
#4392 = CARTESIAN_POINT ( 'NONE',  ( 1.779489441669531935, 0.7383356536689515970, 0.005270901231338729134 ) ) ;
#4393 = CARTESIAN_POINT ( 'NONE',  ( 0.5991790545834454473, 0.7327062561889097214, 0.000000000000000000 ) ) ;
#4394 = CARTESIAN_POINT ( 'NONE',  ( 0.5973285559485390639, 0.7302857515513158093, -0.02015000000000002206 ) ) ;
#4395 = CARTESIAN_POINT ( 'NONE',  ( -1.211791900756342910, -0.8114565875636784442, -0.005270901231338727400 ) ) ;
#4396 = CARTESIAN_POINT ( 'NONE',  ( 1.292203275626353731, 0.8663799062304228249, 0.02015000000000002206 ) ) ;
#4397 = CARTESIAN_POINT ( 'NONE',  ( -1.470748816805947712, 1.204660073240859441, 0.000000000000000000 ) ) ;
#4398 = CARTESIAN_POINT ( 'NONE',  ( -1.238769403973685623, -0.001156099666654844234, 0.02015000000000002206 ) ) ;
#4399 = CARTESIAN_POINT ( 'NONE',  ( 0.7402557819646997661, -0.9016681136641716554, 0.02015000000000002206 ) ) ;
#4400 = DIRECTION ( 'NONE',  ( 1.000000000000000000, 0.000000000000000000, 0.000000000000000000 ) ) ;
#4401 = CARTESIAN_POINT ( 'NONE',  ( 0.5581728730764936586, -0.8335561650310681081, -0.02015000000000002206 ) ) ;
#4402 = CARTESIAN_POINT ( 'NONE',  ( 0.4200319113523492964, 1.014080896395294529, 0.005270901231338729134 ) ) ;
#4403 = CARTESIAN_POINT ( 'NONE',  ( -0.9298389127187567382, 1.132093107798715970, -0.005270901231338724797 ) ) ;
#4404 = CARTESIAN_POINT ( 'NONE',  ( -1.211627510803702679, -0.3697460764318586390, 0.000000000000000000 ) ) ;
#4405 = CARTESIAN_POINT ( 'NONE',  ( 0.4485538944511942017, -0.6686962936752517406, -0.005270901231338727400 ) ) ;
#4406 = CARTESIAN_POINT ( 'NONE',  ( 0.9126431474845304592, -0.3768481304921343367, 0.000000000000000000 ) ) ;
#4407 = CARTESIAN_POINT ( 'NONE',  ( -1.636225796996182646, -0.3281409302444867060, 0.02015000000000002206 ) ) ;
#4408 = CARTESIAN_POINT ( 'NONE',  ( -0.5660954884808510057, -1.059494098237514503, 2.134256245050205639E-18 ) ) ;
#4409 = CARTESIAN_POINT ( 'NONE',  ( 0.4247125481199391372, -0.6359608410971806514, -0.005270901231338724797 ) ) ;
#4410 = CARTESIAN_POINT ( 'NONE',  ( -0.6555972359141426509, -0.5398481122777757379, -0.02015000000000002206 ) ) ;
#4411 = CARTESIAN_POINT ( 'NONE',  ( 0.9282989670940365867, 0.9301595362898381625, -0.02015000000000002206 ) ) ;
#4412 = CARTESIAN_POINT ( 'NONE',  ( -0.8639485681227481173, 0.1702611048391229898, 0.005270901231338727400 ) ) ;
#4413 = COLOUR_RGB ( '',0.8392156862745098200, 0.4666666666666666741, 0.3686274509803921795 ) ;
#4414 = CARTESIAN_POINT ( 'NONE',  ( 1.730518621258949841, 0.9284965509297596897, 0.005270901231338727400 ) ) ;
#4415 = CARTESIAN_POINT ( 'NONE',  ( 1.126571502969889949, 0.1118021956371978293, 0.005270901231338729134 ) ) ;
#4416 = CARTESIAN_POINT ( 'NONE',  ( -0.4586449959377694174, -1.110073350764576361, -0.02015000000000002206 ) ) ;
#4417 = CARTESIAN_POINT ( 'NONE',  ( 0.5017951279756529548, 1.663767782017541164, -0.005270901231338727400 ) ) ;
#4418 = CARTESIAN_POINT ( 'NONE',  ( -1.176387336402598960, 1.175199064374667701, -0.005270901231338724797 ) ) ;
#4419 = CARTESIAN_POINT ( 'NONE',  ( -1.276206919020087538, -0.002121438826131132483, 0.000000000000000000 ) ) ;
#4420 = CARTESIAN_POINT ( 'NONE',  ( -0.8743450428759093063, -0.001001174052148393750, 0.005270901231338727400 ) ) ;
#4421 = CARTESIAN_POINT ( 'NONE',  ( 0.001477987492284754244, -0.8240439628872554545, -0.005270901231338727400 ) ) ;
#4422 = CARTESIAN_POINT ( 'NONE',  ( 1.929837142911454473, 0.001490102981407594607, 0.005270901231338729134 ) ) ;
#4423 = CARTESIAN_POINT ( 'NONE',  ( 0.1019113352055737859, -1.016772234786577300, 0.000000000000000000 ) ) ;
#4424 = CARTESIAN_POINT ( 'NONE',  ( -0.4737644156597711209, -1.567332837239003407, -0.005270901231338727400 ) ) ;
#4425 = ORIENTED_EDGE ( 'NONE', *, *, #67, .T. ) ;
#4426 = CARTESIAN_POINT ( 'NONE',  ( -0.001840833590225307917, 1.929392674238441963, 0.000000000000000000 ) ) ;
#4427 = CARTESIAN_POINT ( 'NONE',  ( -0.7811717256216980099, -1.171819291605710189, 0.02015000000000002206 ) ) ;
#4428 = CARTESIAN_POINT ( 'NONE',  ( -0.2111244486780558260, 1.061032819385229420, 0.02015000000000002206 ) ) ;
#4429 = CARTESIAN_POINT ( 'NONE',  ( 0.1015157990015662232, -1.013751190392690571, -0.02015000000000002206 ) ) ;
#4430 = CARTESIAN_POINT ( 'NONE',  ( -1.008611230855529284, -0.2012228637585475877, 0.005270901231338729134 ) ) ;
#4431 = CARTESIAN_POINT ( 'NONE',  ( 0.7078008812016503004, 1.325547074162961803, -0.005270901231338724797 ) ) ;
#4432 = CARTESIAN_POINT ( 'NONE',  ( 1.199226881201504336, 0.6435423970449928310, 0.000000000000000000 ) ) ;
#4433 = CARTESIAN_POINT ( 'NONE',  ( 1.627746535123033356, 0.6772233232506531531, -0.02015000000000002206 ) ) ;
#4434 = CARTESIAN_POINT ( 'NONE',  ( -1.073373248748989095, 0.1038692060985847848, 0.000000000000000000 ) ) ;
#4435 = CARTESIAN_POINT ( 'NONE',  ( 1.577648889736781079, 0.002550406381453532677, 0.000000000000000000 ) ) ;
#4436 = CARTESIAN_POINT ( 'NONE',  ( -0.001785790528654647826, 1.926346365166137886, 0.02015000000000002206 ) ) ;
#4437 = CARTESIAN_POINT ( 'NONE',  ( -0.1464143918080395290, 1.479663173175286506, 0.02015000000000002206 ) ) ;
#4438 = CARTESIAN_POINT ( 'NONE',  ( -1.436743534131773581, -0.0005439956603820117953, 2.134256245050205639E-18 ) ) ;
#4439 = CARTESIAN_POINT ( 'NONE',  ( -0.6871562657349298275, -1.664672961361193027, 0.005270901231338729134 ) ) ;
#4440 = CARTESIAN_POINT ( 'NONE',  ( -0.8430564036669172534, 0.2548042081326173380, -0.02015000000000002206 ) ) ;
#4441 = CARTESIAN_POINT ( 'NONE',  ( 0.3878029058526308859, -0.9319334162168821933, 0.02015000000000002206 ) ) ;
#4442 = CARTESIAN_POINT ( 'NONE',  ( 0.8906225380062372521, 0.7334339724980429853, 0.000000000000000000 ) ) ;
#4443 = CARTESIAN_POINT ( 'NONE',  ( -0.4890097368947752821, -0.9186622637226490307, 0.005270901231338727400 ) ) ;
#4444 = ADVANCED_FACE ( 'NONE', ( #2049 ), #3628, .T. ) ;
#4445 = CARTESIAN_POINT ( 'NONE',  ( 0.7241896880607525677, -0.2985638667501399057, 0.02015000000000002206 ) ) ;
#4446 = CARTESIAN_POINT ( 'NONE',  ( -0.4094670246554983351, 0.7657510921038237495, 0.005270901231338729134 ) ) ;
#4447 = CARTESIAN_POINT ( 'NONE',  ( -1.078562833058650527, -0.5768471925141540613, -0.02015000000000002206 ) ) ;
#4448 = CARTESIAN_POINT ( 'NONE',  ( 0.1805767864995252714, 0.9131832279276178577, 0.000000000000000000 ) ) ;
#4449 = CARTESIAN_POINT ( 'NONE',  ( 1.429075780045641064, 0.9559719084475731821, -0.005270901231338724797 ) ) ;
#4450 = CARTESIAN_POINT ( 'NONE',  ( 0.6307301826331075389, 1.184712561587630608, 0.000000000000000000 ) ) ;
#4451 = CARTESIAN_POINT ( 'NONE',  ( -0.8273931464775039490, -0.2520253568315128367, 0.005270901231338727400 ) ) ;
#4452 = CARTESIAN_POINT ( 'NONE',  ( -0.8639485681227481173, 0.1702611048391229898, -0.005270901231338727400 ) ) ;
#4453 = CARTESIAN_POINT ( 'NONE',  ( 0.4247125481199391372, -0.6359608410971806514, -0.005270901231338724797 ) ) ;
#4454 = CARTESIAN_POINT ( 'NONE',  ( -1.066890135447390309, -0.1062437229075484657, 0.000000000000000000 ) ) ;
#4455 = CARTESIAN_POINT ( 'NONE',  ( -1.494657878513600879, 0.7970364990951537276, -0.005270901231338727400 ) ) ;
#4456 = CARTESIAN_POINT ( 'NONE',  ( 1.970131138202268817, 0.002185763461703951836, -4.627930515048376147E-37 ) ) ;
#4457 = CARTESIAN_POINT ( 'NONE',  ( -1.418531674075973914, 0.2805504873551657452, 0.02015000000000002206 ) ) ;
#4458 = SHAPE_REPRESENTATION_RELATIONSHIP ( 'NONE' , 'NONE' ,  #4267, #2305 ) ;
#4459 = CARTESIAN_POINT ( 'NONE',  ( 0.9204060125656129410, 0.2808490005789493482, -0.02015000000000002206 ) ) ;
#4460 = CARTESIAN_POINT ( 'NONE',  ( -0.8984727792927402756, -0.4808809183815112021, 0.005270901231338729134 ) ) ;
#4461 = CARTESIAN_POINT ( 'NONE',  ( -1.633066050008180392, 0.1589354777476481850, -0.005270901231338724797 ) ) ;
#4462 = CARTESIAN_POINT ( 'NONE',  ( 0.2785749807400254574, -1.393130320574346381, 0.000000000000000000 ) ) ;
#4463 = CARTESIAN_POINT ( 'NONE',  ( 1.748150349007846049, -0.3448855651641334341, -0.02015000000000002206 ) ) ;
#4464 = CARTESIAN_POINT ( 'NONE',  ( -0.6163827538810128237, 0.9190978106364767752, 0.000000000000000000 ) ) ;
#4465 = CARTESIAN_POINT ( 'NONE',  ( -1.317737710512343563, 0.7015904054980349747, 0.000000000000000000 ) ) ;
#4466 = CARTESIAN_POINT ( 'NONE',  ( -1.745571495105645132, 0.7211400087384599589, 0.02015000000000002206 ) ) ;
#4467 = CARTESIAN_POINT ( 'NONE',  ( 0.9629528668365238131, -0.9623349713919471249, 2.134256245050205639E-18 ) ) ;
#4468 = CARTESIAN_POINT ( 'NONE',  ( -1.438979288415740188, 1.179546835686121176, 0.005270901231338729134 ) ) ;
#4469 = CARTESIAN_POINT ( 'NONE',  ( -0.3248191438676411025, 1.064570386609664299, -0.02015000000000002206 ) ) ;
#4470 = CARTESIAN_POINT ( 'NONE',  ( -0.09094294480556901206, 0.9138871938897832337, 0.02015000000000002206 ) ) ;
#4471 = CARTESIAN_POINT ( 'NONE',  ( 1.356728512085618732, -0.2684365249612486459, 0.000000000000000000 ) ) ;
#4472 = CARTESIAN_POINT ( 'NONE',  ( 0.1164369984561993421, -1.179719743048672775, 0.02015000000000002206 ) ) ;
#4473 = CARTESIAN_POINT ( 'NONE',  ( 0.6707929152040851273, 0.6722936075519813093, 0.005270901231338727400 ) ) ;
#4474 = CARTESIAN_POINT ( 'NONE',  ( -0.7391919896537546553, -0.7416028815764365012, 0.02015000000000002206 ) ) ;
#4475 = CARTESIAN_POINT ( 'NONE',  ( 0.9282828724752931748, 0.6203148047323862047, 0.005270901231338729134 ) ) ;
#4476 = CARTESIAN_POINT ( 'NONE',  ( -1.013714828933154344, -0.6786838827151978615, -0.02015000000000002206 ) ) ;
#4477 = CARTESIAN_POINT ( 'NONE',  ( -0.4298267816048044199, 0.8007580761121533275, 0.000000000000000000 ) ) ;
#4478 = CARTESIAN_POINT ( 'NONE',  ( 0.1570671935675275466, -1.576456742621983764, -0.005270901231338724797 ) ) ;
#4479 = CARTESIAN_POINT ( 'NONE',  ( 0.4137033172014812354, -1.355796239783332524, 0.000000000000000000 ) ) ;
#4480 = CARTESIAN_POINT ( 'NONE',  ( -0.8837750882329594715, -0.8856150542735711229, 0.005270901231338727400 ) ) ;
#4481 = CARTESIAN_POINT ( 'NONE',  ( 0.9126431474845304592, -0.3768481304921343367, -0.005270901231338727400 ) ) ;
#4482 = CARTESIAN_POINT ( 'NONE',  ( -0.3491485042959576179, -1.760412940355395195, 0.005270901231338729134 ) ) ;
#4483 = CARTESIAN_POINT ( 'NONE',  ( 0.3864899422032816445, 1.278801015837990995, 0.000000000000000000 ) ) ;
#4484 = CARTESIAN_POINT ( 'NONE',  ( -1.062964248914428866, 1.587551995852913178, -0.005270901231338727400 ) ) ;
#4485 = CARTESIAN_POINT ( 'NONE',  ( -1.788302426701249948, -0.5455750395023843957, 0.000000000000000000 ) ) ;
#4486 = CARTESIAN_POINT ( 'NONE',  ( -0.7905311999064466022, 1.477042327381736797, 0.02015000000000002206 ) ) ;
#4487 = CARTESIAN_POINT ( 'NONE',  ( -0.9542487809546187361, 1.160494740762421984, -0.02015000000000002206 ) ) ;
#4488 = CARTESIAN_POINT ( 'NONE',  ( 0.6109541476338372634, -0.7437991388682726468, 0.005270901231338729134 ) ) ;
#4489 = CARTESIAN_POINT ( 'NONE',  ( 0.6918876773445663542, -0.2867240907505786973, -0.02015000000000002206 ) ) ;
#4490 = CARTESIAN_POINT ( 'NONE',  ( -0.5811267864092536373, 1.399015821251289093, 0.000000000000000000 ) ) ;
#4491 = CARTESIAN_POINT ( 'NONE',  ( 1.967099577630348817, 0.002133424723182529136, -0.02015000000000002206 ) ) ;
#4492 = CARTESIAN_POINT ( 'NONE',  ( 0.3570926898788228110, 0.8663805372111738068, 0.000000000000000000 ) ) ;
#4493 = CARTESIAN_POINT ( 'NONE',  ( 1.328863925574705007, -0.8848188954155085106, 0.000000000000000000 ) ) ;
#4494 = CARTESIAN_POINT ( 'NONE',  ( 0.5380755918080777356, -0.5389419904644549009, 0.02015000000000002206 ) ) ;
#4495 = CARTESIAN_POINT ( 'NONE',  ( 1.068761233297969016, 1.069675527568017648, 2.134256245050205639E-18 ) ) ;
#4496 = CARTESIAN_POINT ( 'NONE',  ( -1.039855452302316241, 1.554296002936071730, 0.005270901231338729134 ) ) ;
#4497 = CARTESIAN_POINT ( 'NONE',  ( 0.4409782807767909096, 0.8270181402693017603, -0.02015000000000002206 ) ) ;
#4498 = CARTESIAN_POINT ( 'NONE',  ( 1.340662406680752650, 0.2688992826293178928, 0.02015000000000002206 ) ) ;
#4499 = CARTESIAN_POINT ( 'NONE',  ( 1.166746434332063931, 0.1168980261592754283, 0.000000000000000000 ) ) ;
#4500 = CARTESIAN_POINT ( 'NONE',  ( -0.9814091404061605628, -0.4077589322072399103, 0.005270901231338727400 ) ) ;
#4501 = CARTESIAN_POINT ( 'NONE',  ( -0.8609403182574976165, 0.1697777279271223405, 0.02015000000000002206 ) ) ;
#4502 = CARTESIAN_POINT ( 'NONE',  ( 0.9103028056609476781, 0.1807433537861549422, 0.005270901231338729134 ) ) ;
#4503 = CARTESIAN_POINT ( 'NONE',  ( 0.5537601597793437858, -1.033867311534292677, -0.02015000000000002206 ) ) ;
#4504 = CARTESIAN_POINT ( 'NONE',  ( -0.7107784406926598297, -0.4761130391232206160, 0.000000000000000000 ) ) ;
#4505 = CARTESIAN_POINT ( 'NONE',  ( 0.4265062765650032284, -0.6384237268603215609, -0.02015000000000002206 ) ) ;
#4506 = CARTESIAN_POINT ( 'NONE',  ( -0.8292161515990194021, 1.006995368166873739, 0.000000000000000000 ) ) ;
#4507 = CARTESIAN_POINT ( 'NONE',  ( -1.004408518379826587, 0.8225651782396692369, 0.005270901231338727400 ) ) ;
#4508 = CARTESIAN_POINT ( 'NONE',  ( -0.7412782310244555584, -0.7438234097827168823, -0.005270901231338727400 ) ) ;
#4509 = CARTESIAN_POINT ( 'NONE',  ( -1.186110483786181113, 1.441636490717625119, 0.005270901231338729134 ) ) ;
#4510 = CARTESIAN_POINT ( 'NONE',  ( -0.2195312356370549833, 1.097527069858855953, 0.000000000000000000 ) ) ;
#4511 = CARTESIAN_POINT ( 'NONE',  ( 0.9141710740835822246, 1.716813157271476431, -0.005270901231338727400 ) ) ;
#4512 = CARTESIAN_POINT ( 'NONE',  ( 0.5745831471248135092, 0.7005341124546331510, 2.134256245050205639E-18 ) ) ;
#4513 = CARTESIAN_POINT ( 'NONE',  ( -1.036948417296990943, 1.034658888633163798, 0.02015000000000002206 ) ) ;
#4514 = CARTESIAN_POINT ( 'NONE',  ( 0.3856799158798063787, 1.275863850539966871, -0.02015000000000002206 ) ) ;
#4515 = CARTESIAN_POINT ( 'NONE',  ( 1.077388605306209612, 0.3268882075441716939, 0.005270901231338729134 ) ) ;
#4516 = CARTESIAN_POINT ( 'NONE',  ( -1.186110483786181113, 1.441636490717625119, -0.005270901231338724797 ) ) ;
#4517 = CARTESIAN_POINT ( 'NONE',  ( 0.001600930868976154896, -1.627950493827648559, 0.000000000000000000 ) ) ;
#4518 = CARTESIAN_POINT ( 'NONE',  ( -0.7060138144715095709, 1.055950287830323964, -0.02015000000000002206 ) ) ;
#4519 = CARTESIAN_POINT ( 'NONE',  ( 0.4344157740023583125, 1.051937181222844409, -0.005270901231338727400 ) ) ;
#4520 = CARTESIAN_POINT ( 'NONE',  ( 1.356728512085618732, -0.2684365249612486459, 0.000000000000000000 ) ) ;
#4521 = CARTESIAN_POINT ( 'NONE',  ( 0.9809813853701755404, 1.199286113378744245, 0.000000000000000000 ) ) ;
#4522 = CARTESIAN_POINT ( 'NONE',  ( 0.7359497809130057799, -0.07264226390392233834, 0.02015000000000002206 ) ) ;
#4523 = CARTESIAN_POINT ( 'NONE',  ( -1.178656194762072840, -0.7881755020044669546, 2.134256245050205639E-18 ) ) ;
#4524 = CARTESIAN_POINT ( 'NONE',  ( -0.8172935539009804629, 0.6698848997548053630, -0.005270901231338724797 ) ) ;
#4525 = CARTESIAN_POINT ( 'NONE',  ( 1.172741656753577111, 0.001153683746685468629, -0.02015000000000002206 ) ) ;
#4526 = CARTESIAN_POINT ( 'NONE',  ( 0.6293603150168006755, 1.181991064694784654, 0.02015000000000002206 ) ) ;
#4527 = CARTESIAN_POINT ( 'NONE',  ( -1.191231214967320984, 0.4919834175174020441, 0.000000000000000000 ) ) ;
#4528 = CARTESIAN_POINT ( 'NONE',  ( -1.466694833401301468, -0.1468714080645105169, 0.005270901231338727400 ) ) ;
#4529 = CARTESIAN_POINT ( 'NONE',  ( 0.9393581308402275676, -0.2832742519371983514, 0.02015000000000002206 ) ) ;
#4530 = CARTESIAN_POINT ( 'NONE',  ( 1.333020657761714522, -0.1299836173306040954, 0.005270901231338729134 ) ) ;
#4531 = CARTESIAN_POINT ( 'NONE',  ( 0.001469625133894321856, -1.389488013031274560, -0.02015000000000002206 ) ) ;
#4532 = CARTESIAN_POINT ( 'NONE',  ( -0.001840833590225307917, 1.929392674238441963, -0.005270901231338727400 ) ) ;
#4533 = CARTESIAN_POINT ( 'NONE',  ( -1.281645621840423521, -1.283090915011205757, -0.005270901231338724797 ) ) ;
#4534 = CARTESIAN_POINT ( 'NONE',  ( 0.1597723334589088162, -0.7989620958169040277, 0.02015000000000002206 ) ) ;
#4535 = CARTESIAN_POINT ( 'NONE',  ( -0.1318847171121614870, 1.316720633869616019, 0.000000000000000000 ) ) ;
#4536 = CARTESIAN_POINT ( 'NONE',  ( -0.1184289950923217705, -1.223389494464337313, 0.005270901231338727400 ) ) ;
#4537 = CARTESIAN_POINT ( 'NONE',  ( 1.134535105144002465, -0.3428527054787358641, -0.005270901231338727400 ) ) ;
#4538 = CARTESIAN_POINT ( 'NONE',  ( -0.8984727792927402756, -0.4808809183815112021, -0.005270901231338724797 ) ) ;
#4539 = CARTESIAN_POINT ( 'NONE',  ( 0.7270414544978539562, 0.8878234437803660395, 0.000000000000000000 ) ) ;
#4540 = CARTESIAN_POINT ( 'NONE',  ( 0.6967738038866111427, -0.3713746445300929455, 0.000000000000000000 ) ) ;
#4541 = CARTESIAN_POINT ( 'NONE',  ( 0.08676025138209574050, 0.8829403137666640422, 2.134256245050205639E-18 ) ) ;
#4542 = CARTESIAN_POINT ( 'NONE',  ( -0.8934138627962333601, -1.338587469689556553, 0.02015000000000002206 ) ) ;
#4543 = PRODUCT_DEFINITION_SHAPE ( 'NONE', 'NONE',  #5860 ) ;
#4544 = CARTESIAN_POINT ( 'NONE',  ( 0.002265443225023133170, -1.423881906467276082, -0.02015000000000002206 ) ) ;
#4545 = CARTESIAN_POINT ( 'NONE',  ( -1.210590071294454839, 0.8082048627443727540, 0.005270901231338729134 ) ) ;
#4546 = CARTESIAN_POINT ( 'NONE',  ( 1.462298630818986478, 0.9791283617966567432, 0.000000000000000000 ) ) ;
#4547 = CARTESIAN_POINT ( 'NONE',  ( -1.046328588673005600, 0.6976953328805680643, -0.02015000000000002206 ) ) ;
#4548 = CARTESIAN_POINT ( 'NONE',  ( -0.4670301143217400197, -0.7016685252095359315, -0.005270901231338727400 ) ) ;
#4549 = CARTESIAN_POINT ( 'NONE',  ( 0.2399508317265431068, -1.195852433669943204, 0.000000000000000000 ) ) ;
#4550 = CARTESIAN_POINT ( 'NONE',  ( 0.1680483701384951900, 1.723398256320827659, 0.000000000000000000 ) ) ;
#4551 = CARTESIAN_POINT ( 'NONE',  ( -1.833558484084056639, -0.3664908185318206391, 0.02015000000000002206 ) ) ;
#4552 = CARTESIAN_POINT ( 'NONE',  ( 0.2697235683289542774, -1.353612763968483179, 2.134256245050205639E-18 ) ) ;
#4553 = CARTESIAN_POINT ( 'NONE',  ( -0.0007273275001313955507, 1.085006270403905404, -0.005270901231338724797 ) ) ;
#4554 = CARTESIAN_POINT ( 'NONE',  ( -0.8272244547994549446, 1.004689672484448293, -0.02015000000000002206 ) ) ;
#4555 = CARTESIAN_POINT ( 'NONE',  ( 0.6325262084611974478, 0.9499658703794733317, 0.02015000000000002206 ) ) ;
#4556 = CARTESIAN_POINT ( 'NONE',  ( 0.1618580990161113398, -1.616669032930586614, 0.000000000000000000 ) ) ;
#4557 = CARTESIAN_POINT ( 'NONE',  ( -0.1387406171657522835, -1.423384087830366074, 0.005270901231338727400 ) ) ;
#4558 = CARTESIAN_POINT ( 'NONE',  ( 0.4409782807767909096, 0.8270181402693017603, 0.02015000000000002206 ) ) ;
#4559 = CARTESIAN_POINT ( 'NONE',  ( -0.0003244928754079940423, 1.286024825992360121, 0.005270901231338729134 ) ) ;
#4560 = CARTESIAN_POINT ( 'NONE',  ( -1.439789530558584829, -0.0006144906129714252253, -0.02015000000000002206 ) ) ;
#4561 = CARTESIAN_POINT ( 'NONE',  ( 0.6967738038866111427, -0.3713746445300929455, 0.000000000000000000 ) ) ;
#4562 = CARTESIAN_POINT ( 'NONE',  ( 0.5499822207432185639, 1.816906638023654930, -0.005270901231338724797 ) ) ;
#4563 = CARTESIAN_POINT ( 'NONE',  ( 1.080837092333922778, 1.620927422155468367, 0.005270901231338727400 ) ) ;
#4564 = CARTESIAN_POINT ( 'NONE',  ( -0.9562346950440949733, 1.162805412926206872, 0.000000000000000000 ) ) ;
#4565 = CARTESIAN_POINT ( 'NONE',  ( 1.366857274759203822, 0.1360289709325979146, 0.005270901231338727400 ) ) ;
#4566 = CARTESIAN_POINT ( 'NONE',  ( 0.9423015235718230631, -0.2840614059098928723, -0.005270901231338727400 ) ) ;
#4567 = CARTESIAN_POINT ( 'NONE',  ( 0.3169771499549464688, 1.047518234273461912, -0.005270901231338724797 ) ) ;
#4568 = CARTESIAN_POINT ( 'NONE',  ( 1.051687412658427911, -0.5598699597655386606, 0.000000000000000000 ) ) ;
#4569 = CARTESIAN_POINT ( 'NONE',  ( -0.7019742908916665192, -1.702361214516944887, -0.005270901231338727400 ) ) ;
#4570 = ORIENTED_EDGE ( 'NONE', *, *, #931, .T. ) ;
#4571 = CARTESIAN_POINT ( 'NONE',  ( -0.8266726886336989155, -0.08145027248188425884, 2.134256245050205639E-18 ) ) ;
#4572 = CARTESIAN_POINT ( 'NONE',  ( 0.3613765739238957719, -0.6775999228413918107, 0.005270901231338729134 ) ) ;
#4573 = CARTESIAN_POINT ( 'NONE',  ( -0.5035762057864690000, 1.210256311549694264, -0.02015000000000002206 ) ) ;
#4574 = CARTESIAN_POINT ( 'NONE',  ( -0.1269136333720825016, 1.276530140573310046, 0.005270901231338729134 ) ) ;
#4575 = CARTESIAN_POINT ( 'NONE',  ( -0.4737644156597711209, -1.567332837239003407, 0.000000000000000000 ) ) ;
#4576 = CARTESIAN_POINT ( 'NONE',  ( 1.550438467464162695, -0.8262726894869371064, -0.02015000000000002206 ) ) ;
#4577 = CARTESIAN_POINT ( 'NONE',  ( -0.1807216955192745833, 0.9002862732813275981, -0.005270901231338727400 ) ) ;
#4578 = CARTESIAN_POINT ( 'NONE',  ( 0.7842116132879448642, -1.169499327565599156, 0.000000000000000000 ) ) ;
#4579 = CARTESIAN_POINT ( 'NONE',  ( 0.6967053558821356685, -1.677420275167984975, 0.000000000000000000 ) ) ;
#4580 = CARTESIAN_POINT ( 'NONE',  ( -0.2895109239828859149, -0.9540983499726189976, 0.02015000000000002206 ) ) ;
#4581 = CARTESIAN_POINT ( 'NONE',  ( 1.294732488728336017, -0.8630237920014167674, 2.134256245050205639E-18 ) ) ;
#4582 = CARTESIAN_POINT ( 'NONE',  ( -0.6882711152427598567, -1.667508476218467539, 0.02015000000000002206 ) ) ;
#4583 = CARTESIAN_POINT ( 'NONE',  ( 0.3169771499549464688, 1.047518234273461912, -0.005270901231338724797 ) ) ;
#4584 = CARTESIAN_POINT ( 'NONE',  ( -0.001283043338482277784, 1.323462496218483997, -0.02015000000000002206 ) ) ;
#4585 = CARTESIAN_POINT ( 'NONE',  ( -0.4709623701424829334, -1.142195918614966832, 0.02015000000000002206 ) ) ;
#4586 = CARTESIAN_POINT ( 'NONE',  ( -0.9135642617439307944, -1.370154126466789801, 0.000000000000000000 ) ) ;
#4587 = CARTESIAN_POINT ( 'NONE',  ( 0.9922757776405867203, -0.9902661747568557438, 0.005270901231338727400 ) ) ;
#4588 = CARTESIAN_POINT ( 'NONE',  ( -0.2188472845191537786, 1.094558006466558542, 0.02015000000000002206 ) ) ;
#4589 = CARTESIAN_POINT ( 'NONE',  ( 0.5522514997431299255, -1.031220227964161795, 0.005270901231338729134 ) ) ;
#4590 = CARTESIAN_POINT ( 'NONE',  ( -0.7905311999064466022, 1.477042327381736797, -0.02015000000000002206 ) ) ;
#4591 = CARTESIAN_POINT ( 'NONE',  ( 0.2958921661487682320, -0.9715894170657407569, 0.000000000000000000 ) ) ;
#4592 = CARTESIAN_POINT ( 'NONE',  ( -0.8097816991537726272, 0.2460643151409734330, -0.02015000000000002206 ) ) ;
#4593 = CARTESIAN_POINT ( 'NONE',  ( -0.1918314809190365955, 1.916617431978808073, 0.005270901231338727400 ) ) ;
#4594 = CARTESIAN_POINT ( 'NONE',  ( -0.5016177987361265522, 1.644133697731048560, 0.000000000000000000 ) ) ;
#4595 = CARTESIAN_POINT ( 'NONE',  ( -0.001361028145740965541, 1.326508313428211183, 0.005270901231338727400 ) ) ;
#4596 = PRODUCT_DEFINITION_SHAPE ( 'NONE', 'NONE',  #5665 ) ;
#4597 = CARTESIAN_POINT ( 'NONE',  ( -0.9562346950440949733, 1.162805412926206872, -0.005270901231338727400 ) ) ;
#4598 = CARTESIAN_POINT ( 'NONE',  ( -0.7830361772076590565, -0.6424324528746755414, -0.005270901231338724797 ) ) ;
#4599 = CARTESIAN_POINT ( 'NONE',  ( -0.2391499454712862904, -1.208880084024966717, 0.000000000000000000 ) ) ;
#4600 = CARTESIAN_POINT ( 'NONE',  ( -1.808061033695298248, 0.5453418723856460204, -0.005270901231338727400 ) ) ;
#4601 = DIRECTION ( 'NONE',  ( 0.9991005821420475552, 0.04240314567837419335, 0.000000000000000000 ) ) ;
#4602 = AXIS2_PLACEMENT_3D ( 'NONE', #2429, #3747, #1432 ) ;
#4603 = CARTESIAN_POINT ( 'NONE',  ( -1.148649618333073441, -1.403203926660912204, 0.02015000000000002206 ) ) ;
#4604 = CARTESIAN_POINT ( 'NONE',  ( 1.044066554658972024, 0.8585341543799945851, -0.02015000000000002206 ) ) ;
#4605 = CARTESIAN_POINT ( 'NONE',  ( 0.6125225836206753538, 1.148539778499770181, 0.005270901231338729134 ) ) ;
#4606 = CARTESIAN_POINT ( 'NONE',  ( -1.315931077667800819, 1.076431968058664701, 0.000000000000000000 ) ) ;
#4607 = CARTESIAN_POINT ( 'NONE',  ( -0.4900560800000702821, 1.608513222176490176, -0.02015000000000002206 ) ) ;
#4608 = CARTESIAN_POINT ( 'NONE',  ( 0.001121125418458782325, -1.025066133049630013, -0.005270901231338727400 ) ) ;
#4609 = CARTESIAN_POINT ( 'NONE',  ( 0.2785749807400254574, -1.393130320574346381, 0.000000000000000000 ) ) ;
#4610 = CARTESIAN_POINT ( 'NONE',  ( -0.3063335036959454749, -0.7382080046189081202, 0.02015000000000002206 ) ) ;
#4611 = CARTESIAN_POINT ( 'NONE',  ( 1.429075780045641064, 0.9559719084475731821, 2.134256245050205639E-18 ) ) ;
#4612 = CARTESIAN_POINT ( 'NONE',  ( 1.596215827602384563, 0.6634616501021368684, 0.02015000000000002206 ) ) ;
#4613 = CARTESIAN_POINT ( 'NONE',  ( -0.8068348190417770072, 0.2452902912326064278, -0.005270901231338724797 ) ) ;
#4614 = CARTESIAN_POINT ( 'NONE',  ( 1.370367326566495292, -0.1327626872445138717, -0.02015000000000002206 ) ) ;
#4615 = CARTESIAN_POINT ( 'NONE',  ( -0.1182115291820222402, -1.220350446716238935, 0.02015000000000002206 ) ) ;
#4616 = CARTESIAN_POINT ( 'NONE',  ( 0.9809813853701755404, 1.199286113378744245, 0.000000000000000000 ) ) ;
#4617 = CARTESIAN_POINT ( 'NONE',  ( 0.2785749807400254574, -1.393130320574346381, 0.005270901231338727400 ) ) ;
#4618 = CARTESIAN_POINT ( 'NONE',  ( -1.041810367204478727, -0.6985387898786709071, 0.02015000000000002206 ) ) ;
#4619 = CARTESIAN_POINT ( 'NONE',  ( 0.6125225836206753538, 1.148539778499770181, 0.005270901231338729134 ) ) ;
#4620 = CARTESIAN_POINT ( 'NONE',  ( -0.6964088816349326416, 1.299416059809291646, -0.02015000000000002206 ) ) ;
#4621 = CARTESIAN_POINT ( 'NONE',  ( -1.838600594165971547, -0.002260871458993952022, -0.005270901231338724797 ) ) ;
#4622 = CARTESIAN_POINT ( 'NONE',  ( 0.7623239549573066487, -0.1508232007457327439, 0.02015000000000002206 ) ) ;
#4623 = EDGE_CURVE ( 'NONE', #5396, #2196, #2571, .T. ) ;
#4624 = CARTESIAN_POINT ( 'NONE',  ( 1.499964968759224915, 0.4576605579692981096, 0.000000000000000000 ) ) ;
#4625 = CARTESIAN_POINT ( 'NONE',  ( -1.639201674204848747, -0.3287945360271859463, 0.005270901231338727400 ) ) ;
#4626 = CARTESIAN_POINT ( 'NONE',  ( 0.4265062765650032284, -0.6384237268603215609, 0.02015000000000002206 ) ) ;
#4627 = CARTESIAN_POINT ( 'NONE',  ( 1.779489441669531935, 0.7383356536689515970, -0.005270901231338724797 ) ) ;
#4628 = CARTESIAN_POINT ( 'NONE',  ( -0.9180889019851310451, -1.120993592982966192, -0.005270901231338727400 ) ) ;
#4629 = CARTESIAN_POINT ( 'NONE',  ( 0.9031794113595636997, -0.2735989468179536033, -0.005270901231338724797 ) ) ;
#4630 = CARTESIAN_POINT ( 'NONE',  ( -0.0001026719777850645108, -0.9876360518246491971, 0.02015000000000002206 ) ) ;
#4631 = CARTESIAN_POINT ( 'NONE',  ( -1.123368198323856593, -0.9249983306963230900, 0.000000000000000000 ) ) ;
#4632 = CARTESIAN_POINT ( 'NONE',  ( -1.061031655972372256, 0.2098633659835004439, 0.000000000000000000 ) ) ;
#4633 = CARTESIAN_POINT ( 'NONE',  ( 0.6160612918708763264, -0.5037284718701726671, 0.000000000000000000 ) ) ;
#4634 = CARTESIAN_POINT ( 'NONE',  ( 1.060591970274107787, 1.589421478462571535, 0.02015000000000002206 ) ) ;
#4635 = CARTESIAN_POINT ( 'NONE',  ( 1.708666545830383132, -0.5165738676110357419, -0.02015000000000002206 ) ) ;
#4636 = CARTESIAN_POINT ( 'NONE',  ( -0.4038399144257142637, -1.336168364073952564, 0.005270901231338729134 ) ) ;
#4637 = CARTESIAN_POINT ( 'NONE',  ( -0.9520404726851268151, 1.419900844480240343, 0.000000000000000000 ) ) ;
#4638 = CARTESIAN_POINT ( 'NONE',  ( 0.2912393693910934056, 1.467692591816196490, -0.02015000000000002206 ) ) ;
#4639 = CARTESIAN_POINT ( 'NONE',  ( -0.8135067671579561122, -0.6691071818706116892, -0.005270901231338727400 ) ) ;
#4640 = CARTESIAN_POINT ( 'NONE',  ( -0.8292161515990194021, 1.006995368166873739, 0.000000000000000000 ) ) ;
#4641 = CARTESIAN_POINT ( 'NONE',  ( -1.036009244467034796, 0.1013319705581807867, 0.02015000000000002206 ) ) ;
#4642 = CARTESIAN_POINT ( 'NONE',  ( -0.8917744864263479343, -1.336019300625992834, 2.134256245050205639E-18 ) ) ;
#4643 = CARTESIAN_POINT ( 'NONE',  ( -0.7905311999064466022, 1.477042327381736797, 0.02015000000000002206 ) ) ;
#4644 = CARTESIAN_POINT ( 'NONE',  ( 1.135307068356967486, 7.949201421640480429E-05, -0.005270901231338724797 ) ) ;
#4645 = CARTESIAN_POINT ( 'NONE',  ( 0.9520253103035333231, 0.9550720876288222305, -0.02015000000000002206 ) ) ;
#4646 = CARTESIAN_POINT ( 'NONE',  ( -0.5006771717770824859, 1.641235722060790048, 0.02015000000000002206 ) ) ;
#4647 = CARTESIAN_POINT ( 'NONE',  ( -1.538218048209295752, -0.6389160711455251773, 0.000000000000000000 ) ) ;
#4648 = CARTESIAN_POINT ( 'NONE',  ( 0.8505509035393795658, -0.8477023989134940818, 0.005270901231338727400 ) ) ;
#4649 = CARTESIAN_POINT ( 'NONE',  ( -1.273161114434498753, -0.002042901710782782203, 0.02015000000000002206 ) ) ;
#4650 = CARTESIAN_POINT ( 'NONE',  ( 0.7626816360359864877, -1.138856932270566613, 0.02015000000000002206 ) ) ;
#4651 = CARTESIAN_POINT ( 'NONE',  ( -1.205834867896449669, -0.2400961861947720766, 0.005270901231338729134 ) ) ;
#4652 = CARTESIAN_POINT ( 'NONE',  ( -0.7554669695529671047, -1.417385504094569981, -0.02015000000000002206 ) ) ;
#4653 = CARTESIAN_POINT ( 'NONE',  ( 0.7953014109814283694, -0.5308172680635022678, -0.02015000000000002206 ) ) ;
#4654 = CARTESIAN_POINT ( 'NONE',  ( -0.7083127644318492067, -0.4743231587339248323, 0.02015000000000002206 ) ) ;
#4655 = CARTESIAN_POINT ( 'NONE',  ( 1.096757261283283214, 1.098936501009861288, 0.000000000000000000 ) ) ;
#4656 = CARTESIAN_POINT ( 'NONE',  ( 1.573391172074056987, -0.1533944936517846191, 0.005270901231338727400 ) ) ;
#4657 = CARTESIAN_POINT ( 'NONE',  ( 1.058944887514347899, 1.586858248835000040, -0.005270901231338724797 ) ) ;
#4658 = CARTESIAN_POINT ( 'NONE',  ( 0.9922757776405867203, -0.9902661747568557438, -0.005270901231338727400 ) ) ;
#4659 = CARTESIAN_POINT ( 'NONE',  ( 1.095463125983095587, -0.3322050630574307495, -0.005270901231338724797 ) ) ;
#4660 = CARTESIAN_POINT ( 'NONE',  ( 0.9232900528251212213, 0.2818315948865870446, 0.000000000000000000 ) ) ;
#4661 = CARTESIAN_POINT ( 'NONE',  ( -1.041594066608400260, 1.556798052092823514, 0.02015000000000002206 ) ) ;
#4662 = CARTESIAN_POINT ( 'NONE',  ( 0.8935460224519511385, -1.334548677100054315, -0.02015000000000002206 ) ) ;
#4663 = CARTESIAN_POINT ( 'NONE',  ( -1.178656194762072840, -0.7881755020044669546, 0.005270901231338729134 ) ) ;
#4664 = CARTESIAN_POINT ( 'NONE',  ( -1.062964248914428866, 1.587551995852913178, 0.000000000000000000 ) ) ;
#4665 = CARTESIAN_POINT ( 'NONE',  ( 1.431575335717838238, 0.9577141082581254183, -0.02015000000000002206 ) ) ;
#4666 = CARTESIAN_POINT ( 'NONE',  ( 1.373405740173228917, -0.1329887840855085990, -0.005270901231338727400 ) ) ;
#4667 = CARTESIAN_POINT ( 'NONE',  ( 0.002335922603857154209, -1.426927904380912215, 0.000000000000000000 ) ) ;
#4668 = CARTESIAN_POINT ( 'NONE',  ( -0.7615103735331946178, -0.3155530027955608663, 0.02015000000000002206 ) ) ;
#4669 = CARTESIAN_POINT ( 'NONE',  ( -1.284130881144540215, 1.051357529223055920, 2.134256245050205639E-18 ) ) ;
#4670 = CARTESIAN_POINT ( 'NONE',  ( -1.141030626888449362, -1.143726219863400395, 0.02015000000000002206 ) ) ;
#4671 = CARTESIAN_POINT ( 'NONE',  ( 0.7382576071512380045, -0.8993680258489382684, -0.005270901231338724797 ) ) ;
#4672 = CARTESIAN_POINT ( 'NONE',  ( 0.9790992621632309545, 1.196890144073371909, -0.02015000000000002206 ) ) ;
#4673 = CARTESIAN_POINT ( 'NONE',  ( 0.2971956071029172031, 1.501576139558099099, 0.02015000000000002206 ) ) ;
#4674 = CARTESIAN_POINT ( 'NONE',  ( -0.9562346950440949733, 1.162805412926206872, 0.000000000000000000 ) ) ;
#4675 = CARTESIAN_POINT ( 'NONE',  ( -0.5016177987361265522, 1.644133697731048560, 0.005270901231338727400 ) ) ;
#4676 = CARTESIAN_POINT ( 'NONE',  ( 0.5707951985323631572, -1.063756862608758569, 0.02015000000000002206 ) ) ;
#4677 = CARTESIAN_POINT ( 'NONE',  ( 0.2703895135319105969, -1.356585908369878357, 0.02015000000000002206 ) ) ;
#4678 = CARTESIAN_POINT ( 'NONE',  ( -0.1460476992013662878, 1.476638508706693997, 0.005270901231338729134 ) ) ;
#4679 = CARTESIAN_POINT ( 'NONE',  ( 1.464365191555478507, 0.4460351801863938204, -0.02015000000000002206 ) ) ;
#4680 = CARTESIAN_POINT ( 'NONE',  ( -0.9472795422459056036, -0.3923421444986895379, -0.02015000000000002206 ) ) ;
#4681 = CARTESIAN_POINT ( 'NONE',  ( 0.3584091041259731547, -1.786984754377950679, 0.000000000000000000 ) ) ;
#4682 = CARTESIAN_POINT ( 'NONE',  ( -0.7147809355183392110, 1.332049816219171845, 0.005270901231338727400 ) ) ;
#4683 = CARTESIAN_POINT ( 'NONE',  ( 1.967099577630348817, 0.002133424723182529136, 0.02015000000000002206 ) ) ;
#4684 = CARTESIAN_POINT ( 'NONE',  ( 1.461441488963394875, -0.9753553698483216072, -0.005270901231338724797 ) ) ;
#4685 = CARTESIAN_POINT ( 'NONE',  ( 1.284370875885076924, -0.5295334903939589166, -0.005270901231338727400 ) ) ;
#4686 = CARTESIAN_POINT ( 'NONE',  ( -1.281608850268985522, 0.6832959026439987538, -0.005270901231338724797 ) ) ;
#4687 = CARTESIAN_POINT ( 'NONE',  ( 0.08930941710401958666, 0.9233570030237818749, 0.000000000000000000 ) ) ;
#4688 = CARTESIAN_POINT ( 'NONE',  ( -0.8743450428759093063, -0.001001174052148393750, 0.000000000000000000 ) ) ;
#4689 = CARTESIAN_POINT ( 'NONE',  ( 1.766643232454596424, 0.1768447899678749213, 0.000000000000000000 ) ) ;
#4690 = CARTESIAN_POINT ( 'NONE',  ( 0.7253161464796067381, -0.1450829918850024824, 0.005270901231338729134 ) ) ;
#4691 = CARTESIAN_POINT ( 'NONE',  ( 1.516541089538821385, -0.4574249893048952242, -0.02015000000000002206 ) ) ;
#4692 = CARTESIAN_POINT ( 'NONE',  ( 1.248301887064151572, -1.245296901059800732, 0.005270901231338729134 ) ) ;
#4693 = CARTESIAN_POINT ( 'NONE',  ( 0.7653347998975816857, -0.1512902070212980843, 0.000000000000000000 ) ) ;
#4694 = CARTESIAN_POINT ( 'NONE',  ( -1.503922807003317041, -0.6238718497740198821, -0.02015000000000002206 ) ) ;
#4695 = CARTESIAN_POINT ( 'NONE',  ( 1.356728512085618732, -0.2684365249612486459, -0.005270901231338727400 ) ) ;
#4696 = CARTESIAN_POINT ( 'NONE',  ( 0.7260928566580463484, 1.361677199398674265, 0.000000000000000000 ) ) ;
#4697 = CARTESIAN_POINT ( 'NONE',  ( 0.9061228040913253956, -0.2743861007906480132, 0.02015000000000002206 ) ) ;
#4698 = CARTESIAN_POINT ( 'NONE',  ( 1.058944887514347899, 1.586858248835000040, 2.134256245050205639E-18 ) ) ;
#4699 = CARTESIAN_POINT ( 'NONE',  ( 0.4597292553168276785, -1.512776291463462153, 0.02015000000000002206 ) ) ;
#4700 = CARTESIAN_POINT ( 'NONE',  ( -0.5660954884808510057, -1.059494098237514503, -0.005270901231338724797 ) ) ;
#4701 = CARTESIAN_POINT ( 'NONE',  ( 0.9497254445125788980, 0.1900093630857323801, 0.000000000000000000 ) ) ;
#4702 = CARTESIAN_POINT ( 'NONE',  ( -1.649425558943177883, 0.3264765905802038404, -0.02015000000000002206 ) ) ;
#4703 = CARTESIAN_POINT ( 'NONE',  ( 1.147653037170011103, -1.395671176789096579, 0.000000000000000000 ) ) ;
#4704 = CARTESIAN_POINT ( 'NONE',  ( 0.9809813853701755404, 1.199286113378744245, 0.005270901231338727400 ) ) ;
#4705 = CARTESIAN_POINT ( 'NONE',  ( 1.071094262873011793, 0.4456908515671042514, 0.02015000000000002206 ) ) ;
#4706 = CARTESIAN_POINT ( 'NONE',  ( -0.7890410602448959532, 1.474384786063686281, 0.005270901231338729134 ) ) ;
#4707 = CARTESIAN_POINT ( 'NONE',  ( -1.283759288993516323, -1.285285327002809508, -0.02015000000000002206 ) ) ;
#4708 = CARTESIAN_POINT ( 'NONE',  ( 0.7041433899066534829, 0.8581893090713917926, -0.02015000000000002206 ) ) ;
#4709 = CARTESIAN_POINT ( 'NONE',  ( -0.8667980352292148361, -0.08692464425040249965, 0.005270901231338727400 ) ) ;
#4710 = CARTESIAN_POINT ( 'NONE',  ( -1.279238294855618019, -1.051943866106160863, 0.005270901231338727400 ) ) ;
#4711 = CARTESIAN_POINT ( 'NONE',  ( -0.7113282263892125590, 0.4757512087598131933, -0.02015000000000002206 ) ) ;
#4712 = CARTESIAN_POINT ( 'NONE',  ( 0.002335922603857154209, -1.426927904380912215, -0.005270901231338727400 ) ) ;
#4713 = CARTESIAN_POINT ( 'NONE',  ( 1.050739548259346900, -0.8605853961258906892, -0.005270901231338724797 ) ) ;
#4714 = CARTESIAN_POINT ( 'NONE',  ( -0.7955432384091166709, -0.3311825998292729500, 0.000000000000000000 ) ) ;
#4715 = CARTESIAN_POINT ( 'NONE',  ( 1.115785687665855175, 0.3397589754674914531, 0.000000000000000000 ) ) ;
#4716 = CARTESIAN_POINT ( 'NONE',  ( -1.171882550746745633, -1.432576041952445145, 0.000000000000000000 ) ) ;
#4717 = CARTESIAN_POINT ( 'NONE',  ( -0.6275770133849277732, -0.5150008151432591275, 0.005270901231338729134 ) ) ;
#4718 = CARTESIAN_POINT ( 'NONE',  ( 1.145675325035443226, -1.393353486046602363, -0.02015000000000002206 ) ) ;
#4719 = CARTESIAN_POINT ( 'NONE',  ( 0.9559651398318254056, 1.167440081071754232, 0.005270901231338729134 ) ) ;
#4720 = DIRECTION ( 'NONE',  ( 0.9998509997720635978, 0.01726204665747673589, 5.247679386446804676E-20 ) ) ;
#4721 = CARTESIAN_POINT ( 'NONE',  ( 1.697795853357347839, 0.9102836476816639211, -0.02015000000000002206 ) ) ;
#4722 = CARTESIAN_POINT ( 'NONE',  ( -0.1387406171657522835, -1.423384087830366074, -0.005270901231338727400 ) ) ;
#4723 = CARTESIAN_POINT ( 'NONE',  ( 1.577648889736781079, 0.002550406381453532677, 0.000000000000000000 ) ) ;
#4724 = CARTESIAN_POINT ( 'NONE',  ( 0.6480906365422819393, -1.211380385702345963, 0.02015000000000002206 ) ) ;
#4725 = CARTESIAN_POINT ( 'NONE',  ( -1.024092057859378402, 0.2037012191936206085, 0.02015000000000002206 ) ) ;
#4726 = CARTESIAN_POINT ( 'NONE',  ( 1.351681249209182534, 1.355067835676538435, 2.134256245050205639E-18 ) ) ;
#4727 = CARTESIAN_POINT ( 'NONE',  ( -0.8338773133583753383, 0.0005396457169805584210, 0.005270901231338729134 ) ) ;
#4728 = CARTESIAN_POINT ( 'NONE',  ( 1.192525431364199306, -0.6369382897207322980, -0.005270901231338724797 ) ) ;
#4729 = CARTESIAN_POINT ( 'NONE',  ( 0.4344157740023583125, 1.051937181222844409, 0.000000000000000000 ) ) ;
#4730 = CARTESIAN_POINT ( 'NONE',  ( -0.7132862400001465097, 1.329394831111448516, -0.02015000000000002206 ) ) ;
#4731 = CARTESIAN_POINT ( 'NONE',  ( 1.692570770125722657, 0.5152262127485994769, 0.000000000000000000 ) ) ;
#4732 = CARTESIAN_POINT ( 'NONE',  ( 0.7260928566580463484, 1.361677199398674265, 0.005270901231338727400 ) ) ;
#4733 = CARTESIAN_POINT ( 'NONE',  ( 1.196575400709670944, 0.6420414869991021289, 0.02015000000000002206 ) ) ;
#4734 = CARTESIAN_POINT ( 'NONE',  ( 1.329690037713667117, 0.1314362166377468222, 0.02015000000000002206 ) ) ;
#4735 = CARTESIAN_POINT ( 'NONE',  ( 0.8747254621983557854, -0.3626266251870082780, 2.134256245050205639E-18 ) ) ;
#4736 = CARTESIAN_POINT ( 'NONE',  ( -1.281608850268985522, 0.6832959026439987538, 0.005270901231338729134 ) ) ;
#4737 = CARTESIAN_POINT ( 'NONE',  ( 0.8390008329309991408, -1.564997581607700639, -0.02015000000000002206 ) ) ;
#4738 = CARTESIAN_POINT ( 'NONE',  ( -0.08633427184671781107, 0.8797939479947134434, -0.02015000000000002206 ) ) ;
#4739 = CARTESIAN_POINT ( 'NONE',  ( -1.470748816805947712, 1.204660073240859441, 0.000000000000000000 ) ) ;
#4740 = CARTESIAN_POINT ( 'NONE',  ( -0.4737644156597711209, -1.567332837239003407, 0.005270901231338727400 ) ) ;
#4741 = CARTESIAN_POINT ( 'NONE',  ( 0.6452588527940946728, 0.6448979018736624713, -0.02015000000000002206 ) ) ;
#4742 = CARTESIAN_POINT ( 'NONE',  ( 0.1618580990161113398, -1.616669032930586614, -0.005270901231338727400 ) ) ;
#4743 = CARTESIAN_POINT ( 'NONE',  ( 0.7246503084569612119, 1.085151480038653915, -0.005270901231338724797 ) ) ;
#4744 = CARTESIAN_POINT ( 'NONE',  ( -0.8493512204956503719, 0.6946296372873473901, 0.000000000000000000 ) ) ;
#4745 = CARTESIAN_POINT ( 'NONE',  ( -0.7412782310244555584, -0.7438234097827168823, 0.000000000000000000 ) ) ;
#4746 = CARTESIAN_POINT ( 'NONE',  ( 0.9141710740835822246, 1.716813157271476431, 0.000000000000000000 ) ) ;
#4747 = CARTESIAN_POINT ( 'NONE',  ( 0.6954858497610629797, -1.674628172035995899, -0.02015000000000002206 ) ) ;
#4748 = CARTESIAN_POINT ( 'NONE',  ( 1.429075780045641064, 0.9559719084475731821, 0.005270901231338729134 ) ) ;
#4749 = CARTESIAN_POINT ( 'NONE',  ( -1.836535196679146331, -0.3671405983948691776, 0.000000000000000000 ) ) ;
#4750 = CARTESIAN_POINT ( 'NONE',  ( -0.07994837832442129588, -0.8203140385386719080, -0.02015000000000002206 ) ) ;
#4751 = CARTESIAN_POINT ( 'NONE',  ( -1.245328695213201664, -0.2490531081885033471, -0.005270901231338727400 ) ) ;
#4752 = CARTESIAN_POINT ( 'NONE',  ( -1.466694833401301468, -0.1468714080645105169, 0.000000000000000000 ) ) ;
#4753 = CARTESIAN_POINT ( 'NONE',  ( -1.046328588673005600, 0.6976953328805680643, 0.02015000000000002206 ) ) ;
#4754 = CARTESIAN_POINT ( 'NONE',  ( -0.5592232289222567321, -0.8368167979030678438, 0.02015000000000002206 ) ) ;
#4755 = CARTESIAN_POINT ( 'NONE',  ( 1.929837142911454917, 0.001490102981407642746, 2.134256245050204869E-18 ) ) ;
#4756 = CARTESIAN_POINT ( 'NONE',  ( -0.7087335346019101312, 0.4741540910467859082, 0.005270901231338729134 ) ) ;
#4757 = CARTESIAN_POINT ( 'NONE',  ( 1.050739548259346900, -0.8605853961258906892, -0.005270901231338724797 ) ) ;
#4758 = CARTESIAN_POINT ( 'NONE',  ( 0.3276081503265225736, 1.086594775272874180, 0.000000000000000000 ) ) ;
#4759 = CARTESIAN_POINT ( 'NONE',  ( 0.2971956071029172031, 1.501576139558099099, -0.02015000000000002206 ) ) ;
#4760 = CARTESIAN_POINT ( 'NONE',  ( -1.836535196679146331, -0.3671405983948691776, 0.000000000000000000 ) ) ;
#4761 = CARTESIAN_POINT ( 'NONE',  ( -1.429516914522611426, -0.1423661433823523725, 0.02015000000000002206 ) ) ;
#4762 = CARTESIAN_POINT ( 'NONE',  ( 1.540931945940445580, 0.3080968532916672498, 0.005270901231338727400 ) ) ;
#4763 = CARTESIAN_POINT ( 'NONE',  ( -1.121057458041601507, -0.9230124942361123130, 0.02015000000000002206 ) ) ;
#4764 = CARTESIAN_POINT ( 'NONE',  ( 1.036913022556078756, 0.4303890292175405197, 2.134256245050205639E-18 ) ) ;
#4765 = CARTESIAN_POINT ( 'NONE',  ( 0.7078008812016503004, 1.325547074162961803, 0.005270901231338729134 ) ) ;
#4766 = CARTESIAN_POINT ( 'NONE',  ( 0.8970868882639493336, 1.683487189600068934, -0.02015000000000002206 ) ) ;
#4767 = CARTESIAN_POINT ( 'NONE',  ( 0.9132688088264234727, 0.1814404916164773507, -0.02015000000000002206 ) ) ;
#4768 = CARTESIAN_POINT ( 'NONE',  ( 0.4485538944511942017, -0.6686962936752517406, 0.005270901231338727400 ) ) ;
#4769 = CARTESIAN_POINT ( 'NONE',  ( 1.711598747943163135, -0.5174016523896081132, 0.005270901231338727400 ) ) ;
#4770 = CARTESIAN_POINT ( 'NONE',  ( 0.5764336457597197816, 0.7029546170919069858, -0.02015000000000002206 ) ) ;
#4771 = CARTESIAN_POINT ( 'NONE',  ( 1.577648889736781079, 0.002550406381453532677, -0.005270901231338727400 ) ) ;
#4772 = CARTESIAN_POINT ( 'NONE',  ( -1.191846861493955467, 0.3603949715128422215, -0.005270901231338724797 ) ) ;
#4773 = CARTESIAN_POINT ( 'NONE',  ( 1.228696520285260219, -0.6551492142235911809, 0.000000000000000000 ) ) ;
#4774 = CARTESIAN_POINT ( 'NONE',  ( -1.048069353480812982, -0.2103362636239102523, 0.000000000000000000 ) ) ;
#4775 = CARTESIAN_POINT ( 'NONE',  ( -0.7019742908916665192, -1.702361214516944887, 0.000000000000000000 ) ) ;
#4776 = CARTESIAN_POINT ( 'NONE',  ( -0.3499696474764826815, 0.8422069134738534579, -0.005270901231338727400 ) ) ;
#4777 = CARTESIAN_POINT ( 'NONE',  ( 0.6043036268532824273, -1.454284836891896582, 0.005270901231338729134 ) ) ;
#4778 = CARTESIAN_POINT ( 'NONE',  ( -0.4890097368947752821, -0.9186622637226490307, 0.000000000000000000 ) ) ;
#4779 = CARTESIAN_POINT ( 'NONE',  ( 1.483583075901298010, 1.219092001740331499, -0.02015000000000002206 ) ) ;
#4780 = CARTESIAN_POINT ( 'NONE',  ( -0.8292161515990194021, 1.006995368166873739, -0.005270901231338727400 ) ) ;
#4781 = CARTESIAN_POINT ( 'NONE',  ( 0.6193420263997200248, -1.488582641839613308, 0.02015000000000002206 ) ) ;
#4782 = CARTESIAN_POINT ( 'NONE',  ( -1.464872751235547721, -0.7860194739903916261, 0.000000000000000000 ) ) ;
#4783 = CARTESIAN_POINT ( 'NONE',  ( -1.013714828933154344, -0.6786838827151978615, 0.02015000000000002206 ) ) ;
#4784 = CARTESIAN_POINT ( 'NONE',  ( 1.131595484224397818, -0.3420516190460222150, -0.02015000000000002206 ) ) ;
#4785 = CARTESIAN_POINT ( 'NONE',  ( -0.1714148252238384684, 0.8608732046719057562, 0.005270901231338729134 ) ) ;
#4786 = CARTESIAN_POINT ( 'NONE',  ( 0.2907118720410361012, 1.464691791224965511, -0.005270901231338724797 ) ) ;
#4787 = CARTESIAN_POINT ( 'NONE',  ( -1.005710650110386739, 0.4145729567204703425, 0.000000000000000000 ) ) ;
#4788 = CARTESIAN_POINT ( 'NONE',  ( -1.474183407198726314, -0.001410484555045123187, -0.02015000000000002206 ) ) ;
#4789 = CARTESIAN_POINT ( 'NONE',  ( -1.879090860442019117, -0.002979373936738233860, 0.000000000000000000 ) ) ;
#4790 = CARTESIAN_POINT ( 'NONE',  ( 1.376839913707069041, 0.7376920377158671105, 0.005270901231338727400 ) ) ;
#4791 = CARTESIAN_POINT ( 'NONE',  ( 0.6635765156539205067, 1.606275832829189065, 0.02015000000000002206 ) ) ;
#4792 = CARTESIAN_POINT ( 'NONE',  ( 0.8211429273686990937, -0.8198606601817944872, 2.134256245050205639E-18 ) ) ;
#4793 = CARTESIAN_POINT ( 'NONE',  ( -1.034747101919234691, 1.032552405248691851, 0.005270901231338729134 ) ) ;
#4794 = CARTESIAN_POINT ( 'NONE',  ( 1.123343983281009484, -1.367183274951289995, -0.02015000000000002206 ) ) ;
#4795 = CARTESIAN_POINT ( 'NONE',  ( 0.6138924512368686415, 1.151261275393069328, -0.02015000000000002206 ) ) ;
#4796 = CARTESIAN_POINT ( 'NONE',  ( 0.5610388891212514384, 1.855864658646915411, 0.000000000000000000 ) ) ;
#4797 = CARTESIAN_POINT ( 'NONE',  ( 1.080837092333922778, 1.620927422155468367, 0.005270901231338727400 ) ) ;
#4798 = CARTESIAN_POINT ( 'NONE',  ( 0.9307658346483748124, 0.6220805951980338255, -0.02015000000000002206 ) ) ;
#4799 = CARTESIAN_POINT ( 'NONE',  ( -0.4737644156597711209, -1.567332837239003407, -0.005270901231338727400 ) ) ;
#4800 = CARTESIAN_POINT ( 'NONE',  ( -0.8559245060036612118, -0.8562154874223580903, -0.005270901231338724797 ) ) ;
#4801 = CARTESIAN_POINT ( 'NONE',  ( -0.4890097368947752821, -0.9186622637226490307, 0.000000000000000000 ) ) ;
#4802 = CARTESIAN_POINT ( 'NONE',  ( -0.6370959160180167391, 0.6348540631276851087, 0.005270901231338727400 ) ) ;
#4803 = CARTESIAN_POINT ( 'NONE',  ( -0.1807216955192745833, 0.9002862732813275981, -0.005270901231338727400 ) ) ;
#4804 = CARTESIAN_POINT ( 'NONE',  ( 0.6499350075177925401, 1.571398898206918915, 0.005270901231338729134 ) ) ;
#4805 = CARTESIAN_POINT ( 'NONE',  ( -0.8493512204956503719, 0.6946296372873473901, 0.000000000000000000 ) ) ;
#4806 = CARTESIAN_POINT ( 'NONE',  ( -1.772037409520452078, 0.5351052478975928395, -0.02015000000000002206 ) ) ;
#4807 = CARTESIAN_POINT ( 'NONE',  ( -0.1509215949444404903, 1.516840844423077650, -0.005270901231338727400 ) ) ;
#4808 = CARTESIAN_POINT ( 'NONE',  ( -1.535427889653403710, -0.6376921181565959884, 0.02015000000000002206 ) ) ;
#4809 = CARTESIAN_POINT ( 'NONE',  ( 0.5837324824285154978, -0.4793385364171399710, 2.134256245050205639E-18 ) ) ;
#4810 = CARTESIAN_POINT ( 'NONE',  ( 0.8233554669894411759, -0.8219553623028726941, 0.02015000000000002206 ) ) ;
#4811 = CARTESIAN_POINT ( 'NONE',  ( 0.001021560911695524980, -1.022020933258023456, -0.02015000000000002206 ) ) ;
#4812 = CARTESIAN_POINT ( 'NONE',  ( -1.836074367006176100, 0.1797209058144741134, 0.02015000000000002206 ) ) ;
#4813 = CARTESIAN_POINT ( 'NONE',  ( -1.248475055754836749, -1.025607510493779850, -0.005270901231338724797 ) ) ;
#4814 = CARTESIAN_POINT ( 'NONE',  ( 1.356728512085618732, -0.2684365249612486459, 0.000000000000000000 ) ) ;
#4815 = CARTESIAN_POINT ( 'NONE',  ( 1.581074789154663929, -0.8419246771922305195, -0.02015000000000002206 ) ) ;
#4816 = CARTESIAN_POINT ( 'NONE',  ( 0.6967053558821356685, -1.677420275167984975, 0.000000000000000000 ) ) ;
#4817 = CARTESIAN_POINT ( 'NONE',  ( 0.8572580124606603569, -1.597695686247856628, 0.005270901231338727400 ) ) ;
#4818 = CARTESIAN_POINT ( 'NONE',  ( -1.164864153653500045, -1.168536162382159516, 0.02015000000000002206 ) ) ;
#4819 = CARTESIAN_POINT ( 'NONE',  ( -1.173192782201607054, -0.3569883028495337007, 2.134256245050205639E-18 ) ) ;
#4820 = CARTESIAN_POINT ( 'NONE',  ( -0.5466361521790495948, 1.798233888131127944, 0.005270901231338729134 ) ) ;
#4821 = CARTESIAN_POINT ( 'NONE',  ( -0.1989556312494622226, -1.008809701410269932, -0.02015000000000002206 ) ) ;
#4822 = CARTESIAN_POINT ( 'NONE',  ( -1.429516914522611426, -0.1423661433823523725, -0.02015000000000002206 ) ) ;
#4823 = CARTESIAN_POINT ( 'NONE',  ( -0.7412782310244555584, -0.7438234097827168823, 0.005270901231338727400 ) ) ;
#4824 = CARTESIAN_POINT ( 'NONE',  ( 1.356113858628259505, 1.116562688883884213, 0.005270901231338727400 ) ) ;
#4825 = CARTESIAN_POINT ( 'NONE',  ( -0.3129001746479986856, 1.029067669322690115, 0.005270901231338729134 ) ) ;
#4826 = CARTESIAN_POINT ( 'NONE',  ( 0.3736176715203726739, -0.9005907306069584894, -0.02015000000000002206 ) ) ;
#4827 = CARTESIAN_POINT ( 'NONE',  ( -1.166974902555377724, -1.170733384784473863, -0.005270901231338727400 ) ) ;
#4828 = CARTESIAN_POINT ( 'NONE',  ( 0.1648841687081069318, 1.683025402547531968, -0.005270901231338724797 ) ) ;
#4829 = CARTESIAN_POINT ( 'NONE',  ( -0.7789543309099374868, 0.7772840017148821001, 0.000000000000000000 ) ) ;
#4830 = CARTESIAN_POINT ( 'NONE',  ( -1.073373248748989095, 0.1038692060985847848, 0.005270901231338727400 ) ) ;
#4831 = CARTESIAN_POINT ( 'NONE',  ( 0.7270504242972418707, -0.2996124230314293757, -0.005270901231338727400 ) ) ;
#4832 = CARTESIAN_POINT ( 'NONE',  ( -0.6074406917746622003, 0.6072754998231409962, -0.005270901231338724797 ) ) ;
#4833 = CARTESIAN_POINT ( 'NONE',  ( 0.1604874905346217739, -0.8019238191801268956, 0.000000000000000000 ) ) ;
#4834 = CARTESIAN_POINT ( 'NONE',  ( -0.8245136621764236340, -0.2510294673081767125, -0.02015000000000002206 ) ) ;
#4835 = CARTESIAN_POINT ( 'NONE',  ( 1.294700086024715091, 0.8681260429874646523, -0.005270901231338727400 ) ) ;
#4836 = CARTESIAN_POINT ( 'NONE',  ( -1.560193863047816931, 0.6433835640897160868, 0.02015000000000002206 ) ) ;
#4837 = CARTESIAN_POINT ( 'NONE',  ( 0.3584091041259731547, -1.786984754377950679, 0.000000000000000000 ) ) ;
#4838 = CARTESIAN_POINT ( 'NONE',  ( 0.4020007986868109895, -1.320221709831183698, 0.02015000000000002206 ) ) ;
#4839 = CARTESIAN_POINT ( 'NONE',  ( 0.8233554669894411759, -0.8219553623028726941, 0.02015000000000002206 ) ) ;
#4840 = CARTESIAN_POINT ( 'NONE',  ( -0.5227093698035201186, 0.9755948357090159506, -0.02015000000000002206 ) ) ;
#4841 = CARTESIAN_POINT ( 'NONE',  ( -1.752664674763849018, -0.5340667478469703910, 0.02015000000000002206 ) ) ;
#4842 = CARTESIAN_POINT ( 'NONE',  ( 0.4587830611477785592, -1.509880127411586948, -0.005270901231338724797 ) ) ;
#4843 = CARTESIAN_POINT ( 'NONE',  ( -1.123368198323856593, -0.9249983306963230900, 0.000000000000000000 ) ) ;
#4844 = CARTESIAN_POINT ( 'NONE',  ( -0.7351038813889123613, 1.766910758453521524, -0.02015000000000002206 ) ) ;
#4845 = CARTESIAN_POINT ( 'NONE',  ( -0.9335810111500513209, -0.5010653200894831238, 0.000000000000000000 ) ) ;
#4846 = CARTESIAN_POINT ( 'NONE',  ( -1.061804575661401850, 1.058444251294180294, 0.02015000000000002206 ) ) ;
#4847 = CARTESIAN_POINT ( 'NONE',  ( 0.8600612091381383273, 0.7068633388989601363, 2.134256245050205639E-18 ) ) ;
#4848 = CARTESIAN_POINT ( 'NONE',  ( 0.6602887923510039059, -0.3538000944934622249, -0.005270901231338724797 ) ) ;
#4849 = CARTESIAN_POINT ( 'NONE',  ( 0.9204060125656129410, 0.2808490005789493482, -0.02015000000000002206 ) ) ;
#4850 = CARTESIAN_POINT ( 'NONE',  ( -0.4896183548547616837, 1.178811856801752711, -0.02015000000000002206 ) ) ;
#4851 = CARTESIAN_POINT ( 'NONE',  ( -0.7432208872972275726, 0.4953821853174797951, 0.005270901231338727400 ) ) ;
#4852 = CARTESIAN_POINT ( 'NONE',  ( -0.3182271590361605007, -0.7704901379092284897, 0.02015000000000002206 ) ) ;
#4853 = CARTESIAN_POINT ( 'NONE',  ( 0.8600612091381383273, 0.7068633388989601363, 0.005270901231338729134 ) ) ;
#4854 = CARTESIAN_POINT ( 'NONE',  ( -1.094965728084118961, -0.9005894166372688803, -0.02015000000000002206 ) ) ;
#4855 = CARTESIAN_POINT ( 'NONE',  ( 1.020780509790973456, -1.239741028475744855, -0.005270901231338727400 ) ) ;
#4856 = CARTESIAN_POINT ( 'NONE',  ( 0.8720795003252421740, -1.303861850712273007, -0.005270901231338724797 ) ) ;
#4857 = CARTESIAN_POINT ( 'NONE',  ( 0.2399508317265431068, -1.195852433669943204, 0.000000000000000000 ) ) ;
#4858 = CARTESIAN_POINT ( 'NONE',  ( 0.8453695547284563183, 0.4530711667356038808, 0.005270901231338727400 ) ) ;
#4859 = CARTESIAN_POINT ( 'NONE',  ( 0.1604874905346217739, -0.8019238191801268956, -0.005270901231338727400 ) ) ;
#4860 = CARTESIAN_POINT ( 'NONE',  ( -1.838600594165971547, -0.002260871458993952022, 0.005270901231338729134 ) ) ;
#4861 = CARTESIAN_POINT ( 'NONE',  ( 0.7712383691861520729, -0.6315177307630112091, 0.000000000000000000 ) ) ;
#4862 = CARTESIAN_POINT ( 'NONE',  ( 0.3560254763341290096, 0.8635267244308592050, -0.02015000000000002206 ) ) ;
#4863 = CARTESIAN_POINT ( 'NONE',  ( -1.352207054872457848, -0.5626889245636939041, -0.005270901231338727400 ) ) ;
#4864 = CARTESIAN_POINT ( 'NONE',  ( -0.3562962634403943896, -1.800273796285656314, 0.000000000000000000 ) ) ;
#4865 = CARTESIAN_POINT ( 'NONE',  ( -1.286523401947412548, 1.053244030662926489, 0.02015000000000002206 ) ) ;
#4866 = CARTESIAN_POINT ( 'NONE',  ( 0.8623605224465453745, 0.7088624081050999282, 0.02015000000000002206 ) ) ;
#4867 = CARTESIAN_POINT ( 'NONE',  ( -1.474324638195791903E-06, -0.7866229131003283914, 0.02015000000000002206 ) ) ;
#4868 = CARTESIAN_POINT ( 'NONE',  ( 0.7628181781121685656, -0.9276395612596746165, -0.02015000000000002206 ) ) ;
#4869 = CARTESIAN_POINT ( 'NONE',  ( -0.9264491800988597925, 0.4952807298005528214, 0.005270901231338729134 ) ) ;
#4870 = CARTESIAN_POINT ( 'NONE',  ( 1.654055311329860167, 0.5027146793919471390, -0.005270901231338724797 ) ) ;
#4871 = CARTESIAN_POINT ( 'NONE',  ( -0.1318847171121614870, 1.316720633869616019, 0.000000000000000000 ) ) ;
#4872 = CARTESIAN_POINT ( 'NONE',  ( -1.577179403008766911, 1.050286473323958081, -0.02015000000000002206 ) ) ;
#4873 = CARTESIAN_POINT ( 'NONE',  ( 0.9733628351280728674, -0.09477898771711344705, 0.000000000000000000 ) ) ;
#4874 = CARTESIAN_POINT ( 'NONE',  ( -1.466694833401301468, -0.1468714080645105169, 0.000000000000000000 ) ) ;
#4875 = CARTESIAN_POINT ( 'NONE',  ( -1.463670148786198943, -0.1465048731646463598, 0.02015000000000002206 ) ) ;
#4876 = CARTESIAN_POINT ( 'NONE',  ( -0.4038399144257142637, -1.336168364073952564, 2.134256245050205639E-18 ) ) ;
#4877 = CARTESIAN_POINT ( 'NONE',  ( 0.7329077625518832795, -0.07247081500368435236, -0.005270901231338724797 ) ) ;
#4878 = CARTESIAN_POINT ( 'NONE',  ( -0.7406261955097727112, 0.4937850676044521769, -0.02015000000000002206 ) ) ;
#4879 = CARTESIAN_POINT ( 'NONE',  ( -1.045100680656782410, -0.2096506075227196064, 0.02015000000000002206 ) ) ;
#4880 = CARTESIAN_POINT ( 'NONE',  ( 0.2399508317265431068, -1.195852433669943204, 0.000000000000000000 ) ) ;
#4881 = CARTESIAN_POINT ( 'NONE',  ( 0.3570926898788228110, 0.8663805372111738068, 0.005270901231338727400 ) ) ;
#4882 = AXIS2_PLACEMENT_3D ( 'NONE', #1019, #75, #4601 ) ;
#4883 = CARTESIAN_POINT ( 'NONE',  ( 1.970131138202268817, 0.002185763461703942295, 0.005270901231338727400 ) ) ;
#4884 = CARTESIAN_POINT ( 'NONE',  ( 0.5745831471248135092, 0.7005341124546331510, 0.005270901231338729134 ) ) ;
#4885 = CARTESIAN_POINT ( 'NONE',  ( -0.8047352051655889404, 0.9786549036458782602, -0.02015000000000002206 ) ) ;
#4886 = CARTESIAN_POINT ( 'NONE',  ( 1.512104058723804378, 1.243362208235009092, -0.005270901231338727400 ) ) ;
#4887 = CARTESIAN_POINT ( 'NONE',  ( 1.461468899841054769, 0.4450893741168017170, -0.005270901231338724797 ) ) ;
#4888 = CARTESIAN_POINT ( 'NONE',  ( 1.228696520285260219, -0.6551492142235911809, 0.000000000000000000 ) ) ;
#4889 = CARTESIAN_POINT ( 'NONE',  ( 0.5991790545834454473, 0.7327062561889097214, 0.005270901231338727400 ) ) ;
#4890 = CARTESIAN_POINT ( 'NONE',  ( 1.967099577630348817, 0.002133424723182529136, -0.02015000000000002206 ) ) ;
#4891 = CARTESIAN_POINT ( 'NONE',  ( -0.07777606522903574016, -0.7829268229029457959, -0.005270901231338724797 ) ) ;
#4892 = CARTESIAN_POINT ( 'NONE',  ( -0.2992154687573843619, -0.9902691944565905624, 0.000000000000000000 ) ) ;
#4893 = CARTESIAN_POINT ( 'NONE',  ( -0.9562346950440949733, 1.162805412926206872, -0.005270901231338727400 ) ) ;
#4894 = CARTESIAN_POINT ( 'NONE',  ( -1.879090860442019117, -0.002979373936738233860, 0.000000000000000000 ) ) ;
#4895 = CARTESIAN_POINT ( 'NONE',  ( 0.9578472630387694364, 1.169836050377126124, 0.02015000000000002206 ) ) ;
#4896 = CARTESIAN_POINT ( 'NONE',  ( 1.039693906339542728, 0.4316339398537670236, 0.02015000000000002206 ) ) ;
#4897 = CARTESIAN_POINT ( 'NONE',  ( -0.7391919896537546553, -0.7416028815764365012, -0.02015000000000002206 ) ) ;
#4898 = CARTESIAN_POINT ( 'NONE',  ( 0.4245075914789298577, 0.7933843767539374703, 0.005270901231338729134 ) ) ;
#4899 = CARTESIAN_POINT ( 'NONE',  ( -1.210590071294454839, 0.8082048627443727540, -0.005270901231338724797 ) ) ;
#4900 = CARTESIAN_POINT ( 'NONE',  ( 0.9922757776405867203, -0.9902661747568557438, 0.000000000000000000 ) ) ;
#4901 = CARTESIAN_POINT ( 'NONE',  ( 0.6954858497610629797, -1.674628172035995899, -0.02015000000000002206 ) ) ;
#4902 = CARTESIAN_POINT ( 'NONE',  ( -0.7789543309099374868, 0.7772840017148821001, 0.000000000000000000 ) ) ;
#4903 = CARTESIAN_POINT ( 'NONE',  ( -0.7724506283608468804, -1.450762859432999985, 0.000000000000000000 ) ) ;
#4904 = CARTESIAN_POINT ( 'NONE',  ( -1.210371096842117522, 1.470165642093326452, 0.02015000000000002206 ) ) ;
#4905 = CARTESIAN_POINT ( 'NONE',  ( -0.8931426954961040332, -1.089092637845695100, 2.134256245050205639E-18 ) ) ;
#4906 = CARTESIAN_POINT ( 'NONE',  ( 1.672625375881530596, -0.5063991488351508030, 0.005270901231338729134 ) ) ;
#4907 = CARTESIAN_POINT ( 'NONE',  ( -0.5227093698035201186, 0.9755948357090159506, -0.02015000000000002206 ) ) ;
#4908 = CARTESIAN_POINT ( 'NONE',  ( 1.199226881201504336, 0.6435423970449928310, 0.000000000000000000 ) ) ;
#4909 = CARTESIAN_POINT ( 'NONE',  ( -0.0004024776826667331902, 1.289070643202537170, 0.02015000000000002206 ) ) ;
#4910 = CARTESIAN_POINT ( 'NONE',  ( 0.3276081503265225736, 1.086594775272874180, 0.005270901231338727400 ) ) ;
#4911 = CARTESIAN_POINT ( 'NONE',  ( 0.3878029058526308859, -0.9319334162168821933, 0.02015000000000002206 ) ) ;
#4912 = CARTESIAN_POINT ( 'NONE',  ( -1.008611230855529284, -0.2012228637585475877, 0.005270901231338729134 ) ) ;
#4913 = CARTESIAN_POINT ( 'NONE',  ( -1.236023241259890160, 0.1214042791348209360, -0.02015000000000002206 ) ) ;
#4914 = CARTESIAN_POINT ( 'NONE',  ( 0.1604874905346217739, -0.8019238191801268956, 0.000000000000000000 ) ) ;
#4915 = CARTESIAN_POINT ( 'NONE',  ( -1.501132648447425666, -0.6226478967850905821, -0.005270901231338724797 ) ) ;
#4916 = CARTESIAN_POINT ( 'NONE',  ( 0.9541265667974768716, 0.9572783972911057537, 0.000000000000000000 ) ) ;
#4917 = CARTESIAN_POINT ( 'NONE',  ( -0.9180889019851310451, -1.120993592982966192, 0.005270901231338727400 ) ) ;
#4918 = CARTESIAN_POINT ( 'NONE',  ( 0.6954858497610629797, -1.674628172035995899, 0.02015000000000002206 ) ) ;
#4919 = CARTESIAN_POINT ( 'NONE',  ( -0.5842055717920714430, -1.095715841174814020, -0.005270901231338727400 ) ) ;
#4920 = CARTESIAN_POINT ( 'NONE',  ( -1.545680182069505193, 1.030030881960925404, 0.005270901231338729134 ) ) ;
#4921 = CARTESIAN_POINT ( 'NONE',  ( -1.439789530558584829, -0.0006144906129714252253, 0.02015000000000002206 ) ) ;
#4922 = CARTESIAN_POINT ( 'NONE',  ( -0.3836257847870365167, 1.259981958273902469, 0.000000000000000000 ) ) ;
#4923 = CARTESIAN_POINT ( 'NONE',  ( 0.5656328842021768333, -0.5643018287050109993, 0.000000000000000000 ) ) ;
#4924 = CARTESIAN_POINT ( 'NONE',  ( 0.3746180060972844061, 1.899015941328781043, 0.000000000000000000 ) ) ;
#4925 = CARTESIAN_POINT ( 'NONE',  ( -1.528157176001552209, 0.6308448024161964485, 0.02015000000000002206 ) ) ;
#4926 = CARTESIAN_POINT ( 'NONE',  ( 1.122762960333105964, -0.2223655454845233082, 0.02015000000000002206 ) ) ;
#4927 = CARTESIAN_POINT ( 'NONE',  ( -0.3826665053762899893, 1.257090095789075601, -0.02015000000000002206 ) ) ;
#4928 = CARTESIAN_POINT ( 'NONE',  ( 0.9031794113595636997, -0.2735989468179536033, 0.005270901231338729134 ) ) ;
#4929 = CARTESIAN_POINT ( 'NONE',  ( 0.7328974085662414151, -0.0007258565243637118318, -0.02015000000000002206 ) ) ;
#4930 = CARTESIAN_POINT ( 'NONE',  ( -0.7147809355183392110, 1.332049816219171845, 0.000000000000000000 ) ) ;
#4931 = CARTESIAN_POINT ( 'NONE',  ( -1.639915306188899358, -0.8785163489870294606, -0.02015000000000002206 ) ) ;
#4932 = CARTESIAN_POINT ( 'NONE',  ( -0.5733980108211776949, 0.6970738852500641958, 0.000000000000000000 ) ) ;
#4933 = CARTESIAN_POINT ( 'NONE',  ( 0.4713594034279414702, -1.548374499504132640, 0.000000000000000000 ) ) ;
#4934 = CARTESIAN_POINT ( 'NONE',  ( 0.6954858497610629797, -1.674628172035995899, 0.02015000000000002206 ) ) ;
#4935 = CARTESIAN_POINT ( 'NONE',  ( 0.5723238800740190202, 1.385962546922364869, 2.134256245050205639E-18 ) ) ;
#4936 = CARTESIAN_POINT ( 'NONE',  ( 0.3674036453255876133, 1.859167097311532402, 0.005270901231338729134 ) ) ;
#4937 = CARTESIAN_POINT ( 'NONE',  ( 0.9703222410082557037, -0.09458415556913489508, -0.02015000000000002206 ) ) ;
#4938 = CARTESIAN_POINT ( 'NONE',  ( 0.6307301826331075389, 1.184712561587630608, 0.000000000000000000 ) ) ;
#4939 = CARTESIAN_POINT ( 'NONE',  ( -0.1157560122856376300, -1.186035031096887460, 0.02015000000000002206 ) ) ;
#4940 = CARTESIAN_POINT ( 'NONE',  ( -1.061031655972372256, 0.2098633659835004439, 0.005270901231338727400 ) ) ;
#4941 = CARTESIAN_POINT ( 'NONE',  ( -0.6555972359141426509, -0.5398481122777757379, 0.02015000000000002206 ) ) ;
#4942 = CARTESIAN_POINT ( 'NONE',  ( -0.08592611775836500598, 0.8767745760799271482, 0.005270901231338729134 ) ) ;
#4943 = CARTESIAN_POINT ( 'NONE',  ( 0.9651590064761960130, -0.9644364044772461009, -0.02015000000000002206 ) ) ;
#4944 = CARTESIAN_POINT ( 'NONE',  ( 0.2378743541084164526, -0.7791213238177947531, 0.000000000000000000 ) ) ;
#4945 = CARTESIAN_POINT ( 'NONE',  ( 1.547725248266793585, -0.8248865154563532753, -0.005270901231338724797 ) ) ;
#4946 = CARTESIAN_POINT ( 'NONE',  ( -0.7900802199849681351, -0.9659961847946322289, 0.000000000000000000 ) ) ;
#4947 = CARTESIAN_POINT ( 'NONE',  ( 0.7842116132879448642, -1.169499327565599156, 0.005270901231338727400 ) ) ;
#4948 = CARTESIAN_POINT ( 'NONE',  ( 1.689673019593504133, 0.5142848945461783172, 0.02015000000000002206 ) ) ;
#4949 = CARTESIAN_POINT ( 'NONE',  ( -0.3257888356608308889, 1.067458781819022429, -0.005270901231338727400 ) ) ;
#4950 = CARTESIAN_POINT ( 'NONE',  ( -0.0001218389263104745950, -0.7835784480795552343, -0.005270901231338724797 ) ) ;
#4951 = CARTESIAN_POINT ( 'NONE',  ( 0.5723038585685772395, -1.066403946178889672, 0.000000000000000000 ) ) ;
#4952 = CARTESIAN_POINT ( 'NONE',  ( -0.3562962634403943896, -1.800273796285656314, -0.005270901231338727400 ) ) ;
#4953 = ORIENTED_EDGE ( 'NONE', *, *, #4623, .T. ) ;
#4954 = CARTESIAN_POINT ( 'NONE',  ( -0.07777606522903574016, -0.7829268229029457959, 2.134256245050205639E-18 ) ) ;
#4955 = CARTESIAN_POINT ( 'NONE',  ( 1.264010534467609137, 0.8466633984590899997, 0.02015000000000002206 ) ) ;
#4956 = CARTESIAN_POINT ( 'NONE',  ( -1.242196105898545788, 0.8282934952162034348, -0.02015000000000002206 ) ) ;
#4957 = CARTESIAN_POINT ( 'NONE',  ( -0.7135489483780016462, -0.7143092533042941783, 0.005270901231338729134 ) ) ;
#4958 = CARTESIAN_POINT ( 'NONE',  ( 0.5499822207432185639, 1.816906638023654930, -0.005270901231338724797 ) ) ;
#4959 = CARTESIAN_POINT ( 'NONE',  ( 1.096757261283283214, 1.098936501009861288, 0.000000000000000000 ) ) ;
#4960 = CARTESIAN_POINT ( 'NONE',  ( -1.181149194006332781, -0.7899270786487389007, -0.02015000000000002206 ) ) ;
#4961 = CARTESIAN_POINT ( 'NONE',  ( -0.5242263844771045678, 0.9782371444627333545, -0.005270901231338727400 ) ) ;
#4962 = CARTESIAN_POINT ( 'NONE',  ( -0.1807216955192745833, 0.9002862732813275981, 0.000000000000000000 ) ) ;
#4963 = CARTESIAN_POINT ( 'NONE',  ( -1.494657878513600879, 0.7970364990951537276, 0.000000000000000000 ) ) ;
#4964 = CARTESIAN_POINT ( 'NONE',  ( -1.805130259054640085, 0.5445090511429162561, 0.02015000000000002206 ) ) ;
#4965 = CARTESIAN_POINT ( 'NONE',  ( -1.191846861493955467, 0.3603949715128422215, 2.134256245050205639E-18 ) ) ;
#4966 = CARTESIAN_POINT ( 'NONE',  ( -0.7135489483780016462, -0.7143092533042941783, -0.005270901231338724797 ) ) ;
#4967 = CARTESIAN_POINT ( 'NONE',  ( -0.5484521468853542636, -1.327683514042541146, -0.02015000000000002206 ) ) ;
#4968 = CARTESIAN_POINT ( 'NONE',  ( -1.041810367204478727, -0.6985387898786709071, 0.02015000000000002206 ) ) ;
#4969 = CARTESIAN_POINT ( 'NONE',  ( 1.051687412658427911, -0.5598699597655386606, 0.000000000000000000 ) ) ;
#4970 = CARTESIAN_POINT ( 'NONE',  ( -1.352207054872457848, -0.5626889245636939041, 0.005270901231338727400 ) ) ;
#4971 = CARTESIAN_POINT ( 'NONE',  ( -0.4876586654731432380, -0.9159313741824984811, 0.02015000000000002206 ) ) ;
#4972 = CARTESIAN_POINT ( 'NONE',  ( -0.1155385463753380859, -1.182995983348789304, 0.005270901231338729134 ) ) ;
#4973 = CARTESIAN_POINT ( 'NONE',  ( 0.4020007986868109895, -1.320221709831183698, -0.02015000000000002206 ) ) ;
#4974 = CARTESIAN_POINT ( 'NONE',  ( -1.873405340570763356, 0.1827022466259360933, -0.005270901231338727400 ) ) ;
#4975 = CARTESIAN_POINT ( 'NONE',  ( -0.6096718333609223439, 0.6093504016674793355, -0.02015000000000002206 ) ) ;
#4976 = CARTESIAN_POINT ( 'NONE',  ( -0.4282949941516306924, 0.7981242893233837510, 0.02015000000000002206 ) ) ;
#4977 = CARTESIAN_POINT ( 'NONE',  ( -0.3836257847870365167, 1.259981958273902469, 0.000000000000000000 ) ) ;
#4978 = CARTESIAN_POINT ( 'NONE',  ( 1.175787223235251533, 0.001241076782799628315, 0.005270901231338727400 ) ) ;
#4979 = CARTESIAN_POINT ( 'NONE',  ( 1.581074789154663929, -0.8419246771922305195, 0.02015000000000002206 ) ) ;
#4980 = CARTESIAN_POINT ( 'NONE',  ( -0.8135067671579561122, -0.6691071818706116892, -0.005270901231338727400 ) ) ;
#4981 = CARTESIAN_POINT ( 'NONE',  ( -0.0002022364845482875408, -0.9845908520330431957, -0.005270901231338724797 ) ) ;
#4982 = CARTESIAN_POINT ( 'NONE',  ( -0.1318847171121614870, 1.316720633869616019, 0.000000000000000000 ) ) ;
#4983 = CARTESIAN_POINT ( 'NONE',  ( -0.8679801415326585667, -1.627638557632946403, -0.005270901231338727400 ) ) ;
#4984 = CARTESIAN_POINT ( 'NONE',  ( -0.0001218389263104745950, -0.7835784480795552343, 2.134256245050205639E-18 ) ) ;
#4985 = CARTESIAN_POINT ( 'NONE',  ( -0.2910768763784165603, 1.454855851028867386, 0.02015000000000002206 ) ) ;
#4986 = CARTESIAN_POINT ( 'NONE',  ( -1.401283987690508770, -0.4265405264867929702, -0.02015000000000002206 ) ) ;
#4987 = CARTESIAN_POINT ( 'NONE',  ( -1.415530904714172866, 0.2800228065795956067, 0.005270901231338729134 ) ) ;
#4988 = CARTESIAN_POINT ( 'NONE',  ( 1.499964968759224915, 0.4576605579692981096, 0.000000000000000000 ) ) ;
#4989 = CARTESIAN_POINT ( 'NONE',  ( -1.418531674075973914, 0.2805504873551657452, -0.02015000000000002206 ) ) ;
#4990 = CARTESIAN_POINT ( 'NONE',  ( 0.6376517933918159908, -0.7742497078386332277, -0.005270901231338727400 ) ) ;
#4991 = CARTESIAN_POINT ( 'NONE',  ( 0.9541265667974768716, 0.9572783972911057537, 0.000000000000000000 ) ) ;
#4992 = CARTESIAN_POINT ( 'NONE',  ( -0.3376187258431641580, 1.688733571307307280, 0.000000000000000000 ) ) ;
#4993 = CARTESIAN_POINT ( 'NONE',  ( 1.275267071529245344, -1.271284774541415974, 0.02015000000000002206 ) ) ;
#4994 = CARTESIAN_POINT ( 'NONE',  ( 0.4010487166774975298, -1.317327472158227319, 2.134256245050205639E-18 ) ) ;
#4995 = CARTESIAN_POINT ( 'NONE',  ( -0.3129001746479986856, 1.029067669322690115, -0.005270901231338724797 ) ) ;
#4996 = CARTESIAN_POINT ( 'NONE',  ( 0.5707951985323631572, -1.063756862608758569, -0.02015000000000002206 ) ) ;
#4997 = CARTESIAN_POINT ( 'NONE',  ( 0.4333335891615047175, 1.049089024328551112, 0.02015000000000002206 ) ) ;
#4998 = CARTESIAN_POINT ( 'NONE',  ( -0.002764890159205933909, 1.728369875091887886, 0.000000000000000000 ) ) ;
#4999 = CARTESIAN_POINT ( 'NONE',  ( -0.1318847171121614870, 1.316720633869616019, 0.005270901231338727400 ) ) ;
#5000 = CARTESIAN_POINT ( 'NONE',  ( -0.2984259359335241779, -0.9873264424110166360, 0.02015000000000002206 ) ) ;
#5001 = CARTESIAN_POINT ( 'NONE',  ( 1.304118452077732027, 0.2607117013374981029, 0.005270901231338729134 ) ) ;
#5002 = CARTESIAN_POINT ( 'NONE',  ( -0.9318248268082325314, 1.134403779962756209, -0.02015000000000002206 ) ) ;
#5003 = CARTESIAN_POINT ( 'NONE',  ( -0.8460032837790635307, 0.2555782320411348341, 0.000000000000000000 ) ) ;
#5004 = CARTESIAN_POINT ( 'NONE',  ( 0.1516971354633323832, -0.7655197886944533625, -0.02015000000000002206 ) ) ;
#5005 = CARTESIAN_POINT ( 'NONE',  ( 0.6136290003263069615, -0.5018934697528976141, 0.02015000000000002206 ) ) ;
#5006 = CARTESIAN_POINT ( 'NONE',  ( 0.9809813853701755404, 1.199286113378744245, 0.000000000000000000 ) ) ;
#5007 = CARTESIAN_POINT ( 'NONE',  ( -1.077985765446750399, 0.7177033829893897376, 0.005270901231338727400 ) ) ;
#5008 = CARTESIAN_POINT ( 'NONE',  ( 0.3890591810186798116, -0.9347091925379735766, -0.005270901231338727400 ) ) ;
#5009 = CARTESIAN_POINT ( 'NONE',  ( -0.4710519675511455340, -0.8823646382387019260, -0.005270901231338724797 ) ) ;
#5010 = CARTESIAN_POINT ( 'NONE',  ( 0.9922757776405867203, -0.9902661747568557438, 0.000000000000000000 ) ) ;
#5011 = CARTESIAN_POINT ( 'NONE',  ( 0.3819159489980291644, -0.7125019650076044320, 0.000000000000000000 ) ) ;
#5012 = CARTESIAN_POINT ( 'NONE',  ( -0.08012511123997419216, -0.8233557509138300645, 0.000000000000000000 ) ) ;
#5013 = CARTESIAN_POINT ( 'NONE',  ( 0.8849568241518871448, 0.2687714400707260642, 2.134256245050205639E-18 ) ) ;
#5014 = CARTESIAN_POINT ( 'NONE',  ( 1.327619615175227086, 1.092261057185858641, 0.02015000000000002206 ) ) ;
#5015 = CARTESIAN_POINT ( 'NONE',  ( 0.2971956071029172031, 1.501576139558099099, -0.02015000000000002206 ) ) ;
#5016 = CARTESIAN_POINT ( 'NONE',  ( -1.043753055172573552, 0.6960675375878493387, 0.005270901231338729134 ) ) ;
#5017 = CARTESIAN_POINT ( 'NONE',  ( 1.495540774311185928, -0.9972006770378056828, 0.000000000000000000 ) ) ;
#5018 = CARTESIAN_POINT ( 'NONE',  ( 1.675557577994310376, -0.5072269336140265983, -0.02015000000000002206 ) ) ;
#5019 = CARTESIAN_POINT ( 'NONE',  ( 0.1805767864995252714, 0.9131832279276178577, -0.005270901231338727400 ) ) ;
#5020 = CARTESIAN_POINT ( 'NONE',  ( 0.6341456267723789564, 0.9525466853756933139, 0.000000000000000000 ) ) ;
#5021 = CARTESIAN_POINT ( 'NONE',  ( -0.8679801415326585667, -1.627638557632946403, 0.000000000000000000 ) ) ;
#5022 = CARTESIAN_POINT ( 'NONE',  ( 0.4258475976445499911, 0.7961207194575191659, 0.02015000000000002206 ) ) ;
#5023 = CARTESIAN_POINT ( 'NONE',  ( -1.749765293537725919, -0.5331304675556870487, 2.134256245050205639E-18 ) ) ;
#5024 = CARTESIAN_POINT ( 'NONE',  ( -1.629638329791773366, -0.1613771943440120704, 0.02015000000000002206 ) ) ;
#5025 = CARTESIAN_POINT ( 'NONE',  ( 0.2828653441693936843, -0.9332448979416690937, -0.005270901231338724797 ) ) ;
#5026 = CARTESIAN_POINT ( 'NONE',  ( 0.7628181781121685656, -0.9276395612596746165, -0.02015000000000002206 ) ) ;
#5027 = CARTESIAN_POINT ( 'NONE',  ( -0.3826665053762899893, 1.257090095789075601, 0.02015000000000002206 ) ) ;
#5028 = CARTESIAN_POINT ( 'NONE',  ( 1.096757261283283214, 1.098936501009861288, 0.000000000000000000 ) ) ;
#5029 = CARTESIAN_POINT ( 'NONE',  ( 1.228696520285260219, -0.6551492142235911809, 0.005270901231338727400 ) ) ;
#5030 = CARTESIAN_POINT ( 'NONE',  ( -0.09094294480556901206, 0.9138871938897832337, 0.02015000000000002206 ) ) ;
#5031 = CARTESIAN_POINT ( 'NONE',  ( 1.316827500245993265, -0.2615159087082559730, 0.005270901231338729134 ) ) ;
#5032 = CARTESIAN_POINT ( 'NONE',  ( -1.629638329791773366, -0.1613771943440120704, -0.02015000000000002206 ) ) ;
#5033 = CARTESIAN_POINT ( 'NONE',  ( 0.6341456267723789564, 0.9525466853756933139, 0.000000000000000000 ) ) ;
#5034 = CARTESIAN_POINT ( 'NONE',  ( -1.607222526898616444, -0.8602496491509953325, -0.005270901231338724797 ) ) ;
#5035 = CARTESIAN_POINT ( 'NONE',  ( -0.3182271590361605007, -0.7704901379092284897, 0.02015000000000002206 ) ) ;
#5036 = CARTESIAN_POINT ( 'NONE',  ( -1.652425368215098223, 0.3270096839457019566, 0.000000000000000000 ) ) ;
#5037 = CARTESIAN_POINT ( 'NONE',  ( 1.356728512085618732, -0.2684365249612486459, 0.005270901231338727400 ) ) ;
#5038 = CARTESIAN_POINT ( 'NONE',  ( 1.159682103354424454, -0.2286487909183678446, -0.005270901231338727400 ) ) ;
#5039 = CARTESIAN_POINT ( 'NONE',  ( 0.7022804716536580338, 0.8557783642403283819, -0.005270901231338724797 ) ) ;
#5040 = CARTESIAN_POINT ( 'NONE',  ( 0.2838454306464373023, -0.9361297876500739301, 0.02015000000000002206 ) ) ;
#5041 = CARTESIAN_POINT ( 'NONE',  ( -1.004408518379826587, 0.8225651782396692369, 0.000000000000000000 ) ) ;
#5042 = CARTESIAN_POINT ( 'NONE',  ( -1.579742085693920162, 1.051934407835061647, -0.005270901231338727400 ) ) ;
#5043 = ORIENTED_EDGE ( 'NONE', *, *, #3280, .F. ) ;
#5044 = CARTESIAN_POINT ( 'NONE',  ( 0.3504331664041824834, -1.750394113766678528, 0.02015000000000002206 ) ) ;
#5045 = CARTESIAN_POINT ( 'NONE',  ( -1.349419182875383427, -0.5614597639983160970, -0.02015000000000002206 ) ) ;
#5046 = CARTESIAN_POINT ( 'NONE',  ( -0.7652229205700291637, -0.9340258165924181233, 0.005270901231338729134 ) ) ;
#5047 = CARTESIAN_POINT ( 'NONE',  ( 1.519474530336618612, -0.4582483835649303616, 0.000000000000000000 ) ) ;
#5048 = CARTESIAN_POINT ( 'NONE',  ( -0.002044888954973976113, 1.690926943673160876, -0.02015000000000002206 ) ) ;
#5049 = CARTESIAN_POINT ( 'NONE',  ( -0.6163827538810128237, 0.9190978106364767752, -0.005270901231338727400 ) ) ;
#5050 = CARTESIAN_POINT ( 'NONE',  ( 0.9922757776405867203, -0.9902661747568557438, 0.000000000000000000 ) ) ;
#5051 = CARTESIAN_POINT ( 'NONE',  ( 0.5764336457597197816, 0.7029546170919069858, 0.02015000000000002206 ) ) ;
#5052 = CARTESIAN_POINT ( 'NONE',  ( -1.501132648447425666, -0.6226478967850905821, 2.134256245050205639E-18 ) ) ;
#5053 = CARTESIAN_POINT ( 'NONE',  ( -1.636103493005425458, 0.1591741929940221345, 0.02015000000000002206 ) ) ;
#5054 = CARTESIAN_POINT ( 'NONE',  ( 0.5745831471248135092, 0.7005341124546331510, -0.005270901231338724797 ) ) ;
#5055 = CARTESIAN_POINT ( 'NONE',  ( 1.363833459186842623, 0.1356553181387880891, -0.02015000000000002206 ) ) ;
#5056 = CARTESIAN_POINT ( 'NONE',  ( -1.075410231946317685, 0.7160755876965612110, 0.02015000000000002206 ) ) ;
#5057 = CARTESIAN_POINT ( 'NONE',  ( -1.455415638554654612, 0.2870364769918280490, 0.000000000000000000 ) ) ;
#5058 = CARTESIAN_POINT ( 'NONE',  ( -0.5048123433848212827, 1.213041100766895308, 0.005270901231338727400 ) ) ;
#5059 = CARTESIAN_POINT ( 'NONE',  ( 1.353726518031251436, -0.2679158452118070022, 0.02015000000000002206 ) ) ;
#5060 = CARTESIAN_POINT ( 'NONE',  ( 1.119759328950334698, -0.2218543593727494712, 0.005270901231338729134 ) ) ;
#5061 = CARTESIAN_POINT ( 'NONE',  ( -0.2910768763784165603, 1.454855851028867386, -0.02015000000000002206 ) ) ;
#5062 = CARTESIAN_POINT ( 'NONE',  ( 0.8956969698508906452, 1.680775888249228966, -0.005270901231338724797 ) ) ;
#5063 = CARTESIAN_POINT ( 'NONE',  ( -0.7019742908916665192, -1.702361214516944887, 0.005270901231338727400 ) ) ;
#5064 = CARTESIAN_POINT ( 'NONE',  ( -0.9520404726851268151, 1.419900844480240343, 0.000000000000000000 ) ) ;
#5065 = CARTESIAN_POINT ( 'NONE',  ( -0.8088472554647893054, 1.509707503463420863, 0.005270901231338727400 ) ) ;
#5066 = CARTESIAN_POINT ( 'NONE',  ( -0.2310517941950606668, -0.7617732476922071116, -0.02015000000000002206 ) ) ;
#5067 = CARTESIAN_POINT ( 'NONE',  ( -0.5048123433848212827, 1.213041100766895308, -0.005270901231338727400 ) ) ;
#5068 = CARTESIAN_POINT ( 'NONE',  ( 0.6431814776190480920, 0.6426690689537535306, -0.005270901231338724797 ) ) ;
#5069 = CARTESIAN_POINT ( 'NONE',  ( -0.1387406171657522835, -1.423384087830366074, 0.000000000000000000 ) ) ;
#5070 = CARTESIAN_POINT ( 'NONE',  ( 0.9733628351280728674, -0.09477898771711344705, 0.000000000000000000 ) ) ;
#5071 = EDGE_LOOP ( 'NONE', ( #5043, #1281 ) ) ;
#5072 = CARTESIAN_POINT ( 'NONE',  ( 0.3679464252488264253, 1.862165166465392208, 0.02015000000000002206 ) ) ;
#5073 = CARTESIAN_POINT ( 'NONE',  ( -1.169992388646324821, -1.430186414240571580, -0.02015000000000002206 ) ) ;
#5074 = CARTESIAN_POINT ( 'NONE',  ( 0.7609300212894080095, -1.136363958365058435, 0.005270901231338729134 ) ) ;
#5075 = CARTESIAN_POINT ( 'NONE',  ( 0.1680483701384951900, 1.723398256320827659, 0.000000000000000000 ) ) ;
#5076 = CARTESIAN_POINT ( 'NONE',  ( 1.504369984149265260, 0.2999902905396681363, -0.02015000000000002206 ) ) ;
#5077 = CARTESIAN_POINT ( 'NONE',  ( -0.5733980108211776949, 0.6970738852500641958, -0.005270901231338727400 ) ) ;
#5078 = CARTESIAN_POINT ( 'NONE',  ( -1.273377003589673873, 0.1240867406810308854, 0.000000000000000000 ) ) ;
#5079 = CARTESIAN_POINT ( 'NONE',  ( -0.9706954601898555302, 0.4012897931445105759, 0.02015000000000002206 ) ) ;
#5080 = CARTESIAN_POINT ( 'NONE',  ( 1.593423399652093231, 0.6622428864346332489, 2.134256245050205639E-18 ) ) ;
#5081 = CARTESIAN_POINT ( 'NONE',  ( 0.4916114036369004237, 1.627729147591641556, 0.02015000000000002206 ) ) ;
#5082 = CARTESIAN_POINT ( 'NONE',  ( -0.0002022364845482875408, -0.9845908520330431957, -0.005270901231338724797 ) ) ;
#5083 = CARTESIAN_POINT ( 'NONE',  ( -0.7258628286377003525, 1.084049967095374933, -0.02015000000000002206 ) ) ;
#5084 = CARTESIAN_POINT ( 'NONE',  ( 1.370367326566495292, -0.1327626872445139550, 0.02015000000000002206 ) ) ;
#5085 = CARTESIAN_POINT ( 'NONE',  ( -1.494657878513600879, 0.7970364990951537276, 0.000000000000000000 ) ) ;
#5086 = CARTESIAN_POINT ( 'NONE',  ( -0.001361028145740965541, 1.326508313428211183, 0.005270901231338727400 ) ) ;
#5087 = CARTESIAN_POINT ( 'NONE',  ( 0.7446632388243006329, 1.116805550042649919, 0.02015000000000002206 ) ) ;
#5088 = CARTESIAN_POINT ( 'NONE',  ( 0.7382576071512380045, -0.8993680258489382684, 0.005270901231338729134 ) ) ;
#5089 = CARTESIAN_POINT ( 'NONE',  ( 0.7091770969670531111, 1.328265361648204523, -0.02015000000000002206 ) ) ;
#5090 = CARTESIAN_POINT ( 'NONE',  ( -1.024092057859378402, 0.2037012191936206085, -0.02015000000000002206 ) ) ;
#5091 = CARTESIAN_POINT ( 'NONE',  ( -0.8713004112290080316, -0.0008852488770161867160, 0.02015000000000002206 ) ) ;
#5092 = CARTESIAN_POINT ( 'NONE',  ( 1.462298630818986478, 0.9791283617966567432, 0.000000000000000000 ) ) ;
#5093 = CARTESIAN_POINT ( 'NONE',  ( -1.466694833401301468, -0.1468714080645105169, 0.005270901231338727400 ) ) ;
#5094 = CARTESIAN_POINT ( 'NONE',  ( -1.146759456232966601, -1.400814298949039527, -0.005270901231338724797 ) ) ;
#5095 = CARTESIAN_POINT ( 'NONE',  ( 0.3864899422032816445, 1.278801015837990995, -0.005270901231338727400 ) ) ;
#5096 = CARTESIAN_POINT ( 'NONE',  ( 1.135307068356967486, 7.949201421640480429E-05, -0.005270901231338724797 ) ) ;
#5097 = CARTESIAN_POINT ( 'NONE',  ( -0.8460032837790635307, 0.2555782320411348341, 0.000000000000000000 ) ) ;
#5098 = CARTESIAN_POINT ( 'NONE',  ( -0.5359940070366022713, -0.6546532945996479391, 0.000000000000000000 ) ) ;
#5099 = CARTESIAN_POINT ( 'NONE',  ( 1.464006984101278386, -0.9769989242160266318, 0.02015000000000002206 ) ) ;
#5100 = CARTESIAN_POINT ( 'NONE',  ( -1.636225796996182646, -0.3281409302444867060, -0.02015000000000002206 ) ) ;
#5101 = CARTESIAN_POINT ( 'NONE',  ( -0.4883822172565205344, 1.176027067584773933, 0.005270901231338729134 ) ) ;
#5102 =( NAMED_UNIT ( * ) SI_UNIT ( $, .STERADIAN. ) SOLID_ANGLE_UNIT ( ) );
#5103 = CARTESIAN_POINT ( 'NONE',  ( -0.3295772889292300500, 1.652157256456737278, -0.02015000000000002206 ) ) ;
#5104 = CARTESIAN_POINT ( 'NONE',  ( -0.7276207004488347563, 1.086538535730148025, -0.005270901231338727400 ) ) ;
#5105 = CARTESIAN_POINT ( 'NONE',  ( 1.376839913707069041, 0.7376920377158671105, 0.000000000000000000 ) ) ;
#5106 = CARTESIAN_POINT ( 'NONE',  ( -0.7516766685048876795, 0.7516240273050294185, 0.02015000000000002206 ) ) ;
#5107 = CARTESIAN_POINT ( 'NONE',  ( -0.3289230616015021980, 1.649181516550996651, 2.134256245050205639E-18 ) ) ;
#5108 = CARTESIAN_POINT ( 'NONE',  ( 1.550438467464162695, -0.8262726894869371064, 0.02015000000000002206 ) ) ;
#5109 = CARTESIAN_POINT ( 'NONE',  ( -0.9724437325616150929, 0.7977007368796563691, -0.005270901231338724797 ) ) ;
#5110 = CARTESIAN_POINT ( 'NONE',  ( -1.535427889653403710, -0.6376921181565959884, -0.02015000000000002206 ) ) ;
#5111 = CARTESIAN_POINT ( 'NONE',  ( -1.061804575661401850, 1.058444251294180294, 0.02015000000000002206 ) ) ;
#5112 = CARTESIAN_POINT ( 'NONE',  ( -1.352207054872457848, -0.5626889245636939041, 0.000000000000000000 ) ) ;
#5113 = CARTESIAN_POINT ( 'NONE',  ( -1.205597224380985155, 1.203248347813309360, 0.005270901231338727400 ) ) ;
#5114 = CARTESIAN_POINT ( 'NONE',  ( 1.257028647251172027, 0.5221017232407895170, 0.02015000000000002206 ) ) ;
#5115 = CARTESIAN_POINT ( 'NONE',  ( -1.626612980861763091, -0.1610162112528166489, 0.005270901231338729134 ) ) ;
#5116 = CARTESIAN_POINT ( 'NONE',  ( -1.615553204686548616, 0.3204571654447166407, -0.02015000000000002206 ) ) ;
#5117 = CARTESIAN_POINT ( 'NONE',  ( -0.1721150372736560685, 0.8638384878101335040, -0.02015000000000002206 ) ) ;
#5118 = CARTESIAN_POINT ( 'NONE',  ( -1.538218048209295752, -0.6389160711455251773, 0.000000000000000000 ) ) ;
#5119 = CARTESIAN_POINT ( 'NONE',  ( 1.020780509790973456, -1.239741028475744855, 0.005270901231338727400 ) ) ;
#5120 = CARTESIAN_POINT ( 'NONE',  ( -0.6871562657349298275, -1.664672961361193027, -0.005270901231338724797 ) ) ;
#5121 = CARTESIAN_POINT ( 'NONE',  ( -1.273377003589673873, 0.1240867406810308854, -0.005270901231338727400 ) ) ;
#5122 = CARTESIAN_POINT ( 'NONE',  ( -0.7042559426602643669, 1.053461719195328827, -0.005270901231338724797 ) ) ;
#5123 = CARTESIAN_POINT ( 'NONE',  ( -0.09135109889392062366, 0.9169065658045697509, 0.000000000000000000 ) ) ;
#5124 = CARTESIAN_POINT ( 'NONE',  ( -0.8273931464775039490, -0.2520253568315128367, 0.000000000000000000 ) ) ;
#5125 = CARTESIAN_POINT ( 'NONE',  ( 0.7270504242972418707, -0.2996124230314293757, 0.005270901231338727400 ) ) ;
#5126 = CARTESIAN_POINT ( 'NONE',  ( -1.713550432325218642, 0.7085614683355294652, 0.02015000000000002206 ) ) ;
#5127 = CARTESIAN_POINT ( 'NONE',  ( -0.9502988545904972328, 1.417400882644831883, -0.02015000000000002206 ) ) ;
#5128 = CARTESIAN_POINT ( 'NONE',  ( -1.458561563198909727, 0.7786779587531966751, 0.005270901231338729134 ) ) ;
#5129 = CARTESIAN_POINT ( 'NONE',  ( 1.264010534467609137, 0.8466633984590899997, -0.02015000000000002206 ) ) ;
#5130 = CARTESIAN_POINT ( 'NONE',  ( 0.6665368199679438943, -1.243972323954779746, -0.005270901231338727400 ) ) ;
#5131 = CARTESIAN_POINT ( 'NONE',  ( -1.279238294855618019, -1.051943866106160863, 0.000000000000000000 ) ) ;
#5132 = CARTESIAN_POINT ( 'NONE',  ( -0.7919999576386872464, -0.2397843781439899791, 0.02015000000000002206 ) ) ;
#5133 = CARTESIAN_POINT ( 'NONE',  ( 1.711290286939840977, -0.3382653876839946117, 2.134256245050205639E-18 ) ) ;
#5134 = CARTESIAN_POINT ( 'NONE',  ( -0.002044888954973976113, 1.690926943673160876, 0.02015000000000002206 ) ) ;
#5135 = CARTESIAN_POINT ( 'NONE',  ( -1.075915321021635229, -0.5753392882101625583, -0.005270901231338724797 ) ) ;
#5136 = CARTESIAN_POINT ( 'NONE',  ( -1.066890135447390309, -0.1062437229075484657, 0.000000000000000000 ) ) ;
#5137 = CARTESIAN_POINT ( 'NONE',  ( 0.5859085490680321362, 1.420861697910611232, -0.02015000000000002206 ) ) ;
#5138 = CARTESIAN_POINT ( 'NONE',  ( -1.808061033695298248, 0.5453418723856460204, 0.000000000000000000 ) ) ;
#5139 = CARTESIAN_POINT ( 'NONE',  ( -1.455415638554654612, 0.2870364769918280490, 0.005270901231338727400 ) ) ;
#5140 = CARTESIAN_POINT ( 'NONE',  ( -0.8816797207624655908, -0.8834031473363047615, 0.02015000000000002206 ) ) ;
#5141 = CARTESIAN_POINT ( 'NONE',  ( 1.307091559249833557, 0.2613778185360193795, 0.02015000000000002206 ) ) ;
#5142 = CARTESIAN_POINT ( 'NONE',  ( -0.2904176330135718187, 1.451881215288892024, 0.005270901231338729134 ) ) ;
#5143 = CARTESIAN_POINT ( 'NONE',  ( 0.5633909050689839271, -0.5622386278890114664, -0.02015000000000002206 ) ) ;
#5144 = CARTESIAN_POINT ( 'NONE',  ( 0.08695204051191902928, 0.8859811053466843944, -0.02015000000000002206 ) ) ;
#5145 = CARTESIAN_POINT ( 'NONE',  ( 1.816622502129123573, 0.7544946406186484600, 0.000000000000000000 ) ) ;
#5146 = CARTESIAN_POINT ( 'NONE',  ( 1.109136349485622786, 1.354163742196285103, 0.005270901231338727400 ) ) ;
#5147 = CARTESIAN_POINT ( 'NONE',  ( 0.8878408644115584059, 0.2697540343783637051, -0.02015000000000002206 ) ) ;
#5148 = CARTESIAN_POINT ( 'NONE',  ( -1.230888026965613058, 0.3711548947408290222, -0.005270901231338727400 ) ) ;
#5149 = CARTESIAN_POINT ( 'NONE',  ( -0.4883822172565205344, 1.176027067584773933, -0.005270901231338724797 ) ) ;
#5150 = CARTESIAN_POINT ( 'NONE',  ( 0.3890591810186798116, -0.9347091925379735766, 0.000000000000000000 ) ) ;
#5151 = CARTESIAN_POINT ( 'NONE',  ( 0.9612851707088114761, 0.6437848133365058345, 0.000000000000000000 ) ) ;
#5152 = CARTESIAN_POINT ( 'NONE',  ( -1.545101602934605856, -1.035954902380741727, 0.000000000000000000 ) ) ;
#5153 = CARTESIAN_POINT ( 'NONE',  ( -0.3052801757432257457, -0.7353490287701961448, 0.005270901231338729134 ) ) ;
#5154 = CARTESIAN_POINT ( 'NONE',  ( 1.689673019593504133, 0.5142848945461783172, -0.02015000000000002206 ) ) ;
#5155 = CARTESIAN_POINT ( 'NONE',  ( -0.7540852297177578212, -1.414670021996402127, 0.005270901231338729134 ) ) ;
#5156 = CARTESIAN_POINT ( 'NONE',  ( -1.579742085693920162, 1.051934407835061647, 0.000000000000000000 ) ) ;
#5157 = CARTESIAN_POINT ( 'NONE',  ( -0.001164271653857572395, 1.891948958293850902, -0.02015000000000002206 ) ) ;
#5158 = CARTESIAN_POINT ( 'NONE',  ( 0.7270414544978539562, 0.8878234437803660395, -0.005270901231338727400 ) ) ;
#5159 = CARTESIAN_POINT ( 'NONE',  ( -0.1509215949444404903, 1.516840844423077650, 0.000000000000000000 ) ) ;
#5160 = CARTESIAN_POINT ( 'NONE',  ( -0.5048123433848212827, 1.213041100766895308, 0.000000000000000000 ) ) ;
#5161 = CARTESIAN_POINT ( 'NONE',  ( -0.7060138144715095709, 1.055950287830323964, 0.02015000000000002206 ) ) ;
#5162 = SURFACE_STYLE_USAGE ( .BOTH. , #1224 ) ;
#5163 = CARTESIAN_POINT ( 'NONE',  ( -1.713550432325218642, 0.7085614683355294652, 0.02015000000000002206 ) ) ;
#5164 = CARTESIAN_POINT ( 'NONE',  ( 0.9261977106000932602, 0.9279532266270980045, -0.005270901231338724797 ) ) ;
#5165 = CARTESIAN_POINT ( 'NONE',  ( 0.6707929152040851273, 0.6722936075519813093, 0.000000000000000000 ) ) ;
#5166 = CARTESIAN_POINT ( 'NONE',  ( 0.9667324420250709149, 1.451737929646400138, -0.02015000000000002206 ) ) ;
#5167 = CARTESIAN_POINT ( 'NONE',  ( 1.816622502129123573, 0.7544946406186484600, 0.000000000000000000 ) ) ;
#5168 = CARTESIAN_POINT ( 'NONE',  ( -1.064005891039412566, 1.060550734678906704, 0.005270901231338727400 ) ) ;
#5169 = CARTESIAN_POINT ( 'NONE',  ( 0.9914140290708821635, -0.6610345484968087604, 0.02015000000000002206 ) ) ;
#5170 = CARTESIAN_POINT ( 'NONE',  ( -1.205834867896449669, -0.2400961861947720766, 2.134256245050205639E-18 ) ) ;
#5171 = CARTESIAN_POINT ( 'NONE',  ( -1.415530904714172866, 0.2800228065795956067, 0.005270901231338729134 ) ) ;
#5172 = CARTESIAN_POINT ( 'NONE',  ( -0.5341550859770164417, -0.6522239724316554188, -0.02015000000000002206 ) ) ;
#5173 = CARTESIAN_POINT ( 'NONE',  ( 0.8233554669894411759, -0.8219553623028726941, -0.02015000000000002206 ) ) ;
#5174 = CARTESIAN_POINT ( 'NONE',  ( -1.873405340570763356, 0.1827022466259360933, 0.000000000000000000 ) ) ;
#5175 = CARTESIAN_POINT ( 'NONE',  ( -1.064005891039412566, 1.060550734678906704, 0.005270901231338727400 ) ) ;
#5176 = CARTESIAN_POINT ( 'NONE',  ( -0.5485876852727378239, 0.6690210051371682232, 0.02015000000000002206 ) ) ;
#5177 = CARTESIAN_POINT ( 'NONE',  ( -0.8097816991537726272, 0.2460643151409734330, -0.02015000000000002206 ) ) ;
#5178 = CARTESIAN_POINT ( 'NONE',  ( -1.064005891039412566, 1.060550734678906704, -0.005270901231338727400 ) ) ;
#5179 = CARTESIAN_POINT ( 'NONE',  ( 1.333020657761714522, -0.1299836173306040954, -0.005270901231338724797 ) ) ;
#5180 = CARTESIAN_POINT ( 'NONE',  ( -1.066890135447390309, -0.1062437229075484657, 0.000000000000000000 ) ) ;
#5181 = CARTESIAN_POINT ( 'NONE',  ( 0.9497254445125788980, 0.1900093630857323801, 0.000000000000000000 ) ) ;
#5182 = CARTESIAN_POINT ( 'NONE',  ( -1.873405340570763356, 0.1827022466259360933, 0.000000000000000000 ) ) ;
#5183 = CARTESIAN_POINT ( 'NONE',  ( 1.492975279173912817, -0.9955571226704060805, -0.02015000000000002206 ) ) ;
#5184 = CARTESIAN_POINT ( 'NONE',  ( -1.612553395414628943, 0.3199240720792185244, 0.005270901231338729134 ) ) ;
#5185 = CARTESIAN_POINT ( 'NONE',  ( -1.309739434344496578, -1.312257947754155607, 0.000000000000000000 ) ) ;
#5186 = CARTESIAN_POINT ( 'NONE',  ( 0.8970868882639493336, 1.683487189600068934, -0.02015000000000002206 ) ) ;
#5187 = CARTESIAN_POINT ( 'NONE',  ( 1.166746434332063931, 0.1168980261592754283, -0.005270901231338727400 ) ) ;
#5188 = CARTESIAN_POINT ( 'NONE',  ( -0.9180889019851310451, -1.120993592982966192, 0.000000000000000000 ) ) ;
#5189 = CARTESIAN_POINT ( 'NONE',  ( 0.1164369984561993421, -1.179719743048672775, 0.02015000000000002206 ) ) ;
#5190 = CARTESIAN_POINT ( 'NONE',  ( 0.000000000000000000, 0.000000000000000000, 0.000000000000000000 ) ) ;
#5191 = CARTESIAN_POINT ( 'NONE',  ( 0.7253161464796067381, -0.1450829918850024824, 0.005270901231338729134 ) ) ;
#5192 = CARTESIAN_POINT ( 'NONE',  ( 1.304118452077732027, 0.2607117013374981029, -0.005270901231338724797 ) ) ;
#5193 = CARTESIAN_POINT ( 'NONE',  ( 0.7648163529256304383, -0.9299396490749085586, 0.000000000000000000 ) ) ;
#5194 = CARTESIAN_POINT ( 'NONE',  ( -0.9502988545904972328, 1.417400882644831883, -0.02015000000000002206 ) ) ;
#5195 = CARTESIAN_POINT ( 'NONE',  ( 0.1807068429672382681, -1.816807983761690171, 0.000000000000000000 ) ) ;
#5196 = CARTESIAN_POINT ( 'NONE',  ( 0.4713594034279414702, -1.548374499504132640, 0.005270901231338727400 ) ) ;
#5197 = CARTESIAN_POINT ( 'NONE',  ( -0.8073571158029475558, 1.507049962144787258, 0.02015000000000002206 ) ) ;
#5198 = APPLICATION_CONTEXT ( 'automotive_design' ) ;
#5199 = CARTESIAN_POINT ( 'NONE',  ( -0.2104404975601546768, 1.058063755992932453, 2.134256245050205639E-18 ) ) ;
#5200 = CARTESIAN_POINT ( 'NONE',  ( -1.525319937405836823, 0.6297343424451672389, 0.005270901231338729134 ) ) ;
#5201 = CARTESIAN_POINT ( 'NONE',  ( -1.041594066608400260, 1.556798052092823514, -0.02015000000000002206 ) ) ;
#5202 = CARTESIAN_POINT ( 'NONE',  ( 0.9359893645336462287, -0.09238420785921226674, -0.02015000000000002206 ) ) ;
#5203 = CARTESIAN_POINT ( 'NONE',  ( 1.583788008352033927, -0.8433108512231183296, 0.000000000000000000 ) ) ;
#5204 = CARTESIAN_POINT ( 'NONE',  ( -0.7363186680940996265, 1.769704917171158076, 0.005270901231338727400 ) ) ;
#5205 = CARTESIAN_POINT ( 'NONE',  ( 0.4211140961932026694, 1.016929053289588047, -0.02015000000000002206 ) ) ;
#5206 = CARTESIAN_POINT ( 'NONE',  ( 1.096757261283283214, 1.098936501009861288, -0.005270901231338727400 ) ) ;
#5207 = CARTESIAN_POINT ( 'NONE',  ( -1.178656194762072840, -0.7881755020044669546, -0.005270901231338724797 ) ) ;
#5208 = CARTESIAN_POINT ( 'NONE',  ( 1.073875146656476431, 0.4469357622034294542, 0.000000000000000000 ) ) ;
#5209 = CARTESIAN_POINT ( 'NONE',  ( -0.4298267816048044199, 0.8007580761121533275, 0.000000000000000000 ) ) ;
#5210 = CARTESIAN_POINT ( 'NONE',  ( 1.512104058723804378, 1.243362208235009092, 0.000000000000000000 ) ) ;
#5211 = CARTESIAN_POINT ( 'NONE',  ( 0.1805767864995252714, 0.9131832279276178577, -0.005270901231338727400 ) ) ;
#5212 = CARTESIAN_POINT ( 'NONE',  ( 0.8375154832473949984, -1.562337361320809581, 0.005270901231338729134 ) ) ;
#5213 = CARTESIAN_POINT ( 'NONE',  ( 0.7241896880607525677, -0.2985638667501399057, -0.02015000000000002206 ) ) ;
#5214 = CARTESIAN_POINT ( 'NONE',  ( 0.3864899422032816445, 1.278801015837990995, -0.005270901231338727400 ) ) ;
#5215 = CARTESIAN_POINT ( 'NONE',  ( 1.326296011485933679, -0.8831791181810302316, 0.02015000000000002206 ) ) ;
#5216 = CARTESIAN_POINT ( 'NONE',  ( 0.2977231044529745629, 1.504576940149330744, 0.000000000000000000 ) ) ;
#5217 = CARTESIAN_POINT ( 'NONE',  ( -0.8580198734741548705, -0.8584273943587739097, 0.02015000000000002206 ) ) ;
#5218 =( CONVERSION_BASED_UNIT ( 'INCH', #3416 ) LENGTH_UNIT ( ) NAMED_UNIT ( #4367 ) );
#5219 = CARTESIAN_POINT ( 'NONE',  ( -0.4094670246554983351, 0.7657510921038237495, 0.005270901231338729134 ) ) ;
#5220 = CARTESIAN_POINT ( 'NONE',  ( 1.126571502969889949, 0.1118021956371978293, -0.005270901231338724797 ) ) ;
#5221 = CARTESIAN_POINT ( 'NONE',  ( 0.5764336457597197816, 0.7029546170919069858, 0.02015000000000002206 ) ) ;
#5222 = CARTESIAN_POINT ( 'NONE',  ( -1.073373248748989095, 0.1038692060985847848, 0.000000000000000000 ) ) ;
#5223 = CARTESIAN_POINT ( 'NONE',  ( 1.235182475249662515, -1.011730787918551977, -0.02015000000000002206 ) ) ;
#5224 = CARTESIAN_POINT ( 'NONE',  ( -1.212344867974656903, 1.472486688775476837, 0.000000000000000000 ) ) ;
#5225 = CARTESIAN_POINT ( 'NONE',  ( -1.538218048209295752, -0.6389160711455251773, 0.005270901231338727400 ) ) ;
#5226 = CARTESIAN_POINT ( 'NONE',  ( -0.3369644985154363614, 1.685757831402151297, 0.02015000000000002206 ) ) ;
#5227 = CARTESIAN_POINT ( 'NONE',  ( 0.7022804716536580338, 0.8557783642403283819, 2.134256245050205639E-18 ) ) ;
#5228 = CARTESIAN_POINT ( 'NONE',  ( 1.084069136130906941, 1.322357861077169350, 0.005270901231338729134 ) ) ;
#5229 = CARTESIAN_POINT ( 'NONE',  ( -1.836074367006176100, 0.1797209058144741134, -0.02015000000000002206 ) ) ;
#5230 = CARTESIAN_POINT ( 'NONE',  ( -0.3718347993938502238, 1.224436622966458499, -0.02015000000000002206 ) ) ;
#5231 = CARTESIAN_POINT ( 'NONE',  ( 1.495540774311185928, -0.9972006770378056828, 0.000000000000000000 ) ) ;
#5232 = CARTESIAN_POINT ( 'NONE',  ( 0.1597723334589088162, -0.7989620958169040277, 0.02015000000000002206 ) ) ;
#5233 = CARTESIAN_POINT ( 'NONE',  ( -0.4109988121085950130, 0.7683848788927464257, -0.02015000000000002206 ) ) ;
#5234 = CARTESIAN_POINT ( 'NONE',  ( 0.6967053558821356685, -1.677420275167984975, -0.005270901231338727400 ) ) ;
#5235 = CARTESIAN_POINT ( 'NONE',  ( 1.163984721290516777, 0.6235930472347580578, -0.005270901231338724797 ) ) ;
#5236 = CARTESIAN_POINT ( 'NONE',  ( 0.5991790545834454473, 0.7327062561889097214, 0.000000000000000000 ) ) ;
#5237 = CARTESIAN_POINT ( 'NONE',  ( 0.4423182869424111541, 0.8297544829725637117, 0.005270901231338727400 ) ) ;
#5238 = CARTESIAN_POINT ( 'NONE',  ( 0.5991790545834454473, 0.7327062561889097214, -0.005270901231338727400 ) ) ;
#5239 = CARTESIAN_POINT ( 'NONE',  ( -0.3289230616015021980, 1.649181516550996651, 0.005270901231338729134 ) ) ;
#5240 = CARTESIAN_POINT ( 'NONE',  ( -0.6578768776625942838, -0.5418696142778812730, 0.000000000000000000 ) ) ;
#5241 = CARTESIAN_POINT ( 'NONE',  ( -1.283759288993516323, -1.285285327002809508, -0.02015000000000002206 ) ) ;
#5242 = CARTESIAN_POINT ( 'NONE',  ( -0.7724506283608468804, -1.450762859432999985, -0.005270901231338727400 ) ) ;
#5243 = CARTESIAN_POINT ( 'NONE',  ( -0.7132862400001465097, 1.329394831111448516, 0.02015000000000002206 ) ) ;
#5244 = CARTESIAN_POINT ( 'NONE',  ( 0.7253161464796067381, -0.1450829918850024824, 2.134256245050205639E-18 ) ) ;
#5245 = CARTESIAN_POINT ( 'NONE',  ( -0.1272876380186117318, 1.279553914065462594, 0.02015000000000002206 ) ) ;
#5246 = FILL_AREA_STYLE_COLOUR ( '', #1856 ) ;
#5247 = CARTESIAN_POINT ( 'NONE',  ( 0.9393581308402275676, -0.2832742519371983514, -0.02015000000000002206 ) ) ;
#5248 = CARTESIAN_POINT ( 'NONE',  ( -0.6074406917746622003, 0.6072754998231409962, 0.005270901231338729134 ) ) ;
#5249 = CARTESIAN_POINT ( 'NONE',  ( 0.1570671935675275466, -1.576456742621983764, -0.005270901231338724797 ) ) ;
#5250 = CARTESIAN_POINT ( 'NONE',  ( -0.4147016391535399693, -1.375181278652612971, 0.000000000000000000 ) ) ;
#5251 =( GEOMETRIC_REPRESENTATION_CONTEXT ( 3 ) GLOBAL_UNCERTAINTY_ASSIGNED_CONTEXT ( ( #396 ) ) GLOBAL_UNIT_ASSIGNED_CONTEXT ( ( #5218, #4368, #2111 ) ) REPRESENTATION_CONTEXT ( 'NONE', 'WORKASPACE' ) );
#5252 = CARTESIAN_POINT ( 'NONE',  ( -0.001785790528654647826, 1.926346365166137886, -0.02015000000000002206 ) ) ;
#5253 = CARTESIAN_POINT ( 'NONE',  ( -1.642575093221395832, -0.8800024732142828210, 0.000000000000000000 ) ) ;
#5254 = CARTESIAN_POINT ( 'NONE',  ( 1.711598747943163135, -0.5174016523896081132, 0.005270901231338727400 ) ) ;
#5255 = CARTESIAN_POINT ( 'NONE',  ( 1.466979869720981267, -0.6060138120749977153, 0.02015000000000002206 ) ) ;
#5256 = CARTESIAN_POINT ( 'NONE',  ( -1.032969420498475177, 0.1011255486406658632, 2.134256245050205639E-18 ) ) ;
#5257 = CARTESIAN_POINT ( 'NONE',  ( 0.5358336126748850514, -0.5368787896484557010, -0.005270901231338724797 ) ) ;
#5258 = CARTESIAN_POINT ( 'NONE',  ( -1.799946926009471371, -0.3591538275045563777, -0.02015000000000002206 ) ) ;
#5259 = CARTESIAN_POINT ( 'NONE',  ( 1.053139698320247453, -0.8624621896880445560, -0.02015000000000002206 ) ) ;
#5260 = CARTESIAN_POINT ( 'NONE',  ( -0.5227093698035201186, 0.9755948357090159506, 0.02015000000000002206 ) ) ;
#5261 = CARTESIAN_POINT ( 'NONE',  ( -0.4670301143217400197, -0.7016685252095359315, 0.005270901231338727400 ) ) ;
#5262 = CARTESIAN_POINT ( 'NONE',  ( 1.583788008352033927, -0.8433108512231183296, 0.005270901231338727400 ) ) ;
#5263 = CARTESIAN_POINT ( 'NONE',  ( -0.1933175962092300026, -0.9748715734452833015, -0.02015000000000002206 ) ) ;
#5264 = CARTESIAN_POINT ( 'NONE',  ( 1.519474530336618612, -0.4582483835649303616, -0.005270901231338727400 ) ) ;
#5265 = CARTESIAN_POINT ( 'NONE',  ( 1.068761233297969016, 1.069675527568017648, -0.005270901231338724797 ) ) ;
#5266 = CARTESIAN_POINT ( 'NONE',  ( 0.4344157740023583125, 1.051937181222844409, 0.000000000000000000 ) ) ;
#5267 = CARTESIAN_POINT ( 'NONE',  ( -0.2992154687573843619, -0.9902691944565905624, 0.005270901231338727400 ) ) ;
#5268 = CARTESIAN_POINT ( 'NONE',  ( -1.805130259054640085, 0.5445090511429162561, -0.02015000000000002206 ) ) ;
#5269 = CARTESIAN_POINT ( 'NONE',  ( -0.7087335346019101312, 0.4741540910467859082, -0.005270901231338724797 ) ) ;
#5270 = CARTESIAN_POINT ( 'NONE',  ( 0.2378743541084164526, -0.7791213238177947531, 0.000000000000000000 ) ) ;
#5271 = CARTESIAN_POINT ( 'NONE',  ( -0.2397447908248143134, -0.7950602983452085271, -0.02015000000000002206 ) ) ;
#5272 = CARTESIAN_POINT ( 'NONE',  ( 1.096757261283283214, 1.098936501009861288, -0.005270901231338727400 ) ) ;
#5273 = CARTESIAN_POINT ( 'NONE',  ( 1.235182475249662515, -1.011730787918551977, 0.02015000000000002206 ) ) ;
#5274 = CARTESIAN_POINT ( 'NONE',  ( 1.766643232454596424, 0.1768447899678749213, 0.000000000000000000 ) ) ;
#5275 = CARTESIAN_POINT ( 'NONE',  ( 1.053139698320247453, -0.8624621896880445560, 0.02015000000000002206 ) ) ;
#5276 = CARTESIAN_POINT ( 'NONE',  ( 1.163723831658574515, 0.1165146360590572083, -0.02015000000000002206 ) ) ;
#5277 = CARTESIAN_POINT ( 'NONE',  ( 1.929592735038131446, 0.1912713589053678109, 0.02015000000000002206 ) ) ;
#5278 = CARTESIAN_POINT ( 'NONE',  ( -0.6949141861167402734, 1.296761074701824334, -0.005270901231338724797 ) ) ;
#5279 = CARTESIAN_POINT ( 'NONE',  ( 1.373405740173228917, -0.1329887840855085990, 0.000000000000000000 ) ) ;
#5280 = CARTESIAN_POINT ( 'NONE',  ( -1.169992388646324821, -1.430186414240571580, -0.02015000000000002206 ) ) ;
#5281 = CARTESIAN_POINT ( 'NONE',  ( 0.08930941710401958666, 0.9233570030237818749, 0.000000000000000000 ) ) ;
#5282 = CARTESIAN_POINT ( 'NONE',  ( -1.462214907326532476, -0.7845298726367326836, 0.02015000000000002206 ) ) ;
#5283 = CARTESIAN_POINT ( 'NONE',  ( 0.2828653441693936843, -0.9332448979416690937, 2.134256245050205639E-18 ) ) ;
#5284 = CARTESIAN_POINT ( 'NONE',  ( -0.7201723274120809259, 1.732566349246845938, 0.005270901231338729134 ) ) ;
#5285 = CARTESIAN_POINT ( 'NONE',  ( 0.8427341297983287349, 0.4515422078585620835, -0.02015000000000002206 ) ) ;
#5286 = CARTESIAN_POINT ( 'NONE',  ( -1.238769403973685623, -0.001156099666654844234, -0.02015000000000002206 ) ) ;
#5287 = CARTESIAN_POINT ( 'NONE',  ( 0.2949120796717676907, -0.9687045273575080051, 0.02015000000000002206 ) ) ;
#5288 = CARTESIAN_POINT ( 'NONE',  ( -1.156267023220497236, 0.4785668528547726286, 0.02015000000000002206 ) ) ;
#5289 = CARTESIAN_POINT ( 'NONE',  ( 1.166746434332063931, 0.1168980261592754283, 0.005270901231338727400 ) ) ;
#5290 = CARTESIAN_POINT ( 'NONE',  ( 0.001357622890629882079, -0.8209994978663425202, 0.02015000000000002206 ) ) ;
#5291 = CARTESIAN_POINT ( 'NONE',  ( 1.077388605306209612, 0.3268882075441716939, 0.005270901231338729134 ) ) ;
#5292 = CARTESIAN_POINT ( 'NONE',  ( -0.7811717256216980099, -1.171819291605710189, -0.02015000000000002206 ) ) ;
#5293 = CARTESIAN_POINT ( 'NONE',  ( 0.9683766516261700374, 1.454303005633201140, -0.005270901231338727400 ) ) ;
#5294 = CARTESIAN_POINT ( 'NONE',  ( 1.537161124775034970, 0.001700280484006173225, -0.005270901231338724797 ) ) ;
#5295 = CARTESIAN_POINT ( 'NONE',  ( -1.477229403626039606, -0.001480979507665901610, 0.000000000000000000 ) ) ;
#5296 = CARTESIAN_POINT ( 'NONE',  ( -0.3257888356608308889, 1.067458781819022429, 0.005270901231338727400 ) ) ;
#5297 = CARTESIAN_POINT ( 'NONE',  ( -1.468358603351663794, 1.202770652739305834, -0.02015000000000002206 ) ) ;
#5298 = CARTESIAN_POINT ( 'NONE',  ( -0.6871562657349298275, -1.664672961361193027, 0.005270901231338729134 ) ) ;
#5299 = CARTESIAN_POINT ( 'NONE',  ( 0.7938970521617246812, 0.5324683241701797520, 0.000000000000000000 ) ) ;
#5300 = CARTESIAN_POINT ( 'NONE',  ( -0.1800214834694956745, 0.8973209901430994062, -0.02015000000000002206 ) ) ;
#5301 = CARTESIAN_POINT ( 'NONE',  ( -1.423066926536470600, 0.4301271789304639270, -0.005270901231338727400 ) ) ;
#5302 = CARTESIAN_POINT ( 'NONE',  ( -0.9502988545904972328, 1.417400882644831883, 0.02015000000000002206 ) ) ;
#5303 = CARTESIAN_POINT ( 'NONE',  ( -0.7019742908916665192, -1.702361214516944887, 0.000000000000000000 ) ) ;
#5304 = CARTESIAN_POINT ( 'NONE',  ( -1.284327042581225209, 0.6846723085610166848, 0.02015000000000002206 ) ) ;
#5305 = DIMENSIONAL_EXPONENTS ( 1.000000000000000000, 0.000000000000000000, 0.000000000000000000, 0.000000000000000000, 0.000000000000000000, 0.000000000000000000, 0.000000000000000000 ) ;
#5306 = CARTESIAN_POINT ( 'NONE',  ( -0.2984259359335241779, -0.9873264424110166360, -0.02015000000000002206 ) ) ;
#5307 = CARTESIAN_POINT ( 'NONE',  ( -0.1928182795789623871, -0.9718659391110169299, 0.005270901231338729134 ) ) ;
#5308 = CARTESIAN_POINT ( 'NONE',  ( -0.3091373970162811791, -1.563411723108109053, -0.005270901231338724797 ) ) ;
#5309 = CARTESIAN_POINT ( 'NONE',  ( -0.5842055717920714430, -1.095715841174814020, 0.000000000000000000 ) ) ;
#5310 = CARTESIAN_POINT ( 'NONE',  ( 0.7270504242972418707, -0.2996124230314293757, -0.005270901231338727400 ) ) ;
#5311 = CARTESIAN_POINT ( 'NONE',  ( 0.7712383691861520729, -0.6315177307630112091, 0.000000000000000000 ) ) ;
#5312 = CARTESIAN_POINT ( 'NONE',  ( 1.109136349485622786, 1.354163742196285103, 0.000000000000000000 ) ) ;
#5313 = CARTESIAN_POINT ( 'NONE',  ( 0.001536539754456941759, -1.624904364711491800, 0.02015000000000002206 ) ) ;
#5314 = CARTESIAN_POINT ( 'NONE',  ( 1.304118452077732027, 0.2607117013374981029, 2.134256245050205639E-18 ) ) ;
#5315 = CARTESIAN_POINT ( 'NONE',  ( 1.926566350108709580, 0.1909192368995950850, 0.005270901231338729134 ) ) ;
#5316 = CARTESIAN_POINT ( 'NONE',  ( -0.8713004112290080316, -0.0008852488770161867160, -0.02015000000000002206 ) ) ;
#5317 = CARTESIAN_POINT ( 'NONE',  ( -1.094965728084118961, -0.9005894166372688803, -0.02015000000000002206 ) ) ;
#5318 = CARTESIAN_POINT ( 'NONE',  ( 0.4409782807767909096, 0.8270181402693017603, 0.02015000000000002206 ) ) ;
#5319 = CARTESIAN_POINT ( 'NONE',  ( -0.7276207004488347563, 1.086538535730148025, 0.000000000000000000 ) ) ;
#5320 = CARTESIAN_POINT ( 'NONE',  ( -0.2328543397506835089, -1.171963071190804673, 0.02015000000000002206 ) ) ;
#5321 = CARTESIAN_POINT ( 'NONE',  ( -0.5242263844771045678, 0.9782371444627333545, 0.005270901231338727400 ) ) ;
#5322 = CARTESIAN_POINT ( 'NONE',  ( 1.692570770125722657, 0.5152262127485994769, 0.005270901231338727400 ) ) ;
#5323 = CARTESIAN_POINT ( 'NONE',  ( 0.5363425111141367774, -0.8031268213139206580, 0.005270901231338729134 ) ) ;
#5324 = CARTESIAN_POINT ( 'NONE',  ( 1.166636201782580207, 0.6250939572804183886, -0.02015000000000002206 ) ) ;
#5325 = CARTESIAN_POINT ( 'NONE',  ( 1.109136349485622786, 1.354163742196285103, -0.005270901231338727400 ) ) ;
#5326 = CARTESIAN_POINT ( 'NONE',  ( -1.429546011942837369, -0.7662204336908730040, -0.005270901231338724797 ) ) ;
#5327 = CARTESIAN_POINT ( 'NONE',  ( -1.191231214967320984, 0.4919834175174020441, 0.000000000000000000 ) ) ;
#5328 = CARTESIAN_POINT ( 'NONE',  ( 0.9423015235718230631, -0.2840614059098928723, 0.005270901231338727400 ) ) ;
#5329 = CARTESIAN_POINT ( 'NONE',  ( -0.7107784406926598297, -0.4761130391232206160, -0.005270901231338727400 ) ) ;
#5330 = CARTESIAN_POINT ( 'NONE',  ( 0.5499822207432185639, 1.816906638023654930, 0.005270901231338729134 ) ) ;
#5331 = CARTESIAN_POINT ( 'NONE',  ( -0.09135109889392062366, 0.9169065658045697509, 0.000000000000000000 ) ) ;
#5332 = CARTESIAN_POINT ( 'NONE',  ( -1.166974902555377724, -1.170733384784473863, -0.005270901231338727400 ) ) ;
#5333 = CARTESIAN_POINT ( 'NONE',  ( 1.934767834548602350, 0.3880236722248595060, 0.000000000000000000 ) ) ;
#5334 = CARTESIAN_POINT ( 'NONE',  ( -0.3096710404434667718, -1.566411435343337821, 0.02015000000000002206 ) ) ;
#5335 = CARTESIAN_POINT ( 'NONE',  ( -0.5055799946398328304, 0.9457591994853480344, 0.02015000000000002206 ) ) ;
#5336 = DIRECTION ( 'NONE',  ( 1.000000000000000000, 0.000000000000000000, 0.000000000000000000 ) ) ;
#5337 = CARTESIAN_POINT ( 'NONE',  ( -0.3248191438676411025, 1.064570386609664299, -0.02015000000000002206 ) ) ;
#5338 = CARTESIAN_POINT ( 'NONE',  ( -0.2104404975601546768, 1.058063755992932453, 0.005270901231338729134 ) ) ;
#5339 = CARTESIAN_POINT ( 'NONE',  ( -1.426492229907010634, -0.1419996084825506655, -0.005270901231338724797 ) ) ;
#5340 = CARTESIAN_POINT ( 'NONE',  ( -1.230888026965613058, 0.3711548947408290222, 0.000000000000000000 ) ) ;
#5341 = CARTESIAN_POINT ( 'NONE',  ( -1.833558484084056639, -0.3664908185318206391, -0.02015000000000002206 ) ) ;
#5342 = CARTESIAN_POINT ( 'NONE',  ( -0.6578768776625942838, -0.5418696142778812730, 0.000000000000000000 ) ) ;
#5343 = CARTESIAN_POINT ( 'NONE',  ( -1.477229403626039606, -0.001480979507665901610, 0.000000000000000000 ) ) ;
#5344 = CARTESIAN_POINT ( 'NONE',  ( -1.639915306188899358, -0.8785163489870294606, 0.02015000000000002206 ) ) ;
#5345 = CARTESIAN_POINT ( 'NONE',  ( 1.246599411716066585, -0.5149286224320059890, 2.134256245050205639E-18 ) ) ;
#5346 = CARTESIAN_POINT ( 'NONE',  ( 1.481262693788392371, 1.217117450113902599, 0.005270901231338729134 ) ) ;
#5347 = CARTESIAN_POINT ( 'NONE',  ( 0.6356431682939603922, -0.7719587276663235631, -0.02015000000000002206 ) ) ;
#5348 = CARTESIAN_POINT ( 'NONE',  ( -0.9786324580744633073, -0.4065046683323421672, 0.02015000000000002206 ) ) ;
#5349 = CARTESIAN_POINT ( 'NONE',  ( 0.9922757776405867203, -0.9902661747568557438, 0.000000000000000000 ) ) ;
#5350 = CARTESIAN_POINT ( 'NONE',  ( -0.3718347993938502238, 1.224436622966458499, 0.02015000000000002206 ) ) ;
#5351 = CARTESIAN_POINT ( 'NONE',  ( -0.2195312356370549833, 1.097527069858855953, 0.005270901231338727400 ) ) ;
#5352 = CIRCLE ( 'NONE', #4882, 0.02015000000000002206 ) ;
#5353 = CARTESIAN_POINT ( 'NONE',  ( 0.3268083159756353107, 1.083654811138600849, 0.02015000000000002206 ) ) ;
#5354 = CARTESIAN_POINT ( 'NONE',  ( -0.7135489483780016462, -0.7143092533042941783, 0.005270901231338729134 ) ) ;
#5355 = CARTESIAN_POINT ( 'NONE',  ( -0.0004024776826667331902, 1.289070643202537170, -0.02015000000000002206 ) ) ;
#5356 = CARTESIAN_POINT ( 'NONE',  ( -0.4670301143217400197, -0.7016685252095359315, 0.000000000000000000 ) ) ;
#5357 = CARTESIAN_POINT ( 'NONE',  ( 1.738182607244135980, 0.0009324142917533815526, -0.005270901231338724797 ) ) ;
#5358 = CARTESIAN_POINT ( 'NONE',  ( 0.3864899422032816445, 1.278801015837990995, 0.000000000000000000 ) ) ;
#5359 = CARTESIAN_POINT ( 'NONE',  ( -1.066890135447390309, -0.1062437229075484657, 0.005270901231338727400 ) ) ;
#5360 = CARTESIAN_POINT ( 'NONE',  ( -1.061031655972372256, 0.2098633659835004439, -0.005270901231338727400 ) ) ;
#5361 = CARTESIAN_POINT ( 'NONE',  ( 0.6890269411082105000, -0.2856755344692892828, -0.005270901231338724797 ) ) ;
#5362 = CARTESIAN_POINT ( 'NONE',  ( -0.7955432384091166709, -0.3311825998292729500, 0.000000000000000000 ) ) ;
#5363 = CARTESIAN_POINT ( 'NONE',  ( -0.3376187258431641580, 1.688733571307307280, -0.005270901231338727400 ) ) ;
#5364 = CARTESIAN_POINT ( 'NONE',  ( 1.277460878527277410, -1.273399070432335467, 0.000000000000000000 ) ) ;
#5365 = CARTESIAN_POINT ( 'NONE',  ( -1.629638329791773366, -0.1613771943440120704, 0.02015000000000002206 ) ) ;
#5366 = UNCERTAINTY_MEASURE_WITH_UNIT (LENGTH_MEASURE( 1.000000000000000082E-05 ), #1576, 'distance_accuracy_value', 'NONE');
#5367 = CARTESIAN_POINT ( 'NONE',  ( 1.080277449664375222, 0.3278565531322483184, 0.02015000000000002206 ) ) ;
#5368 = CARTESIAN_POINT ( 'NONE',  ( 1.080240999027268556, -0.8836540091166532607, -0.02015000000000002206 ) ) ;
#5369 = CARTESIAN_POINT ( 'NONE',  ( -0.0002022364845482875408, -0.9845908520330431957, 0.005270901231338729134 ) ) ;
#5370 = CARTESIAN_POINT ( 'NONE',  ( -1.281608850268985522, 0.6832959026439987538, -0.005270901231338724797 ) ) ;
#5371 = CARTESIAN_POINT ( 'NONE',  ( -1.064005891039412566, 1.060550734678906704, 0.000000000000000000 ) ) ;
#5372 = CARTESIAN_POINT ( 'NONE',  ( 0.1604874905346217739, -0.8019238191801268956, -0.005270901231338727400 ) ) ;
#5373 = CARTESIAN_POINT ( 'NONE',  ( -0.2195312356370549833, 1.097527069858855953, 0.000000000000000000 ) ) ;
#5374 = CARTESIAN_POINT ( 'NONE',  ( 1.020780509790973456, -1.239741028475744855, 0.000000000000000000 ) ) ;
#5375 = CARTESIAN_POINT ( 'NONE',  ( 1.727856394441518839, 0.9270148034327432285, 0.02015000000000002206 ) ) ;
#5376 = CARTESIAN_POINT ( 'NONE',  ( -0.4883822172565205344, 1.176027067584773933, 2.134256245050205639E-18 ) ) ;
#5377 = CARTESIAN_POINT ( 'NONE',  ( 1.121366271146441607, -1.364865584208182270, 0.005270901231338729134 ) ) ;
#5378 = CARTESIAN_POINT ( 'NONE',  ( 0.1800898329695527489, 0.9101755596593320563, -0.02015000000000002206 ) ) ;
#5379 = CARTESIAN_POINT ( 'NONE',  ( 0.6356431682939603922, -0.7719587276663235631, 0.02015000000000002206 ) ) ;
#5380 = CARTESIAN_POINT ( 'NONE',  ( -0.1387406171657522835, -1.423384087830366074, 0.000000000000000000 ) ) ;
#5381 = CARTESIAN_POINT ( 'NONE',  ( 0.7262785007928336256, 1.087726760781297264, 0.02015000000000002206 ) ) ;
#5382 = CARTESIAN_POINT ( 'NONE',  ( -0.5790186005915372025, -0.8686075351197306560, 0.005270901231338727400 ) ) ;
#5383 = CARTESIAN_POINT ( 'NONE',  ( -0.5713795167191828561, 0.6947915865780114331, 0.02015000000000002206 ) ) ;
#5384 = CARTESIAN_POINT ( 'NONE',  ( 0.9031794113595636997, -0.2735989468179536033, 0.005270901231338729134 ) ) ;
#5385 = CARTESIAN_POINT ( 'NONE',  ( 0.9622802147762697933, -0.6427370368675702217, -0.02015000000000002206 ) ) ;
#5386 = CARTESIAN_POINT ( 'NONE',  ( -1.212344867974656903, 1.472486688775476837, -0.005270901231338727400 ) ) ;
#5387 = CARTESIAN_POINT ( 'NONE',  ( 1.711290286939840977, -0.3382653876839946117, -0.005270901231338724797 ) ) ;
#5388 = CARTESIAN_POINT ( 'NONE',  ( 0.7648163529256304383, -0.9299396490749085586, 0.000000000000000000 ) ) ;
#5389 = CARTESIAN_POINT ( 'NONE',  ( 0.6307301826331075389, 1.184712561587630608, 0.005270901231338727400 ) ) ;
#5390 = CARTESIAN_POINT ( 'NONE',  ( -0.8665947313121544759, -1.624924948984481476, 0.02015000000000002206 ) ) ;
#5391 = CARTESIAN_POINT ( 'NONE',  ( -0.2992154687573843619, -0.9902691944565905624, -0.005270901231338727400 ) ) ;
#5392 = CARTESIAN_POINT ( 'NONE',  ( -0.4458489968691683458, -0.6671522184313384285, -0.005270901231338724797 ) ) ;
#5393 = CARTESIAN_POINT ( 'NONE',  ( 0.6129627727320317021, -0.7460901190409214845, 0.02015000000000002206 ) ) ;
#5394 = CARTESIAN_POINT ( 'NONE',  ( 1.175787223235251533, 0.001241076782799628315, 0.000000000000000000 ) ) ;
#5395 = CARTESIAN_POINT ( 'NONE',  ( 1.751149173740902842, -0.3454241630625419224, -0.005270901231338727400 ) ) ;
#5396 = VERTEX_POINT ( 'NONE', #4011 ) ;
#5397 = CARTESIAN_POINT ( 'NONE',  ( -0.6074406917746622003, 0.6072754998231409962, 2.134256245050205639E-18 ) ) ;
#5398 = CARTESIAN_POINT ( 'NONE',  ( 1.504369984149265260, 0.2999902905396681363, 0.02015000000000002206 ) ) ;
#5399 = CARTESIAN_POINT ( 'NONE',  ( 0.5859085490680321362, 1.420861697910611232, -0.02015000000000002206 ) ) ;
#5400 = CARTESIAN_POINT ( 'NONE',  ( 0.7610133007744885880, 0.5088322571465319077, 0.005270901231338729134 ) ) ;
#5401 = CARTESIAN_POINT ( 'NONE',  ( -1.796970213414382123, -0.3585040476414285138, -0.005270901231338724797 ) ) ;
#5402 = CARTESIAN_POINT ( 'NONE',  ( 1.277460878527277410, -1.273399070432335467, 0.000000000000000000 ) ) ;
#5403 = CARTESIAN_POINT ( 'NONE',  ( -0.2195312356370549833, 1.097527069858855953, -0.005270901231338727400 ) ) ;
#5404 = CARTESIAN_POINT ( 'NONE',  ( 0.9747649482767722917, 0.001692471270416130973, 0.000000000000000000 ) ) ;
#5405 = CARTESIAN_POINT ( 'NONE',  ( 0.2977231044529745629, 1.504576940149330744, 0.000000000000000000 ) ) ;
#5406 = CARTESIAN_POINT ( 'NONE',  ( 0.2255799847294824301, -0.7437465696907000767, 0.02015000000000002206 ) ) ;
#5407 = CARTESIAN_POINT ( 'NONE',  ( 0.3757234751991372912, 1.239761675578168632, 2.134256245050205639E-18 ) ) ;
#5408 = CARTESIAN_POINT ( 'NONE',  ( -0.5465691911706664907, 0.6667387064652695594, -0.005270901231338724797 ) ) ;
#5409 = CARTESIAN_POINT ( 'NONE',  ( -0.8469393286646735852, 0.6927679412672642645, -0.02015000000000002206 ) ) ;
#5410 = CARTESIAN_POINT ( 'NONE',  ( -1.188386632590250347, 0.4908918858248318418, 0.02015000000000002206 ) ) ;
#5411 = CARTESIAN_POINT ( 'NONE',  ( 0.9541265667974768716, 0.9572783972911057537, 0.000000000000000000 ) ) ;
#5412 = CARTESIAN_POINT ( 'NONE',  ( 0.5991790545834454473, 0.7327062561889097214, 0.005270901231338727400 ) ) ;
#5413 = CARTESIAN_POINT ( 'NONE',  ( 0.1800898329695527489, 0.9101755596593320563, 0.02015000000000002206 ) ) ;
#5414 = CARTESIAN_POINT ( 'NONE',  ( -0.3708755199830477967, 1.221544760482527803, 0.005270901231338729134 ) ) ;
#5415 = CARTESIAN_POINT ( 'NONE',  ( 0.6480906365422819393, -1.211380385702345963, -0.02015000000000002206 ) ) ;
#5416 = CARTESIAN_POINT ( 'NONE',  ( -1.642575093221395832, -0.8800024732142828210, -0.005270901231338727400 ) ) ;
#5417 = CARTESIAN_POINT ( 'NONE',  ( -0.6804715744687609424, -0.4541127196253210707, -0.02015000000000002206 ) ) ;
#5418 = CARTESIAN_POINT ( 'NONE',  ( -0.6348647744319081410, 0.6327791612833466584, 0.02015000000000002206 ) ) ;
#5419 = CARTESIAN_POINT ( 'NONE',  ( -0.1387406171657522835, -1.423384087830366074, 0.000000000000000000 ) ) ;
#5420 = CARTESIAN_POINT ( 'NONE',  ( 1.343635513853318031, 0.2695653998278391139, 0.005270901231338727400 ) ) ;
#5421 = CARTESIAN_POINT ( 'NONE',  ( 0.5009666105312480244, 1.660835786188032959, 0.02015000000000002206 ) ) ;
#5422 = CARTESIAN_POINT ( 'NONE',  ( -0.2195312356370549833, 1.097527069858855953, -0.005270901231338727400 ) ) ;
#5423 = CARTESIAN_POINT ( 'NONE',  ( -0.3129001746479986856, 1.029067669322690115, -0.005270901231338724797 ) ) ;
#5424 = CARTESIAN_POINT ( 'NONE',  ( 0.9541265667974768716, 0.9572783972911057537, 0.000000000000000000 ) ) ;
#5425 = CARTESIAN_POINT ( 'NONE',  ( 1.277460878527277410, -1.273399070432335467, -0.005270901231338727400 ) ) ;
#5426 = CARTESIAN_POINT ( 'NONE',  ( -0.5465691911706664907, 0.6667387064652695594, 2.134256245050205639E-18 ) ) ;
#5427 = CARTESIAN_POINT ( 'NONE',  ( 1.344207761478271701, 0.7193171584651096850, 0.02015000000000002206 ) ) ;
#5428 = DIRECTION ( 'NONE',  ( 0.000000000000000000, 0.000000000000000000, 1.000000000000000000 ) ) ;
#5429 = CARTESIAN_POINT ( 'NONE',  ( -1.209298901512082747, -0.8097050109196540779, -0.02015000000000002206 ) ) ;
#5430 = CARTESIAN_POINT ( 'NONE',  ( 0.9597000608968794255, -0.6411165694914572333, 0.005270901231338729134 ) ) ;
#5431 = CARTESIAN_POINT ( 'NONE',  ( -0.3162303200274408921, -1.603282406148555106, 0.000000000000000000 ) ) ;
#5432 = CARTESIAN_POINT ( 'NONE',  ( 0.9651590064761960130, -0.9644364044772461009, -0.02015000000000002206 ) ) ;
#5433 = CARTESIAN_POINT ( 'NONE',  ( -0.7432208872972275726, 0.4953821853174797951, -0.005270901231338727400 ) ) ;
#5434 = CARTESIAN_POINT ( 'NONE',  ( 0.2578426339556110780, 1.307548870956974474, 0.000000000000000000 ) ) ;
#5435 = CARTESIAN_POINT ( 'NONE',  ( -0.9520404726851268151, 1.419900844480240343, 0.000000000000000000 ) ) ;
#5436 = CARTESIAN_POINT ( 'NONE',  ( -1.061225634607696255, 1.585049946696809986, 0.02015000000000002206 ) ) ;
#5437 = CARTESIAN_POINT ( 'NONE',  ( 0.6465899100653449416, -1.208728802795006052, 2.134256245050205639E-18 ) ) ;
#5438 = CARTESIAN_POINT ( 'NONE',  ( 0.8103407973608985904, 0.4327490058116802985, -0.005270901231338724797 ) ) ;
#5439 = CARTESIAN_POINT ( 'NONE',  ( 0.4127512351919280231, -1.352902002109895196, -0.02015000000000002206 ) ) ;
#5440 = CARTESIAN_POINT ( 'NONE',  ( -0.001283043338482277784, 1.323462496218483997, 0.02015000000000002206 ) ) ;
#5441 = CARTESIAN_POINT ( 'NONE',  ( 1.469819282470427702, -0.6071187045553985140, 0.000000000000000000 ) ) ;
#5442 = CARTESIAN_POINT ( 'NONE',  ( -0.8837750882329594715, -0.8856150542735711229, 0.005270901231338727400 ) ) ;
#5443 = CARTESIAN_POINT ( 'NONE',  ( -0.8713004112290080316, -0.0008852488770161867160, 0.02015000000000002206 ) ) ;
#5444 = CARTESIAN_POINT ( 'NONE',  ( 0.8211429273686990937, -0.8198606601817944872, 0.005270901231338729134 ) ) ;
#5445 = CARTESIAN_POINT ( 'NONE',  ( 0.8738259525523476290, -1.306358439398676685, -0.02015000000000002206 ) ) ;
#5446 = CARTESIAN_POINT ( 'NONE',  ( 0.001477987492284754244, -0.8240439628872554545, 0.000000000000000000 ) ) ;
#5447 = CARTESIAN_POINT ( 'NONE',  ( -0.8296915607460528808, -0.08186214252579407380, -0.02015000000000002206 ) ) ;
#5448 = CARTESIAN_POINT ( 'NONE',  ( -0.3562962634403943896, -1.800273796285656314, 0.005270901231338727400 ) ) ;
#5449 = CARTESIAN_POINT ( 'NONE',  ( 1.109136349485622786, 1.354163742196285103, 0.000000000000000000 ) ) ;
#5450 = CARTESIAN_POINT ( 'NONE',  ( 0.3864899422032816445, 1.278801015837990995, 0.005270901231338727400 ) ) ;
#5451 = CARTESIAN_POINT ( 'NONE',  ( -1.745571495105645132, 0.7211400087384599589, 0.02015000000000002206 ) ) ;
#5452 = CARTESIAN_POINT ( 'NONE',  ( 0.5723038585685772395, -1.066403946178889672, -0.005270901231338727400 ) ) ;
#5453 = CARTESIAN_POINT ( 'NONE',  ( -0.8172935539009804629, 0.6698848997548053630, -0.005270901231338724797 ) ) ;
#5454 = CARTESIAN_POINT ( 'NONE',  ( 1.134535105144002465, -0.3428527054787358641, 0.000000000000000000 ) ) ;
#5455 = CARTESIAN_POINT ( 'NONE',  ( -1.879090860442019117, -0.002979373936738233860, -0.005270901231338727400 ) ) ;
#5456 = CARTESIAN_POINT ( 'NONE',  ( 0.7298681232698380761, -0.0008544233854192409983, 2.134256245050205639E-18 ) ) ;
#5457 = CARTESIAN_POINT ( 'NONE',  ( -0.3052801757432257457, -0.7353490287701961448, 2.134256245050205639E-18 ) ) ;
#5458 = CARTESIAN_POINT ( 'NONE',  ( 1.250495694061573237, -1.247411196950414691, 0.02015000000000002206 ) ) ;
#5459 = CARTESIAN_POINT ( 'NONE',  ( 0.1473155455506510725, 1.520384098983244447, -0.02015000000000002206 ) ) ;
#5460 = CARTESIAN_POINT ( 'NONE',  ( -0.2904176330135718187, 1.451881215288892024, 0.005270901231338729134 ) ) ;
#5461 = CARTESIAN_POINT ( 'NONE',  ( 1.766643232454596424, 0.1768447899678749213, 0.000000000000000000 ) ) ;
#5462 = CARTESIAN_POINT ( 'NONE',  ( 1.729449029930255399, 0.1724764586492288365, -0.02015000000000002206 ) ) ;
#5463 = CARTESIAN_POINT ( 'NONE',  ( -0.7955432384091166709, -0.3311825998292729500, -0.005270901231338727400 ) ) ;
#5464 = CARTESIAN_POINT ( 'NONE',  ( 0.6307301826331075389, 1.184712561587630608, 0.000000000000000000 ) ) ;
#5465 = CARTESIAN_POINT ( 'NONE',  ( -0.3192804869888804520, -0.7733491137579409092, 0.005270901231338727400 ) ) ;
#5466 = CARTESIAN_POINT ( 'NONE',  ( 1.813828757771373645, 0.7532789024579680248, 0.02015000000000002206 ) ) ;
#5467 = CARTESIAN_POINT ( 'NONE',  ( 1.547725248266793585, -0.8248865154563532753, 2.134256245050205639E-18 ) ) ;
#5468 = CARTESIAN_POINT ( 'NONE',  ( 0.3504331664041824834, -1.750394113766678528, 0.02015000000000002206 ) ) ;
#5469 = CARTESIAN_POINT ( 'NONE',  ( 0.7610133007744885880, 0.5088322571465319077, -0.005270901231338724797 ) ) ;
#5470 = CARTESIAN_POINT ( 'NONE',  ( 1.131595484224397818, -0.3420516190460222150, -0.02015000000000002206 ) ) ;
#5471 = CARTESIAN_POINT ( 'NONE',  ( 0.9914140290708821635, -0.6610345484968087604, 0.02015000000000002206 ) ) ;
#5472 = CARTESIAN_POINT ( 'NONE',  ( -0.9180889019851310451, -1.120993592982966192, 0.000000000000000000 ) ) ;
#5473 = CARTESIAN_POINT ( 'NONE',  ( 1.373405740173228917, -0.1329887840855085990, 0.005270901231338727400 ) ) ;
#5474 = CARTESIAN_POINT ( 'NONE',  ( -0.9309396068743888142, -0.4995467256700553138, 0.02015000000000002206 ) ) ;
#5475 = CARTESIAN_POINT ( 'NONE',  ( 1.246599411716066585, -0.5149286224320059890, 0.005270901231338729134 ) ) ;
#5476 = CARTESIAN_POINT ( 'NONE',  ( -1.503922807003317041, -0.6238718497740198821, -0.02015000000000002206 ) ) ;
#5477 = CARTESIAN_POINT ( 'NONE',  ( -0.2391499454712862904, -1.208880084024966717, 0.000000000000000000 ) ) ;
#5478 = CARTESIAN_POINT ( 'NONE',  ( 0.7283269914200144468, -0.1455499981605677118, -0.02015000000000002206 ) ) ;
#5479 = CARTESIAN_POINT ( 'NONE',  ( -1.062964248914428866, 1.587551995852913178, 0.005270901231338727400 ) ) ;
#5480 = CARTESIAN_POINT ( 'NONE',  ( 0.6205655057417678311, -1.491373008974095304, 0.000000000000000000 ) ) ;
#5481 = CARTESIAN_POINT ( 'NONE',  ( 0.9939941829502725312, -0.6626550158733278684, 0.005270901231338727400 ) ) ;
#5482 = CARTESIAN_POINT ( 'NONE',  ( 1.627746535123033356, 0.6772233232506531531, 0.02015000000000002206 ) ) ;
#5483 = CARTESIAN_POINT ( 'NONE',  ( 0.8271076052984762672, -0.5505878705505450332, -0.005270901231338727400 ) ) ;
#5484 = CARTESIAN_POINT ( 'NONE',  ( 0.8747254621983557854, -0.3626266251870082780, -0.005270901231338724797 ) ) ;
#5485 = CARTESIAN_POINT ( 'NONE',  ( -0.7900802199849681351, -0.9659961847946322289, 0.000000000000000000 ) ) ;
#5486 = CARTESIAN_POINT ( 'NONE',  ( -0.7363186680940996265, 1.769704917171158076, -0.005270901231338727400 ) ) ;
#5487 = ORIENTED_EDGE ( 'NONE', *, *, #5488, .T. ) ;
#5488 = EDGE_CURVE ( 'NONE', #2843, #5842, #3646, .T. ) ;
#5489 = CARTESIAN_POINT ( 'NONE',  ( 1.085955093954332540, 1.324750809566797249, 0.02015000000000002206 ) ) ;
#5490 = CARTESIAN_POINT ( 'NONE',  ( 1.225975150854711426, -0.6537790964108777247, -0.02015000000000002206 ) ) ;
#5491 = CARTESIAN_POINT ( 'NONE',  ( 1.304118452077732027, 0.2607117013374981029, 0.005270901231338729134 ) ) ;
#5492 = CARTESIAN_POINT ( 'NONE',  ( -0.7724506283608468804, -1.450762859432999985, 0.000000000000000000 ) ) ;
#5493 = CARTESIAN_POINT ( 'NONE',  ( 1.208125863173013403, -0.9904820112707766189, -0.02015000000000002206 ) ) ;
#5494 = CARTESIAN_POINT ( 'NONE',  ( 0.8453695547284563183, 0.4530711667356038808, -0.005270901231338727400 ) ) ;
#5495 = CARTESIAN_POINT ( 'NONE',  ( -1.111104734206231903, -0.5953816022218216819, 0.000000000000000000 ) ) ;
#5496 = CARTESIAN_POINT ( 'NONE',  ( -1.029753615840079517, -0.1014078885769313931, 0.02015000000000002206 ) ) ;
#5497 = CARTESIAN_POINT ( 'NONE',  ( -0.4628260725654979590, -1.528341383907225071, 2.134256245050205639E-18 ) ) ;
#5498 = CARTESIAN_POINT ( 'NONE',  ( -1.528157176001552209, 0.6308448024161964485, 0.02015000000000002206 ) ) ;
#5499 = CARTESIAN_POINT ( 'NONE',  ( 0.7022804716536580338, 0.8557783642403283819, -0.005270901231338724797 ) ) ;
#5500 = CARTESIAN_POINT ( 'NONE',  ( -0.8816797207624655908, -0.8834031473363047615, -0.02015000000000002206 ) ) ;
#5501 = CARTESIAN_POINT ( 'NONE',  ( -1.273161114434498753, -0.002042901710782782203, 0.02015000000000002206 ) ) ;
#5502 = CARTESIAN_POINT ( 'NONE',  ( -1.563031101643532317, 0.6444940240607452964, 0.000000000000000000 ) ) ;
#5503 = CARTESIAN_POINT ( 'NONE',  ( -1.276206919020087538, -0.002121438826131132483, 0.005270901231338727400 ) ) ;
#5504 = CARTESIAN_POINT ( 'NONE',  ( -0.1182115291820222402, -1.220350446716238935, 0.02015000000000002206 ) ) ;
#5505 = CARTESIAN_POINT ( 'NONE',  ( -1.426492229907010634, -0.1419996084825506655, 0.005270901231338729134 ) ) ;
#5506 = CARTESIAN_POINT ( 'NONE',  ( 1.504369984149265260, 0.2999902905396681363, -0.02015000000000002206 ) ) ;
#5507 = CARTESIAN_POINT ( 'NONE',  ( -0.5790186005915372025, -0.8686075351197306560, 0.000000000000000000 ) ) ;
#5508 = CARTESIAN_POINT ( 'NONE',  ( 1.481262693788392371, 1.217117450113902599, -0.005270901231338724797 ) ) ;
#5509 = CARTESIAN_POINT ( 'NONE',  ( -0.6555972359141426509, -0.5398481122777757379, 0.02015000000000002206 ) ) ;
#5510 = CARTESIAN_POINT ( 'NONE',  ( -1.244767478624644097, 0.8299278464495765117, 0.000000000000000000 ) ) ;
#5511 = CARTESIAN_POINT ( 'NONE',  ( -0.5495510610353377956, -1.330525248715934472, 0.005270901231338727400 ) ) ;
#5512 = CARTESIAN_POINT ( 'NONE',  ( 0.2255799847294824301, -0.7437465696907000767, -0.02015000000000002206 ) ) ;
#5513 = CARTESIAN_POINT ( 'NONE',  ( 0.7260928566580463484, 1.361677199398674265, -0.005270901231338727400 ) ) ;
#5514 = CARTESIAN_POINT ( 'NONE',  ( 0.8600612091381383273, 0.7068633388989601363, -0.005270901231338724797 ) ) ;
#5515 = CARTESIAN_POINT ( 'NONE',  ( -1.044298569103947028, -0.7002971835861695471, 0.000000000000000000 ) ) ;
#5516 = CARTESIAN_POINT ( 'NONE',  ( 0.6160612918708763264, -0.5037284718701726671, 0.000000000000000000 ) ) ;
#5517 = CARTESIAN_POINT ( 'NONE',  ( 0.6967738038866111427, -0.3713746445300929455, 0.000000000000000000 ) ) ;
#5518 = CARTESIAN_POINT ( 'NONE',  ( 1.431575335717838238, 0.9577141082581254183, 0.02015000000000002206 ) ) ;
#5519 = CARTESIAN_POINT ( 'NONE',  ( -0.8665947313121544759, -1.624924948984481476, -0.02015000000000002206 ) ) ;
#5520 = CARTESIAN_POINT ( 'NONE',  ( 1.316827500245993265, -0.2615159087082559730, 0.005270901231338729134 ) ) ;
#5521 = CARTESIAN_POINT ( 'NONE',  ( 1.020780509790973456, -1.239741028475744855, 0.000000000000000000 ) ) ;
#5522 = CARTESIAN_POINT ( 'NONE',  ( 0.8390008329309991408, -1.564997581607700639, -0.02015000000000002206 ) ) ;
#5523 = CARTESIAN_POINT ( 'NONE',  ( 0.5991790545834454473, 0.7327062561889097214, -0.005270901231338727400 ) ) ;
#5524 = CARTESIAN_POINT ( 'NONE',  ( 0.3276081503265225736, 1.086594775272874180, 0.000000000000000000 ) ) ;
#5525 = CARTESIAN_POINT ( 'NONE',  ( -0.1933175962092300026, -0.9748715734452833015, 0.02015000000000002206 ) ) ;
#5526 = CARTESIAN_POINT ( 'NONE',  ( 1.480484694280911118, -0.4473042365981125257, 2.134256245050205639E-18 ) ) ;
#5527 = CARTESIAN_POINT ( 'NONE',  ( 1.297300402817646692, -0.8646635692361648307, 0.02015000000000002206 ) ) ;
#5528 = CARTESIAN_POINT ( 'NONE',  ( 0.09665406471327009363, -0.9766180153062159475, -0.005270901231338724797 ) ) ;
#5529 = CARTESIAN_POINT ( 'NONE',  ( 1.048961797449726507, -0.5585082944812002070, -0.02015000000000002206 ) ) ;
#5530 = CARTESIAN_POINT ( 'NONE',  ( -1.108457222168788059, -0.5938736979176155728, 0.02015000000000002206 ) ) ;
#5531 = CARTESIAN_POINT ( 'NONE',  ( -0.2991799679280714441, 1.491418594031060918, 0.000000000000000000 ) ) ;
#5532 = CARTESIAN_POINT ( 'NONE',  ( -0.2391499454712862904, -1.208880084024966717, 0.005270901231338727400 ) ) ;
#5533 = CARTESIAN_POINT ( 'NONE',  ( -1.284327042581225209, 0.6846723085610166848, 0.02015000000000002206 ) ) ;
#5534 = CARTESIAN_POINT ( 'NONE',  ( -1.208735834091778649, -0.3687862320904466973, 0.02015000000000002206 ) ) ;
#5535 = CARTESIAN_POINT ( 'NONE',  ( 0.4490151756110046244, -1.083643146939358370, 0.005270901231338729134 ) ) ;
#5536 = CARTESIAN_POINT ( 'NONE',  ( 1.297300402817646692, -0.8646635692361648307, -0.02015000000000002206 ) ) ;
#5537 = CARTESIAN_POINT ( 'NONE',  ( -1.039855452302316241, 1.554296002936071730, -0.005270901231338724797 ) ) ;
#5538 = CARTESIAN_POINT ( 'NONE',  ( -0.2397447908248143134, -0.7950602983452085271, 0.02015000000000002206 ) ) ;
#5539 = CARTESIAN_POINT ( 'NONE',  ( -0.9135642617439307944, -1.370154126466789801, 0.000000000000000000 ) ) ;
#5540 = CARTESIAN_POINT ( 'NONE',  ( 1.519474530336618612, -0.4582483835649303616, 0.005270901231338727400 ) ) ;
#5541 = AXIS2_PLACEMENT_3D ( 'NONE', #5456, #2344, #602 ) ;
#5542 = CARTESIAN_POINT ( 'NONE',  ( 0.3674036453255876133, 1.859167097311532402, -0.005270901231338724797 ) ) ;
#5543 = CARTESIAN_POINT ( 'NONE',  ( 1.373405740173228917, -0.1329887840855085990, -0.005270901231338727400 ) ) ;
#5544 = CARTESIAN_POINT ( 'NONE',  ( -0.5576127365131845481, -0.8342303983233123610, -0.005270901231338724797 ) ) ;
#5545 = CARTESIAN_POINT ( 'NONE',  ( -0.8135067671579561122, -0.6691071818706116892, 0.000000000000000000 ) ) ;
#5546 = CARTESIAN_POINT ( 'NONE',  ( -0.3192804869888804520, -0.7733491137579409092, 0.000000000000000000 ) ) ;
#5547 = CARTESIAN_POINT ( 'NONE',  ( -0.8509513681747179481, -1.594284229820047916, 0.02015000000000002206 ) ) ;
#5548 = CARTESIAN_POINT ( 'NONE',  ( 1.574602750702288168, 0.002486446276908671135, -0.02015000000000002206 ) ) ;
#5549 = CARTESIAN_POINT ( 'NONE',  ( 0.4010487166774975298, -1.317327472158227319, 0.005270901231338729134 ) ) ;
#5550 = CARTESIAN_POINT ( 'NONE',  ( -0.1918314809190365955, 1.916617431978808073, 0.000000000000000000 ) ) ;
#5551 = CARTESIAN_POINT ( 'NONE',  ( 1.434918633216832884, -0.5935379157374324199, -0.02015000000000002206 ) ) ;
#5552 = CARTESIAN_POINT ( 'NONE',  ( -0.4720532235583049241, -1.145040763001760276, -0.005270901231338727400 ) ) ;
#5553 = CARTESIAN_POINT ( 'NONE',  ( -0.001906955048336523911, 1.125485933652464077, 0.000000000000000000 ) ) ;
#5554 = CARTESIAN_POINT ( 'NONE',  ( 0.9359893645336462287, -0.09238420785921226674, 0.02015000000000002206 ) ) ;
#5555 = CARTESIAN_POINT ( 'NONE',  ( -1.796970213414382123, -0.3585040476414285138, 2.134256245050205639E-18 ) ) ;
#5556 = CARTESIAN_POINT ( 'NONE',  ( 1.729449029930255399, 0.1724764586492288365, 0.02015000000000002206 ) ) ;
#5557 = CARTESIAN_POINT ( 'NONE',  ( 1.333020657761714522, -0.1299836173306040954, -0.005270901231338724797 ) ) ;
#5558 = CARTESIAN_POINT ( 'NONE',  ( -0.1385143783776271176, -1.420345686037651101, -0.02015000000000002206 ) ) ;
#5559 = CARTESIAN_POINT ( 'NONE',  ( -0.9119248853737657035, -1.367585957403225860, 0.02015000000000002206 ) ) ;
#5560 = CARTESIAN_POINT ( 'NONE',  ( 1.499964968759224915, 0.4576605579692981096, 0.000000000000000000 ) ) ;
#5561 = CARTESIAN_POINT ( 'NONE',  ( -1.494657878513600879, 0.7970364990951537276, 0.005270901231338727400 ) ) ;
#5562 = CARTESIAN_POINT ( 'NONE',  ( -1.075410231946317685, 0.7160755876965612110, 0.02015000000000002206 ) ) ;
#5563 = CARTESIAN_POINT ( 'NONE',  ( 0.2907118720410361012, 1.464691791224965511, 0.005270901231338729134 ) ) ;
#5564 = CARTESIAN_POINT ( 'NONE',  ( 0.5734290882338448636, 1.388801837777083881, -0.02015000000000002206 ) ) ;
#5565 = CARTESIAN_POINT ( 'NONE',  ( 0.5537601597793437858, -1.033867311534292677, -0.02015000000000002206 ) ) ;
#5566 = CARTESIAN_POINT ( 'NONE',  ( 1.294700086024715091, 0.8681260429874646523, 0.000000000000000000 ) ) ;
#5567 = CARTESIAN_POINT ( 'NONE',  ( -1.352207054872457848, -0.5626889245636939041, 0.005270901231338727400 ) ) ;
#5568 = CARTESIAN_POINT ( 'NONE',  ( 0.3740752261742094631, 1.896017872175575603, 0.02015000000000002206 ) ) ;
#5569 = CARTESIAN_POINT ( 'NONE',  ( -0.5466361521790495948, 1.798233888131127944, -0.005270901231338724797 ) ) ;
#5570 = CARTESIAN_POINT ( 'NONE',  ( 1.046372530998081585, 0.8605255239833320413, -0.005270901231338727400 ) ) ;
#5571 = CARTESIAN_POINT ( 'NONE',  ( -0.5647878031557976852, 1.361961530562434852, -0.005270901231338724797 ) ) ;
#5572 = CARTESIAN_POINT ( 'NONE',  ( -0.7789543309099374868, 0.7772840017148821001, 0.000000000000000000 ) ) ;
#5573 = CARTESIAN_POINT ( 'NONE',  ( -0.001840833590225307917, 1.929392674238441963, 0.000000000000000000 ) ) ;
#5574 = CARTESIAN_POINT ( 'NONE',  ( -1.188084254919365979, 1.443957537399775726, 0.02015000000000002206 ) ) ;
#5575 = CARTESIAN_POINT ( 'NONE',  ( 1.537957373757320001, 0.3074373275199701050, -0.02015000000000002206 ) ) ;
#5576 = CARTESIAN_POINT ( 'NONE',  ( -1.092654987801863875, -0.8986035801770587694, 0.005270901231338729134 ) ) ;
#5577 = CARTESIAN_POINT ( 'NONE',  ( -1.879090860442019117, -0.002979373936738233860, 0.000000000000000000 ) ) ;
#5578 = CARTESIAN_POINT ( 'NONE',  ( -0.7554669695529671047, -1.417385504094569981, -0.02015000000000002206 ) ) ;
#5579 = CARTESIAN_POINT ( 'NONE',  ( 1.343635513853318031, 0.2695653998278391139, -0.005270901231338727400 ) ) ;
#5580 = CARTESIAN_POINT ( 'NONE',  ( -1.404178228887819069, -0.4274925941071098245, 0.000000000000000000 ) ) ;
#5581 = CARTESIAN_POINT ( 'NONE',  ( 0.1745913959090479028, 0.8762144655209109789, 0.02015000000000002206 ) ) ;
#5582 = CARTESIAN_POINT ( 'NONE',  ( -0.9288917512194202475, 1.386672595192106838, 2.134256245050205639E-18 ) ) ;
#5583 = CARTESIAN_POINT ( 'NONE',  ( -0.9306333693134711815, 1.389172557027514632, 0.02015000000000002206 ) ) ;
#5584 = CARTESIAN_POINT ( 'NONE',  ( 1.326666222140839402, 0.1310625638439406326, -0.005270901231338724797 ) ) ;
#5585 = CARTESIAN_POINT ( 'NONE',  ( 0.4704132092587547387, -1.545478335452257213, -0.02015000000000002206 ) ) ;
#5586 = CARTESIAN_POINT ( 'NONE',  ( 0.4485538944511942017, -0.6686962936752517406, 0.000000000000000000 ) ) ;
#5587 = CARTESIAN_POINT ( 'NONE',  ( 1.109136349485622786, 1.354163742196285103, 0.005270901231338727400 ) ) ;
#5588 = CARTESIAN_POINT ( 'NONE',  ( -0.5828430408709701638, -1.092990660737215736, 0.02015000000000002206 ) ) ;
#5589 = CARTESIAN_POINT ( 'NONE',  ( 1.537161124775034970, 0.001700280484006173225, 0.005270901231338729134 ) ) ;
#5590 = CARTESIAN_POINT ( 'NONE',  ( 1.550438467464162695, -0.8262726894869371064, -0.02015000000000002206 ) ) ;
#5591 = CARTESIAN_POINT ( 'NONE',  ( -0.2111244486780558260, 1.061032819385229420, -0.02015000000000002206 ) ) ;
#5592 = CARTESIAN_POINT ( 'NONE',  ( -1.642575093221395832, -0.8800024732142828210, 0.000000000000000000 ) ) ;
#5593 = CARTESIAN_POINT ( 'NONE',  ( 0.4713594034279414702, -1.548374499504132640, 0.005270901231338727400 ) ) ;
#5594 = CARTESIAN_POINT ( 'NONE',  ( 0.6918876773445663542, -0.2867240907505786973, 0.02015000000000002206 ) ) ;
#5595 = CARTESIAN_POINT ( 'NONE',  ( 0.8775782386196742113, -0.3636965949044950186, -0.02015000000000002206 ) ) ;
#5596 = CARTESIAN_POINT ( 'NONE',  ( -0.2991799679280714441, 1.491418594031060918, -0.005270901231338727400 ) ) ;
#5597 = CARTESIAN_POINT ( 'NONE',  ( 1.316827500245993265, -0.2615159087082559730, -0.005270901231338724797 ) ) ;
#5598 = CARTESIAN_POINT ( 'NONE',  ( 0.6376517933918159908, -0.7742497078386332277, 0.000000000000000000 ) ) ;
#5599 = CARTESIAN_POINT ( 'NONE',  ( 0.7270414544978539562, 0.8878234437803660395, 0.000000000000000000 ) ) ;
#5600 = CARTESIAN_POINT ( 'NONE',  ( 1.751149173740902842, -0.3454241630625419224, 0.000000000000000000 ) ) ;
#5601 = CARTESIAN_POINT ( 'NONE',  ( -0.8266726886336989155, -0.08145027248188425884, 0.005270901231338729134 ) ) ;
#5602 = CARTESIAN_POINT ( 'NONE',  ( 1.581074789154663929, -0.8419246771922305195, -0.02015000000000002206 ) ) ;
#5603 = CARTESIAN_POINT ( 'NONE',  ( 1.501395411966139903, 0.2993307647679709360, 0.005270901231338729134 ) ) ;
#5604 = CARTESIAN_POINT ( 'NONE',  ( 1.730518621258949841, 0.9284965509297596897, 0.000000000000000000 ) ) ;
#5605 = CARTESIAN_POINT ( 'NONE',  ( -0.7828992298010314377, 0.4168126515562101120, -0.02015000000000002206 ) ) ;
#5606 = CARTESIAN_POINT ( 'NONE',  ( 0.8505509035393795658, -0.8477023989134940818, -0.005270901231338727400 ) ) ;
#5607 = CARTESIAN_POINT ( 'NONE',  ( 0.1475485730782827021, 1.523421985877380758, 0.000000000000000000 ) ) ;
#5608 = CARTESIAN_POINT ( 'NONE',  ( -0.8269726570154826151, 0.1643196762579023640, 0.02015000000000002206 ) ) ;
#5609 = CARTESIAN_POINT ( 'NONE',  ( -1.710714577448589013, 0.7074474854740289143, 2.134256245050205639E-18 ) ) ;
#5610 = CARTESIAN_POINT ( 'NONE',  ( -1.799946926009471371, -0.3591538275045563777, 0.02015000000000002206 ) ) ;
#5611 = CARTESIAN_POINT ( 'NONE',  ( -1.153422440843427044, 0.4774753211620931248, -0.005270901231338724797 ) ) ;
#5612 = CARTESIAN_POINT ( 'NONE',  ( 0.7712383691861520729, -0.6315177307630112091, 0.000000000000000000 ) ) ;
#5613 = CARTESIAN_POINT ( 'NONE',  ( -1.560193863047816931, 0.6433835640897160868, -0.02015000000000002206 ) ) ;
#5614 = CARTESIAN_POINT ( 'NONE',  ( 1.630538963073325132, 0.6784420869181572167, 0.000000000000000000 ) ) ;
#5615 = CARTESIAN_POINT ( 'NONE',  ( 1.692570770125722657, 0.5152262127485994769, 0.005270901231338727400 ) ) ;
#5616 = CARTESIAN_POINT ( 'NONE',  ( 1.156678471971253064, -0.2281376048065439366, 0.02015000000000002206 ) ) ;
#5617 = CARTESIAN_POINT ( 'NONE',  ( 1.336059071367980966, -0.1302097141715951867, 0.02015000000000002206 ) ) ;
#5618 = CARTESIAN_POINT ( 'NONE',  ( -1.011226627033686709, -0.6769254890068490127, 2.134256245050205639E-18 ) ) ;
#5619 = CARTESIAN_POINT ( 'NONE',  ( 0.5723238800740190202, 1.385962546922364869, 0.005270901231338729134 ) ) ;
#5620 = CARTESIAN_POINT ( 'NONE',  ( 0.3679464252488264253, 1.862165166465392208, -0.02015000000000002206 ) ) ;
#5621 = CARTESIAN_POINT ( 'NONE',  ( 0.9622802147762697933, -0.6427370368675702217, -0.02015000000000002206 ) ) ;
#5622 = CARTESIAN_POINT ( 'NONE',  ( -0.7019742908916665192, -1.702361214516944887, 0.000000000000000000 ) ) ;
#5623 = CARTESIAN_POINT ( 'NONE',  ( -0.2991799679280714441, 1.491418594031060918, 0.005270901231338727400 ) ) ;
#5624 = CARTESIAN_POINT ( 'NONE',  ( 0.7953014109814283694, -0.5308172680635022678, -0.02015000000000002206 ) ) ;
#5625 = CARTESIAN_POINT ( 'NONE',  ( -1.123368198323856593, -0.9249983306963230900, -0.005270901231338727400 ) ) ;
#5626 = CARTESIAN_POINT ( 'NONE',  ( 0.2509261685407513931, 1.267647120808455652, -0.005270901231338724797 ) ) ;
#5627 = CARTESIAN_POINT ( 'NONE',  ( 0.8453695547284563183, 0.4530711667356038808, 0.000000000000000000 ) ) ;
#5628 = CARTESIAN_POINT ( 'NONE',  ( 1.175787223235251533, 0.001241076782799628315, 0.000000000000000000 ) ) ;
#5629 = CARTESIAN_POINT ( 'NONE',  ( 1.080837092333922778, 1.620927422155468367, 0.000000000000000000 ) ) ;
#5630 = CARTESIAN_POINT ( 'NONE',  ( -1.663799065162476332, -0.1654532358647932688, -0.02015000000000002206 ) ) ;
#5631 = CARTESIAN_POINT ( 'NONE',  ( -0.1734321113240538947, -1.783087331690172084, 0.005270901231338729134 ) ) ;
#5632 =( LENGTH_UNIT ( ) NAMED_UNIT ( * ) SI_UNIT ( $, .METRE. ) );
#5633 = CARTESIAN_POINT ( 'NONE',  ( -0.4654365309583793353, -0.6990716550318398781, -0.02015000000000002206 ) ) ;
#5634 = CARTESIAN_POINT ( 'NONE',  ( 0.1211363469203482618, -1.216873705100067538, -0.005270901231338727400 ) ) ;
#5635 = CARTESIAN_POINT ( 'NONE',  ( -1.166974902555377724, -1.170733384784473863, 0.000000000000000000 ) ) ;
#5636 = CARTESIAN_POINT ( 'NONE',  ( -0.7258628286377003525, 1.084049967095374933, 0.02015000000000002206 ) ) ;
#5637 = CARTESIAN_POINT ( 'NONE',  ( 0.2316579535385015487, -1.159332175831282230, 0.02015000000000002206 ) ) ;
#5638 = CARTESIAN_POINT ( 'NONE',  ( -0.1875155651680204538, 1.879417128966612172, 0.02015000000000002206 ) ) ;
#5639 = CARTESIAN_POINT ( 'NONE',  ( -1.232984250545575255, 0.1211860420625452128, -0.005270901231338724797 ) ) ;
#5640 = CARTESIAN_POINT ( 'NONE',  ( 1.175787223235251533, 0.001241076782799628315, 0.000000000000000000 ) ) ;
#5641 = CARTESIAN_POINT ( 'NONE',  ( -0.7710688885257762637, -1.448047377333719465, -0.02015000000000002206 ) ) ;
#5642 = CARTESIAN_POINT ( 'NONE',  ( -0.8679801415326585667, -1.627638557632946403, 0.000000000000000000 ) ) ;
#5643 = CARTESIAN_POINT ( 'NONE',  ( 1.499964968759224915, 0.4576605579692981096, 0.005270901231338727400 ) ) ;
#5644 = CARTESIAN_POINT ( 'NONE',  ( -0.7710688885257762637, -1.448047377333719465, 0.02015000000000002206 ) ) ;
#5645 = CARTESIAN_POINT ( 'NONE',  ( -0.1359598025089761852, -1.386037564230652608, 0.02015000000000002206 ) ) ;
#5646 = CARTESIAN_POINT ( 'NONE',  ( -0.5040629799663428612, 0.9431168907316308525, 2.134256245050205639E-18 ) ) ;
#5647 = CARTESIAN_POINT ( 'NONE',  ( 1.461468899841054769, 0.4450893741168017170, 0.005270901231338729134 ) ) ;
#5648 = CARTESIAN_POINT ( 'NONE',  ( -1.148649618333073441, -1.403203926660912204, -0.02015000000000002206 ) ) ;
#5649 = CARTESIAN_POINT ( 'NONE',  ( 0.7415080017781775501, -0.6087446010145470821, -0.02015000000000002206 ) ) ;
#5650 = CARTESIAN_POINT ( 'NONE',  ( -0.08012511123997419216, -0.8233557509138300645, 0.005270901231338727400 ) ) ;
#5651 = CARTESIAN_POINT ( 'NONE',  ( 0.8952924746793301525, -1.337045265786458437, 0.005270901231338727400 ) ) ;
#5652 = CARTESIAN_POINT ( 'NONE',  ( 0.1068750319368580587, 1.086007351070269467, -0.02015000000000002206 ) ) ;
#5653 = CARTESIAN_POINT ( 'NONE',  ( 1.766643232454596424, 0.1768447899678749213, -0.005270901231338727400 ) ) ;
#5654 = CARTESIAN_POINT ( 'NONE',  ( -0.5349448407285926077, -1.292754324853520709, -0.005270901231338724797 ) ) ;
#5655 = CARTESIAN_POINT ( 'NONE',  ( -0.7107784406926598297, -0.4761130391232206160, 0.000000000000000000 ) ) ;
#5656 = CARTESIAN_POINT ( 'NONE',  ( 0.1019113352055737859, -1.016772234786577300, 0.000000000000000000 ) ) ;
#5657 = CARTESIAN_POINT ( 'NONE',  ( 1.692570770125722657, 0.5152262127485994769, 0.000000000000000000 ) ) ;
#5658 = CARTESIAN_POINT ( 'NONE',  ( -0.6370959160180167391, 0.6348540631276851087, -0.005270901231338727400 ) ) ;
#5659 = CARTESIAN_POINT ( 'NONE',  ( 1.711290286939840977, -0.3382653876839946117, 0.005270901231338729134 ) ) ;
#5660 = PRESENTATION_STYLE_ASSIGNMENT (( #3297 ) ) ;
#5661 = CARTESIAN_POINT ( 'NONE',  ( -1.713550432325218642, 0.7085614683355294652, -0.02015000000000002206 ) ) ;
#5662 = CARTESIAN_POINT ( 'NONE',  ( 1.115785687665855175, 0.3397589754674914531, -0.005270901231338727400 ) ) ;
#5663 = CARTESIAN_POINT ( 'NONE',  ( -0.5484521468853542636, -1.327683514042541146, 0.02015000000000002206 ) ) ;
#5664 = CARTESIAN_POINT ( 'NONE',  ( -1.563031101643532317, 0.6444940240607452964, 0.000000000000000000 ) ) ;
#5665 = PRODUCT_DEFINITION ( 'UNKNOWN', '', #3459, #1812 ) ;
#5666 = CARTESIAN_POINT ( 'NONE',  ( 1.039693906339542728, 0.4316339398537670236, 0.02015000000000002206 ) ) ;
#5667 = CARTESIAN_POINT ( 'NONE',  ( 0.5499822207432185639, 1.816906638023654930, 2.134256245050205639E-18 ) ) ;
#5668 = CARTESIAN_POINT ( 'NONE',  ( -0.7213871141179166724, 1.735360507963833676, 0.02015000000000002206 ) ) ;
#5669 = CARTESIAN_POINT ( 'NONE',  ( 1.015722640441504288, 0.8340572296786419315, -0.005270901231338724797 ) ) ;
#5670 = CARTESIAN_POINT ( 'NONE',  ( -0.4890097368947752821, -0.9186622637226490307, 0.000000000000000000 ) ) ;
#5671 = CARTESIAN_POINT ( 'NONE',  ( -1.121057458041601507, -0.9230124942361123130, -0.02015000000000002206 ) ) ;
#5672 = CARTESIAN_POINT ( 'NONE',  ( 1.711598747943163135, -0.5174016523896081132, 0.000000000000000000 ) ) ;
#5673 = CARTESIAN_POINT ( 'NONE',  ( -1.666824414092487494, -0.1658142189559886903, 0.005270901231338727400 ) ) ;
#5674 = CARTESIAN_POINT ( 'NONE',  ( 1.292203275626353731, 0.8663799062304228249, 0.02015000000000002206 ) ) ;
#5675 = CARTESIAN_POINT ( 'NONE',  ( 1.135307068356967486, 7.949201421640480429E-05, 2.134256245050205639E-18 ) ) ;
#5676 = CARTESIAN_POINT ( 'NONE',  ( -0.7540852297177578212, -1.414670021996402127, 0.005270901231338729134 ) ) ;
#5677 = CARTESIAN_POINT ( 'NONE',  ( -0.5475733577187856804, 1.801132969875795631, -0.02015000000000002206 ) ) ;
#5678 = CARTESIAN_POINT ( 'NONE',  ( -1.029753615840079517, -0.1014078885769313931, -0.02015000000000002206 ) ) ;
#5679 = CARTESIAN_POINT ( 'NONE',  ( -0.1766681510629661278, -1.823454477274821350, 0.000000000000000000 ) ) ;
#5680 = CARTESIAN_POINT ( 'NONE',  ( 0.7702987392064608585, -0.07457817961127910511, 0.02015000000000002206 ) ) ;
#5681 = CARTESIAN_POINT ( 'NONE',  ( -0.9472795422459056036, -0.3923421444986895379, -0.02015000000000002206 ) ) ;
#5682 = CARTESIAN_POINT ( 'NONE',  ( 1.711598747943163135, -0.5174016523896081132, -0.005270901231338727400 ) ) ;
#5683 = CARTESIAN_POINT ( 'NONE',  ( -1.426492229907010634, -0.1419996084825506655, -0.005270901231338724797 ) ) ;
#5684 = CARTESIAN_POINT ( 'NONE',  ( -0.2195312356370549833, 1.097527069858855953, 0.000000000000000000 ) ) ;
#5685 = CARTESIAN_POINT ( 'NONE',  ( -0.9335810111500513209, -0.5010653200894831238, 0.005270901231338727400 ) ) ;
#5686 = CARTESIAN_POINT ( 'NONE',  ( -0.7615103735331946178, -0.3155530027955608663, 0.02015000000000002206 ) ) ;
#5687 = CARTESIAN_POINT ( 'NONE',  ( -1.210371096842117522, 1.470165642093326452, -0.02015000000000002206 ) ) ;
#5688 = CARTESIAN_POINT ( 'NONE',  ( 0.4587830611477785592, -1.509880127411586948, 0.005270901231338729134 ) ) ;
#5689 = CARTESIAN_POINT ( 'NONE',  ( 0.1805767864995252714, 0.9131832279276178577, 0.000000000000000000 ) ) ;
#5690 = CARTESIAN_POINT ( 'NONE',  ( -0.8609403182574976165, 0.1697777279271223405, -0.02015000000000002206 ) ) ;
#5691 = CARTESIAN_POINT ( 'NONE',  ( 1.499964968759224915, 0.4576605579692981096, -0.005270901231338727400 ) ) ;
#5692 = CARTESIAN_POINT ( 'NONE',  ( 1.537957373757320001, 0.3074373275199701050, 0.02015000000000002206 ) ) ;
#5693 = CARTESIAN_POINT ( 'NONE',  ( 1.328863925574705007, -0.8848188954155085106, 0.000000000000000000 ) ) ;
#5694 = CARTESIAN_POINT ( 'NONE',  ( -1.176084458913959407, -0.3579481471911596935, 0.02015000000000002206 ) ) ;
#5695 = CARTESIAN_POINT ( 'NONE',  ( -0.1182115291820255154, -1.220350446716238935, -0.02015000000000002206 ) ) ;
#5696 = CARTESIAN_POINT ( 'NONE',  ( 0.08676025138209574050, 0.8829403137666640422, 0.005270901231338729134 ) ) ;
#5697 = CARTESIAN_POINT ( 'NONE',  ( -0.1460476992013662878, 1.476638508706693997, -0.005270901231338724797 ) ) ;
#5698 = CARTESIAN_POINT ( 'NONE',  ( 1.228696520285260219, -0.6551492142235911809, 0.000000000000000000 ) ) ;
#5699 = CARTESIAN_POINT ( 'NONE',  ( 1.377705946537882253, 1.381997458464802486, -0.02015000000000002206 ) ) ;
#5700 = CARTESIAN_POINT ( 'NONE',  ( 0.6160612918708763264, -0.5037284718701726671, 0.000000000000000000 ) ) ;
#5701 = CARTESIAN_POINT ( 'NONE',  ( 1.778671584030809605, 0.001720882229786206740, 0.005270901231338727400 ) ) ;
#5702 = CARTESIAN_POINT ( 'NONE',  ( -1.401283987690508770, -0.4265405264867929702, 0.02015000000000002206 ) ) ;
#5703 = CARTESIAN_POINT ( 'NONE',  ( -0.8559245060036612118, -0.8562154874223580903, 2.134256245050205639E-18 ) ) ;
#5704 = CARTESIAN_POINT ( 'NONE',  ( 0.6890269411082105000, -0.2856755344692892828, -0.005270901231338724797 ) ) ;
#5705 = CARTESIAN_POINT ( 'NONE',  ( -0.1736755781337049609, -1.786124395799998821, -0.02015000000000002206 ) ) ;
#5706 = CARTESIAN_POINT ( 'NONE',  ( 1.018028616780382922, 0.8360485992822096479, -0.02015000000000002206 ) ) ;
#5707 = CARTESIAN_POINT ( 'NONE',  ( -0.001818204544977326852, 1.122440404158823402, 0.02015000000000002206 ) ) ;
#5708 = CARTESIAN_POINT ( 'NONE',  ( 0.6160612918708763264, -0.5037284718701726671, 0.005270901231338727400 ) ) ;
#5709 = CARTESIAN_POINT ( 'NONE',  ( -1.309739434344496578, -1.312257947754155607, 0.005270901231338727400 ) ) ;
#5710 = CARTESIAN_POINT ( 'NONE',  ( -0.7519843944157027504, 0.4017174655522448012, -0.02015000000000002206 ) ) ;
#5711 = CARTESIAN_POINT ( 'NONE',  ( 1.328863925574705007, -0.8848188954155085106, -0.005270901231338727400 ) ) ;
#5712 = CARTESIAN_POINT ( 'NONE',  ( 0.8375154832473949984, -1.562337361320809581, -0.005270901231338724797 ) ) ;
#5713 = CARTESIAN_POINT ( 'NONE',  ( -0.6370959160180167391, 0.6348540631276851087, 0.000000000000000000 ) ) ;
#5714 = CARTESIAN_POINT ( 'NONE',  ( 0.7938970521617246812, 0.5324683241701797520, 0.005270901231338727400 ) ) ;
#5715 = CARTESIAN_POINT ( 'NONE',  ( 0.7653347998975816857, -0.1512902070212980843, -0.005270901231338727400 ) ) ;
#5716 = CARTESIAN_POINT ( 'NONE',  ( 1.432079220467927572, -0.5924330232573018495, 0.005270901231338729134 ) ) ;
#5717 = CARTESIAN_POINT ( 'NONE',  ( 0.3890591810186798116, -0.9347091925379735766, 0.000000000000000000 ) ) ;
#5718 = CARTESIAN_POINT ( 'NONE',  ( 1.060591970274107787, 1.589421478462571535, -0.02015000000000002206 ) ) ;
#5719 = CARTESIAN_POINT ( 'NONE',  ( -0.8012611392035158264, -1.203424845513665353, -0.005270901231338727400 ) ) ;
#5720 = CARTESIAN_POINT ( 'NONE',  ( -1.209298901512082747, -0.8097050109196540779, 0.02015000000000002206 ) ) ;
#5721 = CARTESIAN_POINT ( 'NONE',  ( 1.730518621258949841, 0.9284965509297596897, 0.000000000000000000 ) ) ;
#5722 = CARTESIAN_POINT ( 'NONE',  ( 1.080277449664375222, 0.3278565531322483184, 0.02015000000000002206 ) ) ;
#5723 = DIRECTION ( 'NONE',  ( 1.000000000000000000, 0.000000000000000000, 0.000000000000000000 ) ) ;
#5724 = CARTESIAN_POINT ( 'NONE',  ( -0.5828430408709701638, -1.092990660737215736, -0.02015000000000002206 ) ) ;
#5725 = CARTESIAN_POINT ( 'NONE',  ( 0.5837324824285154978, -0.4793385364171399710, 0.005270901231338729134 ) ) ;
#5726 = CARTESIAN_POINT ( 'NONE',  ( 1.341552906882097940, 0.7178222330833942122, -0.005270901231338724797 ) ) ;
#5727 = CARTESIAN_POINT ( 'NONE',  ( 0.1475485730782827021, 1.523421985877380758, 0.000000000000000000 ) ) ;
#5728 = CARTESIAN_POINT ( 'NONE',  ( 1.509783676611563319, 1.241387656608247569, -0.02015000000000002206 ) ) ;
#5729 = CARTESIAN_POINT ( 'NONE',  ( -0.4890097368947752821, -0.9186622637226490307, 0.000000000000000000 ) ) ;
#5730 = CARTESIAN_POINT ( 'NONE',  ( -1.420131738292333079, 0.4293100298189278519, 0.02015000000000002206 ) ) ;
#5731 = CARTESIAN_POINT ( 'NONE',  ( -0.8172935539009804629, 0.6698848997548053630, 2.134256245050205639E-18 ) ) ;
#5732 = CARTESIAN_POINT ( 'NONE',  ( 1.058944887514347899, 1.586858248835000040, 0.005270901231338729134 ) ) ;
#5733 = CARTESIAN_POINT ( 'NONE',  ( -0.7083127644318492067, -0.4743231587339248323, -0.02015000000000002206 ) ) ;
#5734 = CARTESIAN_POINT ( 'NONE',  ( -0.8950195492424086741, -1.091492739327480699, -0.02015000000000002206 ) ) ;
#5735 = CARTESIAN_POINT ( 'NONE',  ( 0.8245199481751241954, -0.5489793932883778593, 0.02015000000000002206 ) ) ;
#5736 = CARTESIAN_POINT ( 'NONE',  ( -1.208806227000156275, -0.2407700695207291852, 0.02015000000000002206 ) ) ;
#5737 = CARTESIAN_POINT ( 'NONE',  ( -0.8135067671579561122, -0.6691071818706116892, 0.005270901231338727400 ) ) ;
#5738 = CARTESIAN_POINT ( 'NONE',  ( 0.5633909050689839271, -0.5622386278890114664, 0.02015000000000002206 ) ) ;
#5739 = CARTESIAN_POINT ( 'NONE',  ( -0.8172935539009804629, 0.6698848997548053630, 0.005270901231338729134 ) ) ;
#5740 = CARTESIAN_POINT ( 'NONE',  ( -0.5360437548785759176, -1.295596059526914035, -0.02015000000000002206 ) ) ;
#5741 = CARTESIAN_POINT ( 'NONE',  ( 0.4713594034279414702, -1.548374499504132640, -0.005270901231338727400 ) ) ;
#5742 = CARTESIAN_POINT ( 'NONE',  ( -0.9288917512194202475, 1.386672595192106838, -0.005270901231338724797 ) ) ;
#5743 = CARTESIAN_POINT ( 'NONE',  ( 0.9922757776405867203, -0.9902661747568557438, 0.000000000000000000 ) ) ;
#5744 = CARTESIAN_POINT ( 'NONE',  ( -0.7856371147769859453, 0.4181495140189092630, 0.005270901231338727400 ) ) ;
#5745 = CARTESIAN_POINT ( 'NONE',  ( 0.6967738038866111427, -0.3713746445300929455, -0.005270901231338727400 ) ) ;
#5746 = CARTESIAN_POINT ( 'NONE',  ( 0.1509819783876368837, -0.7625580653310917167, -0.005270901231338724797 ) ) ;
#5747 = CARTESIAN_POINT ( 'NONE',  ( -0.8667980352292148361, -0.08692464425040249965, 0.000000000000000000 ) ) ;
#5748 = CARTESIAN_POINT ( 'NONE',  ( 0.7914230089838487636, 0.5306900401269338818, -0.02015000000000002206 ) ) ;
#5749 = CARTESIAN_POINT ( 'NONE',  ( 1.469819282470427702, -0.6071187045553985140, -0.005270901231338727400 ) ) ;
#5750 = CARTESIAN_POINT ( 'NONE',  ( -1.491942134753148963, 0.7956552752512585647, 0.02015000000000002206 ) ) ;
#5751 = CARTESIAN_POINT ( 'NONE',  ( 1.630538963073325132, 0.6784420869181572167, 0.000000000000000000 ) ) ;
#5752 = CARTESIAN_POINT ( 'NONE',  ( 0.9622802147762697933, -0.6427370368675702217, 0.02015000000000002206 ) ) ;
#5753 = PRODUCT_CONTEXT ( 'NONE', #5198, 'mechanical' ) ;
#5754 = CARTESIAN_POINT ( 'NONE',  ( 0.7251785362446631078, 0.8854124989496924281, -0.02015000000000002206 ) ) ;
#5755 = CARTESIAN_POINT ( 'NONE',  ( 0.7390892277421293732, -0.6068918470879590688, 0.005270901231338729134 ) ) ;
#5756 = CARTESIAN_POINT ( 'NONE',  ( -1.176387336402598960, 1.175199064374667701, -0.005270901231338724797 ) ) ;
#5757 = CARTESIAN_POINT ( 'NONE',  ( 0.3864899422032816445, 1.278801015837990995, 0.000000000000000000 ) ) ;
#5758 = CARTESIAN_POINT ( 'NONE',  ( 1.763617223050718996, 0.1764893955581187113, -0.02015000000000002206 ) ) ;
#5759 = CARTESIAN_POINT ( 'NONE',  ( -0.09135109889392062366, 0.9169065658045697509, 0.000000000000000000 ) ) ;
#5760 = CARTESIAN_POINT ( 'NONE',  ( 0.9683766516261700374, 1.454303005633201140, 0.000000000000000000 ) ) ;
#5761 = CARTESIAN_POINT ( 'NONE',  ( -0.2985207245629692419, 1.488443958291085334, 0.02015000000000002206 ) ) ;
#5762 = CARTESIAN_POINT ( 'NONE',  ( 1.461468899841054769, 0.4450893741168017170, 2.134256245050205639E-18 ) ) ;
#5763 = CARTESIAN_POINT ( 'NONE',  ( -0.5115519829518374584, -0.6223639526333607508, -0.005270901231338724797 ) ) ;
#5764 = CARTESIAN_POINT ( 'NONE',  ( -0.7391919896537546553, -0.7416028815764365012, -0.02015000000000002206 ) ) ;
#5765 = CARTESIAN_POINT ( 'NONE',  ( -0.5360437548785759176, -1.295596059526914035, -0.02015000000000002206 ) ) ;
#5766 = CARTESIAN_POINT ( 'NONE',  ( 0.001021560911695524980, -1.022020933258023456, 0.02015000000000002206 ) ) ;
#5767 = CARTESIAN_POINT ( 'NONE',  ( -1.211627510803702679, -0.3697460764318586390, 0.000000000000000000 ) ) ;
#5768 = CARTESIAN_POINT ( 'NONE',  ( 0.4502590561412812553, -1.086424489384932635, 0.02015000000000002206 ) ) ;
#5769 = CARTESIAN_POINT ( 'NONE',  ( -1.005710650110386739, 0.4145729567204703425, 0.005270901231338727400 ) ) ;
#5770 = CARTESIAN_POINT ( 'NONE',  ( -0.1766681510629661278, -1.823454477274821350, 0.005270901231338727400 ) ) ;
#5771 = CARTESIAN_POINT ( 'NONE',  ( 0.8747254621983557854, -0.3626266251870082780, 0.005270901231338729134 ) ) ;
#5772 = CARTESIAN_POINT ( 'NONE',  ( 1.018185506173476584, -0.5431330473530738834, -0.02015000000000002206 ) ) ;
#5773 = CARTESIAN_POINT ( 'NONE',  ( 1.630538963073325132, 0.6784420869181572167, -0.005270901231338727400 ) ) ;
#5774 = CARTESIAN_POINT ( 'NONE',  ( -1.284130881144540215, 1.051357529223055920, -0.005270901231338724797 ) ) ;
#5775 = CARTESIAN_POINT ( 'NONE',  ( -0.8837750882329594715, -0.8856150542735711229, 0.000000000000000000 ) ) ;
#5776 = CARTESIAN_POINT ( 'NONE',  ( 0.1019113352055737859, -1.016772234786577300, 0.005270901231338727400 ) ) ;
#5777 = CARTESIAN_POINT ( 'NONE',  ( -0.001785790528654647826, 1.926346365166137886, -0.02015000000000002206 ) ) ;
#5778 = CARTESIAN_POINT ( 'NONE',  ( -1.281645621840423521, -1.283090915011205757, 0.005270901231338729134 ) ) ;
#5779 = CARTESIAN_POINT ( 'NONE',  ( 0.6707929152040851273, 0.6722936075519813093, 0.000000000000000000 ) ) ;
#5780 = CARTESIAN_POINT ( 'NONE',  ( -0.5811267864092536373, 1.399015821251289093, -0.005270901231338727400 ) ) ;
#5781 = CARTESIAN_POINT ( 'NONE',  ( -0.7363186680940996265, 1.769704917171158076, 0.000000000000000000 ) ) ;
#5782 = CARTESIAN_POINT ( 'NONE',  ( 1.297300402817646692, -0.8646635692361648307, 0.02015000000000002206 ) ) ;
#5783 = DIRECTION ( 'NONE',  ( 1.000000000000000000, 0.000000000000000000, 0.000000000000000000 ) ) ;
#5784 = CARTESIAN_POINT ( 'NONE',  ( -1.045100680656782410, -0.2096506075227196064, -0.02015000000000002206 ) ) ;
#5785 = CARTESIAN_POINT ( 'NONE',  ( 0.3723613963543238592, -0.8978149542858675503, 0.005270901231338729134 ) ) ;
#5786 = CARTESIAN_POINT ( 'NONE',  ( 1.533012783452994299, -0.1503013719505936763, -0.005270901231338724797 ) ) ;
#5787 = CARTESIAN_POINT ( 'NONE',  ( 0.7842116132879448642, -1.169499327565599156, 0.000000000000000000 ) ) ;
#5788 = CARTESIAN_POINT ( 'NONE',  ( 0.001477987492284754244, -0.8240439628872554545, -0.005270901231338727400 ) ) ;
#5789 = CARTESIAN_POINT ( 'NONE',  ( -1.061031655972372256, 0.2098633659835004439, 0.000000000000000000 ) ) ;
#5790 = CARTESIAN_POINT ( 'NONE',  ( 0.1475485730782827021, 1.523421985877380758, 0.000000000000000000 ) ) ;
#5791 = CARTESIAN_POINT ( 'NONE',  ( 0.7283269914200144468, -0.1455499981605677118, 0.02015000000000002206 ) ) ;
#5792 = CARTESIAN_POINT ( 'NONE',  ( 1.163984721290516777, 0.6235930472347580578, 2.134256245050205639E-18 ) ) ;
#5793 = CARTESIAN_POINT ( 'NONE',  ( -1.511838333433434434, -1.012856569078846469, 0.005270901231338729134 ) ) ;
#5794 = CARTESIAN_POINT ( 'NONE',  ( -0.7767351016389475449, 0.7751963827149432884, -0.02015000000000002206 ) ) ;
#5795 = CARTESIAN_POINT ( 'NONE',  ( -0.6146157546136165051, 0.9166157056383136270, 0.02015000000000002206 ) ) ;
#5796 = CARTESIAN_POINT ( 'NONE',  ( 1.366857274759203822, 0.1360289709325979146, 0.000000000000000000 ) ) ;
#5797 = CARTESIAN_POINT ( 'NONE',  ( -1.073373248748989095, 0.1038692060985847848, 0.005270901231338727400 ) ) ;
#5798 = CARTESIAN_POINT ( 'NONE',  ( -0.9318248268082325314, 1.134403779962756209, 0.02015000000000002206 ) ) ;
#5799 = CARTESIAN_POINT ( 'NONE',  ( -0.5227093698035201186, 0.9755948357090159506, 0.02015000000000002206 ) ) ;
#5800 = CARTESIAN_POINT ( 'NONE',  ( -0.9264491800988597925, 0.4952807298005528214, 0.005270901231338729134 ) ) ;
#5801 = CARTESIAN_POINT ( 'NONE',  ( 1.080277449664375222, 0.3278565531322483184, -0.02015000000000002206 ) ) ;
#5802 = CARTESIAN_POINT ( 'NONE',  ( 0.7653347998975816857, -0.1512902070212980843, 0.000000000000000000 ) ) ;
#5803 = CARTESIAN_POINT ( 'NONE',  ( 1.593423399652093231, 0.6622428864346332489, -0.005270901231338724797 ) ) ;
#5804 = CARTESIAN_POINT ( 'NONE',  ( 0.1211363469203482618, -1.216873705100067538, 0.000000000000000000 ) ) ;
#5805 = CARTESIAN_POINT ( 'NONE',  ( 0.6707929152040851273, 0.6722936075519813093, 0.005270901231338727400 ) ) ;
#5806 = CARTESIAN_POINT ( 'NONE',  ( -1.639915306188899358, -0.8785163489870294606, 0.02015000000000002206 ) ) ;
#5807 = CARTESIAN_POINT ( 'NONE',  ( -0.1184289950923217705, -1.223389494464337313, -0.005270901231338727400 ) ) ;
#5808 = CARTESIAN_POINT ( 'NONE',  ( -0.2302819235303066314, -0.7588252741789028866, -0.005270901231338724797 ) ) ;
#5809 = CARTESIAN_POINT ( 'NONE',  ( 0.7953014109814283694, -0.5308172680635022678, 0.02015000000000002206 ) ) ;
#5810 = CARTESIAN_POINT ( 'NONE',  ( -0.4298267816048044199, 0.8007580761121533275, 0.000000000000000000 ) ) ;
#5811 = CARTESIAN_POINT ( 'NONE',  ( -0.9520404726851268151, 1.419900844480240343, -0.005270901231338727400 ) ) ;
#5812 = CARTESIAN_POINT ( 'NONE',  ( 0.7298681232698380761, -0.0008544233854192408899, 2.134256245050205639E-18 ) ) ;
#5813 = CARTESIAN_POINT ( 'NONE',  ( -0.5360437548785759176, -1.295596059526914035, 0.02015000000000002206 ) ) ;
#5814 = CARTESIAN_POINT ( 'NONE',  ( 0.1068750319368580587, 1.086007351070269467, 0.02015000000000002206 ) ) ;
#5815 = CARTESIAN_POINT ( 'NONE',  ( -1.058026360423942602, 0.2093620320962718273, -0.02015000000000002206 ) ) ;
#5816 = CARTESIAN_POINT ( 'NONE',  ( 0.3169771499549464688, 1.047518234273461912, 0.005270901231338729134 ) ) ;
#5817 = CARTESIAN_POINT ( 'NONE',  ( -1.384053864290848201, 0.4192660393690074150, -0.005270901231338724797 ) ) ;
#5818 = CARTESIAN_POINT ( 'NONE',  ( -1.477229403626039606, -0.001480979507665901610, 0.000000000000000000 ) ) ;
#5819 = CARTESIAN_POINT ( 'NONE',  ( -1.307625767191403332, -1.310063535762551634, -0.02015000000000002206 ) ) ;
#5820 = CARTESIAN_POINT ( 'NONE',  ( -0.9627351620698099133, 0.5132619293641010882, 0.000000000000000000 ) ) ;
#5821 = CARTESIAN_POINT ( 'NONE',  ( -0.9562346950440949733, 1.162805412926206872, 0.000000000000000000 ) ) ;
#5822 = CARTESIAN_POINT ( 'NONE',  ( 1.107250391662196742, 1.351770793707251617, 0.02015000000000002206 ) ) ;
#5823 = CARTESIAN_POINT ( 'NONE',  ( -0.9298389127187567382, 1.132093107798715970, 2.134256245050205639E-18 ) ) ;
#5824 = CIRCLE ( 'NONE', #716, 0.02015000000000002206 ) ;
#5825 = CARTESIAN_POINT ( 'NONE',  ( -1.146759456232966601, -1.400814298949039527, 0.005270901231338729134 ) ) ;
#5826 = CARTESIAN_POINT ( 'NONE',  ( -0.4876586654731432380, -0.9159313741824984811, -0.02015000000000002206 ) ) ;
#5827 = CARTESIAN_POINT ( 'NONE',  ( 0.9717198295750685277, 0.001590353649070769867, 0.02015000000000002206 ) ) ;
#5828 = CARTESIAN_POINT ( 'NONE',  ( -0.001361028145740965541, 1.326508313428211183, 0.000000000000000000 ) ) ;
#5829 = CARTESIAN_POINT ( 'NONE',  ( 0.9733628351280728674, -0.09477898771711344705, 0.005270901231338727400 ) ) ;
#5830 = CARTESIAN_POINT ( 'NONE',  ( 0.7688195951497643899, -0.6296649768360840227, 0.02015000000000002206 ) ) ;
#5831 = CARTESIAN_POINT ( 'NONE',  ( -0.8068348190417770072, 0.2452902912326064278, 0.005270901231338729134 ) ) ;
#5832 = CARTESIAN_POINT ( 'NONE',  ( 1.138352634839041366, 0.0001668850502806230071, -0.02015000000000002206 ) ) ;
#5833 = CARTESIAN_POINT ( 'NONE',  ( -0.6578768776625942838, -0.5418696142778812730, 0.000000000000000000 ) ) ;
#5834 = CARTESIAN_POINT ( 'NONE',  ( -1.612553395414628943, 0.3199240720792185244, -0.005270901231338724797 ) ) ;
#5835 = CARTESIAN_POINT ( 'NONE',  ( -1.211791900756342910, -0.8114565875636784442, 0.000000000000000000 ) ) ;
#5836 = CARTESIAN_POINT ( 'NONE',  ( 0.7648163529256304383, -0.9299396490749085586, 0.005270901231338727400 ) ) ;
#5837 = CARTESIAN_POINT ( 'NONE',  ( 1.275267071529245344, -1.271284774541415974, 0.02015000000000002206 ) ) ;
#5838 = CARTESIAN_POINT ( 'NONE',  ( 0.9747649482767722917, 0.001692471270416130973, -0.005270901231338727400 ) ) ;
#5839 = CARTESIAN_POINT ( 'NONE',  ( -0.5466361521790495948, 1.798233888131127944, 0.005270901231338729134 ) ) ;
#5840 = CARTESIAN_POINT ( 'NONE',  ( -1.211627510803702679, -0.3697460764318586390, 0.000000000000000000 ) ) ;
#5841 = CARTESIAN_POINT ( 'NONE',  ( 0.2378743541084164526, -0.7791213238177947531, 0.000000000000000000 ) ) ;
#5842 = VERTEX_POINT ( 'NONE', #725 ) ;
#5843 = CARTESIAN_POINT ( 'NONE',  ( -1.836535196679146331, -0.3671405983948691776, 0.000000000000000000 ) ) ;
#5844 = CARTESIAN_POINT ( 'NONE',  ( -1.250789559989211375, -1.027588953552743378, 0.02015000000000002206 ) ) ;
#5845 = CARTESIAN_POINT ( 'NONE',  ( -0.3138698664412827299, 1.031956064532047801, 0.02015000000000002206 ) ) ;
#5846 = SHAPE_DEFINITION_REPRESENTATION ( #4596, #781 ) ;
#5847 = CARTESIAN_POINT ( 'NONE',  ( -1.208735834091778649, -0.3687862320904466973, -0.02015000000000002206 ) ) ;
#5848 = CARTESIAN_POINT ( 'NONE',  ( -1.021086762311316898, 0.2031998853063460841, 0.005270901231338729134 ) ) ;
#5849 = CARTESIAN_POINT ( 'NONE',  ( -0.7201723274120809259, 1.732566349246845938, -0.005270901231338724797 ) ) ;
#5850 = CARTESIAN_POINT ( 'NONE',  ( 1.577648889736781079, 0.002550406381453532677, 0.000000000000000000 ) ) ;
#5851 = CARTESIAN_POINT ( 'NONE',  ( -0.3257888356608308889, 1.067458781819022429, -0.005270901231338727400 ) ) ;
#5852 = CARTESIAN_POINT ( 'NONE',  ( -0.7432208872972275726, 0.4953821853174797951, 0.000000000000000000 ) ) ;
#5853 = CARTESIAN_POINT ( 'NONE',  ( -0.5811267864092536373, 1.399015821251289093, 0.000000000000000000 ) ) ;
#5854 = CARTESIAN_POINT ( 'NONE',  ( 0.9127811556708524954, 1.714101855919977213, 0.02015000000000002206 ) ) ;
#5855 = CARTESIAN_POINT ( 'NONE',  ( -0.6949141861167402734, 1.296761074701824334, 2.134256245050205639E-18 ) ) ;
#5856 = CARTESIAN_POINT ( 'NONE',  ( 0.9342907450688473503, 0.0003351746386753474039, -0.005270901231338724797 ) ) ;
#5857 = CARTESIAN_POINT ( 'NONE',  ( -0.9309396068743888142, -0.4995467256700553138, -0.02015000000000002206 ) ) ;
#5858 = CARTESIAN_POINT ( 'NONE',  ( 0.7712383691861520729, -0.6315177307630112091, 0.005270901231338727400 ) ) ;
#5859 = NEXT_ASSEMBLY_USAGE_OCCURRENCE ( 'NAUO1', ' ', ' ', #5665, #1906, $ ) ;
#5860 = NEXT_ASSEMBLY_USAGE_OCCURRENCE ( 'NAUO2', ' ', ' ', #5665, #1906, $ ) ;
ENDSEC;
END-ISO-10303-21;
