ROUT,V_IN,I_IN,P_IN,V_OUT,I_OUT,P_OUT,V_DS_A_pp,V_DS_B_pp,V_DS_A_max,V_DS_B_max,MR_FREQ,V_MR_PP,V_RECT_PP,V_RECT_RMS
61.68502750680849,24.6417,1.59235629,39.238365991292994,0.003335952,0.001420492,-2.049605e-07,59.0,59.0,59.0,59.0,13500000.0,131.0,120.0,41.72
