  0
SECTION
  2
HEADER
  9
$ACADVER
  1
AC1015
  9
$ACADMAINTVER
 70
     6
  9
$DWGCODEPAGE
  3
ANSI_1252
  9
$INSBASE
 10
0.0
 20
0.0
 30
0.0
  9
$EXTMIN
 10
0.0
 20
0.0
 30
0.0
  9
$EXTMAX
 10
1117.6
 20
863.6
 30
0.0
  9
$LIMMIN
 10
0.0
 20
0.0
  9
$LIMMAX
 10
1117.6
 20
863.6
  9
$ORTHOMODE
 70
     0
  9
$REGENMODE
 70
     1
  9
$FILLMODE
 70
     1
  9
$QTEXTMODE
 70
     0
  9
$MIRRTEXT
 70
     1
  9
$LTSCALE
 40
1.0
  9
$ATTMODE
 70
     1
  9
$TEXTSIZE
 40
3.175
  9
$TRACEWID
 40
1.0
  9
$TEXTSTYLE
  7
Standard
  9
$CLAYER
  8
0
  9
$CELTYPE
  6
ByLayer
  9
$CECOLOR
 62
   256
  9
$CELTSCALE
 40
1.0
  9
$DISPSILH
 70
     0
  9
$DIMSCALE
 40
1.0
  9
$DIMASZ
 40
3.302
  9
$DIMEXO
 40
1.27
  9
$DIMDLI
 40
3.75
  9
$DIMRND
 40
0.0
  9
$DIMDLE
 40
0.0
  9
$DIMEXE
 40
3.175
  9
$DIMTP
 40
0.0
  9
$DIMTM
 40
0.0
  9
$DIMTXT
 40
3.175
  9
$DIMCEN
 40
2.5
  9
$DIMTSZ
 40
0.0
  9
$DIMTOL
 70
     0
  9
$DIMLIM
 70
     0
  9
$DIMTIH
 70
     1
  9
$DIMTOH
 70
     1
  9
$DIMSE1
 70
     0
  9
$DIMSE2
 70
     0
  9
$DIMTAD
 70
     0
  9
$DIMZIN
 70
     1
  9
$DIMBLK
  1

  9
$DIMASO
 70
     1
  9
$DIMSHO
 70
     1
  9
$DIMPOST
  1

  9
$DIMAPOST
  1

  9
$DIMALT
 70
     0
  9
$DIMALTD
 70
     3
  9
$DIMALTF
 40
0.0393700787
  9
$DIMLFAC
 40
1.0
  9
$DIMTOFL
 70
     1
  9
$DIMTVP
 40
0.0
  9
$DIMTIX
 70
     0
  9
$DIMSOXD
 70
     0
  9
$DIMSAH
 70
     0
  9
$DIMBLK1
  1

  9
$DIMBLK2
  1

  9
$DIMSTYLE
  2
ISO-25
  9
$DIMCLRD
 70
     0
  9
$DIMCLRE
 70
     0
  9
$DIMCLRT
 70
     0
  9
$DIMTFAC
 40
1.0
  9
$DIMGAP
 40
1.524
  9
$DIMJUST
 70
     0
  9
$DIMSD1
 70
     0
  9
$DIMSD2
 70
     0
  9
$DIMTOLJ
 70
     0
  9
$DIMTZIN
 70
     1
  9
$DIMALTZ
 70
     0
  9
$DIMALTTZ
 70
     0
  9
$DIMUPT
 70
     0
  9
$DIMDEC
 70
     2
  9
$DIMTDEC
 70
     2
  9
$DIMALTU
 70
     2
  9
$DIMALTTD
 70
     3
  9
$DIMTXSTY
  7
Standard
  9
$DIMAUNIT
 70
     0
  9
$DIMADEC
 70
     2
  9
$DIMALTRND
 40
0.0
  9
$DIMAZIN
 70
     0
  9
$DIMDSEP
 70
    44
  9
$DIMATFIT
 70
     3
  9
$DIMFRAC
 70
     0
  9
$DIMLDRBLK
  1

  9
$DIMLUNIT
 70
     2
  9
$DIMLWD
 70
    -2
  9
$DIMLWE
 70
    -2
  9
$DIMTMOVE
 70
     0
  9
$LUNITS
 70
     2
  9
$LUPREC
 70
     2
  9
$SKETCHINC
 40
1.0
  9
$FILLETRAD
 40
0.0
  9
$AUNITS
 70
     0
  9
$AUPREC
 70
     2
  9
$MENU
  1
.
  9
$ELEVATION
 40
0.0
  9
$PELEVATION
 40
0.0
  9
$THICKNESS
 40
0.0
  9
$LIMCHECK
 70
     0
  9
$CHAMFERA
 40
0.0
  9
$CHAMFERB
 40
0.0
  9
$CHAMFERC
 40
0.0
  9
$CHAMFERD
 40
0.0
  9
$SKPOLY
 70
     0
  9
$TDCREATE
 40
2461023.902603727
  9
$TDUCREATE
 40
2461024.110937061
  9
$TDUPDATE
 40
2461023.902606216
  9
$TDUUPDATE
 40
2461024.110939549
  9
$TDINDWG
 40
0.0000000116
  9
$TDUSRTIMER
 40
0.0000000116
  9
$USRTIMER
 70
     1
  9
$ANGBASE
 50
0.0
  9
$ANGDIR
 70
     0
  9
$PDMODE
 70
     0
  9
$PDSIZE
 40
-1.0
  9
$PLINEWID
 40
0.0
  9
$SPLFRAME
 70
     0
  9
$SPLINETYPE
 70
     6
  9
$SPLINESEGS
 70
     8
  9
$HANDSEED
  5
18E
  9
$SURFTAB1
 70
     6
  9
$SURFTAB2
 70
     6
  9
$SURFTYPE
 70
     6
  9
$SURFU
 70
     6
  9
$SURFV
 70
     6
  9
$UCSBASE
  2

  9
$UCSNAME
  2

  9
$UCSORG
 10
0.0
 20
0.0
 30
0.0
  9
$UCSXDIR
 10
1.0
 20
0.0
 30
0.0
  9
$UCSYDIR
 10
0.0
 20
1.0
 30
0.0
  9
$UCSORTHOREF
  2

  9
$UCSORTHOVIEW
 70
     0
  9
$UCSORGTOP
 10
0.0
 20
0.0
 30
0.0
  9
$UCSORGBOTTOM
 10
0.0
 20
0.0
 30
0.0
  9
$UCSORGLEFT
 10
0.0
 20
0.0
 30
0.0
  9
$UCSORGRIGHT
 10
0.0
 20
0.0
 30
0.0
  9
$UCSORGFRONT
 10
0.0
 20
0.0
 30
0.0
  9
$UCSORGBACK
 10
0.0
 20
0.0
 30
0.0
  9
$PUCSBASE
  2

  9
$PUCSNAME
  2

  9
$PUCSORG
 10
0.0
 20
0.0
 30
0.0
  9
$PUCSXDIR
 10
1.0
 20
0.0
 30
0.0
  9
$PUCSYDIR
 10
0.0
 20
1.0
 30
0.0
  9
$PUCSORTHOREF
  2

  9
$PUCSORTHOVIEW
 70
     0
  9
$PUCSORGTOP
 10
0.0
 20
0.0
 30
0.0
  9
$PUCSORGBOTTOM
 10
0.0
 20
0.0
 30
0.0
  9
$PUCSORGLEFT
 10
0.0
 20
0.0
 30
0.0
  9
$PUCSORGRIGHT
 10
0.0
 20
0.0
 30
0.0
  9
$PUCSORGFRONT
 10
0.0
 20
0.0
 30
0.0
  9
$PUCSORGBACK
 10
0.0
 20
0.0
 30
0.0
  9
$USERI1
 70
     0
  9
$USERI2
 70
     0
  9
$USERI3
 70
     0
  9
$USERI4
 70
     0
  9
$USERI5
 70
     0
  9
$USERR1
 40
0.0
  9
$USERR2
 40
0.0
  9
$USERR3
 40
0.0
  9
$USERR4
 40
0.0
  9
$USERR5
 40
0.0
  9
$WORLDVIEW
 70
     1
  9
$SHADEDGE
 70
     3
  9
$SHADEDIF
 70
    70
  9
$TILEMODE
 70
     1
  9
$MAXACTVP
 70
    64
  9
$PINSBASE
 10
0.0
 20
0.0
 30
0.0
  9
$PLIMCHECK
 70
     0
  9
$PEXTMIN
 10
1.0000000000E+20
 20
1.0000000000E+20
 30
1.0000000000E+20
  9
$PEXTMAX
 10
-1.0000000000E+20
 20
-1.0000000000E+20
 30
-1.0000000000E+20
  9
$PLIMMIN
 10
0.0
 20
0.0
  9
$PLIMMAX
 10
420.0
 20
297.0
  9
$UNITMODE
 70
     0
  9
$VISRETAIN
 70
     1
  9
$PLINEGEN
 70
     0
  9
$PSLTSCALE
 70
     1
  9
$TREEDEPTH
 70
  3020
  9
$CMLSTYLE
  2
Standard
  9
$CMLJUST
 70
     0
  9
$CMLSCALE
 40
20.0
  9
$PROXYGRAPHICS
 70
     1
  9
$MEASUREMENT
 70
     1
  9
$CELWEIGHT
370
    -1
  9
$ENDCAPS
280
     0
  9
$JOINSTYLE
280
     0
  9
$LWDISPLAY
290
     1
  9
$INSUNITS
 70
     4
  9
$HYPERLINKBASE
  1

  9
$STYLESHEET
  1

  9
$XEDIT
290
     1
  9
$CEPSNTYPE
380
     0
  9
$PSTYLEMODE
290
     1
  9
$FINGERPRINTGUID
  2
{8daf24cc-79fb-438e-a1b6-588f423fb6ab}
  9
$VERSIONGUID
  2
{FAEB1C32-E019-11D5-929B-00C0DF256EC4}
  9
$EXTNAMES
290
     1
  9
$PSVPSCALE
 40
0.0
  9
$OLESTARTUP
290
     0
  0
ENDSEC
  0
SECTION
  2
CLASSES
  0
CLASS
  1
ACDBDICTIONARYWDFLT
  2
AcDbDictionaryWithDefault
  3
ObjectDBX Classes
 90
        0
280
     0
281
     0
  0
CLASS
  1
VISUALSTYLE
  2
AcDbVisualStyle
  3
ObjectDBX Classes
 90
     4095
280
     0
281
     0
  0
CLASS
  1
MATERIAL
  2
AcDbMaterial
  3
ObjectDBX Classes
 90
     1153
280
     0
281
     0
  0
CLASS
  1
SCALE
  2
AcDbScale
  3
ObjectDBX Classes
 90
     1153
280
     0
281
     0
  0
CLASS
  1
TABLESTYLE
  2
AcDbTableStyle
  3
ObjectDBX Classes
 90
     4095
280
     0
281
     0
  0
CLASS
  1
MLEADERSTYLE
  2
AcDbMLeaderStyle
  3
ACDB_MLEADERSTYLE_CLASS
 90
     4095
280
     0
281
     0
  0
CLASS
  1
SUN
  2
AcDbSun
  3
SCENEOE
 90
     1153
280
     0
281
     0
  0
CLASS
  1
ACDBPLACEHOLDER
  2
AcDbPlaceHolder
  3
ObjectDBX Classes
 90
        0
280
     0
281
     0
  0
CLASS
  1
LAYOUT
  2
AcDbLayout
  3
ObjectDBX Classes
 90
        0
280
     0
281
     0
  0
ENDSEC
  0
SECTION
  2
TABLES
  0
TABLE
  2
VPORT
  5
8
330
0
100
AcDbSymbolTable
 70
     1
  0
VPORT
  5
29
330
8
100
AcDbSymbolTableRecord
100
AcDbViewportTableRecord
  2
*Active
 70
     0
 10
0.0
 20
0.0
 11
1.0
 21
1.0
 12
558.8
 22
431.8
 13
0.0
 23
0.0
 14
10.0
 24
10.0
 15
10.0
 25
10.0
 16
0.0
 26
0.0
 36
1.0
 17
0.0
 27
0.0
 37
0.0
 40
863.6
 41
1.2941176471
 42
50.0
 43
0.0
 44
0.0
 50
0.0
 51
0.0
 71
     0
 72
  2000
 73
     1
 74
     3
 75
     0
 76
     0
 77
     0
 78
     0
281
     0
 65
     1
110
0.0
120
0.0
130
0.0
111
1.0
121
0.0
131
0.0
112
0.0
122
1.0
132
0.0
 79
     0
146
0.0
  0
ENDTAB
  0
TABLE
  2
LTYPE
  5
5
330
0
100
AcDbSymbolTable
 70
     6
  0
LTYPE
  5
14
330
5
100
AcDbSymbolTableRecord
100
AcDbLinetypeTableRecord
  2
ByBlock
 70
     0
  3

 72
    65
 73
     0
 40
0.0
  0
LTYPE
  5
15
330
5
100
AcDbSymbolTableRecord
100
AcDbLinetypeTableRecord
  2
ByLayer
 70
     0
  3

 72
    65
 73
     0
 40
0.0
  0
LTYPE
  5
16
330
5
100
AcDbSymbolTableRecord
100
AcDbLinetypeTableRecord
  2
Continuous
 70
     0
  3
Solid line
 72
    65
 73
     0
 40
0.0
  0
LTYPE
  5
5E
330
5
100
AcDbSymbolTableRecord
100
AcDbLinetypeTableRecord
  2
HIDDEN
 70
     0
  3
Hidden __ __ __ __ __ __ __ __ __ __ __ __ __ __
 72
    65
 73
     2
 40
1.905
 49
1.27
 74
     0
 49
-0.635
 74
     0
  0
LTYPE
  5
5F
330
5
100
AcDbSymbolTableRecord
100
AcDbLinetypeTableRecord
  2
PHANTOM
 70
     0
  3
Phantom ______  __  __  ______  __  __  ______
 72
    65
 73
     6
 40
12.7
 49
6.35
 74
     0
 49
-1.27
 74
     0
 49
1.27
 74
     0
 49
-1.27
 74
     0
 49
1.27
 74
     0
 49
-1.27
 74
     0
  0
LTYPE
  5
60
330
5
100
AcDbSymbolTableRecord
100
AcDbLinetypeTableRecord
  2
CENTER
 70
     0
  3
Center ____ _ ____ _ ____ _ ____ _ ____ _ ____
 72
    65
 73
     4
 40
10.16
 49
6.35
 74
     0
 49
-1.27
 74
     0
 49
1.27
 74
     0
 49
-1.27
 74
     0
  0
LTYPE
  5
61
330
5
100
AcDbSymbolTableRecord
100
AcDbLinetypeTableRecord
  2
CENTERX2
 70
     0
  3
Center (2x) ________  __  ________  __  _____
 72
    65
 73
     4
 40
20.32
 49
12.7
 74
     0
 49
-2.54
 74
     0
 49
2.54
 74
     0
 49
-2.54
 74
     0
  0
LTYPE
  5
62
330
5
100
AcDbSymbolTableRecord
100
AcDbLinetypeTableRecord
  2
DOT2
 70
     0
  3
Dot (.5x) ........................................
 72
    65
 73
     2
 40
0.635
 49
0.0
 74
     0
 49
-0.635
 74
     0
  0
ENDTAB
  0
TABLE
  2
LAYER
  5
2
330
0
100
AcDbSymbolTable
 70
     2
  0
LAYER
  5
10
330
2
100
AcDbSymbolTableRecord
100
AcDbLayerTableRecord
  2
0
 70
     0
 62
     7
  6
Continuous
370
    -3
390
F
  0
LAYER
  5
63
330
2
100
AcDbSymbolTableRecord
100
AcDbLayerTableRecord
  2
FORMAT
 70
     0
 62
     7
  6
Continuous
370
    -3
390
F
  0
ENDTAB
  0
TABLE
  2
STYLE
  5
3
330
0
100
AcDbSymbolTable
 70
     5
  0
STYLE
  5
11
330
3
100
AcDbSymbolTableRecord
100
AcDbTextStyleTableRecord
  2
Standard
 70
     0
 40
0.0
 41
1.0
 50
0.0
 71
     0
 42
3.175
  3
txt
  4

  0
STYLE
  5
AA
330
3
100
AcDbSymbolTableRecord
100
AcDbTextStyleTableRecord
  2
SLDTEXTSTYLE0
 70
     0
 40
0.0
 41
0.75
 50
0.0
 71
     0
 42
3.175
  3
TXT
  4

  0
STYLE
  5
D5
330
3
100
AcDbSymbolTableRecord
100
AcDbTextStyleTableRecord
  2
SLDTEXTSTYLE1
 70
     0
 40
0.0
 41
0.6875
 50
0.0
 71
     0
 42
3.175
  3
TXT
  4

  0
STYLE
  5
DB
330
3
100
AcDbSymbolTableRecord
100
AcDbTextStyleTableRecord
  2
SLDTEXTSTYLE2
 70
     0
 40
0.0
 41
0.6944444444
 50
0.0
 71
     0
 42
3.175
  3
TXT
  4

  0
STYLE
  5
18A
330
3
100
AcDbSymbolTableRecord
100
AcDbTextStyleTableRecord
  2
SLDTEXTSTYLE3
 70
     0
 40
0.0
 41
0.7
 50
0.0
 71
     0
 42
3.175
  3
TXT
  4

  0
ENDTAB
  0
TABLE
  2
VIEW
  5
6
330
0
100
AcDbSymbolTable
 70
     0
  0
ENDTAB
  0
TABLE
  2
UCS
  5
7
330
0
100
AcDbSymbolTable
 70
     0
  0
ENDTAB
  0
TABLE
  2
APPID
  5
9
330
0
100
AcDbSymbolTable
 70
     1
  0
APPID
  5
12
330
9
100
AcDbSymbolTableRecord
100
AcDbRegAppTableRecord
  2
ACAD
 70
     0
  0
ENDTAB
  0
TABLE
  2
DIMSTYLE
  5
A
330
0
100
AcDbSymbolTable
 70
     1
100
AcDbDimStyleTable
  0
DIMSTYLE
105
27
330
A
100
AcDbSymbolTableRecord
100
AcDbDimStyleTableRecord
  2
ISO-25
 70
     0
 41
2.5
 42
0.625
 43
3.75
 44
1.25
 73
     0
 74
     0
 77
     1
 78
     8
140
2.5
141
2.5
143
0.0393700787
147
0.625
171
     3
172
     1
178
     0
271
     2
272
     2
274
     3
278
    44
283
     0
284
     8
340
11
  0
ENDTAB
  0
TABLE
  2
BLOCK_RECORD
  5
1
330
0
100
AcDbSymbolTable
 70
     4
  0
BLOCK_RECORD
  5
1F
330
1
100
AcDbSymbolTableRecord
100
AcDbBlockTableRecord
  2
*Model_Space
340
22
  0
BLOCK_RECORD
  5
1B
330
1
100
AcDbSymbolTableRecord
100
AcDbBlockTableRecord
  2
*Paper_Space
340
1E
  0
BLOCK_RECORD
  5
23
330
1
100
AcDbSymbolTableRecord
100
AcDbBlockTableRecord
  2
*Paper_Space0
340
26
  0
BLOCK_RECORD
  5
EA
330
1
100
AcDbSymbolTableRecord
100
AcDbBlockTableRecord
  2
SW_NOTE_0
340
0
102
{BLKREFS
331
EF
102
}
  0
BLOCK_RECORD
  5
F0
330
1
100
AcDbSymbolTableRecord
100
AcDbBlockTableRecord
  2
SW_NOTE_0_1
340
0
102
{BLKREFS
331
FF
102
}
  0
BLOCK_RECORD
  5
104
330
1
100
AcDbSymbolTableRecord
100
AcDbBlockTableRecord
  2
SW_NOTE_0_2
340
0
102
{BLKREFS
331
10E
102
}
  0
ENDTAB
  0
ENDSEC
  0
SECTION
  2
BLOCKS
  0
BLOCK
  5
20
330
1F
100
AcDbEntity
  8
0
100
AcDbBlockBegin
  2
*Model_Space
 70
     0
 10
0.0
 20
0.0
 30
0.0
  3
*Model_Space
  1

  0
ENDBLK
  5
21
330
1F
100
AcDbEntity
  8
0
100
AcDbBlockEnd
  0
BLOCK
  5
1C
330
1B
100
AcDbEntity
 67
     1
  8
0
100
AcDbBlockBegin
  2
*Paper_Space
 70
     0
 10
0.0
 20
0.0
 30
0.0
  3
*Paper_Space
  1

  0
ENDBLK
  5
1D
330
1B
100
AcDbEntity
 67
     1
  8
0
100
AcDbBlockEnd
  0
BLOCK
  5
24
330
23
100
AcDbEntity
  8
0
100
AcDbBlockBegin
  2
*Paper_Space0
 70
     0
 10
0.0
 20
0.0
 30
0.0
  3
*Paper_Space0
  1

  0
ENDBLK
  5
25
330
23
100
AcDbEntity
  8
0
100
AcDbBlockEnd
  0
BLOCK
  5
EB
330
EA
100
AcDbEntity
  8
0
100
AcDbBlockBegin
  2
SW_NOTE_0
 70
     0
 10
0.0
 20
0.0
 30
0.0
  3
SW_NOTE_0
  1

  0
MTEXT
  5
ED
330
EA
100
AcDbEntity
  8
0
  6
Continuous
 62
     0
370
     0
100
AcDbMText
 10
0.0
 20
1.9645392354
 30
0.0
 40
1.524
 41
0.0
 71
     1
 72
     1
  1
INTERPRET GEOMETRIC
  7
SLDTEXTSTYLE0
 73
     1
 44
1.0
  0
MTEXT
  5
EE
330
EA
100
AcDbEntity
  8
0
  6
Continuous
 62
     0
370
     0
100
AcDbMText
 10
0.0
 20
-0.5594606586
 30
0.0
 40
1.524
 41
0.0
 71
     1
 72
     1
  1
TOLERANCING PER:
  7
SLDTEXTSTYLE0
 73
     1
 44
1.0
  0
ENDBLK
  5
EC
330
EA
100
AcDbEntity
  8
0
100
AcDbBlockEnd
  0
BLOCK
  5
F1
330
F0
100
AcDbEntity
  8
0
100
AcDbBlockBegin
  2
SW_NOTE_0_1
 70
     0
 10
0.0
 20
0.0
 30
0.0
  3
SW_NOTE_0_1
  1

  0
MTEXT
  5
F3
330
F0
100
AcDbEntity
  8
0
  6
Continuous
 62
     0
370
     0
100
AcDbMText
 10
0.0
 20
2.1282508384
 30
0.0
 40
1.651
 41
0.0
 71
     1
 72
     1
  1
DIMENSIONS ARE IN INCHES
  7
SLDTEXTSTYLE0
 73
     1
 44
1.0
  0
MTEXT
  5
F4
330
F0
100
AcDbEntity
  8
0
  6
Continuous
 62
     0
370
     0
100
AcDbMText
 10
0.0
 20
-0.5227490914
 30
0.0
 40
1.651
 41
0.0
 71
     1
 72
     1
  1
TOLERANCES:
  7
SLDTEXTSTYLE0
 73
     1
 44
1.0
  0
MTEXT
  5
F5
330
F0
100
AcDbEntity
  8
0
  6
Continuous
 62
     0
370
     0
100
AcDbMText
 10
0.0
 20
-3.1737490211
 30
0.0
 40
1.651
 41
0.0
 71
     1
 72
     1
  1
FRACTIONAL
  7
SLDTEXTSTYLE0
 73
     1
 44
1.0
  0
MTEXT
  5
F6
330
F0
100
AcDbEntity
  8
0
  6
Continuous
 62
     0
370
     0
100
AcDbMText
 10
13.1466602907
 20
-3.1737490211
 30
0.0
 40
1.651
 41
0.0
 71
     1
 72
     1
  1
%%p
  7
SLDTEXTSTYLE0
 73
     1
 44
1.0
  0
MTEXT
  5
F7
330
F0
100
AcDbEntity
  8
0
  6
Continuous
 62
     0
370
     0
100
AcDbMText
 10
0.0
 20
-5.8247489509
 30
0.0
 40
1.651
 41
0.0
 71
     1
 72
     1
  1
ANGULAR: MACH
  7
SLDTEXTSTYLE0
 73
     1
 44
1.0
  0
MTEXT
  5
F8
330
F0
100
AcDbEntity
  8
0
  6
Continuous
 62
     0
370
     0
100
AcDbMText
 10
18.3736812323
 20
-5.8247489509
 30
0.0
 40
1.651
 41
0.0
 71
     1
 72
     1
  1
%%p
  7
SLDTEXTSTYLE0
 73
     1
 44
1.0
  0
MTEXT
  5
F9
330
F0
100
AcDbEntity
  8
0
  6
Continuous
 62
     0
370
     0
100
AcDbMText
 10
23.0418835151
 20
-5.8247489509
 30
0.0
 40
1.651
 41
0.0
 71
     1
 72
     1
  1
BEND
  7
SLDTEXTSTYLE0
 73
     1
 44
1.0
  0
MTEXT
  5
FA
330
F0
100
AcDbEntity
  8
0
  6
Continuous
 62
     0
370
     0
100
AcDbMText
 10
29.1551686823
 20
-5.8247489509
 30
0.0
 40
1.651
 41
0.0
 71
     1
 72
     1
  1
%%p
  7
SLDTEXTSTYLE0
 73
     1
 44
1.0
  0
MTEXT
  5
FB
330
F0
100
AcDbEntity
  8
0
  6
Continuous
 62
     0
370
     0
100
AcDbMText
 10
0.0
 20
-8.4757488807
 30
0.0
 40
1.651
 41
0.0
 71
     1
 72
     1
  1
TWO PLACE DECIMAL
  7
SLDTEXTSTYLE0
 73
     1
 44
1.0
  0
MTEXT
  5
FC
330
F0
100
AcDbEntity
  8
0
  6
Continuous
 62
     0
370
     0
100
AcDbMText
 10
24.877646938
 20
-8.4757488807
 30
0.0
 40
1.651
 41
0.0
 71
     1
 72
     1
  1
%%p
  7
SLDTEXTSTYLE0
 73
     1
 44
1.0
  0
MTEXT
  5
FD
330
F0
100
AcDbEntity
  8
0
  6
Continuous
 62
     0
370
     0
100
AcDbMText
 10
0.0
 20
-11.1267488104
 30
0.0
 40
1.651
 41
0.0
 71
     1
 72
     1
  1
THREE PLACE DECIMAL
  7
SLDTEXTSTYLE0
 73
     1
 44
1.0
  0
MTEXT
  5
FE
330
F0
100
AcDbEntity
  8
0
  6
Continuous
 62
     0
370
     0
100
AcDbMText
 10
24.7346162796
 20
-11.1267488104
 30
0.0
 40
1.651
 41
0.0
 71
     1
 72
     1
  1
%%p
  7
SLDTEXTSTYLE0
 73
     1
 44
1.0
  0
ENDBLK
  5
F2
330
F0
100
AcDbEntity
  8
0
100
AcDbBlockEnd
  0
BLOCK
  5
105
330
104
100
AcDbEntity
  8
0
100
AcDbBlockBegin
  2
SW_NOTE_0_2
 70
     0
 10
0.0
 20
0.0
 30
0.0
  3
SW_NOTE_0_2
  1

  0
MTEXT
  5
107
330
104
100
AcDbEntity
  8
0
  6
Continuous
 62
     0
370
     0
100
AcDbMText
 10
0.0
 20
1.9645392354
 30
0.0
 40
1.524
 41
0.0
 71
     1
 72
     1
  1
THE INFORMATION CONTAINED IN THIS
  7
SLDTEXTSTYLE0
 73
     1
 44
1.0
  0
MTEXT
  5
108
330
104
100
AcDbEntity
  8
0
  6
Continuous
 62
     0
370
     0
100
AcDbMText
 10
0.0
 20
-0.5594606586
 30
0.0
 40
1.524
 41
0.0
 71
     1
 72
     1
  1
DRAWING IS THE SOLE PROPERTY OF
  7
SLDTEXTSTYLE0
 73
     1
 44
1.0
  0
MTEXT
  5
109
330
104
100
AcDbEntity
  8
0
  6
Continuous
 62
     0
370
     0
100
AcDbMText
 10
0.0
 20
-3.0834605527
 30
0.0
 40
1.524
 41
0.0
 71
     1
 72
     1
  1
<INSERT COMPANY NAME HERE>.  ANY
  7
SLDTEXTSTYLE0
 73
     1
 44
1.0
  0
MTEXT
  5
10A
330
104
100
AcDbEntity
  8
0
  6
Continuous
 62
     0
370
     0
100
AcDbMText
 10
0.0
 20
-5.6074604467
 30
0.0
 40
1.524
 41
0.0
 71
     1
 72
     1
  1
REPRODUCTION IN PART OR AS A WHOLE
  7
SLDTEXTSTYLE0
 73
     1
 44
1.0
  0
MTEXT
  5
10B
330
104
100
AcDbEntity
  8
0
  6
Continuous
 62
     0
370
     0
100
AcDbMText
 10
0.0
 20
-8.1314603407
 30
0.0
 40
1.524
 41
0.0
 71
     1
 72
     1
  1
WITHOUT THE WRITTEN PERMISSION OF
  7
SLDTEXTSTYLE0
 73
     1
 44
1.0
  0
MTEXT
  5
10C
330
104
100
AcDbEntity
  8
0
  6
Continuous
 62
     0
370
     0
100
AcDbMText
 10
0.0
 20
-10.6554602348
 30
0.0
 40
1.524
 41
0.0
 71
     1
 72
     1
  1
<INSERT COMPANY NAME HERE> IS
  7
SLDTEXTSTYLE0
 73
     1
 44
1.0
  0
MTEXT
  5
10D
330
104
100
AcDbEntity
  8
0
  6
Continuous
 62
     0
370
     0
100
AcDbMText
 10
0.0
 20
-13.1794601288
 30
0.0
 40
1.524
 41
0.0
 71
     1
 72
     1
  1
PROHIBITED.
  7
SLDTEXTSTYLE0
 73
     1
 44
1.0
  0
ENDBLK
  5
106
330
104
100
AcDbEntity
  8
0
100
AcDbBlockEnd
  0
ENDSEC
  0
SECTION
  2
ENTITIES
  0
LINE
  5
64
330
1F
100
AcDbEntity
  8
0
  6
Continuous
 62
     7
370
    18
100
AcDbLine
 10
956.7737310706
 20
12.7
 30
0.0
 11
956.7737310706
 21
62.5944383331
 31
0.0
  0
LINE
  5
65
330
1F
100
AcDbEntity
  8
0
  6
Continuous
 62
     7
370
    18
100
AcDbLine
 10
906.5541319701
 20
62.5944383331
 30
0.0
 11
1104.9
 21
62.5944383331
 31
0.0
  0
LINE
  5
66
330
1F
100
AcDbEntity
  8
0
  6
Continuous
 62
     7
370
    18
100
AcDbLine
 10
991.7481386263
 20
62.5944383331
 30
0.0
 11
991.7481386263
 21
12.7
 31
0.0
  0
LINE
  5
67
330
1F
100
AcDbEntity
  8
0
  6
Continuous
 62
     7
370
    18
100
AcDbLine
 10
1034.828512112
 20
62.5944383331
 30
0.0
 11
1034.828512112
 21
12.7
 31
0.0
  0
LINE
  5
68
330
1F
100
AcDbEntity
  8
0
  6
Continuous
 62
     7
370
    18
100
AcDbLine
 10
1034.828512112
 20
18.1073003199
 30
0.0
 11
1104.9
 21
18.1073003199
 31
0.0
  0
LINE
  5
69
330
1F
100
AcDbEntity
  8
0
  6
Continuous
 62
     7
370
    18
100
AcDbLine
 10
1034.828512112
 20
30.9845221033
 30
0.0
 11
1104.9
 21
30.9845221033
 31
0.0
  0
LINE
  5
6A
330
1F
100
AcDbEntity
  8
0
  6
Continuous
 62
     7
370
    18
100
AcDbLine
 10
1034.828512112
 20
53.268808883
 30
0.0
 11
1104.9
 21
53.268808883
 31
0.0
  0
LINE
  5
6B
330
1F
100
AcDbEntity
  8
0
  6
Continuous
 62
     7
370
    18
100
AcDbLine
 10
1044.8753486998
 20
30.9845221033
 30
0.0
 11
1044.8753486998
 21
18.1073003199
 31
0.0
  0
LINE
  5
6C
330
1F
100
AcDbEntity
  8
0
  6
Continuous
 62
     7
370
    18
100
AcDbLine
 10
1055.7361795467
 20
18.1073003199
 30
0.0
 11
1055.7361795467
 21
12.7
 31
0.0
  0
LINE
  5
6D
330
1F
100
AcDbEntity
  8
0
  6
Continuous
 62
     7
370
    18
100
AcDbLine
 10
1090.3728434947
 20
30.9845221033
 30
0.0
 11
1090.3728434947
 21
18.1073003199
 31
0.0
  0
LINE
  5
6E
330
1F
100
AcDbEntity
  8
0
  6
Continuous
 62
     7
370
    18
100
AcDbLine
 10
1080.4227480427
 20
18.1073003199
 30
0.0
 11
1080.4227480427
 21
12.7
 31
0.0
  0
LINE
  5
6F
330
1F
100
AcDbEntity
  8
0
  6
Continuous
 62
     7
370
    18
100
AcDbLine
 10
906.5541319701
 20
17.68538066
 30
0.0
 11
991.7481386263
 21
17.68538066
 31
0.0
  0
LINE
  5
70
330
1F
100
AcDbEntity
  8
0
  6
Continuous
 62
     7
370
    18
100
AcDbLine
 10
991.7481386263
 20
48.3069383331
 30
0.0
 11
1034.828512112
 21
48.3069383331
 31
0.0
  0
LINE
  5
71
330
1F
100
AcDbEntity
  8
0
  6
Continuous
 62
     7
370
    18
100
AcDbLine
 10
991.7481386263
 20
53.0694383331
 30
0.0
 11
1034.828512112
 21
53.0694383331
 31
0.0
  0
LINE
  5
72
330
1F
100
AcDbEntity
  8
0
  6
Continuous
 62
     7
370
    18
100
AcDbLine
 10
991.7481386263
 20
57.8319383331
 30
0.0
 11
1034.828512112
 21
57.8319383331
 31
0.0
  0
LINE
  5
73
330
1F
100
AcDbEntity
  8
0
  6
Continuous
 62
     7
370
    18
100
AcDbLine
 10
1034.828512112
 20
34.0194383331
 30
0.0
 11
991.8625895844
 21
34.0194383331
 31
0.0
  0
LINE
  5
74
330
1F
100
AcDbEntity
  8
0
  6
Continuous
 62
     7
370
    18
100
AcDbLine
 10
1022.6606683857
 20
62.5944383331
 30
0.0
 11
1022.6606683857
 21
34.0194383331
 31
0.0
  0
LINE
  5
75
330
1F
100
AcDbEntity
  8
0
  6
Continuous
 62
     7
370
    18
100
AcDbLine
 10
1010.7600773885
 20
62.5944383331
 30
0.0
 11
1010.7600773885
 21
34.0194383331
 31
0.0
  0
LINE
  5
76
330
1F
100
AcDbEntity
  8
0
  6
Continuous
 62
     7
370
    18
100
AcDbLine
 10
956.7737310706
 20
24.4785733387
 30
0.0
 11
991.7481386263
 21
24.4785733387
 31
0.0
  0
LINE
  5
77
330
1F
100
AcDbEntity
  8
0
  6
Continuous
 62
     7
370
    18
100
AcDbLine
 10
956.7737310706
 20
31.3365733387
 30
0.0
 11
991.8625895844
 21
31.3365733387
 31
0.0
  0
LINE
  5
78
330
1F
100
AcDbEntity
  8
0
  6
Continuous
 62
     7
370
    18
100
AcDbLine
 10
906.5541319701
 20
12.7
 30
0.0
 11
906.5541319701
 21
62.5944383331
 31
0.0
  0
LINE
  5
79
330
1F
100
AcDbEntity
  8
0
  6
Continuous
 62
     7
370
    18
100
AcDbLine
 10
906.5541319701
 20
30.8444383331
 30
0.0
 11
956.7737310706
 21
30.8444383331
 31
0.0
  0
LINE
  5
7A
330
1F
100
AcDbEntity
  8
0
  6
Continuous
 62
     7
370
    18
100
AcDbLine
 10
906.5541319701
 20
37.1944383331
 30
0.0
 11
956.7737310706
 21
37.1944383331
 31
0.0
  0
LINE
  5
7B
330
1F
100
AcDbEntity
  8
0
  6
Continuous
 62
     7
370
    18
100
AcDbLine
 10
906.5541319701
 20
43.5444383331
 30
0.0
 11
956.7737310706
 21
43.5444383331
 31
0.0
  0
LINE
  5
7C
330
1F
100
AcDbEntity
  8
0
  6
Continuous
 62
     7
370
    18
100
AcDbLine
 10
906.5541319701
 20
49.8944383331
 30
0.0
 11
956.7737310706
 21
49.8944383331
 31
0.0
  0
LINE
  5
7D
330
1F
100
AcDbEntity
  8
0
  6
Continuous
 62
     7
370
    18
100
AcDbLine
 10
931.9028272634
 20
62.5944383331
 30
0.0
 11
931.9028272634
 21
17.68538066
 31
0.0
  0
LINE
  5
7E
330
1F
100
AcDbEntity
  8
0
  6
Continuous
 62
     7
370
    18
100
AcDbLine
 10
991.7481386263
 20
58.6742077444
 30
0.0
 11
956.7737310706
 21
58.6742077444
 31
0.0
  0
LINE
  5
7F
330
1F
100
AcDbEntity
  8
0
  6
Continuous
 62
     7
370
    18
100
AcDbLine
 10
1034.828512112
 20
43.5444383331
 30
0.0
 11
991.7481386263
 21
43.5444383331
 31
0.0
  0
LINE
  5
80
330
1F
100
AcDbEntity
  8
0
  6
Continuous
 62
     7
370
    18
100
AcDbLine
 10
1034.828512112
 20
38.7819383331
 30
0.0
 11
991.7481386263
 21
38.7819383331
 31
0.0
  0
LINE
  5
81
330
1F
100
AcDbEntity
  8
0
  6
Continuous
 62
     7
370
    18
100
AcDbLine
 10
906.5541319701
 20
56.2444383331
 30
0.0
 11
956.7737310706
 21
56.2444383331
 31
0.0
  0
LINE
  5
82
330
1F
100
AcDbEntity
  8
0
  6
Continuous
 62
     7
370
    18
100
AcDbLine
 10
956.7737310706
 20
38.1945733387
 30
0.0
 11
991.8625895844
 21
38.1945733387
 31
0.0
  0
LINE
  5
83
330
1F
100
AcDbEntity
  8
0
  6
Continuous
 62
     7
370
    18
100
AcDbLine
 10
906.5541319701
 20
24.4944383331
 30
0.0
 11
956.7737310706
 21
24.4944383331
 31
0.0
  0
LINE
  5
84
330
1F
100
AcDbEntity
  8
0
  6
Continuous
 62
     7
370
    18
100
AcDbLine
 10
864.9690166746
 20
12.7
 30
0.0
 11
864.9690166746
 21
35.9244383331
 31
0.0
  0
LINE
  5
85
330
1F
100
AcDbEntity
  8
0
  6
Continuous
 62
     7
370
    18
100
AcDbLine
 10
906.5541319701
 20
35.9244383331
 30
0.0
 11
864.9690166746
 21
35.9244383331
 31
0.0
  0
LINE
  5
86
330
1F
100
AcDbEntity
  8
0
  6
Continuous
 62
     7
370
    50
100
AcDbLine
 10
12.7
 20
12.7
 30
0.0
 11
12.7
 21
850.9
 31
0.0
  0
LINE
  5
87
330
1F
100
AcDbEntity
  8
0
  6
Continuous
 62
     7
370
    50
100
AcDbLine
 10
12.7
 20
850.9
 30
0.0
 11
1104.9
 21
850.9
 31
0.0
  0
LINE
  5
88
330
1F
100
AcDbEntity
  8
0
  6
Continuous
 62
     7
370
    50
100
AcDbLine
 10
1104.9
 20
850.9
 30
0.0
 11
1104.9
 21
12.7
 31
0.0
  0
LINE
  5
89
330
1F
100
AcDbEntity
  8
0
  6
Continuous
 62
     7
370
    50
100
AcDbLine
 10
1104.9
 20
12.7
 30
0.0
 11
12.7
 21
12.7
 31
0.0
  0
LINE
  5
8A
330
1F
100
AcDbEntity
  8
0
  6
Continuous
 62
     7
370
    25
100
AcDbLine
 10
3.175
 20
431.8
 30
0.0
 11
12.7
 21
431.8
 31
0.0
  0
LINE
  5
8B
330
1F
100
AcDbEntity
  8
0
  6
Continuous
 62
     7
370
    25
100
AcDbLine
 10
558.8
 20
860.425
 30
0.0
 11
558.8
 21
850.9
 31
0.0
  0
LINE
  5
8C
330
1F
100
AcDbEntity
  8
0
  6
Continuous
 62
     7
370
    25
100
AcDbLine
 10
1114.425
 20
431.8
 30
0.0
 11
1104.9
 21
431.8
 31
0.0
  0
LINE
  5
8D
330
1F
100
AcDbEntity
  8
0
  6
Continuous
 62
     7
370
    25
100
AcDbLine
 10
558.8
 20
3.175
 30
0.0
 11
558.8
 21
12.7
 31
0.0
  0
LINE
  5
8E
330
1F
100
AcDbEntity
  8
0
  6
Continuous
 62
     7
370
    25
100
AcDbLine
 10
12.7
 20
107.95
 30
0.0
 11
3.175
 21
107.95
 31
0.0
  0
LINE
  5
8F
330
1F
100
AcDbEntity
  8
0
  6
Continuous
 62
     7
370
    25
100
AcDbLine
 10
1104.9
 20
107.95
 30
0.0
 11
1114.425
 21
107.95
 31
0.0
  0
LINE
  5
90
330
1F
100
AcDbEntity
  8
0
  6
Continuous
 62
     7
370
    25
100
AcDbLine
 10
12.7
 20
215.9
 30
0.0
 11
3.175
 21
215.9
 31
0.0
  0
LINE
  5
91
330
1F
100
AcDbEntity
  8
0
  6
Continuous
 62
     7
370
    25
100
AcDbLine
 10
1104.9
 20
215.9
 30
0.0
 11
1114.425
 21
215.9
 31
0.0
  0
LINE
  5
92
330
1F
100
AcDbEntity
  8
0
  6
Continuous
 62
     7
370
    25
100
AcDbLine
 10
12.7
 20
323.85
 30
0.0
 11
3.175
 21
323.85
 31
0.0
  0
LINE
  5
93
330
1F
100
AcDbEntity
  8
0
  6
Continuous
 62
     7
370
    25
100
AcDbLine
 10
1104.9
 20
323.85
 30
0.0
 11
1114.425
 21
323.85
 31
0.0
  0
LINE
  5
94
330
1F
100
AcDbEntity
  8
0
  6
Continuous
 62
     7
370
    25
100
AcDbLine
 10
12.7
 20
431.8
 30
0.0
 11
3.175
 21
431.8
 31
0.0
  0
LINE
  5
95
330
1F
100
AcDbEntity
  8
0
  6
Continuous
 62
     7
370
    25
100
AcDbLine
 10
1104.9
 20
431.8
 30
0.0
 11
1114.425
 21
431.8
 31
0.0
  0
LINE
  5
96
330
1F
100
AcDbEntity
  8
0
  6
Continuous
 62
     7
370
    25
100
AcDbLine
 10
12.7
 20
539.75
 30
0.0
 11
3.175
 21
539.75
 31
0.0
  0
LINE
  5
97
330
1F
100
AcDbEntity
  8
0
  6
Continuous
 62
     7
370
    25
100
AcDbLine
 10
1104.9
 20
539.75
 30
0.0
 11
1114.425
 21
539.75
 31
0.0
  0
LINE
  5
98
330
1F
100
AcDbEntity
  8
0
  6
Continuous
 62
     7
370
    25
100
AcDbLine
 10
12.7
 20
647.7
 30
0.0
 11
3.175
 21
647.7
 31
0.0
  0
LINE
  5
99
330
1F
100
AcDbEntity
  8
0
  6
Continuous
 62
     7
370
    25
100
AcDbLine
 10
1104.9
 20
647.7
 30
0.0
 11
1114.425
 21
647.7
 31
0.0
  0
LINE
  5
9A
330
1F
100
AcDbEntity
  8
0
  6
Continuous
 62
     7
370
    25
100
AcDbLine
 10
12.7
 20
755.65
 30
0.0
 11
3.175
 21
755.65
 31
0.0
  0
LINE
  5
9B
330
1F
100
AcDbEntity
  8
0
  6
Continuous
 62
     7
370
    25
100
AcDbLine
 10
1104.9
 20
755.65
 30
0.0
 11
1114.425
 21
755.65
 31
0.0
  0
LINE
  5
9C
330
1F
100
AcDbEntity
  8
0
  6
Continuous
 62
     7
370
    25
100
AcDbLine
 10
139.7
 20
850.9
 30
0.0
 11
139.7
 21
860.425
 31
0.0
  0
LINE
  5
9D
330
1F
100
AcDbEntity
  8
0
  6
Continuous
 62
     7
370
    25
100
AcDbLine
 10
139.7
 20
12.7
 30
0.0
 11
139.7
 21
3.175
 31
0.0
  0
LINE
  5
9E
330
1F
100
AcDbEntity
  8
0
  6
Continuous
 62
     7
370
    25
100
AcDbLine
 10
279.4
 20
850.9
 30
0.0
 11
279.4
 21
860.425
 31
0.0
  0
LINE
  5
9F
330
1F
100
AcDbEntity
  8
0
  6
Continuous
 62
     7
370
    25
100
AcDbLine
 10
279.4
 20
12.7
 30
0.0
 11
279.4
 21
3.175
 31
0.0
  0
LINE
  5
A0
330
1F
100
AcDbEntity
  8
0
  6
Continuous
 62
     7
370
    25
100
AcDbLine
 10
419.1
 20
850.9
 30
0.0
 11
419.1
 21
860.425
 31
0.0
  0
LINE
  5
A1
330
1F
100
AcDbEntity
  8
0
  6
Continuous
 62
     7
370
    25
100
AcDbLine
 10
419.1
 20
12.7
 30
0.0
 11
419.1
 21
3.175
 31
0.0
  0
LINE
  5
A2
330
1F
100
AcDbEntity
  8
0
  6
Continuous
 62
     7
370
    25
100
AcDbLine
 10
558.8
 20
850.9
 30
0.0
 11
558.8
 21
860.425
 31
0.0
  0
LINE
  5
A3
330
1F
100
AcDbEntity
  8
0
  6
Continuous
 62
     7
370
    25
100
AcDbLine
 10
558.8
 20
12.7
 30
0.0
 11
558.8
 21
3.175
 31
0.0
  0
LINE
  5
A4
330
1F
100
AcDbEntity
  8
0
  6
Continuous
 62
     7
370
    25
100
AcDbLine
 10
698.5
 20
850.9
 30
0.0
 11
698.5
 21
860.425
 31
0.0
  0
LINE
  5
A5
330
1F
100
AcDbEntity
  8
0
  6
Continuous
 62
     7
370
    25
100
AcDbLine
 10
698.5
 20
12.7
 30
0.0
 11
698.5
 21
3.175
 31
0.0
  0
LINE
  5
A6
330
1F
100
AcDbEntity
  8
0
  6
Continuous
 62
     7
370
    25
100
AcDbLine
 10
838.2
 20
850.9
 30
0.0
 11
838.2
 21
860.425
 31
0.0
  0
LINE
  5
A7
330
1F
100
AcDbEntity
  8
0
  6
Continuous
 62
     7
370
    25
100
AcDbLine
 10
838.2
 20
12.7
 30
0.0
 11
838.2
 21
3.175
 31
0.0
  0
LINE
  5
A8
330
1F
100
AcDbEntity
  8
0
  6
Continuous
 62
     7
370
    25
100
AcDbLine
 10
977.9
 20
850.9
 30
0.0
 11
977.9
 21
860.425
 31
0.0
  0
LINE
  5
A9
330
1F
100
AcDbEntity
  8
0
  6
Continuous
 62
     7
370
    25
100
AcDbLine
 10
977.9
 20
12.7
 30
0.0
 11
977.9
 21
3.175
 31
0.0
  0
MTEXT
  5
AB
330
1F
100
AcDbEntity
  8
0
  6
Continuous
 62
     7
370
     0
100
AcDbMText
 10
2216.1309499115
 20
718.2913249976
 30
0.0
 40
6.096
 41
0.0
 71
     2
 72
     1
  1
G
  7
SLDTEXTSTYLE0
 73
     1
 44
1.0
  0
MTEXT
  5
AC
330
1F
100
AcDbEntity
  8
0
  6
Continuous
 62
     7
370
     0
100
AcDbMText
 10
2216.0801500347
 20
394.4413249976
 30
0.0
 40
6.096
 41
0.0
 71
     2
 72
     1
  1
D
  7
SLDTEXTSTYLE0
 73
     1
 44
1.0
  0
MTEXT
  5
AD
330
1F
100
AcDbEntity
  8
0
  6
Continuous
 62
     7
370
     0
100
AcDbMText
 10
2216.1351832197
 20
826.2413249976
 30
0.0
 40
6.096
 41
0.0
 71
     2
 72
     1
  1
H
  7
SLDTEXTSTYLE0
 73
     1
 44
1.0
  0
MTEXT
  5
AE
330
1F
100
AcDbEntity
  8
0
  6
Continuous
 62
     7
370
     0
100
AcDbMText
 10
2215.9065833417
 20
70.5913249976
 30
0.0
 40
6.096
 41
0.0
 71
     2
 72
     1
  1
A
  7
SLDTEXTSTYLE0
 73
     1
 44
1.0
  0
MTEXT
  5
AF
330
1F
100
AcDbEntity
  8
0
  6
Continuous
 62
     7
370
     0
100
AcDbMText
 10
2216.1034332283
 20
178.5413249976
 30
0.0
 40
6.096
 41
0.0
 71
     2
 72
     1
  1
B
  7
SLDTEXTSTYLE0
 73
     1
 44
1.0
  0
MTEXT
  5
B0
330
1F
100
AcDbEntity
  8
0
  6
Continuous
 62
     7
370
     0
100
AcDbMText
 10
2216.0865000284
 20
610.3413249976
 30
0.0
 40
6.096
 41
0.0
 71
     2
 72
     1
  1
F
  7
SLDTEXTSTYLE0
 73
     1
 44
1.0
  0
MTEXT
  5
B1
330
1F
100
AcDbEntity
  8
0
  6
Continuous
 62
     7
370
     0
100
AcDbMText
 10
2216.0865000027
 20
286.4913249976
 30
0.0
 40
6.096
 41
0.0
 71
     2
 72
     1
  1
C
  7
SLDTEXTSTYLE0
 73
     1
 44
1.0
  0
MTEXT
  5
B2
330
1F
100
AcDbEntity
  8
0
  6
Continuous
 62
     7
370
     0
100
AcDbMText
 10
2216.1605832246
 20
502.3913249976
 30
0.0
 40
6.096
 41
0.0
 71
     2
 72
     1
  1
E
  7
SLDTEXTSTYLE0
 73
     1
 44
1.0
  0
MTEXT
  5
B3
330
1F
100
AcDbEntity
  8
0
  6
Continuous
 62
     7
370
     0
100
AcDbMText
 10
6.1065833417
 20
53.9506904019
 30
0.0
 40
6.096
 41
0.0
 71
     2
 72
     1
  1
A
  7
SLDTEXTSTYLE0
 73
     1
 44
1.0
  0
MTEXT
  5
B4
330
1F
100
AcDbEntity
  8
0
  6
Continuous
 62
     7
370
     0
100
AcDbMText
 10
1111.0065833417
 20
53.9506904019
 30
0.0
 40
6.096
 41
0.0
 71
     2
 72
     1
  1
A
  7
SLDTEXTSTYLE0
 73
     1
 44
1.0
  0
MTEXT
  5
B5
330
1F
100
AcDbEntity
  8
0
  6
Continuous
 62
     7
370
     0
100
AcDbMText
 10
6.3034332283
 20
161.9006904019
 30
0.0
 40
6.096
 41
0.0
 71
     2
 72
     1
  1
B
  7
SLDTEXTSTYLE0
 73
     1
 44
1.0
  0
MTEXT
  5
B6
330
1F
100
AcDbEntity
  8
0
  6
Continuous
 62
     7
370
     0
100
AcDbMText
 10
1111.2034332283
 20
161.9006904019
 30
0.0
 40
6.096
 41
0.0
 71
     2
 72
     1
  1
B
  7
SLDTEXTSTYLE0
 73
     1
 44
1.0
  0
MTEXT
  5
B7
330
1F
100
AcDbEntity
  8
0
  6
Continuous
 62
     7
370
     0
100
AcDbMText
 10
6.2865000027
 20
269.8506904019
 30
0.0
 40
6.096
 41
0.0
 71
     2
 72
     1
  1
C
  7
SLDTEXTSTYLE0
 73
     1
 44
1.0
  0
MTEXT
  5
B8
330
1F
100
AcDbEntity
  8
0
  6
Continuous
 62
     7
370
     0
100
AcDbMText
 10
1111.1865000027
 20
269.8506904019
 30
0.0
 40
6.096
 41
0.0
 71
     2
 72
     1
  1
C
  7
SLDTEXTSTYLE0
 73
     1
 44
1.0
  0
MTEXT
  5
B9
330
1F
100
AcDbEntity
  8
0
  6
Continuous
 62
     7
370
     0
100
AcDbMText
 10
6.2801500347
 20
377.8006904019
 30
0.0
 40
6.096
 41
0.0
 71
     2
 72
     1
  1
D
  7
SLDTEXTSTYLE0
 73
     1
 44
1.0
  0
MTEXT
  5
BA
330
1F
100
AcDbEntity
  8
0
  6
Continuous
 62
     7
370
     0
100
AcDbMText
 10
1111.1801500347
 20
377.8006904019
 30
0.0
 40
6.096
 41
0.0
 71
     2
 72
     1
  1
D
  7
SLDTEXTSTYLE0
 73
     1
 44
1.0
  0
MTEXT
  5
BB
330
1F
100
AcDbEntity
  8
0
  6
Continuous
 62
     7
370
     0
100
AcDbMText
 10
6.3605832246
 20
485.7506904019
 30
0.0
 40
6.096
 41
0.0
 71
     2
 72
     1
  1
E
  7
SLDTEXTSTYLE0
 73
     1
 44
1.0
  0
MTEXT
  5
BC
330
1F
100
AcDbEntity
  8
0
  6
Continuous
 62
     7
370
     0
100
AcDbMText
 10
1111.2605832246
 20
485.7506904019
 30
0.0
 40
6.096
 41
0.0
 71
     2
 72
     1
  1
E
  7
SLDTEXTSTYLE0
 73
     1
 44
1.0
  0
MTEXT
  5
BD
330
1F
100
AcDbEntity
  8
0
  6
Continuous
 62
     7
370
     0
100
AcDbMText
 10
6.2865000284
 20
593.7006904019
 30
0.0
 40
6.096
 41
0.0
 71
     2
 72
     1
  1
F
  7
SLDTEXTSTYLE0
 73
     1
 44
1.0
  0
MTEXT
  5
BE
330
1F
100
AcDbEntity
  8
0
  6
Continuous
 62
     7
370
     0
100
AcDbMText
 10
1111.1865000284
 20
593.7006904019
 30
0.0
 40
6.096
 41
0.0
 71
     2
 72
     1
  1
F
  7
SLDTEXTSTYLE0
 73
     1
 44
1.0
  0
MTEXT
  5
BF
330
1F
100
AcDbEntity
  8
0
  6
Continuous
 62
     7
370
     0
100
AcDbMText
 10
6.3309499115
 20
701.6506904019
 30
0.0
 40
6.096
 41
0.0
 71
     2
 72
     1
  1
G
  7
SLDTEXTSTYLE0
 73
     1
 44
1.0
  0
MTEXT
  5
C0
330
1F
100
AcDbEntity
  8
0
  6
Continuous
 62
     7
370
     0
100
AcDbMText
 10
1111.2309499115
 20
701.6506904019
 30
0.0
 40
6.096
 41
0.0
 71
     2
 72
     1
  1
G
  7
SLDTEXTSTYLE0
 73
     1
 44
1.0
  0
MTEXT
  5
C1
330
1F
100
AcDbEntity
  8
0
  6
Continuous
 62
     7
370
     0
100
AcDbMText
 10
6.3351832197
 20
809.6006904019
 30
0.0
 40
6.096
 41
0.0
 71
     2
 72
     1
  1
H
  7
SLDTEXTSTYLE0
 73
     1
 44
1.0
  0
MTEXT
  5
C2
330
1F
100
AcDbEntity
  8
0
  6
Continuous
 62
     7
370
     0
100
AcDbMText
 10
1111.2351832197
 20
809.6006904019
 30
0.0
 40
6.096
 41
0.0
 71
     2
 72
     1
  1
H
  7
SLDTEXTSTYLE0
 73
     1
 44
1.0
  0
MTEXT
  5
C3
330
1F
100
AcDbEntity
  8
0
  6
Continuous
 62
     7
370
     0
100
AcDbMText
 10
69.7886166697
 20
9.4636904019
 30
0.0
 40
6.096
 41
0.0
 71
     2
 72
     1
  1
8
  7
SLDTEXTSTYLE0
 73
     1
 44
1.0
  0
MTEXT
  5
C4
330
1F
100
AcDbEntity
  8
0
  6
Continuous
 62
     7
370
     0
100
AcDbMText
 10
69.7886166697
 20
860.3636904019
 30
0.0
 40
6.096
 41
0.0
 71
     2
 72
     1
  1
8
  7
SLDTEXTSTYLE0
 73
     1
 44
1.0
  0
MTEXT
  5
C5
330
1F
100
AcDbEntity
  8
0
  6
Continuous
 62
     7
370
     0
100
AcDbMText
 10
209.4886166697
 20
9.4636904019
 30
0.0
 40
6.096
 41
0.0
 71
     2
 72
     1
  1
7
  7
SLDTEXTSTYLE0
 73
     1
 44
1.0
  0
MTEXT
  5
C6
330
1F
100
AcDbEntity
  8
0
  6
Continuous
 62
     7
370
     0
100
AcDbMText
 10
209.4886166697
 20
860.3636904019
 30
0.0
 40
6.096
 41
0.0
 71
     2
 72
     1
  1
7
  7
SLDTEXTSTYLE0
 73
     1
 44
1.0
  0
MTEXT
  5
C7
330
1F
100
AcDbEntity
  8
0
  6
Continuous
 62
     7
370
     0
100
AcDbMText
 10
349.1886166697
 20
9.4636904019
 30
0.0
 40
6.096
 41
0.0
 71
     2
 72
     1
  1
6
  7
SLDTEXTSTYLE0
 73
     1
 44
1.0
  0
MTEXT
  5
C8
330
1F
100
AcDbEntity
  8
0
  6
Continuous
 62
     7
370
     0
100
AcDbMText
 10
349.1886166697
 20
860.3636904019
 30
0.0
 40
6.096
 41
0.0
 71
     2
 72
     1
  1
6
  7
SLDTEXTSTYLE0
 73
     1
 44
1.0
  0
MTEXT
  5
C9
330
1F
100
AcDbEntity
  8
0
  6
Continuous
 62
     7
370
     0
100
AcDbMText
 10
488.8886166697
 20
9.4636904019
 30
0.0
 40
6.096
 41
0.0
 71
     2
 72
     1
  1
5
  7
SLDTEXTSTYLE0
 73
     1
 44
1.0
  0
MTEXT
  5
CA
330
1F
100
AcDbEntity
  8
0
  6
Continuous
 62
     7
370
     0
100
AcDbMText
 10
488.8886166697
 20
860.3636904019
 30
0.0
 40
6.096
 41
0.0
 71
     2
 72
     1
  1
5
  7
SLDTEXTSTYLE0
 73
     1
 44
1.0
  0
MTEXT
  5
CB
330
1F
100
AcDbEntity
  8
0
  6
Continuous
 62
     7
370
     0
100
AcDbMText
 10
628.5886166697
 20
9.4636904019
 30
0.0
 40
6.096
 41
0.0
 71
     2
 72
     1
  1
4
  7
SLDTEXTSTYLE0
 73
     1
 44
1.0
  0
MTEXT
  5
CC
330
1F
100
AcDbEntity
  8
0
  6
Continuous
 62
     7
370
     0
100
AcDbMText
 10
628.5886166697
 20
860.3636904019
 30
0.0
 40
6.096
 41
0.0
 71
     2
 72
     1
  1
4
  7
SLDTEXTSTYLE0
 73
     1
 44
1.0
  0
MTEXT
  5
CD
330
1F
100
AcDbEntity
  8
0
  6
Continuous
 62
     7
370
     0
100
AcDbMText
 10
768.2886166697
 20
9.4636904019
 30
0.0
 40
6.096
 41
0.0
 71
     2
 72
     1
  1
3
  7
SLDTEXTSTYLE0
 73
     1
 44
1.0
  0
MTEXT
  5
CE
330
1F
100
AcDbEntity
  8
0
  6
Continuous
 62
     7
370
     0
100
AcDbMText
 10
768.2886166697
 20
860.3636904019
 30
0.0
 40
6.096
 41
0.0
 71
     2
 72
     1
  1
3
  7
SLDTEXTSTYLE0
 73
     1
 44
1.0
  0
MTEXT
  5
CF
330
1F
100
AcDbEntity
  8
0
  6
Continuous
 62
     7
370
     0
100
AcDbMText
 10
907.9886166697
 20
9.4636904019
 30
0.0
 40
6.096
 41
0.0
 71
     2
 72
     1
  1
2
  7
SLDTEXTSTYLE0
 73
     1
 44
1.0
  0
MTEXT
  5
D0
330
1F
100
AcDbEntity
  8
0
  6
Continuous
 62
     7
370
     0
100
AcDbMText
 10
907.9886166697
 20
860.3636904019
 30
0.0
 40
6.096
 41
0.0
 71
     2
 72
     1
  1
2
  7
SLDTEXTSTYLE0
 73
     1
 44
1.0
  0
MTEXT
  5
D1
330
1F
100
AcDbEntity
  8
0
  6
Continuous
 62
     7
370
     0
100
AcDbMText
 10
1047.6886166697
 20
9.4636904019
 30
0.0
 40
6.096
 41
0.0
 71
     2
 72
     1
  1
1
  7
SLDTEXTSTYLE0
 73
     1
 44
1.0
  0
MTEXT
  5
D2
330
1F
100
AcDbEntity
  8
0
  6
Continuous
 62
     7
370
     0
100
AcDbMText
 10
1047.6886166697
 20
860.3636904019
 30
0.0
 40
6.096
 41
0.0
 71
     2
 72
     1
  1
1
  7
SLDTEXTSTYLE0
 73
     1
 44
1.0
  0
MTEXT
  5
D3
330
1F
100
AcDbEntity
  8
0
  6
Continuous
 62
     7
370
     0
100
AcDbMText
 10
974.253747668
 20
15.8946104384
 30
0.0
 40
1.5875
 41
0.0
 71
     2
 72
     1
  1
DO NOT SCALE DRAWING
  7
SLDTEXTSTYLE0
 73
     1
 44
1.0
  0
MTEXT
  5
D4
330
1F
100
AcDbEntity
  8
0
  6
Continuous
 62
     7
370
     0
100
AcDbMText
 10
1068.0480339246
 20
26.8729198671
 30
0.0
 40
6.35
 41
0.0
 71
     2
 72
     1
  1
Coils
  7
SLDTEXTSTYLE0
 73
     1
 44
1.0
  0
MTEXT
  5
D6
330
1F
100
AcDbEntity
  8
0
  6
Continuous
 62
     7
370
     0
100
AcDbMText
 10
1082.7309015475
 20
16.7729098749
 30
0.0
 40
2.54
 41
0.0
 71
     1
 72
     1
  1
SHEET 1 OF 1
  7
SLDTEXTSTYLE1
 73
     1
 44
1.0
  0
MTEXT
  5
D7
330
1F
100
AcDbEntity
  8
0
  6
Continuous
 62
     7
370
     0
100
AcDbMText
 10
957.9579719589
 20
61.4990449608
 30
0.0
 40
1.778
 41
0.0
 71
     1
 72
     1
  1
UNLESS OTHERWISE SPECIFIED:
  7
SLDTEXTSTYLE0
 73
     1
 44
1.0
  0
MTEXT
  5
D8
330
1F
100
AcDbEntity
  8
0
  6
Continuous
 62
     7
370
     0
100
AcDbMText
 10
1037.0486489046
 20
16.7646506765
 30
0.0
 40
2.54
 41
0.0
 71
     1
 72
     1
  1
SCALE: 1:1
  7
SLDTEXTSTYLE0
 73
     1
 44
1.0
  0
MTEXT
  5
D9
330
1F
100
AcDbEntity
  8
0
  6
Continuous
 62
     7
370
     0
100
AcDbMText
 10
1055.9400309829
 20
16.6777203587
 30
0.0
 40
2.54
 41
0.0
 71
     1
 72
     1
  1
WEIGHT:
  7
SLDTEXTSTYLE0
 73
     1
 44
1.0
  0
MTEXT
  5
DA
330
1F
100
AcDbEntity
  8
0
  6
Continuous
 62
     7
370
     0
100
AcDbMText
 10
1094.6849098979
 20
30.2232854568
 30
0.0
 40
2.54
 41
0.0
 71
     1
 72
     1
  1
REV
  7
SLDTEXTSTYLE0
 73
     1
 44
1.0
  0
MTEXT
  5
DC
330
1F
100
AcDbEntity
  8
0
  6
Continuous
 62
     7
370
     0
100
AcDbMText
 10
1045.6806642798
 20
30.3225037079
 30
0.0
 40
2.54
 41
0.0
 71
     1
 72
     1
  1
DWG.  NO.
  7
SLDTEXTSTYLE2
 73
     1
 44
1.0
  0
MTEXT
  5
DD
330
1F
100
AcDbEntity
  8
0
  6
Continuous
 62
     7
370
     0
100
AcDbMText
 10
1037.0800000853
 20
26.7243788986
 30
0.0
 40
6.35
 41
0.0
 71
     1
 72
     1
  1
E
  7
SLDTEXTSTYLE0
 73
     1
 44
1.0
  0
MTEXT
  5
DE
330
1F
100
AcDbEntity
  8
0
  6
Continuous
 62
     7
370
     0
100
AcDbMText
 10
1036.879592027
 20
30.3580337109
 30
0.0
 40
2.54
 41
0.0
 71
     1
 72
     1
  1
SIZE
  7
SLDTEXTSTYLE0
 73
     1
 44
1.0
  0
MTEXT
  5
DF
330
1F
100
AcDbEntity
  8
0
  6
Continuous
 62
     7
370
     0
100
AcDbMText
 10
1035.9934428097
 20
52.3929595276
 30
0.0
 40
2.54
 41
0.0
 71
     1
 72
     1
  1
TITLE:
  7
SLDTEXTSTYLE0
 73
     1
 44
1.0
  0
MTEXT
  5
E0
330
1F
100
AcDbEntity
  8
0
  6
Continuous
 62
     7
370
     0
100
AcDbMText
 10
1013.6238425205
 20
60.9229910986
 30
0.0
 40
1.651
 41
0.0
 71
     1
 72
     1
  1
NAME
  7
SLDTEXTSTYLE0
 73
     1
 44
1.0
  0
MTEXT
  5
E1
330
1F
100
AcDbEntity
  8
0
  6
Continuous
 62
     7
370
     0
100
AcDbMText
 10
1026.1148912103
 20
60.8788912243
 30
0.0
 40
1.651
 41
0.0
 71
     1
 72
     1
  1
DATE
  7
SLDTEXTSTYLE0
 73
     1
 44
1.0
  0
MTEXT
  5
E2
330
1F
100
AcDbEntity
  8
0
  6
Continuous
 62
     7
370
     0
100
AcDbMText
 10
993.0838076531
 20
32.9087008505
 30
0.0
 40
1.651
 41
0.0
 71
     1
 72
     1
  1
COMMENTS:
  7
SLDTEXTSTYLE0
 73
     1
 44
1.0
  0
MTEXT
  5
E3
330
1F
100
AcDbEntity
  8
0
  6
Continuous
 62
     7
370
     0
100
AcDbMText
 10
993.0616193103
 20
37.1230397293
 30
0.0
 40
1.651
 41
0.0
 71
     1
 72
     1
  1
Q.A.
  7
SLDTEXTSTYLE0
 73
     1
 44
1.0
  0
MTEXT
  5
E4
330
1F
100
AcDbEntity
  8
0
  6
Continuous
 62
     7
370
     0
100
AcDbMText
 10
993.1028766528
 20
41.8454756596
 30
0.0
 40
1.651
 41
0.0
 71
     1
 72
     1
  1
MFG APPR.
  7
SLDTEXTSTYLE0
 73
     1
 44
1.0
  0
MTEXT
  5
E5
330
1F
100
AcDbEntity
  8
0
  6
Continuous
 62
     7
370
     0
100
AcDbMText
 10
992.977189414
 20
46.6007959981
 30
0.0
 40
1.651
 41
0.0
 71
     1
 72
     1
  1
ENG APPR.
  7
SLDTEXTSTYLE0
 73
     1
 44
1.0
  0
MTEXT
  5
E6
330
1F
100
AcDbEntity
  8
0
  6
Continuous
 62
     7
370
     0
100
AcDbMText
 10
993.0506782356
 20
51.2367971468
 30
0.0
 40
1.651
 41
0.0
 71
     1
 72
     1
  1
CHECKED
  7
SLDTEXTSTYLE0
 73
     1
 44
1.0
  0
MTEXT
  5
E7
330
1F
100
AcDbEntity
  8
0
  6
Continuous
 62
     7
370
     0
100
AcDbMText
 10
992.996551863
 20
56.122746594
 30
0.0
 40
1.651
 41
0.0
 71
     1
 72
     1
  1
DRAWN
  7
SLDTEXTSTYLE0
 73
     1
 44
1.0
  0
MTEXT
  5
E8
330
1F
100
AcDbEntity
  8
0
  6
Continuous
 62
     7
370
     0
100
AcDbMText
 10
957.3497006873
 20
23.9382316328
 30
0.0
 40
1.524
 41
0.0
 71
     1
 72
     1
  1
FINISH
  7
SLDTEXTSTYLE0
 73
     1
 44
1.0
  0
MTEXT
  5
E9
330
1F
100
AcDbEntity
  8
0
  6
Continuous
 62
     7
370
     0
100
AcDbMText
 10
957.2802054458
 20
30.7530141342
 30
0.0
 40
1.524
 41
0.0
 71
     1
 72
     1
  1
MATERIAL
  7
SLDTEXTSTYLE0
 73
     1
 44
1.0
  0
INSERT
  5
EF
330
1F
100
AcDbEntity
  8
0
  6
Continuous
 62
     7
370
     0
100
AcDbBlockReference
  2
SW_NOTE_0
 10
957.4089478467
 20
34.8635605478
 30
0.0
  0
INSERT
  5
FF
330
1F
100
AcDbEntity
  8
0
  6
Continuous
 62
     7
370
     0
100
AcDbBlockReference
  2
SW_NOTE_0_1
 10
957.7173361573
 20
53.6662300215
 30
0.0
  0
MTEXT
  5
100
330
1F
100
AcDbEntity
  8
0
  6
Continuous
 62
     7
370
     0
100
AcDbMText
 10
925.149610419
 20
15.9495751364
 30
0.0
 40
1.5875
 41
0.0
 71
     1
 72
     1
  1
APPLICATION
  7
SLDTEXTSTYLE0
 73
     1
 44
1.0
  0
MTEXT
  5
101
330
1F
100
AcDbEntity
  8
0
  6
Continuous
 62
     7
370
     0
100
AcDbMText
 10
939.0540979063
 20
21.7975753227
 30
0.0
 40
1.5875
 41
0.0
 71
     1
 72
     1
  1
USED ON
  7
SLDTEXTSTYLE0
 73
     1
 44
1.0
  0
MTEXT
  5
102
330
1F
100
AcDbEntity
  8
0
  6
Continuous
 62
     7
370
     0
100
AcDbMText
 10
913.7415038203
 20
21.7712622135
 30
0.0
 40
1.5875
 41
0.0
 71
     1
 72
     1
  1
NEXT ASSY
  7
SLDTEXTSTYLE0
 73
     1
 44
1.0
  0
MTEXT
  5
103
330
1F
100
AcDbEntity
  8
0
  6
Continuous
 62
     7
370
     0
100
AcDbMText
 10
869.7295775012
 20
34.482890082
 30
0.0
 40
1.524
 41
0.0
 71
     1
 72
     1
  1
PROPRIETARY AND CONFIDENTIAL
  7
SLDTEXTSTYLE0
 73
     1
 44
1.0
  0
INSERT
  5
10E
330
1F
100
AcDbEntity
  8
0
  6
Continuous
 62
     7
370
     0
100
AcDbBlockReference
  2
SW_NOTE_0_2
 10
865.9544252483
 20
28.9376134837
 30
0.0
  0
CIRCLE
  5
10F
330
1F
100
AcDbEntity
  8
0
  6
Continuous
 62
     7
100
AcDbCircle
 10
593.8261902093
 20
590.9134166821
 30
0.0
 40
18.00000057599995
  0
CIRCLE
  5
110
330
1F
100
AcDbEntity
  8
0
  6
Continuous
 62
     7
100
AcDbCircle
 10
593.8261902093
 20
590.9134166821
 30
0.0
 40
90.00000287999994
  0
ARC
  5
111
330
1F
100
AcDbEntity
  8
0
  6
Continuous
 62
     7
100
AcDbCircle
 10
689.0230330893
 20
590.9134166821
 30
0.0
 40
5.196839999999952
100
AcDbArc
 50
180.0
 51
270.0
  0
CIRCLE
  5
112
330
1F
100
AcDbEntity
  8
0
  6
Continuous
 62
     7
100
AcDbCircle
 10
593.8261902093
 20
590.9134166821
 30
0.0
 40
18.00000057599995
  0
CIRCLE
  5
113
330
1F
100
AcDbEntity
  8
0
  6
Continuous
 62
     7
100
AcDbCircle
 10
593.8261902093
 20
590.9134166821
 30
0.0
 40
90.00000287999994
  0
ARC
  5
114
330
1F
100
AcDbEntity
  8
0
  6
Continuous
 62
     7
100
AcDbCircle
 10
689.0230330893
 20
590.9134166821
 30
0.0
 40
5.196839999999952
100
AcDbArc
 50
180.0
 51
270.0
  0
LINE
  5
115
330
1F
100
AcDbEntity
  8
0
  6
CENTERX2
 62
     7
100
AcDbLine
 10
611.8261907853
 20
590.9134166821
 30
0.0
 11
620.8261910733
 21
590.9134166821
 31
0.0
  0
LINE
  5
116
330
1F
100
AcDbEntity
  8
0
  6
Continuous
 62
     7
100
AcDbLine
 10
630.2088995484
 20
599.6865766821
 30
0.0
 11
689.0230330893
 21
599.6865766821
 31
0.0
  0
LINE
  5
117
330
1F
100
AcDbEntity
  8
0
  6
CENTERX2
 62
     7
100
AcDbLine
 10
689.0230330893
 20
585.7165766821
 30
0.0
 11
689.0230330893
 21
599.6865766821
 31
0.0
  0
LINE
  5
118
330
1F
100
AcDbEntity
  8
0
  6
CENTERX2
 62
     7
100
AcDbLine
 10
611.8261907853
 20
590.9134166821
 30
0.0
 11
620.8261910733
 21
590.9134166821
 31
0.0
  0
LINE
  5
119
330
1F
100
AcDbEntity
  8
0
  6
Continuous
 62
     7
100
AcDbLine
 10
630.2088995484
 20
599.6865766821
 30
0.0
 11
689.0230330893
 21
599.6865766821
 31
0.0
  0
LINE
  5
11A
330
1F
100
AcDbEntity
  8
0
  6
CENTERX2
 62
     7
100
AcDbLine
 10
689.0230330893
 20
585.7165766821
 30
0.0
 11
689.0230330893
 21
599.6865766821
 31
0.0
  0
LWPOLYLINE
  5
11B
330
1F
100
AcDbEntity
  8
0
  6
Continuous
 62
     7
100
AcDbPolyline
 90
     2025
 70
   128
 43
0.0
 10
611.8261819839
 20
590.9134166821
 10
611.8700970861
 20
590.1630122861
 10
611.8826266399
 20
589.4089603512
 10
611.8636004296
 20
588.6525860613
 10
611.8128394384
 20
587.8952146002
 10
611.7301654722
 20
587.1381718926
 10
611.6178154266
 20
586.3962706911
 10
611.4746610174
 20
585.6572707544
 10
611.300786381
 20
584.9224547882
 10
611.0962756539
 20
584.1931054979
 10
610.8561033901
 20
583.4558394604
 10
610.5843473524
 20
582.7269660186
 10
610.2813643662
 20
582.0078252418
 10
609.9475175595
 20
581.2997542648
 10
609.5831700599
 20
580.6040902225
 10
609.1887062739
 20
579.9221692135
 10
608.7646772421
 20
579.2552838887
 10
608.3127317364
 20
578.6060920066
 10
607.832602338
 20
577.9743698126
 10
607.3249148408
 20
577.3613654144
 10
606.7903463461
 20
576.7683102038
 10
606.2297374465
 20
576.1963455412
 10
605.6546369195
 20
575.6562022007
 10
605.05608656
 20
575.1385344272
 10
604.4349143813
 20
574.6443983169
 10
603.7920237426
 20
574.1748020632
 10
603.1146872921
 20
573.7218505081
 10
602.4169010434
 20
573.2963246846
 10
601.6997635265
 20
572.8991633549
 10
600.9643798471
 20
572.5313012618
 10
600.2119541891
 20
572.193567196
 10
599.4437649744
 20
571.8866785846
 10
598.661092201
 20
571.6113477339
 10
597.8669657694
 20
571.3687816217
 10
597.0609825165
 20
571.1590319792
 10
596.2445217297
 20
570.9826234463
 10
595.4189888741
 20
570.8400043853
 10
594.5857892876
 20
570.7316227463
 10
593.7613655057
 20
570.6589357247
 10
592.932259045
 20
570.6200778626
 10
592.0998747982
 20
570.6152415146
 10
591.2656203843
 20
570.6445812907
 10
590.4138734373
 20
570.7099097458
 10
589.5631414105
 20
570.8111474839
 10
588.7149413295
 20
570.9483539108
 10
587.870794796
 20
571.1214100884
 10
587.0322201239
 20
571.3301794646
 10
586.2007356273
 20
571.5745254869
 10
585.3778616607
 20
571.8543010616
 10
584.5668704898
 20
572.1684720052
 10
583.7674295999
 20
572.5171767422
 10
582.9810097317
 20
572.8999784349
 10
582.2090816255
 20
573.3164402456
 10
581.4531124384
 20
573.7660918735
 10
580.7275392771
 20
574.2393810428
 10
580.0200191664
 20
574.7433579931
 10
579.3318527187
 20
575.2773328712
 10
578.6643405817
 20
575.840615786
 10
578.0058244046
 20
576.4448292389
 10
577.3714001497
 20
577.0778087977
 10
576.7622930326
 20
577.7385503005
 10
576.1797282692
 20
578.426049585
 10
575.6249304858
 20
579.1392999076
 10
575.099053747
 20
579.8771946116
 10
574.60312595
 20
580.6384998908
 10
574.1391424631
 20
581.4202413119
 10
573.7069970049
 20
582.2228211791
 10
573.3076899457
 20
583.0449943695
 10
572.9420863625
 20
583.8854001077
 10
572.6109436273
 20
584.7426128312
 10
572.3199874828
 20
585.5994978116
 10
572.063715032
 20
586.4698682357
 10
571.8428138847
 20
587.3523516516
 10
571.6577941498
 20
588.2454853263
 10
571.5232768185
 20
589.0507169026
 10
571.4180270496
 20
589.8622000818
 10
571.3423575748
 20
590.6788788984
 10
571.2965694138
 20
591.4996902621
 10
571.2808384789
 20
592.3235319499
 10
571.2952651807
 20
593.149293332
 10
571.3399488998
 20
593.9758641834
 10
571.414989017
 20
594.802134279
 10
571.5145206696
 20
595.5860501088
 10
571.6415757049
 20
596.3677248485
 10
571.7960602152
 20
597.1461931658
 10
571.9778685804
 20
597.9204927666
 10
572.1868951808
 20
598.689661357
 10
572.4230343962
 20
599.452736643
 10
572.6704120168
 20
600.1657606082
 10
572.9416108764
 20
600.8717085632
 10
573.2363837989
 20
601.5697967764
 10
573.5544819885
 20
602.2592428106
 10
573.8956566495
 20
602.9392642282
 10
574.3033764845
 20
603.6861280231
 10
574.7391695671
 20
604.419190929
 10
575.202542984
 20
605.1374065882
 10
575.6929371738
 20
605.8397643229
 10
576.2097920692
 20
606.5252542531
 10
576.752547603
 20
607.192866499
 10
577.3206418716
 20
607.8415911392
 10
577.9134331333
 20
608.4704540823
 10
578.4989681009
 20
609.0488398245
 10
579.1054800794
 20
609.6077138527
 10
579.7323195521
 20
610.1463125085
 10
580.3788370025
 20
610.663872133
 10
581.044369972
 20
611.1596353033
 10
581.7281623418
 20
611.6329229143
 10
582.3888895934
 20
612.0580150355
 10
583.0644737915
 20
612.4620419278
 10
583.7542474801
 20
612.8444774029
 10
584.4575432031
 20
613.2047952723
 10
585.1736799125
 20
613.5424799939
 10
585.9871847293
 20
613.8921091931
 10
586.8146870953
 20
614.2124706629
 10
587.6551212172
 20
614.5030240281
 10
588.5074213017
 20
614.7632289137
 10
589.3705197255
 20
614.9925462007
 10
590.2433001246
 20
615.1905167503
 10
591.1245993568
 20
615.3568064102
 10
592.0132531471
 20
615.4910917808
 10
592.8634978798
 20
615.5887508124
 10
593.7183337319
 20
615.6569379491
 10
594.576750629
 20
615.6953964209
 10
595.437704735
 20
615.7039997538
 10
596.3001502059
 20
615.6826717134
 10
597.1630413004
 20
615.6313361664
 10
597.9760929177
 20
615.5553812492
 10
598.7877344571
 20
615.4526187977
 10
599.5970801245
 20
615.3230227061
 10
600.4032433491
 20
615.166682236
 10
601.2053426392
 20
614.9837086414
 10
602.0024965029
 20
614.7742131763
 10
602.7938234483
 20
614.5383070947
 10
603.5784419371
 20
614.2761016737
 10
604.3554687425
 20
613.9877460955
 10
605.1240426504
 20
613.6735044024
 10
605.8698403211
 20
613.3399537415
 10
606.6058562721
 20
612.9819794688
 10
607.3312838285
 20
612.5998522506
 10
608.0453163157
 20
612.1938427529
 10
608.8026709224
 20
611.7289245482
 10
609.5448421823
 20
611.237016274
 10
610.2708912211
 20
610.7186578304
 10
610.9798791646
 20
610.1743891172
 10
611.6708671385
 20
609.6047500344
 10
612.3429161966
 20
609.0102820198
 10
612.9584011084
 20
608.4275921587
 10
613.5555469676
 20
607.8239740264
 10
614.1336640257
 20
607.2000325514
 10
614.6920625342
 20
606.5563726622
 10
615.2300527447
 20
605.8935992874
 10
615.7469450976
 20
605.2123187545
 10
616.2420900545
 20
604.513192949
 10
616.7149160094
 20
603.796954114
 10
617.16485987
 20
603.064338748
 10
617.591358544
 20
602.3160833496
 10
617.9868754045
 20
601.5666786794
 10
618.3587005467
 20
600.8035966558
 10
618.7063446005
 20
600.027577781
 10
619.0294072689
 20
599.2394163279
 10
619.3502244293
 20
598.3755715899
 10
619.6414303054
 20
597.4995004361
 10
619.9025340368
 20
596.6122069046
 10
620.1330472375
 20
595.7146979987
 10
620.3325690082
 20
594.8080301731
 10
620.5008061134
 20
593.8932954137
 10
620.6305178827
 20
593.0244238047
 10
620.7319230549
 20
592.150267134
 10
620.804781328
 20
591.271740801
 10
620.8488581337
 20
590.389764117
 10
620.8640152398
 20
589.5052854698
 10
620.8501941237
 20
588.6192600511
 10
620.8073386455
 20
587.7326422905
 10
620.7353926652
 20
586.8463866177
 10
620.6343000428
 20
585.9614474624
 10
620.5040106927
 20
585.0787818698
 10
620.3476762624
 20
584.215026677
 10
620.1633511058
 20
583.3553044754
 10
619.9511621522
 20
582.5005213456
 10
619.7112363311
 20
581.6515833685
 10
619.4211400024
 20
580.7424328074
 10
619.0990136855
 20
579.8422978115
 10
618.7451454402
 20
578.9523080421
 10
618.3599176352
 20
578.0735637397
 10
617.9437151562
 20
577.2071631429
 10
617.4969228888
 20
576.3542044904
 10
617.0479896684
 20
575.563284793
 10
616.5725476014
 20
574.7862093585
 10
616.0710566565
 20
574.0238533021
 10
615.5440189856
 20
573.2770642973
 10
614.9919367871
 20
572.5466898069
 10
614.4153122589
 20
571.8335772933
 10
613.8146475995
 20
571.1385742192
 10
613.1904636551
 20
570.4625222222
 10
612.5433883465
 20
569.8061974555
 10
611.8740871053
 20
569.1703395935
 10
611.1957474041
 20
568.5664737245
 10
610.4972407861
 20
567.9837640715
 10
609.7791976802
 20
567.422911139
 10
609.0422614078
 20
566.8846088649
 10
608.2260757524
 20
566.3293362568
 10
607.3896691214
 20
565.8017970282
 10
606.5340025738
 20
565.302707011
 10
605.6600371685
 20
564.8327820369
 10
604.7687339773
 20
564.3927379442
 10
603.8610865743
 20
563.9832592305
 10
602.9913053496
 20
563.6256713154
 10
602.1088714798
 20
563.2961803405
 10
601.2147014455
 20
562.995220461
 10
600.3097117277
 20
562.7232258318
 10
599.3948188756
 20
562.480630613
 10
598.4709643805
 20
562.2678327845
 10
597.5391379148
 20
562.0851065079
 10
596.6003327878
 20
561.9326997586
 10
595.6555423084
 20
561.8108605123
 10
594.7057597857
 20
561.7198367444
 10
593.7690396767
 20
561.6606733138
 10
592.8294192409
 20
561.631673232
 10
591.8878780751
 20
561.6329101393
 10
590.9453941962
 20
561.6644299519
 10
589.9276843581
 20
561.7325293016
 10
588.9112473328
 20
561.8360547939
 10
587.8973150136
 20
561.9750640778
 10
586.8871304336
 20
562.1495514217
 10
585.8819305282
 20
562.3593538379
 10
584.8829457276
 20
562.6042843681
 10
583.9478438088
 20
562.8672253763
 10
583.0203921415
 20
563.1610716543
 10
582.1016227308
 20
563.4856649575
 10
581.1925626362
 20
563.8407686513
 10
580.2942068706
 20
564.2260321784
 10
579.4075449993
 20
564.6410960309
 10
578.5335665871
 20
565.0856007012
 10
577.6732611992
 20
565.5591866813
 10
576.8276187619
 20
566.0614929667
 10
575.9976094221
 20
566.5920835771
 10
575.1985243842
 20
567.140204634
 10
574.4162623973
 20
567.7145616869
 10
573.651683662
 20
568.3146319126
 10
572.905648379
 20
568.9398924877
 10
572.1218291068
 20
569.6427903669
 10
571.3616831744
 20
570.3737159007
 10
570.6261644374
 20
571.1318128007
 10
569.9162143127
 20
571.9162149517
 10
569.2327742168
 20
572.7260562383
 10
568.5767855664
 20
573.5604705454
 10
567.9842678543
 20
574.3689253189
 10
567.4176983825
 20
575.1976277556
 10
566.8777166697
 20
576.0457039355
 10
566.3649596163
 20
576.9122792751
 10
565.8800641228
 20
577.7964791906
 10
565.4236670897
 20
578.6974290983
 10
564.9964010549
 20
579.6142480831
 10
564.5988085532
 20
580.5459852457
 10
564.2313494227
 20
581.4916493769
 10
563.8944805438
 20
582.4502490804
 10
563.5938449961
 20
583.403362823
 10
563.3235904936
 20
584.3670587439
 10
563.0841460888
 20
585.3403936027
 10
562.8758500355
 20
586.3223772898
 10
562.6861774272
 20
587.3913538594
 10
562.5334209966
 20
588.4679544304
 10
562.4178857484
 20
589.5509009746
 10
562.3398766871
 20
590.638915464
 10
562.2996821267
 20
591.7307112889
 10
562.297435453
 20
592.8249656013
 10
562.330118804
 20
593.8577523203
 10
562.3966218377
 20
594.8904363732
 10
562.4969853474
 20
595.9219075111
 10
562.6312501263
 20
596.9510554855
 10
562.7994352325
 20
597.9767642479
 10
563.00141811
 20
598.9979154511
 10
563.2370194797
 20
600.013402635
 10
563.5060599115
 20
601.022119561
 10
563.8083599751
 20
602.0229599909
 10
564.1437402405
 20
603.014817686
 10
564.5051370406
 20
603.9791482226
 10
564.8979271952
 20
604.9327196645
 10
565.3217352878
 20
605.8745288157
 10
565.7761857658
 20
606.8035727728
 10
566.2238161195
 20
607.6512663743
 10
566.6970804205
 20
608.486368507
 10
567.1956765096
 20
609.3080835567
 10
567.7192232109
 20
610.115640761
 10
568.2672708165
 20
610.9083096461
 10
568.83936739
 20
611.6853625672
 10
569.4350609955
 20
612.4460718797
 10
570.1170391474
 20
613.2631068112
 10
570.8264212654
 20
614.05851698
 10
571.5625595938
 20
614.8313534649
 10
572.324686445
 20
615.5807554026
 10
573.1120153416
 20
616.3058840512
 10
573.9237598061
 20
617.005900669
 10
574.759133361
 20
617.6799665143
 10
575.6173494692
 20
618.3272428156
 10
576.4975810969
 20
618.9469182812
 10
577.398899481
 20
619.5382925121
 10
578.303735155
 20
620.0909068511
 10
579.2271070129
 20
620.6149333859
 10
580.1681210823
 20
621.1097337678
 10
581.1258833913
 20
621.5746696484
 10
582.0265346322
 20
621.97787364
 10
582.9399558338
 20
622.3545747322
 10
583.86534586
 20
622.7044125902
 10
584.801903575
 20
623.027026879
 10
585.7488278428
 20
623.3220572637
 10
586.7053175277
 20
623.5891434093
 10
587.6705698552
 20
623.8279260927
 10
588.7414679881
 20
624.0575451359
 10
589.8208064348
 20
624.252284982
 10
590.9074360671
 20
624.4118823087
 10
592.0002077568
 20
624.5360737936
 10
593.0979723758
 20
624.6245961142
 10
594.1995795038
 20
624.6771872177
 10
595.3038520408
 20
624.6936685602
 10
596.4095997447
 20
624.6739950815
 10
597.5156344574
 20
624.6181336619
 10
598.6207680205
 20
624.5260511818
 10
599.7041402623
 20
624.4003243569
 10
600.7843707521
 20
624.239596158
 10
601.8603234105
 20
624.043912994
 10
602.9308743804
 20
623.8134533548
 10
603.9160111054
 20
623.5693091358
 10
604.8946736672
 20
623.2956853736
 10
605.8659746474
 20
622.9927339505
 10
606.8290266276
 20
622.660606749
 10
607.7829408077
 20
622.2994755631
 10
608.7268508406
 20
621.9096257727
 10
609.6599093536
 20
621.4913828914
 10
610.6727290552
 20
620.9989102535
 10
611.6702656311
 20
620.4729092149
 10
612.6513914312
 20
619.9138130914
 10
613.6149791431
 20
619.3220640377
 10
614.5599442745
 20
618.6982247806
 10
615.4852552536
 20
618.0429446587
 10
616.389883069
 20
617.3568748634
 10
617.2727987091
 20
616.6406665862
 10
618.1329731625
 20
615.8949710186
 10
618.969379316
 20
615.1204475221
 10
619.7667829155
 20
614.3324378434
 10
620.5394867983
 20
613.518163153
 10
621.2866493066
 20
612.6784258756
 10
622.0074287824
 20
611.8140284356
 10
622.6503526248
 20
610.9926453701
 10
623.2692838868
 20
610.1514595567
 10
623.8635984271
 20
609.2911635624
 10
624.4327536562
 20
608.412514826
 10
624.9762156085
 20
607.5162741804
 10
625.493450318
 20
606.6032024588
 10
625.9839238191
 20
605.6740604942
 10
626.4918981863
 20
604.6343512566
 10
626.966151966
 20
603.5771491629
 10
627.4061232823
 20
602.503573045
 10
627.8113095569
 20
601.4147642415
 10
628.1812084588
 20
600.3118639798
 10
628.5153176565
 20
599.1960134871
 10
628.8131348191
 20
598.0683539911
 10
629.0741774793
 20
596.9300413671
 10
629.2981094811
 20
595.7822917779
 10
629.4846595553
 20
594.6263324421
 10
629.6312295822
 20
593.4842113425
 10
629.7412226905
 20
592.3365171603
 10
629.8143821444
 20
591.1844123657
 10
629.8504674955
 20
590.0290676526
 10
629.8507416362
 20
588.9578138656
 10
629.8191480238
 20
587.885764575
 10
629.7556675399
 20
586.8138709962
 10
629.6602810665
 20
585.7430843449
 10
629.5329694852
 20
584.6743558364
 10
629.3737139813
 20
583.6086370466
 10
629.1825504857
 20
582.5468879541
 10
628.9794178802
 20
581.577916214
 10
628.7497329741
 20
580.6138047732
 10
628.4936259068
 20
579.655280524
 10
628.2112268177
 20
578.7030703584
 10
627.9026658462
 20
577.7579011684
 10
627.5680731778
 20
576.8204999186
 10
627.2076127116
 20
575.8915938549
 10
626.8215408786
 20
574.9718849864
 10
626.4101297968
 20
574.0620658436
 10
625.9736515842
 20
573.162828957
 10
625.5123783587
 20
572.2748668571
 10
625.0265822383
 20
571.3988720745
 10
624.4229244551
 20
570.3827553279
 10
623.7860747517
 20
569.3853470488
 10
623.1166702629
 20
568.4077013553
 10
622.4153749654
 20
567.4508504437
 10
621.7383982303
 20
566.5845995685
 10
621.0351937807
 20
565.7378680172
 10
620.30628818
 20
564.911474368
 10
619.5522188684
 20
564.1062342235
 10
618.7736188615
 20
563.3229029654
 10
617.97116968
 20
562.5621865828
 10
617.1455531499
 20
561.8247898619
 10
616.368968452
 20
561.16993048
 10
615.5740148482
 20
560.5358011729
 10
614.761217518
 20
559.9229448058
 10
613.9311140494
 20
559.3318976438
 10
613.0843093115
 20
558.7631291315
 10
612.2214293614
 20
558.2170722061
 10
611.3431001896
 20
557.6941595137
 10
610.4499477864
 20
557.1948237005
 10
609.5425981422
 20
556.7194974126
 10
608.6216772473
 20
556.268613296
 10
607.6878160225
 20
555.8426007941
 10
606.7416939576
 20
555.4418244582
 10
605.8390385301
 20
555.0873387455
 10
604.9266991298
 20
554.7558140639
 10
604.0052656572
 20
554.4475050965
 10
603.0753280124
 20
554.1626665264
 10
602.1374760957
 20
553.9015530365
 10
601.0432571704
 20
553.6293783467
 10
599.9401750882
 20
553.3896547084
 10
598.8292094301
 20
553.1826111117
 10
597.7113406225
 20
553.0084569248
 10
596.5875490914
 20
552.8674015159
 10
595.458815263
 20
552.7596542534
 10
594.3261195636
 20
552.6854245056
 10
593.2851745848
 20
552.6470004236
 10
592.2425043155
 20
552.6369986965
 10
591.19888775
 20
552.6554327097
 10
590.1551026532
 20
552.7023127485
 10
589.1119267897
 20
552.7776490981
 10
588.0701379242
 20
552.8814520438
 10
587.0305138215
 20
553.0137318708
 10
585.9938328886
 20
553.1744981332
 10
584.9608806202
 20
553.3637063347
 10
583.9324312201
 20
553.5812217518
 10
582.9092549343
 20
553.8269010939
 10
581.8921220087
 20
554.1006010702
 10
580.9393382338
 20
554.3841969189
 10
579.9932572212
 20
554.6924550537
 10
579.0545245761
 20
555.025255371
 10
578.1237872243
 20
555.3824606577
 10
577.201673301
 20
555.7638502451
 10
576.146331808
 20
556.2349831922
 10
575.1043074947
 20
556.7377815106
 10
574.0765513265
 20
557.2718641907
 10
573.0640142692
 20
557.8368502227
 10
572.0676473002
 20
558.4323585896
 10
571.0883938229
 20
559.057970268
 10
570.1271381807
 20
559.7131451443
 10
569.2625357286
 20
560.3392109717
 10
568.4144480301
 20
560.9892099551
 10
567.58354062
 20
561.6627077654
 10
566.7704790329
 20
562.3592700738
 10
565.9759288042
 20
563.0784625509
 10
565.2005455951
 20
563.8198249125
 10
564.4449222108
 20
564.5828131433
 10
563.7096302573
 20
565.3668670429
 10
562.9952413405
 20
566.1714264108
 10
562.3023270664
 20
566.9959310466
 10
561.6314590409
 20
567.8398207499
 10
560.98320887
 20
568.7025353202
 10
560.3932262124
 20
569.5326806039
 10
559.824269363
 20
570.3785143415
 10
559.276719246
 20
571.239478275
 10
558.7509563976
 20
572.1150142217
 10
558.247361354
 20
573.0045639987
 10
557.6928515563
 20
574.0505495274
 10
557.1691167853
 20
575.1136836389
 10
556.676743609
 20
576.1930972376
 10
556.216237156
 20
577.2878601018
 10
555.788013385
 20
578.3970024369
 10
555.3924838528
 20
579.5195542516
 10
555.0300601161
 20
580.6545455544
 10
554.7272723774
 20
581.7050535527
 10
554.4529655283
 20
582.764451974
 10
554.2074487475
 20
583.8319867959
 10
553.9909433188
 20
584.9068659127
 10
553.8036157532
 20
585.98828869
 10
553.6456317581
 20
587.0754548634
 10
553.5171570411
 20
588.1675641686
 10
553.4183573098
 20
589.2638163412
 10
553.3493982717
 20
590.3634111169
 10
553.3104426241
 20
591.4655458646
 10
553.301578059
 20
592.5693976823
 10
553.3228140699
 20
593.6741423042
 10
553.3704115162
 20
594.7158370886
 10
553.4447778548
 20
595.7569043616
 10
553.5459179846
 20
596.7966544251
 10
553.6738368043
 20
597.8343975811
 10
553.828539213
 20
598.8694441314
 10
554.0409271638
 20
600.0627407654
 10
554.2889735137
 20
601.250429481
 10
554.5724751586
 20
602.4314540044
 10
554.8912289942
 20
603.6047580616
 10
555.2450319164
 20
604.7692853787
 10
555.633680821
 20
605.9239796819
 10
556.0569703277
 20
607.0677838632
 10
556.4751701803
 20
608.1058089284
 10
556.9219240448
 20
609.1330261306
 10
557.3969170904
 20
610.1486630288
 10
557.8998344862
 20
611.1519471822
 10
558.4303614011
 20
612.14210615
 10
558.9881830042
 20
613.1183674913
 10
559.5729841123
 20
614.0799585659
 10
560.1844029572
 20
615.0261181532
 10
560.8219868204
 20
615.9561352021
 10
561.485272632
 20
616.8693091567
 10
562.1737973219
 20
617.7649394612
 10
562.8870978203
 20
618.6423255599
 10
563.5819148527
 20
619.4522356769
 10
564.2979572773
 20
620.2447170952
 10
565.0348217611
 20
621.0191875025
 10
565.7920309856
 20
621.7751165555
 10
566.5690860198
 20
622.5120009266
 10
567.492267713
 20
623.3401684192
 10
568.4405764739
 20
624.1413876251
 10
569.4132395432
 20
624.9148791307
 10
570.4094841617
 20
625.6598635224
 10
571.4285168508
 20
626.3755741043
 10
572.4694474361
 20
627.0613465363
 10
573.5313594011
 20
627.7165634925
 10
574.5224275482
 20
628.2898098137
 10
575.5296499082
 20
628.836387115
 10
576.5523205806
 20
629.3558200375
 10
577.5897336645
 20
629.8476332221
 10
578.6411669435
 20
630.3113661352
 10
579.7058402091
 20
630.746652575
 10
580.7829629243
 20
631.1531623373
 10
581.8717445949
 20
631.5305652675
 10
582.9713947267
 20
631.8785312109
 10
584.0811228254
 20
632.1967300127
 10
585.2001383969
 20
632.4848315184
 10
586.3276442039
 20
632.742513215
 10
587.3977460021
 20
632.9573996161
 10
588.4739428109
 20
633.1448945815
 10
589.5555260735
 20
633.3048554964
 10
590.6417872331
 20
633.4371397459
 10
591.7320177327
 20
633.541604715
 10
592.9974641908
 20
633.6275712725
 10
594.2661770416
 20
633.675885493
 10
595.5370336787
 20
633.6864087602
 10
596.8089045942
 20
633.6591283856
 10
598.080662969
 20
633.5940425466
 10
599.3511819835
 20
633.4911494205
 10
600.6193348186
 20
633.3504471844
 10
601.778767245
 20
633.1882543251
 10
602.9343939735
 20
632.9942951871
 10
604.0853415465
 20
632.7686692327
 10
605.2307517187
 20
632.5115444989
 10
606.3697675364
 20
632.223090579
 10
607.5015320458
 20
631.9034770661
 10
608.6251882931
 20
631.5528735534
 10
609.7398793247
 20
631.1714496341
 10
610.8447473787
 20
630.7593770145
 10
611.9389427275
 20
630.3168992185
 10
613.0216485456
 20
629.844347177
 10
614.0920524369
 20
629.3420570774
 10
615.0892929156
 20
628.8415336907
 10
616.0741940942
 20
628.315154427
 10
617.046075038
 20
627.7632010719
 10
618.0042548122
 20
627.1859554114
 10
618.9480557716
 20
626.5837210299
 10
619.8882590177
 20
625.9489654711
 10
620.8124331387
 20
625.289426111
 10
621.7199383733
 20
624.6055306974
 10
622.6101349605
 20
623.8977069784
 10
623.4823831392
 20
623.1663827021
 10
624.3360431481
 20
622.4119856165
 10
625.1704752006
 20
621.6349452841
 10
625.9850689472
 20
620.8357459448
 10
626.8165725858
 20
619.9753166387
 10
627.6250675377
 20
619.091796267
 10
628.409924715
 20
618.185815072
 10
629.1705150297
 20
617.2580032963
 10
629.9062093939
 20
616.3089911823
 10
630.616378681
 20
615.3394090684
 10
631.3004169638
 20
614.349920636
 10
631.9578073587
 20
613.3412629319
 10
632.5880531499
 20
612.3141818122
 10
633.190657622
 20
611.2694231326
 10
633.7651240594
 20
610.2077327492
 10
634.3109557466
 20
609.1298565177
 10
634.7989236727
 20
608.0994184291
 10
635.2605873935
 20
607.0558909321
 10
635.6956197885
 20
605.9999614319
 10
636.103732874
 20
604.9323289716
 10
636.4846388976
 20
603.8536924665
 10
636.8422574914
 20
602.751189831
 10
637.1713967686
 20
601.6388502151
 10
637.4717581423
 20
600.5173988507
 10
637.7430431576
 20
599.387561409
 10
637.9849933298
 20
598.2500874786
 10
638.1974436125
 20
597.10575201
 10
638.3802421586
 20
595.9553294529
 10
638.5332371212
 20
594.7995942571
 10
638.6613859059
 20
593.5839697462
 10
638.7564838469
 20
592.3642549846
 10
638.8183563554
 20
591.1413404099
 10
638.8468439169
 20
589.9161240486
 10
638.8418989967
 20
588.6895236528
 10
638.803524394
 20
587.4624525134
 10
638.7317231457
 20
586.2358236549
 10
638.6264982884
 20
585.0105501015
 10
638.4878528587
 20
583.7875448777
 10
638.3157898933
 20
582.5677210076
 10
638.1103189825
 20
581.3519941248
 10
637.8715467827
 20
580.1412826066
 10
637.616079916
 20
579.0051585545
 10
637.3313228414
 20
577.8750493787
 10
637.0174287319
 20
576.7517097
 10
636.6745507603
 20
575.6358941388
 10
636.3028420994
 20
574.5283573156
 10
635.8973131551
 20
573.416295924
 10
635.4625820117
 20
572.314276554
 10
634.998939911
 20
571.2230531957
 10
634.5066978233
 20
570.1433671737
 10
633.9861667194
 20
569.0759598125
 10
633.4376575696
 20
568.0215724369
 10
632.8614813446
 20
566.9809463714
 10
632.2579490149
 20
565.9548229407
 10
631.5966795428
 20
564.8961994162
 10
630.9061795616
 20
563.8551284844
 10
630.1869674495
 20
562.832384068
 10
629.4395637584
 20
561.8287367647
 10
628.6644890402
 20
560.8449571724
 10
627.8622638468
 20
559.8818158887
 10
627.0334087302
 20
558.9400835116
 10
626.1784453995
 20
558.0205307597
 10
625.2979532186
 20
557.1238981068
 10
624.3925918223
 20
556.2508531055
 10
623.4630264741
 20
555.4020535848
 10
622.5099224374
 20
554.5781573735
 10
621.5903196921
 20
553.8247413853
 10
620.6509405499
 20
553.0946001071
 10
619.6923426217
 20
552.3882849185
 10
618.7151011223
 20
551.706336724
 10
617.719859762
 20
551.0492208913
 10
616.6946185022
 20
550.4096992507
 10
615.6522869061
 20
549.7965251796
 10
614.5935484255
 20
549.2101492666
 10
613.5190865124
 20
548.6510220999
 10
612.4295846187
 20
548.119594268
 10
611.3257274296
 20
547.6163159652
 10
610.2082381036
 20
547.141591085
 10
609.0778786855
 20
546.6957385271
 10
607.8807199402
 20
546.2599600605
 10
606.6711507273
 20
545.8565658431
 10
605.4500482487
 20
545.4859123319
 10
604.2182897064
 20
545.1483559843
 10
602.9767523034
 20
544.8442532577
 10
601.7263317585
 20
544.5739332118
 10
600.467962332
 20
544.3376065183
 10
599.2025795478
 20
544.1354522065
 10
597.93111893
 20
543.9676493059
 10
596.6545160026
 20
543.834376846
 10
595.3737062895
 20
543.7358138563
 10
594.0896253147
 20
543.6721393661
 10
592.8767710419
 20
543.6442075239
 10
591.6626546344
 20
543.6474797556
 10
590.4480795
 20
543.6819501174
 10
589.2338487089
 20
543.747612342
 10
588.0207653311
 20
543.8444601619
 10
586.7946340127
 20
543.9742700531
 10
585.5713351447
 20
544.1360306018
 10
584.3517022494
 20
544.3297351703
 10
583.136575762
 20
544.5553338931
 10
581.9267833231
 20
544.8126719956
 10
580.7231456735
 20
545.1015790991
 10
579.5264835542
 20
545.4218848254
 10
578.3376177062
 20
545.7734187957
 10
577.1013954547
 20
546.1750010759
 10
575.8755740844
 20
546.6104736441
 10
574.6610986014
 20
547.079628305
 10
573.4588911639
 20
547.5821455969
 10
572.269844982
 20
548.1176471438
 10
571.0948523621
 20
548.6857540453
 10
569.9348056107
 20
549.2860874012
 10
568.7905970341
 20
549.9182683108
 10
567.6631189386
 20
550.5819178738
 10
566.5532638731
 20
551.2766526533
 10
565.4618930544
 20
552.0020026493
 10
564.3898159439
 20
552.7574211375
 10
563.3973956705
 20
553.4967196149
 10
562.4235185426
 20
554.2617996513
 10
561.4688598146
 20
555.0522008401
 10
560.5340947407
 20
555.8674627744
 10
559.6198985748
 20
556.7071250475
 10
558.7199707245
 20
557.5776147942
 10
557.842226339
 20
558.4718132799
 10
556.9872546296
 20
559.3891195237
 10
556.1556448077
 20
560.3289325445
 10
555.3479860848
 20
561.2906513609
 10
554.5648676722
 20
562.2736749921
 10
553.8495051943
 20
563.2194993504
 10
553.1569761607
 20
564.1832242812
 10
552.4877433244
 20
565.1643056981
 10
551.842202818
 20
566.162151933
 10
551.2207426649
 20
567.1761689932
 10
550.6237508886
 20
568.2057628859
 10
550.0516155123
 20
569.2503396184
 10
549.5047245597
 20
570.3093051979
 10
548.9834660541
 20
571.3820656317
 10
548.4882279203
 20
572.4680263044
 10
548.027503551
 20
573.5468391873
 10
547.5924816505
 20
574.6371560942
 10
547.1834140966
 20
575.7383496921
 10
546.800552767
 20
576.8497926479
 10
546.4379159509
 20
577.9913257852
 10
546.1029739642
 20
579.1421718429
 10
545.7959926749
 20
580.3016686437
 10
545.5172379415
 20
581.4691538652
 10
545.2669462529
 20
582.6439462038
 10
545.0489728153
 20
583.8041895799
 10
544.8587230321
 20
584.9701321962
 10
544.6963219329
 20
586.1411057942
 10
544.5618945474
 20
587.3164421152
 10
544.4536893833
 20
588.5195685353
 10
544.3748743951
 20
589.7258317399
 10
544.3255824247
 20
590.9345217136
 10
544.3059225935
 20
592.1449178722
 10
544.3159096774
 20
593.3562892464
 10
544.3555350469
 20
594.5679094689
 10
544.4247900731
 20
595.7790521725
 10
544.5303432881
 20
597.0594682514
 10
544.669061292
 20
598.33767506
 10
544.840933857
 20
599.6128116586
 10
545.0459504974
 20
600.8840167754
 10
545.2840519094
 20
602.1504222442
 10
545.5550726317
 20
603.4111744821
 10
545.8405966677
 20
604.5939447836
 10
546.1550754407
 20
605.7702264828
 10
546.4983585783
 20
606.9393095966
 10
546.8702957083
 20
608.100484142
 10
547.2707364582
 20
609.2530401359
 10
547.699529773
 20
610.3962671516
 10
548.1564755936
 20
611.5294583506
 10
548.6412934266
 20
612.6519369846
 10
549.1536953579
 20
613.7630324561
 10
549.6933934735
 20
614.862074168
 10
550.2497449315
 20
615.9291084655
 10
550.8318759272
 20
616.9832334796
 10
551.4395136965
 20
618.0238139002
 10
552.0723853012
 20
619.050214285
 10
552.7423706463
 20
620.0800590307
 10
553.4377901879
 20
621.0939371244
 10
554.1582281329
 20
622.0912438745
 10
554.9032686881
 20
623.0713745893
 10
555.6724960604
 20
624.0337245772
 10
556.4511277288
 20
624.9609973639
 10
557.2522951221
 20
625.8699626189
 10
558.0756043092
 20
626.7600474537
 10
558.9206354406
 20
627.6306892255
 10
559.8047948932
 20
628.4985332176
 10
560.7105293221
 20
629.345089024
 10
561.6373063278
 20
630.1698387223
 10
562.5845935108
 20
630.9722643902
 10
563.5518584718
 20
631.7518481054
 10
564.5385688112
 20
632.5080719453
 10
565.5441921297
 20
633.2404179878
 10
566.6284178418
 20
633.9888890478
 10
567.7324735928
 20
634.7095445446
 10
568.8556164242
 20
635.4019032149
 10
569.9971033776
 20
636.0654837954
 10
571.1561914946
 20
636.6998050228
 10
572.3321378166
 20
637.3043856337
 10
573.4556604182
 20
637.8467464026
 10
574.5928854111
 20
638.3618374146
 10
575.7431550594
 20
638.8492958593
 10
576.9057766822
 20
639.3088375713
 10
578.0800569167
 20
639.7401872228
 10
579.2653024005
 20
640.1430694858
 10
580.4608197709
 20
640.5172090324
 10
581.6659156654
 20
640.8623305346
 10
582.8798967212
 20
641.1781586645
 10
584.1020689555
 20
641.4644183277
 10
585.3096952431
 20
641.7165586475
 10
586.523830301
 20
641.9398132731
 10
587.7437751454
 20
642.1340541487
 10
588.9688307925
 20
642.2991532183
 10
590.2206886965
 20
642.437180323
 10
591.4763824999
 20
642.5447283627
 10
592.7351743951
 20
642.6216621689
 10
593.9963264269
 20
642.6678466136
 10
595.2590872927
 20
642.6831808159
 10
596.5001313063
 20
642.6682075448
 10
597.7412815635
 20
642.6234824145
 10
598.9818236882
 20
642.5490165727
 10
600.2210433041
 20
642.4448211674
 10
601.4834484442
 20
642.3078650517
 10
602.7429737006
 20
642.1399769907
 10
603.998860059
 20
641.9411688293
 10
605.2503426281
 20
641.7114790614
 10
606.4966657036
 20
641.4510454627
 10
607.7370832443
 20
641.1600289161
 10
608.9708492094
 20
640.8385903049
 10
610.2684610673
 20
640.4654592229
 10
611.5569034692
 20
640.0586268522
 10
612.8352921566
 20
639.6182838826
 10
614.1027425838
 20
639.1446213389
 10
615.3583733974
 20
638.6378819396
 10
616.6013405943
 20
638.0984145486
 10
617.7609326127
 20
637.5601227883
 10
618.9078258742
 20
636.9933614442
 10
620.0413210407
 20
636.3984337925
 10
621.1607187744
 20
635.7756431096
 10
622.2653197372
 20
635.1252926716
 10
623.3544242788
 20
634.4476865514
 10
624.427346761
 20
633.7431784839
 10
625.4834494156
 20
633.0121986019
 10
626.5221023595
 20
632.2551833725
 10
627.5426757097
 20
631.4725692632
 10
628.526816872
 20
630.6794354455
 10
629.4923140487
 20
629.8624433489
 10
630.4385705015
 20
629.0220064737
 10
631.3649893931
 20
628.1585385272
 10
632.2872699998
 20
627.256172169
 10
633.187833908
 20
626.3309408335
 10
634.0661459039
 20
625.3833986344
 10
634.9216707738
 20
624.4140996852
 10
635.7538733039
 20
623.4235980997
 10
636.5479958596
 20
622.4306821026
 10
637.3185982591
 20
621.4183734016
 10
638.0651734388
 20
620.3871969735
 10
638.7872303272
 20
619.3377022945
 10
639.4983167371
 20
618.2485390784
 10
640.1830184632
 20
617.1415926231
 10
640.8409140045
 20
616.0175186856
 10
641.4715818604
 20
614.8769730229
 10
642.07460053
 20
613.7206113919
 10
642.6495485128
 20
612.5490895498
 10
643.1960043077
 20
611.3630632534
 10
643.7428363005
 20
610.0928542337
 10
644.2569365967
 20
608.8080150624
 10
644.7379654273
 20
607.5094101689
 10
645.1855830232
 20
606.1979039826
 10
645.5994496152
 20
604.8743609328
 10
645.9792254343
 20
603.539645449
 10
646.3057701397
 20
602.2717430498
 10
646.6014224895
 20
600.995402566
 10
646.8659467561
 20
599.7113759966
 10
647.0991953573
 20
598.4204347367
 10
647.3010299303
 20
597.1233490256
 10
647.4713121122
 20
595.8208891028
 10
647.6099035403
 20
594.5138252076
 10
647.7166658518
 20
593.2029275796
 10
647.7914606839
 20
591.8889664581
 10
647.8341500445
 20
590.5727126708
 10
647.8447386724
 20
589.2784929492
 10
647.824274761
 20
587.9835688774
 10
647.7727724844
 20
586.688685557
 10
647.6902460166
 20
585.3945880891
 10
647.5743582856
 20
584.0785391765
 10
647.4263376106
 20
582.7648638817
 10
647.2461989531
 20
581.4543486916
 10
647.0339573472
 20
580.1477802358
 10
646.7896658153
 20
578.8459516662
 10
646.5186880551
 20
577.5727384762
 10
646.2171027909
 20
576.3055815097
 10
645.8850704068
 20
575.045212479
 10
645.5227512868
 20
573.7923630963
 10
645.1219841631
 20
572.5224561614
 10
644.6900188984
 20
571.2619182452
 10
644.2270258989
 20
570.0115267817
 10
643.7332041782
 20
568.7720596472
 10
643.2088527752
 20
567.5442644697
 10
642.6542924233
 20
566.3288741145
 10
642.0698438556
 20
565.1266214467
 10
641.4191303542
 20
563.8694094945
 10
640.7356819601
 20
562.6286009528
 10
640.0198788281
 20
561.4050644634
 10
639.2721015179
 20
560.1996688918
 10
638.4927830035
 20
559.0132689847
 10
637.6824574013
 20
557.8466589052
 10
636.8905261823
 20
556.7655403202
 10
636.0719722831
 20
555.7033643384
 10
635.2272528451
 20
554.6607860344
 10
634.3568250095
 20
553.6384604826
 10
633.4611459178
 20
552.6370427576
 10
632.5406735946
 20
551.6571880868
 10
631.5959141131
 20
550.6995269033
 10
630.6274419313
 20
549.7646245112
 10
629.6358363544
 20
548.8530367983
 10
628.6216766873
 20
547.9653196523
 10
627.6042339795
 20
547.1172274468
 10
626.5661431149
 20
546.2932237486
 10
625.5079529153
 20
545.4938351944
 10
624.4302124362
 20
544.7195884788
 10
623.3133913812
 20
543.9576160695
 10
622.1775804558
 20
543.2226794596
 10
621.0234598746
 20
542.5152127591
 10
619.8517098526
 20
541.8356500782
 10
618.6630106045
 20
541.1844255269
 10
617.4796983595
 20
540.5728336124
 10
616.2813373731
 20
539.9894067994
 10
615.068572091
 20
539.4345563636
 10
613.8420687512
 20
538.9086720372
 10
612.5771124367
 20
538.402226402
 10
611.2993538796
 20
537.9265507568
 10
610.0095537817
 20
537.4819412839
 10
608.708472845
 20
537.0686941656
 10
607.396871771
 20
536.6871055845
 10
606.0755112618
 20
536.3374717228
 10
604.7451520191
 20
536.0200887629
 10
603.3283055592
 20
535.7196320737
 10
601.9032083109
 20
535.4558024618
 10
600.4708179091
 20
535.2287688134
 10
599.0320919889
 20
535.0387000144
 10
597.5879881853
 20
534.8857649509
 10
596.1394641332
 20
534.770132509
 10
594.7705247059
 20
534.6954255308
 10
593.3993106543
 20
534.654170817
 10
592.0266425436
 20
534.6464538595
 10
590.6533424039
 20
534.6722657112
 10
589.2802291538
 20
534.7315882165
 10
587.9081217119
 20
534.8244032198
 10
586.5378389966
 20
534.9506925655
 10
585.1701999264
 20
535.110438098
 10
583.8060234198
 20
535.3036216616
 10
582.4461289207
 20
535.5302245971
 10
581.115485271
 20
535.785242449
 10
579.7905353317
 20
536.0722691713
 10
578.4720403595
 20
536.3911354178
 10
577.1607616113
 20
536.7416718422
 10
575.8338425385
 20
537.1309457536
 10
574.5159972132
 20
537.5526976425
 10
573.2080291749
 20
538.0067487566
 10
571.9107420941
 20
538.492920239
 10
570.6249383876
 20
539.0109929193
 10
569.3740162938
 20
539.5505575773
 10
568.135628978
 20
540.1202702014
 10
566.9104934353
 20
540.719814366
 10
565.6993266609
 20
541.3488736459
 10
564.478585611
 20
542.0208672591
 10
563.2738976547
 20
542.7229273099
 10
562.0860245892
 20
543.4547176006
 10
560.9157226861
 20
544.2158725147
 10
559.7636963362
 20
545.0059302396
 10
558.6306302776
 20
545.8244098186
 10
557.5172092483
 20
546.6708302953
 10
556.3610410607
 20
547.5964877831
 10
555.2284534444
 20
548.5523298476
 10
554.1202579975
 20
549.5377864264
 10
553.0372664627
 20
550.5522869953
 10
551.980265168
 20
551.5952102616
 10
550.9499572653
 20
552.6658439453
 10
550.0035911027
 20
553.7000310631
 10
549.0821428879
 20
554.7576065473
 10
548.1861891826
 20
555.8379659015
 10
547.3163065488
 20
556.9405046292
 10
546.4730715484
 20
558.064618234
 10
545.6570607151
 20
559.209701282
 10
544.8688151492
 20
560.3751042831
 10
544.1087949758
 20
561.5601212808
 10
543.377449667
 20
562.7640433196
 10
542.6752286953
 20
563.9861614441
 10
542.0143311484
 20
565.2034816513
 10
541.3823864547
 20
566.4369983746
 10
540.7798204348
 20
567.6860399642
 10
540.20705892
 20
568.9499345184
 10
539.6549137528
 20
570.2513453896
 10
539.1343970324
 20
571.5666435222
 10
538.6458124668
 20
572.8950419973
 10
538.1894637639
 20
574.235753896
 10
537.7656546317
 20
575.5879922992
 10
537.3813805445
 20
576.9265417777
 10
537.0290749614
 20
578.2747051988
 10
536.709025613
 20
579.631737025
 10
536.4214936175
 20
580.9968738924
 10
536.1617797003
 20
582.3974036528
 10
535.9362368564
 20
583.8047074716
 10
535.7450107886
 20
585.2179447555
 10
535.5882472
 20
586.6362749117
 10
535.4660917932
 20
588.0588573468
 10
535.3786902714
 20
589.484851468
 10
535.3261883373
 20
590.913416682
 10
535.308756243
 20
592.2648672087
 10
535.3225978752
 20
593.6171241238
 10
535.3676951039
 20
594.9694644635
 10
535.4440297987
 20
596.3211652642
 10
535.5515838294
 20
597.6715035621
 10
535.6903390657
 20
599.0197563933
 10
535.8602773775
 20
600.365200794
 10
536.0613806346
 20
601.7071138006
 10
536.3054628464
 20
603.1083500848
 10
536.5836192117
 20
604.5040792831
 10
536.8956688254
 20
605.8934840782
 10
537.2414279209
 20
607.2757494623
 10
537.6207127315
 20
608.6500604275
 10
538.0333394909
 20
610.0156019662
 10
538.4791244323
 20
611.3715590705
 10
538.9578837893
 20
612.7171167325
 10
539.469431702
 20
614.0514590978
 10
540.0135136873
 20
615.3737791595
 10
540.5897933847
 20
616.6833051935
 10
541.1979296835
 20
617.9792701953
 10
541.8001869047
 20
619.1880701237
 10
542.4301748419
 20
620.3834898318
 10
543.0876075825
 20
621.5648864316
 10
543.7721992145
 20
622.7316170346
 10
544.4836638253
 20
623.8830387528
 10
545.2310058042
 20
625.0324861421
 10
546.0051675468
 20
626.1649704159
 10
546.8057257373
 20
627.2798925023
 10
547.6322570604
 20
628.3766533294
 10
548.4843382005
 20
629.4546538251
 10
549.3615458421
 20
630.5132949176
 10
550.2634566696
 20
631.5519775348
 10
551.1896473676
 20
632.5701026047
 10
552.1855183519
 20
633.6140084191
 10
553.2070067384
 20
634.6340504626
 10
554.2534988192
 20
635.6296420456
 10
555.3243797804
 20
636.6002000397
 10
556.4190348079
 20
637.545141316
 10
557.5368490877
 20
638.4638827461
 10
558.6772078058
 20
639.3558412013
 10
559.8394961483
 20
640.2204335529
 10
561.0230970591
 20
641.0570771412
 10
562.2273406625
 20
641.8652355067
 10
563.4515080239
 20
642.6444481376
 10
564.6948788723
 20
643.3942611793
 10
565.8841416408
 20
644.0738923619
 10
567.0892318938
 20
644.7266040299
 10
568.309545914
 20
645.3520157711
 10
569.5444799841
 20
645.9497471734
 10
570.7934303868
 20
646.5194178245
 10
572.0715056785
 20
647.0671941785
 10
573.3626192602
 20
647.5855459423
 10
574.6660764004
 20
648.0742071748
 10
575.9811823676
 20
648.5329119348
 10
577.3072424303
 20
648.9613942812
 10
578.643561857
 20
649.3593882727
 10
579.989445916
 20
649.7266279682
 10
581.3441998761
 20
650.0628474266
 10
582.7722190498
 20
650.3815194514
 10
584.2083706748
 20
650.665630827
 10
585.6518066301
 20
650.9150334791
 10
587.1016798728
 20
651.1295829567
 10
588.5571433604
 20
651.3091348089
 10
590.01735005
 20
651.4535445849
 10
591.481452899
 20
651.5626678337
 10
592.9486048647
 20
651.6363601044
 10
594.4179572804
 20
651.6744786068
 10
595.8886430653
 20
651.6769492842
 10
597.3597966813
 20
651.64378974
 10
598.8305552221
 20
651.5750239386
 10
600.2161332639
 20
651.4775967178
 10
601.5998697146
 20
651.3485576513
 10
602.9810413027
 20
651.1879268256
 10
604.358924757
 20
650.995724327
 10
605.7327968059
 20
650.7719702421
 10
607.1188685035
 20
650.5133473382
 10
608.499335628
 20
650.2225754913
 10
609.8734628516
 20
649.8998225641
 10
611.2405148459
 20
649.5452564193
 10
612.5997562829
 20
649.1590449197
 10
613.9504518345
 20
648.7413559277
 10
615.2918661726
 20
648.2923573063
 10
616.6232639691
 20
647.8122169179
 10
618.0065159066
 20
647.2759985968
 10
619.3771337744
 20
646.7060713841
 10
620.7343195539
 20
646.1027889471
 10
622.0772781788
 20
645.4665073957
 10
623.4052145832
 20
644.7975828399
 10
624.717333701
 20
644.0963713895
 10
626.012840466
 20
643.3632291545
 10
627.2909398122
 20
642.5985122449
 10
628.5508362433
 20
641.8025790858
 10
629.7917575432
 20
640.9758563839
 10
631.0129845164
 20
640.1188471681
 10
632.2138037729
 20
639.2320583388
 10
633.3266720224
 20
638.3691228977
 10
634.4201660892
 20
637.480589486
 10
635.4936880235
 20
636.5668829778
 10
636.5466398755
 20
635.6284282471
 10
637.5784236953
 20
634.665650168
 10
638.600832714
 20
633.6666183124
 10
639.600394916
 20
632.6436582987
 10
640.5765855743
 20
631.5973262484
 10
641.5288799617
 20
630.5281782826
 10
642.4567533511
 20
629.4367705228
 10
643.3596810155
 20
628.3236590902
 10
644.2371382277
 20
627.1894001061
 10
645.0886002607
 20
626.0345496918
 10
645.9521564496
 20
624.8032311927
 10
646.7860653572
 20
623.5506342746
 10
647.5898542653
 20
622.2775068797
 10
648.3630543202
 20
620.9845973408
 10
649.1051966677
 20
619.6726539907
 10
649.8158124539
 20
618.3424251622
 10
650.4944328248
 20
616.9946591881
 10
651.1405889266
 20
615.6301044012
 10
651.7538128496
 20
614.2495113267
 10
652.3336948131
 20
612.8536748545
 10
652.8799127384
 20
611.4434242288
 10
653.3921516185
 20
610.0195886783
 10
653.8437146486
 20
608.6654175164
 10
654.264526933
 20
607.3006018448
 10
654.6543244389
 20
605.925836707
 10
655.0128431332
 20
604.5418171467
 10
655.3398189831
 20
603.1492382075
 10
655.638468055
 20
601.7314028872
 10
655.9043832423
 20
600.3062874344
 10
656.1374361976
 20
598.8746560978
 10
656.3374985735
 20
597.437273126
 10
656.5044420227
 20
595.9949027675
 10
656.6381381976
 20
594.5483092709
 10
656.7384587509
 20
593.0982568848
 10
656.8052753352
 20
591.6455098578
 10
656.839202516
 20
590.1215298224
 10
656.8361625615
 20
588.5963348395
 10
656.7961790818
 20
587.0708213317
 10
656.7192791599
 20
585.545883871
 10
656.6054898791
 20
584.0224170293
 10
656.4548383224
 20
582.5013153785
 10
656.2673515732
 20
580.9834734907
 10
656.0430567144
 20
579.4697859377
 10
655.7819828615
 20
577.9611486045
 10
655.484233097
 20
576.45846194
 10
655.1500037166
 20
574.9626058512
 10
654.77949696
 20
573.4744562433
 10
654.3971166096
 20
572.0791892403
 10
653.9828357123
 20
570.6922859707
 10
653.5368237817
 20
569.3144806018
 10
653.059250331
 20
567.9465073005
 10
652.5502848738
 20
566.589100234
 10
652.0032320224
 20
565.2263809025
 10
651.4245052943
 20
563.8759763005
 10
650.8144274584
 20
562.5386023357
 10
650.1733212835
 20
561.2149749161
 10
649.5015095384
 20
559.9058099496
 10
648.7993149921
 20
558.6118233441
 10
648.0670604135
 20
557.3337310074
 10
647.3050685713
 20
556.0722488476
 10
646.4752528371
 20
554.7692918834
 10
645.6136172456
 20
553.4861425972
 10
644.7206870029
 20
552.2235424918
 10
643.7969891952
 20
550.9822295536
 10
642.8430509085
 20
549.7629417691
 10
641.8593992286
 20
548.5664171245
 10
640.8465612418
 20
547.3933936065
 10
639.8050640339
 20
546.2446092014
 10
638.7354371425
 20
545.1208018545
 10
637.6382749466
 20
544.0226716396
 10
636.5142387066
 20
542.9508487761
 10
635.3639924291
 20
541.905956764
 10
634.2560648473
 20
540.945999526
 10
633.1259839233
 20
540.01106015
 10
631.9743062147
 20
539.1016612416
 10
630.8015882793
 20
538.2183254067
 10
629.6083866748
 20
537.361575251
 10
628.5087903147
 20
536.6078347603
 10
627.3932934737
 20
535.8767118657
 10
626.2623818834
 20
535.1685092778
 10
625.1165412753
 20
534.483529707
 10
623.9562573811
 20
533.8220758641
 10
622.8031041111
 20
533.1956259189
 10
621.6369474922
 20
532.5924477765
 10
620.4582476965
 20
532.0128282188
 10
619.2674648963
 20
531.4570540275
 10
617.8347541469
 20
530.826904164
 10
616.3864071966
 20
530.2313613572
 10
614.9232841234
 20
529.6707538696
 10
613.446244605
 20
529.1454059449
 10
611.956148319
 20
528.6556418269
 10
610.4538549429
 20
528.2017857592
 10
608.9402241544
 20
527.7841619856
 10
607.4161156311
 20
527.4030947497
 10
605.8823910908
 20
527.0589068781
 10
604.3399454757
 20
526.7518527609
 10
602.7896906367
 20
526.4820902896
 10
601.232536948
 20
526.2497701528
 10
599.7588626329
 20
526.0651549637
 10
598.2806277434
 20
525.9140855091
 10
596.7985953376
 20
525.7966880931
 10
595.3135284735
 20
525.71308902
 10
593.8261902093
 20
525.6634145941
 10
592.4756981795
 20
525.6477863243
 10
591.124558566
 20
525.6601593204
 10
589.7733508461
 20
525.7005146871
 10
588.4226544969
 20
525.7688335294
 10
587.0730489956
 20
525.8650969522
 10
585.7491660854
 20
525.9868236231
 10
584.4274433632
 20
526.1354696376
 10
583.1084298137
 20
526.3110170948
 10
581.7926744216
 20
526.5134480939
 10
580.2313105105
 20
526.789460329
 10
578.6762748723
 20
527.1034182265
 10
577.1284764637
 20
527.4551134661
 10
575.5888216389
 20
527.8443345715
 10
574.0582167523
 20
528.2708700666
 10
572.5375681581
 20
528.7345084751
 10
571.0277822106
 20
529.2350383209
 10
569.529765264
 20
529.7722481276
 10
568.0444245906
 20
530.3459240762
 10
566.5726568451
 20
530.9557760235
 10
565.1153185197
 20
531.6014230893
 10
563.6732608041
 20
532.282479165
 10
562.3283669481
 20
532.9567026053
 10
560.9985273834
 20
533.6617370613
 10
559.6844555609
 20
534.3972589042
 10
558.3868649314
 20
535.1629445052
 10
557.1064689457
 20
535.9584702354
 10
555.9604802953
 20
536.7056171431
 10
554.8297170087
 20
537.4767025022
 10
553.7146561767
 20
538.2713839258
 10
552.6157748898
 20
539.0893190272
 10
551.5335502386
 20
539.9301654198
 10
550.4873257824
 20
540.7779666606
 10
549.4580805832
 20
541.6472136002
 10
548.4462666269
 20
542.5375818683
 10
547.4523358993
 20
543.4487470948
 10
546.457024384
 20
544.3996066852
 10
545.481258716
 20
545.3713890052
 10
544.5254482166
 20
546.3636616039
 10
543.5899982388
 20
547.375990842
 10
542.6753141359
 20
548.4079430804
 10
541.781801261
 20
549.4590846797
 10
540.9098649673
 20
550.5289820005
 10
540.0599106078
 20
551.6172014037
 10
539.2323435358
 20
552.7233092498
 10
538.4275691043
 20
553.8468718997
 10
537.6459831824
 20
554.9874393885
 10
536.8879214682
 20
556.1445125193
 10
536.1536981127
 20
557.317584691
 10
535.4436272622
 20
558.5061493069
 10
534.6908204035
 20
559.8308595349
 10
533.9680363215
 20
561.1730283589
 10
533.275693145
 20
562.531981499
 10
532.6142090025
 20
563.9070446755
 10
531.9840020229
 20
565.2975436084
 10
531.4397272724
 20
566.5716466056
 10
530.9217483817
 20
567.8573263648
 10
530.4302739844
 20
569.1540260009
 10
529.9655127139
 20
570.4611886288
 10
529.5276732038
 20
571.7782573636
 10
529.1240590599
 20
573.080910527
 10
528.7468126735
 20
574.3920544112
 10
528.3961316997
 20
575.7111614346
 10
528.0722137935
 20
577.0377040157
 10
527.7694771905
 20
578.3984342669
 10
527.4949736182
 20
579.7657696798
 10
527.2488039427
 20
581.1391157806
 10
527.0310650221
 20
582.5178793311
 10
526.8418537148
 20
583.9014670935
 10
526.6812668789
 20
585.2892858298
 10
526.5494013727
 20
586.680742302
 10
526.4463540546
 20
588.0752432723
 10
526.3722217826
 20
589.4721955026
 10
526.3271014152
 20
590.8710057551
 10
526.3110726308
 20
592.2710724008
 10
526.3241367454
 20
593.6717862941
 10
526.3662727769
 20
595.0725442005
 10
526.437459742
 20
596.4727428924
 10
526.5492941882
 20
598.0115956082
 10
526.6962269455
 20
599.5482388724
 10
526.8782300848
 20
601.081869789
 10
527.0952756775
 20
602.6116854617
 10
527.3473357947
 20
604.1368829944
 10
527.6062244955
 20
605.5157283428
 10
527.8937622822
 20
606.8895123023
 10
528.2098110713
 20
608.2576487855
 10
528.5542327797
 20
609.6195517054
 10
528.9268893238
 20
610.9746349748
 10
529.3202407274
 20
612.298315174
 10
529.7405635701
 20
613.6142965178
 10
530.1877270345
 20
614.9220237593
 10
530.6616003034
 20
616.2209416514
 10
531.17253969
 20
617.5367101012
 10
531.7109582
 20
618.842142897
 10
532.276605915
 20
620.1366830435
 10
532.8692302423
 20
621.4197768431
 10
533.4885785892
 20
622.6908705981
 10
534.1343983628
 20
623.9494106107
 10
534.8064369704
 20
625.1948431832
 10
535.5044418192
 20
626.4266146179
 10
536.2281603164
 20
627.6441712171
 10
536.9773398693
 20
628.8469592829
 10
537.7517087052
 20
630.0344277384
 10
538.5509248975
 20
631.2060633283
 10
539.3746310944
 20
632.36137033
 10
540.2224699464
 20
633.4998530272
 10
541.182539404
 20
634.7321602848
 10
542.1709013499
 20
635.9428505187
 10
543.1870801521
 20
637.1312639305
 10
544.2306001786
 20
638.2967407216
 10
545.3009857976
 20
639.4386210938
 10
546.2947600844
 20
640.4534729865
 10
547.3097936222
 20
641.44793891
 10
548.3456402158
 20
642.4216035297
 10
549.4018536701
 20
643.3740515114
 10
550.4779877898
 20
644.3048675206
 10
551.5538637516
 20
645.1976039524
 10
552.6481021606
 20
646.0686799716
 10
553.7602803006
 20
646.9177020987
 10
554.8899754554
 20
647.7442768544
 10
556.0603416253
 20
648.5641733176
 10
557.2480128569
 20
649.3599052836
 10
558.4524652741
 20
650.131144881
 10
559.6731746089
 20
650.8775685179
 10
560.9096165933
 20
651.5988526024
 10
562.1612669592
 20
652.2946735425
 10
563.4276014387
 20
652.9647077464
 10
564.7080957637
 20
653.608631622
 10
566.0022256661
 20
654.2261215775
 10
567.3094668779
 20
654.8168540209
 10
568.6292804745
 20
655.380518369
 10
569.961089828
 20
655.9168753637
 10
571.3043152116
 20
656.4257091793
 10
572.6583769045
 20
656.9068039943
 10
574.1596688071
 20
657.403712162
 10
575.6725995732
 20
657.866507736
 10
577.1963975944
 20
658.2949034579
 10
578.7302912622
 20
658.6886120688
 10
580.2735089681
 20
659.0473463103
 10
581.6807788024
 20
659.3422812071
 10
583.094462387
 20
659.6080986755
 10
584.5139505477
 20
659.8447005387
 10
585.9386341101
 20
660.0519886199
 10
587.3679039001
 20
660.2298647422
 10
588.7755257038
 20
660.3758406834
 10
590.1864066722
 20
660.4932580013
 10
591.599969686
 20
660.5820236854
 10
593.015637626
 20
660.6420447248
 10
594.4617659969
 20
660.6735651571
 10
595.9088545769
 20
660.6750158281
 10
597.3562781168
 20
660.6464158659
 10
598.8034134479
 20
660.5877882179
 10
600.2496374011
 20
660.4991558315
 10
601.6943268077
 20
660.3805416539
 10
603.1368584987
 20
660.2319686326
 10
604.5766093052
 20
660.0534597149
 10
606.0129560583
 20
659.8450378483
 10
607.4452755893
 20
659.60672598
 10
608.8729397292
 20
659.3385662529
 10
610.2953287669
 20
659.0406820251
 10
611.7118335806
 20
658.7132181044
 10
613.1218450552
 20
658.3563192986
 10
614.6646308921
 20
657.929906148
 10
616.1980120278
 20
657.4682447427
 10
617.7211777305
 20
656.971527822
 10
619.233317268
 20
656.4399481249
 10
620.7336199085
 20
655.8736983905
 10
622.0836363669
 20
655.3302434572
 10
623.422663566
 20
654.7586837924
 10
624.7501338682
 20
654.159279723
 10
626.065479636
 20
653.5322915762
 10
627.3681332317
 20
652.8779796788
 10
628.6346216946
 20
652.2090075887
 10
629.887781916
 20
651.5141766245
 10
631.1270761278
 20
650.7937334147
 10
632.3519665617
 20
650.0479245876
 10
633.5864484771
 20
649.2610059562
 10
634.8048181574
 20
648.448251357
 10
636.0065604974
 20
647.6100288112
 10
637.1911642917
 20
646.7467083797
 10
638.3581183347
 20
645.8586601237
 10
639.5069114206
 20
644.946254104
 10
640.637032344
 20
644.0098603817
 10
641.7479698993
 20
643.0498490179
 10
642.8392128808
 20
642.0665900735
 10
643.910250083
 20
641.0604536095
 10
644.960576905
 20
640.0318286443
 10
645.9897415847
 20
638.9811677264
 10
646.9973133398
 20
637.9089354777
 10
647.9828613937
 20
636.815596516
 10
649.0410127462
 20
635.589099926
 10
650.071420817
 20
634.3382448071
 10
651.0735122424
 20
633.0636495657
 10
652.046713659
 20
631.765932608
 10
652.990451703
 20
630.4457123404
 10
653.8205690927
 20
629.2292029963
 10
654.6256302677
 20
627.9952360925
 10
655.4053043654
 20
626.7443500291
 10
656.1592605236
 20
625.4770832062
 10
656.8871678796
 20
624.1939740238
 10
657.5764015346
 20
622.9188779141
 10
658.2398757917
 20
621.629529604
 10
658.8772771987
 20
620.3264391629
 10
659.4882923032
 20
619.01011666
 10
660.0842531167
 20
617.6538220465
 10
660.6521262539
 20
616.2848610622
 10
661.1916856502
 20
614.9038330831
 10
661.7027096672
 20
613.5113370048
 10
662.1849766668
 20
612.1079717231
 10
662.6382650106
 20
610.6943361334
 10
663.0623530604
 20
609.2710291315
 10
663.4570191779
 20
607.838649613
 10
663.8220417249
 20
606.3977964735
 10
664.1571990631
 20
604.9490686087
 10
664.4622857808
 20
603.4930771351
 10
664.7371766553
 20
602.0304568391
 10
664.9817708978
 20
600.5618408475
 10
665.1959677219
 20
599.0878622805
 10
665.3963549218
 20
597.461047711
 10
665.5597051475
 20
595.8293531835
 10
665.6858842523
 20
594.1936213809
 10
665.7747580898
 20
592.5546949861
 10
665.8261925133
 20
590.9134166821
 10
665.8403724799
 20
589.4232823271
 10
665.8236584768
 20
587.9325605489
 10
665.7760752526
 20
586.441890257
 10
665.6976475562
 20
584.9519103613
 10
665.5884001362
 20
583.4632597714
 10
665.4511284002
 20
582.0031043353
 10
665.2841751363
 20
580.5454527389
 10
665.0875637911
 20
579.0909102722
 10
664.8613178108
 20
577.6400822252
 10
664.5999328356
 20
576.164103834
 10
664.307800852
 20
574.6932726242
 10
663.9850690341
 20
573.2282197807
 10
663.6318880061
 20
571.7695735932
 10
663.2484083923
 20
570.3179623515
 10
662.834780817
 20
568.8740143451
 10
662.3911559047
 20
567.4383578638
 10
661.9176842797
 20
566.0116211972
 10
661.4145165662
 20
564.594432635
 10
660.8818033886
 20
563.1874204669
 10
660.3197158925
 20
561.7912141227
 10
659.7285059584
 20
560.4064177968
 10
659.1084450722
 20
559.0336205372
 10
658.4598047177
 20
557.6734113848
 10
657.7136150582
 20
556.1924236012
 10
656.9335340833
 20
554.72816418
 10
656.1199231382
 20
553.2814171348
 10
655.2731435682
 20
551.8529664788
 10
654.3935567187
 20
550.4435962255
 10
653.5676244717
 20
549.1823038593
 10
652.7153820014
 20
547.9378939787
 10
651.8372095805
 20
546.7108898384
 10
650.9334874816
 20
545.5018146935
 10
650.0045959776
 20
544.3111917988
 10
649.0681605286
 20
543.1602972537
 10
648.1081736312
 20
542.028202289
 10
647.1249955482
 20
540.9154026257
 10
646.1189865421
 20
539.8223939847
 10
645.0692884004
 20
538.7279945222
 10
643.9966299832
 20
537.6552163358
 10
642.9014901268
 20
536.6045072889
 10
641.7843489382
 20
535.5763108698
 10
640.6456865247
 20
534.5710705668
 10
639.4859829932
 20
533.5892298681
 10
638.3057184508
 20
532.631232262
 10
637.1053730046
 20
531.6975212368
 10
635.8854267616
 20
530.7885402808
 10
634.646359829
 20
529.9047328822
 10
633.3886702057
 20
529.0465319379
 10
632.1129095534
 20
528.2143036989
 10
630.8196374886
 20
527.4083906536
 10
629.5094136225
 20
526.6291352851
 10
628.0492559352
 20
525.8031527502
 10
626.5700085402
 20
525.0102962543
 10
625.0724162801
 20
524.2510216424
 10
623.5572239972
 20
523.5257847598
 10
622.0251765341
 20
522.8350414516
 10
620.6215066092
 20
522.2386659545
 10
619.2052085134
 20
521.6712818495
 10
617.7768962803
 20
521.133115106
 10
616.3371839435
 20
520.6243916932
 10
614.8866855368
 20
520.1453375806
 10
613.4521841369
 20
519.7039359662
 10
612.0084524669
 20
519.2915855447
 10
610.5560722499
 20
518.9085003947
 10
609.0956252088
 20
518.554894595
 10
607.5976633917
 20
518.2246811319
 10
606.0925553018
 20
517.9255583554
 10
604.5809553941
 20
517.6576334077
 10
603.0635167298
 20
517.4210090392
 10
601.5408923703
 20
517.2157880001
 10
600.0137353766
 20
517.0420730409
 10
598.4826988101
 20
516.8999669118
 10
596.948435732
 20
516.7895723631
 10
595.4115992035
 20
516.7109921452
 10
593.8728422859
 20
516.6643290085
 10
592.3328271186
 20
516.6496667328
 10
590.7922234444
 20
516.6670028897
 10
589.2516943217
 20
516.7163106052
 10
587.7119028015
 20
516.7975630039
 10
586.3016414968
 20
516.9000839326
 10
584.8930678485
 20
517.029403985
 10
583.4866925746
 20
517.1855024602
 10
582.0830263933
 20
517.3683586571
 10
580.6825800228
 20
517.577951875
 10
579.2858641813
 20
517.8142614128
 10
577.7703422457
 20
518.1018134542
 10
576.2605050421
 20
518.4208399662
 10
574.7569958062
 20
518.7711855296
 10
573.2604577737
 20
519.1526947252
 10
571.7715341804
 20
519.5652121338
 10
570.3172325853
 20
520.0003953594
 10
568.8715057697
 20
520.4651920906
 10
567.4349631219
 20
520.9594550865
 10
566.0082140304
 20
521.4830371061
 10
564.5630763781
 20
522.0473720915
 10
563.1294120911
 20
522.6418628795
 10
561.7078315236
 20
523.2662314466
 10
560.2989413882
 20
523.9201968631
 10
558.9033483973
 20
524.6034781992
 10
557.5216592633
 20
525.3157945253
 10
556.1544806987
 20
526.0568649115
 10
554.8024194158
 20
526.8264084283
 10
553.4660821272
 20
527.6241441458
 10
552.1460755452
 20
528.4497911343
 10
550.8430033382
 20
529.3030474133
 10
549.5574270659
 20
530.1835342772
 10
548.2898889194
 20
531.0908562386
 10
547.0409310827
 20
532.0246178129
 10
545.9128384151
 20
532.9034546169
 10
544.8012315741
 20
533.8038710997
 10
543.7065281794
 20
534.7255626376
 10
542.6291458509
 20
535.6682246068
 10
541.5695022085
 20
536.6315523837
 10
540.5280148719
 20
537.6152413446
 10
539.4154450491
 20
538.7087817713
 10
538.3253491859
 20
539.8255843599
 10
537.2581805028
 20
540.9651567509
 10
536.2143922202
 20
542.1270065847
 10
535.1944375585
 20
543.3106415019
 10
534.2163339204
 20
544.4938687118
 10
533.2620868527
 20
545.6971685297
 10
532.3321257273
 20
546.9200745041
 10
531.426879916
 20
548.1621201838
 10
530.5290818975
 20
549.4487568496
 10
529.6578814317
 20
550.754292076
 10
528.8136351423
 20
552.0781489736
 10
527.996694958
 20
553.4197502596
 10
527.2074128078
 20
554.7785186513
 10
526.4461406206
 20
556.153876866
 10
525.7132303253
 20
557.5452476209
 10
525.0090338506
 20
558.9520536333
 10
524.3339031256
 20
560.3737176205
 10
523.6881900791
 20
561.8096622997
 10
523.0722322397
 20
563.2592944113
 10
522.486288596
 20
564.72197991
 10
521.9305924236
 20
566.1970815441
 10
521.405376994
 20
567.6839620687
 10
520.9509052329
 20
569.0567390587
 10
520.5224214538
 20
570.4383872846
 10
520.1201053352
 20
571.8284159052
 10
519.7441365555
 20
573.2263340795
 10
519.3946947931
 20
574.6316509665
 10
519.0719597265
 20
576.0438757251
 10
518.751202438
 20
577.5883872463
 10
518.462411436
 20
579.139817852
 10
518.2056907508
 20
580.6974989354
 10
517.981144413
 20
582.2607618897
 10
517.7888764529
 20
583.8289381079
 10
517.6315614318
 20
585.373246691
 10
517.5055811867
 20
586.9210162656
 10
517.4110342739
 20
588.4716134071
 10
517.3480192498
 20
590.0244046913
 10
517.3163224679
 20
591.6104882314
 10
517.3176037597
 20
593.1975051935
 10
517.3518384509
 20
594.7847702753
 10
517.4189977021
 20
596.3716004848
 10
517.5190526739
 20
597.9573128297
 10
517.6519745268
 20
599.5412243179
 10
517.8177344213
 20
601.1226519572
 10
518.0163035181
 20
602.7009127554
 10
518.2476529776
 20
604.2753237204
 10
518.5117539605
 20
605.8452018599
 10
518.8085565413
 20
607.4098588572
 10
519.1379218678
 20
608.9686162988
 10
519.4996876821
 20
610.5208075379
 10
519.8936917268
 20
612.0657659351
 10
520.2830439117
 20
613.4750545919
 10
520.6992238441
 20
614.8771920084
 10
521.1421065445
 20
616.2716647027
 10
521.6115670331
 20
617.6579591927
 10
522.1074803305
 20
619.0355619966
 10
522.6297214569
 20
620.4039596324
 10
523.2279532521
 20
621.8824345352
 10
523.8569392664
 20
623.3487576079
 10
524.516391021
 20
624.8023085446
 10
525.2060200369
 20
626.2424670392
 10
525.9255378353
 20
627.6686127857
 10
526.6610209308
 20
629.0550518073
 10
527.4247833161
 20
630.4267880525
 10
528.2165516922
 20
631.7832338559
 10
529.0360527601
 20
633.1238015524
 10
529.9005796883
 20
634.4747499127
 10
530.7933458754
 20
635.8079479933
 10
531.7139453252
 20
637.1228338383
 10
532.6619698417
 20
638.4188497742
 10
533.6370112286
 20
639.6954381277
 10
534.6386612898
 20
640.9520412254
 10
535.6665118293
 20
642.188101394
 10
536.7201546508
 20
643.4030609599
 10
537.7991815583
 20
644.59636225
 10
538.9031843556
 20
645.7674475907
 10
540.031734137
 20
646.9157666938
 10
541.1843328577
 20
648.0408275961
 10
542.3604694276
 20
649.1421613797
 10
543.5596327612
 20
650.2192991327
 10
544.6786576862
 20
651.1850193821
 10
545.816208369
 20
652.1296530474
 10
546.9718911437
 20
653.052838947
 10
548.1453123441
 20
653.9542158996
 10
549.3360783043
 20
654.8334227239
 10
550.5437953581
 20
655.6900982383
 10
551.8772176862
 20
656.5965925271
 10
553.2296546527
 20
657.4755919824
 10
554.6005151892
 20
658.32673759
 10
555.989208227
 20
659.1496703355
 10
557.3951426975
 20
659.9440312046
 10
558.7921816471
 20
660.6960485694
 10
560.2047216482
 20
661.4198189413
 10
561.6322027347
 20
662.1150021975
 10
563.0740649403
 20
662.7812582153
 10
564.5595937842
 20
663.430940479
 10
566.0588772136
 20
664.0498378853
 10
567.5712582485
 20
664.637706512
 10
569.096080469
 20
665.194307271
 10
570.632687455
 20
665.7194010743
 10
572.1804227866
 20
666.2127488338
 10
573.7386300439
 20
666.6741114614
 10
575.306652807
 20
667.103249869
 10
576.8838346559
 20
667.4999249687
 10
578.4695191706
 20
667.8638976722
 10
580.0630366869
 20
668.1949467405
 10
581.663692255
 20
668.4929388012
 10
583.2707929243
 20
668.7577671732
 10
584.8836457512
 20
668.989325178
 10
586.3665554644
 20
669.1722684783
 10
587.85318258
 20
669.3270836194
 10
589.3429933552
 20
669.4536884319
 10
590.835454047
 20
669.5520007462
 10
592.3300309127
 20
669.6219383927
 10
593.8261902093
 20
669.6634192021
 10
595.4559668894
 20
669.6761508654
 10
597.0862708324
 20
669.6550958552
 10
598.7164036962
 20
669.6002847738
 10
600.3456671384
 20
669.5117482232
 10
601.9733628168
 20
669.389516806
 10
603.5697907789
 20
669.2367000049
 10
605.1633712494
 20
669.0514394917
 10
606.7534426333
 20
668.8337642584
 10
608.3393433353
 20
668.5837032969
 10
609.9526221006
 20
668.2951873836
 10
611.5601600283
 20
667.9730772581
 10
613.1612681166
 20
667.6175372494
 10
614.7552605514
 20
667.2287354317
 10
616.3414515186
 20
666.8068398791
 10
617.9191552044
 20
666.3520186658
 10
619.4876857947
 20
665.8644398659
 10
621.0463574755
 20
665.3442715536
 10
622.5944844328
 20
664.791681803
 10
624.1313808527
 20
664.2068386882
 10
625.6563598315
 20
663.589932722
 10
627.1687626229
 20
662.941242434
 10
628.6679471638
 20
662.2610676469
 10
630.1532713986
 20
661.5497081817
 10
631.5020943593
 20
660.8704898666
 10
632.8382367614
 20
660.165550631
 10
634.1612040587
 20
659.4351214135
 10
635.4705017049
 20
658.6794331524
 10
636.7656351537
 20
657.8987167864
 10
638.0461098588
 20
657.093203254
 10
639.4227059407
 20
656.1884856679
 10
640.7807624155
 20
655.2550860863
 10
642.119709864
 20
654.293422668
 10
643.4389788669
 20
653.3039135718
 10
644.738000005
 20
652.2869769564
 10
645.993564639
 20
651.2619072991
 10
647.2285093693
 20
650.2111804439
 10
648.4422947396
 20
649.1351925459
 10
649.634381294
 20
648.0343397603
 10
650.8278687037
 20
646.8858030673
 10
651.9976594086
 20
645.7122685528
 10
653.143267003
 20
644.5142614387
 10
654.2642098634
 20
643.2923082999
 10
655.3600063665
 20
642.0469357112
 10
656.430174889
 20
640.7786702474
 10
657.4742338073
 20
639.4880384834
 10
658.4917014982
 20
638.1755669942
 10
659.4820963382
 20
636.8417823544
 10
660.444936704
 20
635.487211139
 10
661.3797526706
 20
634.1123993811
 10
662.2861474344
 20
632.7179512074
 10
663.1637501697
 20
631.3044792495
 10
664.0121900562
 20
629.8725961333
 10
664.7639911598
 20
628.5443861444
 10
665.4906901517
 20
627.2016923222
 10
666.1920014061
 20
625.8449865445
 10
666.8676392968
 20
624.4747406893
 10
667.5173181981
 20
623.0914266345
 10
668.1407524838
 20
621.6955162579
 10
668.7892287276
 20
620.1622794054
 10
669.4060180469
 20
618.6153629729
 10
669.9908771366
 20
617.0554381428
 10
670.5435626916
 20
615.4831760972
 10
671.0638314066
 20
613.8992480185
 10
671.5430204915
 20
612.3328983821
 10
671.9904749482
 20
610.7565789264
 10
672.4059642743
 20
609.1709255158
 10
672.7892579676
 20
607.5765740146
 10
673.1469482908
 20
605.9413806317
 10
673.4706902715
 20
604.2984998648
 10
673.7603704913
 20
602.6486461501
 10
674.0158803078
 20
600.9925323721
 10
674.2371110786
 20
599.3308714153
 10
674.4239541612
 20
597.6643761643
 10
674.5763009133
 20
595.9937595036
 10
674.6940426925
 20
594.3197343177
 10
674.7770708562
 20
592.643013491
 10
674.8252767622
 20
590.9643099082
 10
674.8385725294
 20
589.2843462193
 10
674.8169643301
 20
587.6038527642
 10
674.7604849306
 20
585.9235524252
 10
674.6691670983
 20
584.2441680767
 10
674.5548824758
 20
582.7061544815
 10
674.4113766654
 20
581.1700747855
 10
674.2386749067
 20
579.6364857858
 10
674.0368024389
 20
578.1059442798
 10
673.8057845012
 20
576.5790070648
 10
673.5456463331
 20
575.0562309382
 10
673.2294309511
 20
573.4040324157
 10
672.8789157138
 20
571.7581419679
 10
672.4942733762
 20
570.1192599793
 10
672.0756766934
 20
568.4880868342
 10
671.6232984204
 20
566.8653229169
 10
671.1462833728
 20
565.280399926
 10
670.637012753
 20
563.7049276386
 10
670.0956502257
 20
562.1395695845
 10
669.5223594554
 20
560.5849892935
 10
668.9046288711
 20
559.0104824389
 10
668.254065805
 20
557.4485866605
 10
667.5709763858
 20
555.8999656721
 10
666.8556698802
 20
554.3652792009
 10
666.1084555548
 20
552.8451869741
 10
665.3296426763
 20
551.3403487187
 10
664.5195405114
 20
549.8514241619
 10
663.6784583267
 20
548.3790730308
 10
662.806705389
 20
546.9239550527
 10
661.9045909648
 20
545.4867299546
 10
660.9724472427
 20
544.0680539961
 10
660.0106897072
 20
542.6685370415
 10
659.0197519813
 20
541.2887677501
 10
658.0000676846
 20
539.9293347739
 10
657.0404743569
 20
538.7015555169
 10
656.0574242829
 20
537.4918124567
 10
655.0512514599
 20
536.3005590049
 10
654.0222898856
 20
535.1282485734
 10
652.9708735573
 20
533.9753345741
 10
651.8973364726
 20
532.8422704188
 10
650.7040299058
 20
531.631982666
 10
649.4854582664
 20
530.4462568631
 10
648.2421600781
 20
529.2855841166
 10
646.9746738648
 20
528.1504555331
 10
645.6835381501
 20
527.0413622189
 10
644.392959692
 20
525.9778913745
 10
643.0805984653
 20
524.9404732583
 10
641.7469646564
 20
523.9295731346
 10
640.3925684518
 20
522.9456562677
 10
638.9896612902
 20
521.969956694
 10
637.566262069
 20
521.0232877284
 10
636.1230006911
 20
520.1060347469
 10
634.6605074539
 20
519.2185780152
 10
633.1794126548
 20
518.3612977994
 10
631.6803465914
 20
517.5345743651
 10
630.163939561
 20
516.7387879782
 10
628.6308218611
 20
515.9743189046
 10
627.0816237892
 20
515.24154741
 10
625.5169756426
 20
514.5408537603
 10
623.9375250161
 20
513.8726024297
 10
622.3439633722
 20
513.237072137
 10
620.7369854874
 20
512.6345136079
 10
619.1172861312
 20
512.0651775636
 10
617.621979644
 20
511.5726853534
 10
616.1171025359
 20
511.1085130538
 10
614.6031899562
 20
510.6728537838
 10
613.0807770544
 20
510.2659006628
 10
611.5503989799
 20
509.88784681
 10
610.0125908821
 20
509.5388853446
 10
608.3308376739
 20
509.1923056644
 10
606.6416600471
 20
508.8805411287
 10
604.945786041
 20
508.6037016216
 10
603.2439436949
 20
508.3618970271
 10
601.5368610483
 20
508.1552372294
 10
599.8558656858
 20
507.9865831283
 10
598.1712075051
 20
507.8520399561
 10
596.4835762359
 20
507.7517118146
 10
594.7936616076
 20
507.6857028056
 10
593.0676228982
 20
507.6538296743
 10
591.3406775541
 20
507.6578429288
 10
589.6135709303
 20
507.6977123491
 10
587.8870458423
 20
507.7734032035
 10
586.1618451057
 20
507.8848807606
 10
584.4387115359
 20
508.0321102888
 10
582.7183879483
 20
508.2150570566
 10
581.0016171585
 20
508.4336863325
 10
579.2891419817
 20
508.6879633849
 10
577.5817052336
 20
508.9778534824
 10
575.8800553789
 20
509.3032989169
 10
574.1849295334
 20
509.664145342
 10
572.4970518689
 20
510.06021305
 10
570.8171465491
 20
510.4913223336
 10
569.2848553091
 20
510.9171354117
 10
567.7604293419
 20
511.3721037226
 10
566.2444264378
 20
511.8560888459
 10
564.7374043873
 20
512.3689523611
 10
563.2399209805
 20
512.9105558478
 10
561.7525340079
 20
513.4807608856
 10
560.1456006607
 20
514.1337695427
 10
558.5519817142
 20
514.8201819065
 10
556.9723501431
 20
515.5396813463
 10
555.4073789216
 20
516.2919512313
 10
553.8577410244
 20
517.0766749307
 10
552.3513514441
 20
517.8786690317
 10
550.8610391752
 20
518.7113628381
 10
549.3874417801
 20
519.5744563804
 10
547.931196821
 20
520.4676496893
 10
546.4637820159
 20
521.4097849142
 10
545.0157555348
 20
522.3825626891
 10
543.5877261849
 20
523.385539043
 10
542.1802981074
 20
524.4182676444
 10
540.7940754433
 20
525.4803021621
 10
539.4296623339
 20
526.571196265
 10
538.0876629202
 20
527.6905036216
 10
536.7686813436
 20
528.8377779009
 10
535.473321745
 20
530.0125727715
 10
534.2021882657
 20
531.2144419021
 10
532.9558768815
 20
532.4429164997
 10
531.7349197565
 20
533.6974530232
 10
530.5398239446
 20
534.9774939143
 10
529.3710964923
 20
536.2824816197
 10
528.3233599197
 20
537.5001592433
 10
527.2985967091
 20
538.7379011628
 10
526.2971974157
 20
539.99527792
 10
525.3195525947
 20
541.271860057
 10
524.3660528012
 20
542.5672181157
 10
523.4370885904
 20
543.8809226379
 10
522.4542174026
 20
545.3312579501
 10
521.5012796669
 20
546.8021649794
 10
520.5786625496
 20
548.2929999888
 10
519.6867532167
 20
549.8031192415
 10
518.8259388345
 20
551.3318790002
 10
518.01113776
 20
552.8508607896
 10
517.2270712733
 20
554.3865924818
 10
516.4741061678
 20
555.9384642137
 10
515.7526092368
 20
557.505866122
 10
515.0492055228
 20
559.1206291962
 10
514.3792838475
 20
560.7502350708
 10
513.7431059904
 20
562.3939691615
 10
513.1409284894
 20
564.0511175241
 10
512.5730078823
 20
565.7209662143
 10
512.0396007072
 20
567.402801288
 10
511.5409635018
 20
569.0959088007
 10
511.077352804
 20
570.7995748084
 10
510.6490251517
 20
572.5130853666
 10
510.2562370828
 20
574.2357265313
 10
509.8992256639
 20
575.9667700901
 10
509.578132417
 20
577.7054609304
 10
509.2930699156
 20
579.4510462773
 10
509.04415073
 20
581.2027733642
 10
508.8478218519
 20
582.8132756262
 10
508.6820446975
 20
584.4277263007
 10
508.5469059744
 20
586.0455455656
 10
508.4424923908
 20
587.6661535988
 10
508.3688906545
 20
589.2889705783
 10
508.3261874733
 20
590.913416682
 10
508.3146093954
 20
592.598561047
 10
508.3363021687
 20
594.2841618175
 10
508.3912343012
 20
595.9695643994
 10
508.4793743011
 20
597.654114198
 10
508.6006906763
 20
599.3371566191
 10
508.755151935
 20
601.0180370682
 10
508.942726585
 20
602.6961009509
 10
509.1437323125
 20
604.2312928319
 10
509.372511768
 20
605.7630637691
 10
509.6290406949
 20
607.2909095584
 10
509.9132870121
 20
608.8143228364
 10
510.2251572093
 20
610.3327987423
 10
510.5645288171
 20
611.8458454941
 10
510.9312791988
 20
613.3529717232
 10
511.3252857177
 20
614.8536860613
 10
511.7464257369
 20
616.3474971402
 10
512.1945766197
 20
617.8339135915
 10
512.6696157294
 20
619.3124440468
 10
513.1714204292
 20
620.7825971378
 10
513.6689554846
 20
622.160627018
 10
514.1900727901
 20
623.5303609204
 10
514.7346624764
 20
624.8913854661
 10
515.3025642976
 20
626.2432992044
 10
515.8935964959
 20
627.5857166413
 10
516.5455217495
 20
628.9986863375
 10
517.2230445739
 20
630.400081116
 10
517.925948047
 20
631.7894415151
 10
518.654015247
 20
633.1663080728
 10
519.4070292516
 20
634.5302213275
 10
520.184773139
 20
635.8807218174
 10
520.9405301739
 20
637.1413530394
 10
521.7178969108
 20
638.3892670231
 10
522.5166877959
 20
639.6240781697
 10
523.3366747354
 20
640.8454172323
 10
524.17760367
 20
642.0529395744
 10
525.140557691
 20
643.3838842913
 10
526.1289269966
 20
644.6967137779
 10
527.1423580068
 20
645.9909507611
 10
528.1804971417
 20
647.2661179675
 10
529.2429908213
 20
648.5217381241
 10
530.3294854657
 20
649.7573339575
 10
531.4396274949
 20
650.9724281947
 10
532.5730633289
 20
652.1665435624
 10
533.772281664
 20
653.3818261312
 10
534.9956518865
 20
654.573590011
 10
536.242682214
 20
655.7413891472
 10
537.5128808635
 20
656.8847774852
 10
538.8057560524
 20
658.0033089706
 10
540.1208159979
 20
659.0965375488
 10
541.4575689174
 20
660.1640171653
 10
542.7015624182
 20
661.1195394375
 10
543.9629920109
 20
662.0527070442
 10
545.2414788976
 20
662.9631764097
 10
546.5366364151
 20
663.8506073079
 10
547.8480357277
 20
664.714705347
 10
549.1752366503
 20
665.5552062562
 10
550.5177991751
 20
666.371846181
 10
551.8752832942
 20
667.1643612669
 10
553.2472489999
 20
667.9324876594
 10
554.6332562841
 20
668.6759615038
 10
556.032865139
 20
669.3945189457
 10
557.4456355567
 20
670.0878961305
 10
558.7893358186
 20
670.7183516361
 10
560.143976477
 20
671.3259666879
 10
561.5091825682
 20
671.9105241125
 10
562.884551625
 20
672.4718513909
 10
564.2696772245
 20
673.0098028444
 10
565.7489584166
 20
673.5546515345
 10
567.2382730653
 20
674.0728681669
 10
568.7371365576
 20
674.5642793174
 10
570.2450642803
 20
675.0287115622
 10
571.7615716203
 20
675.4659914772
 10
573.2861739647
 20
675.8759456386
 10
574.7306351267
 20
676.2372898714
 10
576.1814555777
 20
676.5740425359
 10
577.6382261031
 20
676.8860606003
 10
579.100518766
 20
677.1732432333
 10
580.5679046893
 20
677.4355258292
 10
582.2111014242
 20
677.698771061
 10
583.8595139383
 20
677.9308331559
 10
585.5125470499
 20
678.1316238931
 10
587.1696055773
 20
678.3010550521
 10
588.8300943387
 20
678.439038412
 10
590.4934181524
 20
678.5454857521
 10
592.1589818365
 20
678.6203088517
 10
593.8261902093
 20
678.6634194901
 10
595.555665769
 20
678.6745596694
 10
597.2855804009
 20
678.651554324
 10
599.0152623973
 20
678.5944366313
 10
600.7440400504
 20
678.5032397689
 10
602.4712416525
 20
678.3779969141
 10
604.1961954957
 20
678.2187412444
 10
605.9182298724
 20
678.0255059375
 10
607.4936230285
 20
677.8185517411
 10
609.0654812145
 20
677.583098644
 10
610.6332870445
 20
677.3191722013
 10
612.1965199052
 20
677.0268060036
 10
613.7546618587
 20
676.7060966735
 10
615.3072084368
 20
676.3571705216
 10
616.8536555959
 20
675.9801540296
 10
618.3934992926
 20
675.5751736793
 10
619.9262354835
 20
675.1423559522
 10
621.4513601252
 20
674.6818273303
 10
622.9683691742
 20
674.193714295
 10
624.4767585872
 20
673.6781433282
 10
625.8906065674
 20
673.1669979759
 10
627.2959213032
 20
672.631661537
 10
628.692278765
 20
672.0722472917
 10
630.0792672501
 20
671.4889201895
 10
631.4564914632
 20
670.8818672208
 10
632.9060736983
 20
670.2123053571
 10
634.3437568843
 20
669.5164881963
 10
635.769069878
 20
668.7946389043
 10
637.1815415362
 20
668.0469806471
 10
638.5807007157
 20
667.2737365904
 10
639.9660762732
 20
666.4751299001
 10
641.2592395316
 20
665.6991282843
 10
642.5393356916
 20
664.900965248
 10
643.8059693577
 20
664.0808316771
 10
645.0587619855
 20
663.2389620751
 10
646.2973603219
 20
662.37561754
 10
647.66253169
 20
661.3870254299
 10
649.0090948991
 20
660.3723727635
 10
650.3365607453
 20
659.3320229121
 10
651.6444400248
 20
658.2663392467
 10
652.9322435338
 20
657.1756851387
 10
654.1994820682
 20
656.0604239593
 10
655.4456664244
 20
654.9209190797
 10
656.6703073983
 20
653.757533871
 10
657.9166272144
 20
652.5266590065
 10
659.1387975974
 20
651.2710260235
 10
660.3363615835
 20
649.9911399974
 10
661.5088622091
 20
648.6875060038
 10
662.6558425105
 20
647.3606291182
 10
663.776845524
 20
646.0110144163
 10
664.8714142861
 20
644.6391669735
 10
665.8511569499
 20
643.3625406757
 10
666.8079515448
 20
642.0680461403
 10
667.7414460925
 20
640.7560724042
 10
668.6512920651
 20
639.4270165672
 10
669.5371880246
 20
638.0813189126
 10
670.3988634459
 20
636.7194313121
 10
671.2360482308
 20
635.3418054548
 10
672.0484722808
 20
633.9488930302
 10
672.8358654975
 20
632.5411457276
 10
673.5979577826
 20
631.1190152361
 10
674.3344790376
 20
629.6829532452
 10
675.0451591643
 20
628.2334114441
 10
675.6913179579
 20
626.8547600277
 10
676.3140380126
 20
625.464905475
 10
676.9130970357
 20
624.0642326931
 10
677.4883185845
 20
622.6531547242
 10
678.0395537502
 20
621.2320886218
 10
678.5978204482
 20
619.7144474886
 10
679.1287608103
 20
618.1865370115
 10
679.6321975674
 20
616.6488544788
 10
680.1079534506
 20
615.1018971787
 10
680.5558511911
 20
613.5461623992
 10
680.9757135199
 20
611.9821474286
 10
681.3457462958
 20
610.5003675626
 10
681.6905499911
 20
609.0120856722
 10
682.0099784169
 20
607.5177216695
 10
682.3039287001
 20
606.0177145984
 10
682.5723351193
 20
604.5125044057
 10
682.8416533815
 20
602.826976907
 10
683.0789836776
 20
601.1361259063
 10
683.2842362741
 20
599.4405619451
 10
683.4573214375
 20
597.7408955647
 10
683.5981494342
 20
596.0377373067
 10
683.7066305308
 20
594.3316977127
 10
683.7826749937
 20
592.6233873239
 10
683.8261930893
 20
590.9134166821
  0
LWPOLYLINE
  5
11C
330
1F
100
AcDbEntity
  8
0
  6
Continuous
 62
     7
100
AcDbPolyline
 90
       39
 70
   128
 43
0.0
 10
611.8261819839
 20
590.9134166821
 10
611.7975098288
 20
591.454776647
 10
611.7993009236
 20
591.9759136773
 10
611.8316383493
 20
592.4771112781
 10
611.8945963854
 20
592.9586529546
 10
611.9882493114
 20
593.4208222123
 10
612.1101793344
 20
593.8561561578
 10
612.2618598105
 20
594.2733454365
 10
612.4433611104
 20
594.6726586356
 10
612.6547536052
 20
595.0543643421
 10
612.9007736897
 20
595.4251971741
 10
613.1779290354
 20
595.7783383683
 10
613.4862939221
 20
596.1140714299
 10
613.8259426291
 20
596.4326798642
 10
614.1969494359
 20
596.7344471765
 10
614.5919261431
 20
597.014707395
 10
615.0172930386
 20
597.2792646474
 10
615.4731204934
 20
597.5283875208
 10
615.9594788783
 20
597.7623446021
 10
616.4500235476
 20
597.9708655199
 10
616.9682639047
 20
598.1661636319
 10
617.5142603419
 20
598.3484694386
 10
618.0880732509
 20
598.51801344
 10
618.6897630239
 20
598.6750261365
 10
619.3193900528
 20
598.8197380285
 10
619.9386809006
 20
598.9451212346
 10
620.5829117055
 20
599.0599673875
 10
621.2521330869
 20
599.1644696879
 10
621.946395664
 20
599.2588213367
 10
622.6657500564
 20
599.3432155348
 10
623.4102468835
 20
599.4178454832
 10
624.1799367647
 20
599.4829043827
 10
624.9748703193
 20
599.5385854342
 10
625.7950981668
 20
599.5850818386
 10
626.6406709266
 20
599.6225867969
 10
627.4958632228
 20
599.6508569235
 10
628.3756001214
 20
599.6708232568
 10
629.279929578
 20
599.6826688315
 10
630.2088995484
 20
599.6865766821
  0
LWPOLYLINE
  5
11D
330
1F
100
AcDbEntity
  8
0
  6
Continuous
 62
     7
100
AcDbPolyline
 90
     2025
 70
   128
 43
0.0
 10
611.8261819839
 20
590.9134166821
 10
611.8700970861
 20
590.1630122861
 10
611.8826266399
 20
589.4089603512
 10
611.8636004296
 20
588.6525860613
 10
611.8128394384
 20
587.8952146002
 10
611.7301654722
 20
587.1381718926
 10
611.6178154266
 20
586.3962706911
 10
611.4746610174
 20
585.6572707544
 10
611.300786381
 20
584.9224547882
 10
611.0962756539
 20
584.1931054979
 10
610.8561033901
 20
583.4558394604
 10
610.5843473524
 20
582.7269660186
 10
610.2813643662
 20
582.0078252418
 10
609.9475175595
 20
581.2997542648
 10
609.5831700599
 20
580.6040902225
 10
609.1887062739
 20
579.9221692135
 10
608.7646772421
 20
579.2552838887
 10
608.3127317364
 20
578.6060920066
 10
607.832602338
 20
577.9743698126
 10
607.3249148408
 20
577.3613654144
 10
606.7903463461
 20
576.7683102038
 10
606.2297374465
 20
576.1963455412
 10
605.6546369195
 20
575.6562022007
 10
605.05608656
 20
575.1385344272
 10
604.4349143813
 20
574.6443983169
 10
603.7920237426
 20
574.1748020632
 10
603.1146872921
 20
573.7218505081
 10
602.4169010434
 20
573.2963246846
 10
601.6997635265
 20
572.8991633549
 10
600.9643798471
 20
572.5313012618
 10
600.2119541891
 20
572.193567196
 10
599.4437649744
 20
571.8866785846
 10
598.661092201
 20
571.6113477339
 10
597.8669657694
 20
571.3687816217
 10
597.0609825165
 20
571.1590319792
 10
596.2445217297
 20
570.9826234463
 10
595.4189888741
 20
570.8400043853
 10
594.5857892876
 20
570.7316227463
 10
593.7613655057
 20
570.6589357247
 10
592.932259045
 20
570.6200778626
 10
592.0998747982
 20
570.6152415146
 10
591.2656203843
 20
570.6445812907
 10
590.4138734373
 20
570.7099097458
 10
589.5631414105
 20
570.8111474839
 10
588.7149413295
 20
570.9483539108
 10
587.870794796
 20
571.1214100884
 10
587.0322201239
 20
571.3301794646
 10
586.2007356273
 20
571.5745254869
 10
585.3778616607
 20
571.8543010616
 10
584.5668704898
 20
572.1684720052
 10
583.7674295999
 20
572.5171767422
 10
582.9810097317
 20
572.8999784349
 10
582.2090816255
 20
573.3164402456
 10
581.4531124384
 20
573.7660918735
 10
580.7275392771
 20
574.2393810428
 10
580.0200191664
 20
574.7433579931
 10
579.3318527187
 20
575.2773328712
 10
578.6643405817
 20
575.840615786
 10
578.0058244046
 20
576.4448292389
 10
577.3714001497
 20
577.0778087977
 10
576.7622930326
 20
577.7385503005
 10
576.1797282692
 20
578.426049585
 10
575.6249304858
 20
579.1392999076
 10
575.099053747
 20
579.8771946116
 10
574.60312595
 20
580.6384998908
 10
574.1391424631
 20
581.4202413119
 10
573.7069970049
 20
582.2228211791
 10
573.3076899457
 20
583.0449943695
 10
572.9420863625
 20
583.8854001077
 10
572.6109436273
 20
584.7426128312
 10
572.3199874828
 20
585.5994978116
 10
572.063715032
 20
586.4698682357
 10
571.8428138847
 20
587.3523516516
 10
571.6577941498
 20
588.2454853263
 10
571.5232768185
 20
589.0507169026
 10
571.4180270496
 20
589.8622000818
 10
571.3423575748
 20
590.6788788984
 10
571.2965694138
 20
591.4996902621
 10
571.2808384789
 20
592.3235319499
 10
571.2952651807
 20
593.149293332
 10
571.3399488998
 20
593.9758641834
 10
571.414989017
 20
594.802134279
 10
571.5145206696
 20
595.5860501088
 10
571.6415757049
 20
596.3677248485
 10
571.7960602152
 20
597.1461931658
 10
571.9778685804
 20
597.9204927666
 10
572.1868951808
 20
598.689661357
 10
572.4230343962
 20
599.452736643
 10
572.6704120168
 20
600.1657606082
 10
572.9416108764
 20
600.8717085632
 10
573.2363837989
 20
601.5697967764
 10
573.5544819885
 20
602.2592428106
 10
573.8956566495
 20
602.9392642282
 10
574.3033764845
 20
603.6861280231
 10
574.7391695671
 20
604.419190929
 10
575.202542984
 20
605.1374065882
 10
575.6929371738
 20
605.8397643229
 10
576.2097920692
 20
606.5252542531
 10
576.752547603
 20
607.192866499
 10
577.3206418716
 20
607.8415911392
 10
577.9134331333
 20
608.4704540823
 10
578.4989681009
 20
609.0488398245
 10
579.1054800794
 20
609.6077138527
 10
579.7323195521
 20
610.1463125085
 10
580.3788370025
 20
610.663872133
 10
581.044369972
 20
611.1596353033
 10
581.7281623418
 20
611.6329229143
 10
582.3888895934
 20
612.0580150355
 10
583.0644737915
 20
612.4620419278
 10
583.7542474801
 20
612.8444774029
 10
584.4575432031
 20
613.2047952723
 10
585.1736799125
 20
613.5424799939
 10
585.9871847293
 20
613.8921091931
 10
586.8146870953
 20
614.2124706629
 10
587.6551212172
 20
614.5030240281
 10
588.5074213017
 20
614.7632289137
 10
589.3705197255
 20
614.9925462007
 10
590.2433001246
 20
615.1905167503
 10
591.1245993568
 20
615.3568064102
 10
592.0132531471
 20
615.4910917808
 10
592.8634978798
 20
615.5887508124
 10
593.7183337319
 20
615.6569379491
 10
594.576750629
 20
615.6953964209
 10
595.437704735
 20
615.7039997538
 10
596.3001502059
 20
615.6826717134
 10
597.1630413004
 20
615.6313361664
 10
597.9760929177
 20
615.5553812492
 10
598.7877344571
 20
615.4526187977
 10
599.5970801245
 20
615.3230227061
 10
600.4032433491
 20
615.166682236
 10
601.2053426392
 20
614.9837086414
 10
602.0024965029
 20
614.7742131763
 10
602.7938234483
 20
614.5383070947
 10
603.5784419371
 20
614.2761016737
 10
604.3554687425
 20
613.9877460955
 10
605.1240426504
 20
613.6735044024
 10
605.8698403211
 20
613.3399537415
 10
606.6058562721
 20
612.9819794688
 10
607.3312838285
 20
612.5998522506
 10
608.0453163157
 20
612.1938427529
 10
608.8026709224
 20
611.7289245482
 10
609.5448421823
 20
611.237016274
 10
610.2708912211
 20
610.7186578304
 10
610.9798791646
 20
610.1743891172
 10
611.6708671385
 20
609.6047500344
 10
612.3429161966
 20
609.0102820198
 10
612.9584011084
 20
608.4275921587
 10
613.5555469676
 20
607.8239740264
 10
614.1336640257
 20
607.2000325514
 10
614.6920625342
 20
606.5563726622
 10
615.2300527447
 20
605.8935992874
 10
615.7469450976
 20
605.2123187545
 10
616.2420900545
 20
604.513192949
 10
616.7149160094
 20
603.796954114
 10
617.16485987
 20
603.064338748
 10
617.591358544
 20
602.3160833496
 10
617.9868754045
 20
601.5666786794
 10
618.3587005467
 20
600.8035966558
 10
618.7063446005
 20
600.027577781
 10
619.0294072689
 20
599.2394163279
 10
619.3502244293
 20
598.3755715899
 10
619.6414303054
 20
597.4995004361
 10
619.9025340368
 20
596.6122069046
 10
620.1330472375
 20
595.7146979987
 10
620.3325690082
 20
594.8080301731
 10
620.5008061134
 20
593.8932954137
 10
620.6305178827
 20
593.0244238047
 10
620.7319230549
 20
592.150267134
 10
620.804781328
 20
591.271740801
 10
620.8488581337
 20
590.389764117
 10
620.8640152398
 20
589.5052854698
 10
620.8501941237
 20
588.6192600511
 10
620.8073386455
 20
587.7326422905
 10
620.7353926652
 20
586.8463866177
 10
620.6343000428
 20
585.9614474624
 10
620.5040106927
 20
585.0787818698
 10
620.3476762624
 20
584.215026677
 10
620.1633511058
 20
583.3553044754
 10
619.9511621522
 20
582.5005213456
 10
619.7112363311
 20
581.6515833685
 10
619.4211400024
 20
580.7424328074
 10
619.0990136855
 20
579.8422978115
 10
618.7451454402
 20
578.9523080421
 10
618.3599176352
 20
578.0735637397
 10
617.9437151562
 20
577.2071631429
 10
617.4969228888
 20
576.3542044904
 10
617.0479896684
 20
575.563284793
 10
616.5725476014
 20
574.7862093585
 10
616.0710566565
 20
574.0238533021
 10
615.5440189856
 20
573.2770642973
 10
614.9919367871
 20
572.5466898069
 10
614.4153122589
 20
571.8335772933
 10
613.8146475995
 20
571.1385742192
 10
613.1904636551
 20
570.4625222222
 10
612.5433883465
 20
569.8061974555
 10
611.8740871053
 20
569.1703395935
 10
611.1957474041
 20
568.5664737245
 10
610.4972407861
 20
567.9837640715
 10
609.7791976802
 20
567.422911139
 10
609.0422614078
 20
566.8846088649
 10
608.2260757524
 20
566.3293362568
 10
607.3896691214
 20
565.8017970282
 10
606.5340025738
 20
565.302707011
 10
605.6600371685
 20
564.8327820369
 10
604.7687339773
 20
564.3927379442
 10
603.8610865743
 20
563.9832592305
 10
602.9913053496
 20
563.6256713154
 10
602.1088714798
 20
563.2961803405
 10
601.2147014455
 20
562.995220461
 10
600.3097117277
 20
562.7232258318
 10
599.3948188756
 20
562.480630613
 10
598.4709643805
 20
562.2678327845
 10
597.5391379148
 20
562.0851065079
 10
596.6003327878
 20
561.9326997586
 10
595.6555423084
 20
561.8108605123
 10
594.7057597857
 20
561.7198367444
 10
593.7690396767
 20
561.6606733138
 10
592.8294192409
 20
561.631673232
 10
591.8878780751
 20
561.6329101393
 10
590.9453941962
 20
561.6644299519
 10
589.9276843581
 20
561.7325293016
 10
588.9112473328
 20
561.8360547939
 10
587.8973150136
 20
561.9750640778
 10
586.8871304336
 20
562.1495514217
 10
585.8819305282
 20
562.3593538379
 10
584.8829457276
 20
562.6042843681
 10
583.9478438088
 20
562.8672253763
 10
583.0203921415
 20
563.1610716543
 10
582.1016227308
 20
563.4856649575
 10
581.1925626362
 20
563.8407686513
 10
580.2942068706
 20
564.2260321784
 10
579.4075449993
 20
564.6410960309
 10
578.5335665871
 20
565.0856007012
 10
577.6732611992
 20
565.5591866813
 10
576.8276187619
 20
566.0614929667
 10
575.9976094221
 20
566.5920835771
 10
575.1985243842
 20
567.140204634
 10
574.4162623973
 20
567.7145616869
 10
573.651683662
 20
568.3146319126
 10
572.905648379
 20
568.9398924877
 10
572.1218291068
 20
569.6427903669
 10
571.3616831744
 20
570.3737159007
 10
570.6261644374
 20
571.1318128007
 10
569.9162143127
 20
571.9162149517
 10
569.2327742168
 20
572.7260562383
 10
568.5767855664
 20
573.5604705454
 10
567.9842678543
 20
574.3689253189
 10
567.4176983825
 20
575.1976277556
 10
566.8777166697
 20
576.0457039355
 10
566.3649596163
 20
576.9122792751
 10
565.8800641228
 20
577.7964791906
 10
565.4236670897
 20
578.6974290983
 10
564.9964010549
 20
579.6142480831
 10
564.5988085532
 20
580.5459852457
 10
564.2313494227
 20
581.4916493769
 10
563.8944805438
 20
582.4502490804
 10
563.5938449961
 20
583.403362823
 10
563.3235904936
 20
584.3670587439
 10
563.0841460888
 20
585.3403936027
 10
562.8758500355
 20
586.3223772898
 10
562.6861774272
 20
587.3913538594
 10
562.5334209966
 20
588.4679544304
 10
562.4178857484
 20
589.5509009746
 10
562.3398766871
 20
590.638915464
 10
562.2996821267
 20
591.7307112889
 10
562.297435453
 20
592.8249656013
 10
562.330118804
 20
593.8577523203
 10
562.3966218377
 20
594.8904363732
 10
562.4969853474
 20
595.9219075111
 10
562.6312501263
 20
596.9510554855
 10
562.7994352325
 20
597.9767642479
 10
563.00141811
 20
598.9979154511
 10
563.2370194797
 20
600.013402635
 10
563.5060599115
 20
601.022119561
 10
563.8083599751
 20
602.0229599909
 10
564.1437402405
 20
603.014817686
 10
564.5051370406
 20
603.9791482226
 10
564.8979271952
 20
604.9327196645
 10
565.3217352878
 20
605.8745288157
 10
565.7761857658
 20
606.8035727728
 10
566.2238161195
 20
607.6512663743
 10
566.6970804205
 20
608.486368507
 10
567.1956765096
 20
609.3080835567
 10
567.7192232109
 20
610.115640761
 10
568.2672708165
 20
610.9083096461
 10
568.83936739
 20
611.6853625672
 10
569.4350609955
 20
612.4460718797
 10
570.1170391474
 20
613.2631068112
 10
570.8264212654
 20
614.05851698
 10
571.5625595938
 20
614.8313534649
 10
572.324686445
 20
615.5807554026
 10
573.1120153416
 20
616.3058840512
 10
573.9237598061
 20
617.005900669
 10
574.759133361
 20
617.6799665143
 10
575.6173494692
 20
618.3272428156
 10
576.4975810969
 20
618.9469182812
 10
577.398899481
 20
619.5382925121
 10
578.303735155
 20
620.0909068511
 10
579.2271070129
 20
620.6149333859
 10
580.1681210823
 20
621.1097337678
 10
581.1258833913
 20
621.5746696484
 10
582.0265346322
 20
621.97787364
 10
582.9399558338
 20
622.3545747322
 10
583.86534586
 20
622.7044125902
 10
584.801903575
 20
623.027026879
 10
585.7488278428
 20
623.3220572637
 10
586.7053175277
 20
623.5891434093
 10
587.6705698552
 20
623.8279260927
 10
588.7414679881
 20
624.0575451359
 10
589.8208064348
 20
624.252284982
 10
590.9074360671
 20
624.4118823087
 10
592.0002077568
 20
624.5360737936
 10
593.0979723758
 20
624.6245961142
 10
594.1995795038
 20
624.6771872177
 10
595.3038520408
 20
624.6936685602
 10
596.4095997447
 20
624.6739950815
 10
597.5156344574
 20
624.6181336619
 10
598.6207680205
 20
624.5260511818
 10
599.7041402623
 20
624.4003243569
 10
600.7843707521
 20
624.239596158
 10
601.8603234105
 20
624.043912994
 10
602.9308743804
 20
623.8134533548
 10
603.9160111054
 20
623.5693091358
 10
604.8946736672
 20
623.2956853736
 10
605.8659746474
 20
622.9927339505
 10
606.8290266276
 20
622.660606749
 10
607.7829408077
 20
622.2994755631
 10
608.7268508406
 20
621.9096257727
 10
609.6599093536
 20
621.4913828914
 10
610.6727290552
 20
620.9989102535
 10
611.6702656311
 20
620.4729092149
 10
612.6513914312
 20
619.9138130914
 10
613.6149791431
 20
619.3220640377
 10
614.5599442745
 20
618.6982247806
 10
615.4852552536
 20
618.0429446587
 10
616.389883069
 20
617.3568748634
 10
617.2727987091
 20
616.6406665862
 10
618.1329731625
 20
615.8949710186
 10
618.969379316
 20
615.1204475221
 10
619.7667829155
 20
614.3324378434
 10
620.5394867983
 20
613.518163153
 10
621.2866493066
 20
612.6784258756
 10
622.0074287824
 20
611.8140284356
 10
622.6503526248
 20
610.9926453701
 10
623.2692838868
 20
610.1514595567
 10
623.8635984271
 20
609.2911635624
 10
624.4327536562
 20
608.412514826
 10
624.9762156085
 20
607.5162741804
 10
625.493450318
 20
606.6032024588
 10
625.9839238191
 20
605.6740604942
 10
626.4918981863
 20
604.6343512566
 10
626.966151966
 20
603.5771491629
 10
627.4061232823
 20
602.503573045
 10
627.8113095569
 20
601.4147642415
 10
628.1812084588
 20
600.3118639798
 10
628.5153176565
 20
599.1960134871
 10
628.8131348191
 20
598.0683539911
 10
629.0741774793
 20
596.9300413671
 10
629.2981094811
 20
595.7822917779
 10
629.4846595553
 20
594.6263324421
 10
629.6312295822
 20
593.4842113425
 10
629.7412226905
 20
592.3365171603
 10
629.8143821444
 20
591.1844123657
 10
629.8504674955
 20
590.0290676526
 10
629.8507416362
 20
588.9578138656
 10
629.8191480238
 20
587.885764575
 10
629.7556675399
 20
586.8138709962
 10
629.6602810665
 20
585.7430843449
 10
629.5329694852
 20
584.6743558364
 10
629.3737139813
 20
583.6086370466
 10
629.1825504857
 20
582.5468879541
 10
628.9794178802
 20
581.577916214
 10
628.7497329741
 20
580.6138047732
 10
628.4936259068
 20
579.655280524
 10
628.2112268177
 20
578.7030703584
 10
627.9026658462
 20
577.7579011684
 10
627.5680731778
 20
576.8204999186
 10
627.2076127116
 20
575.8915938549
 10
626.8215408786
 20
574.9718849864
 10
626.4101297968
 20
574.0620658436
 10
625.9736515842
 20
573.162828957
 10
625.5123783587
 20
572.2748668571
 10
625.0265822383
 20
571.3988720745
 10
624.4229244551
 20
570.3827553279
 10
623.7860747517
 20
569.3853470488
 10
623.1166702629
 20
568.4077013553
 10
622.4153749654
 20
567.4508504437
 10
621.7383982303
 20
566.5845995685
 10
621.0351937807
 20
565.7378680172
 10
620.30628818
 20
564.911474368
 10
619.5522188684
 20
564.1062342235
 10
618.7736188615
 20
563.3229029654
 10
617.97116968
 20
562.5621865828
 10
617.1455531499
 20
561.8247898619
 10
616.368968452
 20
561.16993048
 10
615.5740148482
 20
560.5358011729
 10
614.761217518
 20
559.9229448058
 10
613.9311140494
 20
559.3318976438
 10
613.0843093115
 20
558.7631291315
 10
612.2214293614
 20
558.2170722061
 10
611.3431001896
 20
557.6941595137
 10
610.4499477864
 20
557.1948237005
 10
609.5425981422
 20
556.7194974126
 10
608.6216772473
 20
556.268613296
 10
607.6878160225
 20
555.8426007941
 10
606.7416939576
 20
555.4418244582
 10
605.8390385301
 20
555.0873387455
 10
604.9266991298
 20
554.7558140639
 10
604.0052656572
 20
554.4475050965
 10
603.0753280124
 20
554.1626665264
 10
602.1374760957
 20
553.9015530365
 10
601.0432571704
 20
553.6293783467
 10
599.9401750882
 20
553.3896547084
 10
598.8292094301
 20
553.1826111117
 10
597.7113406225
 20
553.0084569248
 10
596.5875490914
 20
552.8674015159
 10
595.458815263
 20
552.7596542534
 10
594.3261195636
 20
552.6854245056
 10
593.2851745848
 20
552.6470004236
 10
592.2425043155
 20
552.6369986965
 10
591.19888775
 20
552.6554327097
 10
590.1551026532
 20
552.7023127485
 10
589.1119267897
 20
552.7776490981
 10
588.0701379242
 20
552.8814520438
 10
587.0305138215
 20
553.0137318708
 10
585.9938328886
 20
553.1744981332
 10
584.9608806202
 20
553.3637063347
 10
583.9324312201
 20
553.5812217518
 10
582.9092549343
 20
553.8269010939
 10
581.8921220087
 20
554.1006010702
 10
580.9393382338
 20
554.3841969189
 10
579.9932572212
 20
554.6924550537
 10
579.0545245761
 20
555.025255371
 10
578.1237872243
 20
555.3824606577
 10
577.201673301
 20
555.7638502451
 10
576.146331808
 20
556.2349831922
 10
575.1043074947
 20
556.7377815106
 10
574.0765513265
 20
557.2718641907
 10
573.0640142692
 20
557.8368502227
 10
572.0676473002
 20
558.4323585896
 10
571.0883938229
 20
559.057970268
 10
570.1271381807
 20
559.7131451443
 10
569.2625357286
 20
560.3392109717
 10
568.4144480301
 20
560.9892099551
 10
567.58354062
 20
561.6627077654
 10
566.7704790329
 20
562.3592700738
 10
565.9759288042
 20
563.0784625509
 10
565.2005455951
 20
563.8198249125
 10
564.4449222108
 20
564.5828131433
 10
563.7096302573
 20
565.3668670429
 10
562.9952413405
 20
566.1714264108
 10
562.3023270664
 20
566.9959310466
 10
561.6314590409
 20
567.8398207499
 10
560.98320887
 20
568.7025353202
 10
560.3932262124
 20
569.5326806039
 10
559.824269363
 20
570.3785143415
 10
559.276719246
 20
571.239478275
 10
558.7509563976
 20
572.1150142217
 10
558.247361354
 20
573.0045639987
 10
557.6928515563
 20
574.0505495274
 10
557.1691167853
 20
575.1136836389
 10
556.676743609
 20
576.1930972376
 10
556.216237156
 20
577.2878601018
 10
555.788013385
 20
578.3970024369
 10
555.3924838528
 20
579.5195542516
 10
555.0300601161
 20
580.6545455544
 10
554.7272723774
 20
581.7050535527
 10
554.4529655283
 20
582.764451974
 10
554.2074487475
 20
583.8319867959
 10
553.9909433188
 20
584.9068659127
 10
553.8036157532
 20
585.98828869
 10
553.6456317581
 20
587.0754548634
 10
553.5171570411
 20
588.1675641686
 10
553.4183573098
 20
589.2638163412
 10
553.3493982717
 20
590.3634111169
 10
553.3104426241
 20
591.4655458646
 10
553.301578059
 20
592.5693976823
 10
553.3228140699
 20
593.6741423042
 10
553.3704115162
 20
594.7158370886
 10
553.4447778548
 20
595.7569043616
 10
553.5459179846
 20
596.7966544251
 10
553.6738368043
 20
597.8343975811
 10
553.828539213
 20
598.8694441314
 10
554.0409271638
 20
600.0627407654
 10
554.2889735137
 20
601.250429481
 10
554.5724751586
 20
602.4314540044
 10
554.8912289942
 20
603.6047580616
 10
555.2450319164
 20
604.7692853787
 10
555.633680821
 20
605.9239796819
 10
556.0569703277
 20
607.0677838632
 10
556.4751701803
 20
608.1058089284
 10
556.9219240448
 20
609.1330261306
 10
557.3969170904
 20
610.1486630288
 10
557.8998344862
 20
611.1519471822
 10
558.4303614011
 20
612.14210615
 10
558.9881830042
 20
613.1183674913
 10
559.5729841123
 20
614.0799585659
 10
560.1844029572
 20
615.0261181532
 10
560.8219868204
 20
615.9561352021
 10
561.485272632
 20
616.8693091567
 10
562.1737973219
 20
617.7649394612
 10
562.8870978203
 20
618.6423255599
 10
563.5819148527
 20
619.4522356769
 10
564.2979572773
 20
620.2447170952
 10
565.0348217611
 20
621.0191875025
 10
565.7920309856
 20
621.7751165555
 10
566.5690860198
 20
622.5120009266
 10
567.492267713
 20
623.3401684192
 10
568.4405764739
 20
624.1413876251
 10
569.4132395432
 20
624.9148791307
 10
570.4094841617
 20
625.6598635224
 10
571.4285168508
 20
626.3755741043
 10
572.4694474361
 20
627.0613465363
 10
573.5313594011
 20
627.7165634925
 10
574.5224275482
 20
628.2898098137
 10
575.5296499082
 20
628.836387115
 10
576.5523205806
 20
629.3558200375
 10
577.5897336645
 20
629.8476332221
 10
578.6411669435
 20
630.3113661352
 10
579.7058402091
 20
630.746652575
 10
580.7829629243
 20
631.1531623373
 10
581.8717445949
 20
631.5305652675
 10
582.9713947267
 20
631.8785312109
 10
584.0811228254
 20
632.1967300127
 10
585.2001383969
 20
632.4848315184
 10
586.3276442039
 20
632.742513215
 10
587.3977460021
 20
632.9573996161
 10
588.4739428109
 20
633.1448945815
 10
589.5555260735
 20
633.3048554964
 10
590.6417872331
 20
633.4371397459
 10
591.7320177327
 20
633.541604715
 10
592.9974641908
 20
633.6275712725
 10
594.2661770416
 20
633.675885493
 10
595.5370336787
 20
633.6864087602
 10
596.8089045942
 20
633.6591283856
 10
598.080662969
 20
633.5940425466
 10
599.3511819835
 20
633.4911494205
 10
600.6193348186
 20
633.3504471844
 10
601.778767245
 20
633.1882543251
 10
602.9343939735
 20
632.9942951871
 10
604.0853415465
 20
632.7686692327
 10
605.2307517187
 20
632.5115444989
 10
606.3697675364
 20
632.223090579
 10
607.5015320458
 20
631.9034770661
 10
608.6251882931
 20
631.5528735534
 10
609.7398793247
 20
631.1714496341
 10
610.8447473787
 20
630.7593770145
 10
611.9389427275
 20
630.3168992185
 10
613.0216485456
 20
629.844347177
 10
614.0920524369
 20
629.3420570774
 10
615.0892929156
 20
628.8415336907
 10
616.0741940942
 20
628.315154427
 10
617.046075038
 20
627.7632010719
 10
618.0042548122
 20
627.1859554114
 10
618.9480557716
 20
626.5837210299
 10
619.8882590177
 20
625.9489654711
 10
620.8124331387
 20
625.289426111
 10
621.7199383733
 20
624.6055306974
 10
622.6101349605
 20
623.8977069784
 10
623.4823831392
 20
623.1663827021
 10
624.3360431481
 20
622.4119856165
 10
625.1704752006
 20
621.6349452841
 10
625.9850689472
 20
620.8357459448
 10
626.8165725858
 20
619.9753166387
 10
627.6250675377
 20
619.091796267
 10
628.409924715
 20
618.185815072
 10
629.1705150297
 20
617.2580032963
 10
629.9062093939
 20
616.3089911823
 10
630.616378681
 20
615.3394090684
 10
631.3004169638
 20
614.349920636
 10
631.9578073587
 20
613.3412629319
 10
632.5880531499
 20
612.3141818122
 10
633.190657622
 20
611.2694231326
 10
633.7651240594
 20
610.2077327492
 10
634.3109557466
 20
609.1298565177
 10
634.7989236727
 20
608.0994184291
 10
635.2605873935
 20
607.0558909321
 10
635.6956197885
 20
605.9999614319
 10
636.103732874
 20
604.9323289716
 10
636.4846388976
 20
603.8536924665
 10
636.8422574914
 20
602.751189831
 10
637.1713967686
 20
601.6388502151
 10
637.4717581423
 20
600.5173988507
 10
637.7430431576
 20
599.387561409
 10
637.9849933298
 20
598.2500874786
 10
638.1974436125
 20
597.10575201
 10
638.3802421586
 20
595.9553294529
 10
638.5332371212
 20
594.7995942571
 10
638.6613859059
 20
593.5839697462
 10
638.7564838469
 20
592.3642549846
 10
638.8183563554
 20
591.1413404099
 10
638.8468439169
 20
589.9161240486
 10
638.8418989967
 20
588.6895236528
 10
638.803524394
 20
587.4624525134
 10
638.7317231457
 20
586.2358236549
 10
638.6264982884
 20
585.0105501015
 10
638.4878528587
 20
583.7875448777
 10
638.3157898933
 20
582.5677210076
 10
638.1103189825
 20
581.3519941248
 10
637.8715467827
 20
580.1412826066
 10
637.616079916
 20
579.0051585545
 10
637.3313228414
 20
577.8750493787
 10
637.0174287319
 20
576.7517097
 10
636.6745507603
 20
575.6358941388
 10
636.3028420994
 20
574.5283573156
 10
635.8973131551
 20
573.416295924
 10
635.4625820117
 20
572.314276554
 10
634.998939911
 20
571.2230531957
 10
634.5066978233
 20
570.1433671737
 10
633.9861667194
 20
569.0759598125
 10
633.4376575696
 20
568.0215724369
 10
632.8614813446
 20
566.9809463714
 10
632.2579490149
 20
565.9548229407
 10
631.5966795428
 20
564.8961994162
 10
630.9061795616
 20
563.8551284844
 10
630.1869674495
 20
562.832384068
 10
629.4395637584
 20
561.8287367647
 10
628.6644890402
 20
560.8449571724
 10
627.8622638468
 20
559.8818158887
 10
627.0334087302
 20
558.9400835116
 10
626.1784453995
 20
558.0205307597
 10
625.2979532186
 20
557.1238981068
 10
624.3925918223
 20
556.2508531055
 10
623.4630264741
 20
555.4020535848
 10
622.5099224374
 20
554.5781573735
 10
621.5903196921
 20
553.8247413853
 10
620.6509405499
 20
553.0946001071
 10
619.6923426217
 20
552.3882849185
 10
618.7151011223
 20
551.706336724
 10
617.719859762
 20
551.0492208913
 10
616.6946185022
 20
550.4096992507
 10
615.6522869061
 20
549.7965251796
 10
614.5935484255
 20
549.2101492666
 10
613.5190865124
 20
548.6510220999
 10
612.4295846187
 20
548.119594268
 10
611.3257274296
 20
547.6163159652
 10
610.2082381036
 20
547.141591085
 10
609.0778786855
 20
546.6957385271
 10
607.8807199402
 20
546.2599600605
 10
606.6711507273
 20
545.8565658431
 10
605.4500482487
 20
545.4859123319
 10
604.2182897064
 20
545.1483559843
 10
602.9767523034
 20
544.8442532577
 10
601.7263317585
 20
544.5739332118
 10
600.467962332
 20
544.3376065183
 10
599.2025795478
 20
544.1354522065
 10
597.93111893
 20
543.9676493059
 10
596.6545160026
 20
543.834376846
 10
595.3737062895
 20
543.7358138563
 10
594.0896253147
 20
543.6721393661
 10
592.8767710419
 20
543.6442075239
 10
591.6626546344
 20
543.6474797556
 10
590.4480795
 20
543.6819501174
 10
589.2338487089
 20
543.747612342
 10
588.0207653311
 20
543.8444601619
 10
586.7946340127
 20
543.9742700531
 10
585.5713351447
 20
544.1360306018
 10
584.3517022494
 20
544.3297351703
 10
583.136575762
 20
544.5553338931
 10
581.9267833231
 20
544.8126719956
 10
580.7231456735
 20
545.1015790991
 10
579.5264835542
 20
545.4218848254
 10
578.3376177062
 20
545.7734187957
 10
577.1013954547
 20
546.1750010759
 10
575.8755740844
 20
546.6104736441
 10
574.6610986014
 20
547.079628305
 10
573.4588911639
 20
547.5821455969
 10
572.269844982
 20
548.1176471438
 10
571.0948523621
 20
548.6857540453
 10
569.9348056107
 20
549.2860874012
 10
568.7905970341
 20
549.9182683108
 10
567.6631189386
 20
550.5819178738
 10
566.5532638731
 20
551.2766526533
 10
565.4618930544
 20
552.0020026493
 10
564.3898159439
 20
552.7574211375
 10
563.3973956705
 20
553.4967196149
 10
562.4235185426
 20
554.2617996513
 10
561.4688598146
 20
555.0522008401
 10
560.5340947407
 20
555.8674627744
 10
559.6198985748
 20
556.7071250475
 10
558.7199707245
 20
557.5776147942
 10
557.842226339
 20
558.4718132799
 10
556.9872546296
 20
559.3891195237
 10
556.1556448077
 20
560.3289325445
 10
555.3479860848
 20
561.2906513609
 10
554.5648676722
 20
562.2736749921
 10
553.8495051943
 20
563.2194993504
 10
553.1569761607
 20
564.1832242812
 10
552.4877433244
 20
565.1643056981
 10
551.842202818
 20
566.162151933
 10
551.2207426649
 20
567.1761689932
 10
550.6237508886
 20
568.2057628859
 10
550.0516155123
 20
569.2503396184
 10
549.5047245597
 20
570.3093051979
 10
548.9834660541
 20
571.3820656317
 10
548.4882279203
 20
572.4680263044
 10
548.027503551
 20
573.5468391873
 10
547.5924816505
 20
574.6371560942
 10
547.1834140966
 20
575.7383496921
 10
546.800552767
 20
576.8497926479
 10
546.4379159509
 20
577.9913257852
 10
546.1029739642
 20
579.1421718429
 10
545.7959926749
 20
580.3016686437
 10
545.5172379415
 20
581.4691538652
 10
545.2669462529
 20
582.6439462038
 10
545.0489728153
 20
583.8041895799
 10
544.8587230321
 20
584.9701321962
 10
544.6963219329
 20
586.1411057942
 10
544.5618945474
 20
587.3164421152
 10
544.4536893833
 20
588.5195685353
 10
544.3748743951
 20
589.7258317399
 10
544.3255824247
 20
590.9345217136
 10
544.3059225935
 20
592.1449178722
 10
544.3159096774
 20
593.3562892464
 10
544.3555350469
 20
594.5679094689
 10
544.4247900731
 20
595.7790521725
 10
544.5303432881
 20
597.0594682514
 10
544.669061292
 20
598.33767506
 10
544.840933857
 20
599.6128116586
 10
545.0459504974
 20
600.8840167754
 10
545.2840519094
 20
602.1504222442
 10
545.5550726317
 20
603.4111744821
 10
545.8405966677
 20
604.5939447836
 10
546.1550754407
 20
605.7702264828
 10
546.4983585783
 20
606.9393095966
 10
546.8702957083
 20
608.100484142
 10
547.2707364582
 20
609.2530401359
 10
547.699529773
 20
610.3962671516
 10
548.1564755936
 20
611.5294583506
 10
548.6412934266
 20
612.6519369846
 10
549.1536953579
 20
613.7630324561
 10
549.6933934735
 20
614.862074168
 10
550.2497449315
 20
615.9291084655
 10
550.8318759272
 20
616.9832334796
 10
551.4395136965
 20
618.0238139002
 10
552.0723853012
 20
619.050214285
 10
552.7423706463
 20
620.0800590307
 10
553.4377901879
 20
621.0939371244
 10
554.1582281329
 20
622.0912438745
 10
554.9032686881
 20
623.0713745893
 10
555.6724960604
 20
624.0337245772
 10
556.4511277288
 20
624.9609973639
 10
557.2522951221
 20
625.8699626189
 10
558.0756043092
 20
626.7600474537
 10
558.9206354406
 20
627.6306892255
 10
559.8047948932
 20
628.4985332176
 10
560.7105293221
 20
629.345089024
 10
561.6373063278
 20
630.1698387223
 10
562.5845935108
 20
630.9722643902
 10
563.5518584718
 20
631.7518481054
 10
564.5385688112
 20
632.5080719453
 10
565.5441921297
 20
633.2404179878
 10
566.6284178418
 20
633.9888890478
 10
567.7324735928
 20
634.7095445446
 10
568.8556164242
 20
635.4019032149
 10
569.9971033776
 20
636.0654837954
 10
571.1561914946
 20
636.6998050228
 10
572.3321378166
 20
637.3043856337
 10
573.4556604182
 20
637.8467464026
 10
574.5928854111
 20
638.3618374146
 10
575.7431550594
 20
638.8492958593
 10
576.9057766822
 20
639.3088375713
 10
578.0800569167
 20
639.7401872228
 10
579.2653024005
 20
640.1430694858
 10
580.4608197709
 20
640.5172090324
 10
581.6659156654
 20
640.8623305346
 10
582.8798967212
 20
641.1781586645
 10
584.1020689555
 20
641.4644183277
 10
585.3096952431
 20
641.7165586475
 10
586.523830301
 20
641.9398132731
 10
587.7437751454
 20
642.1340541487
 10
588.9688307925
 20
642.2991532183
 10
590.2206886965
 20
642.437180323
 10
591.4763824999
 20
642.5447283627
 10
592.7351743951
 20
642.6216621689
 10
593.9963264269
 20
642.6678466136
 10
595.2590872927
 20
642.6831808159
 10
596.5001313063
 20
642.6682075448
 10
597.7412815635
 20
642.6234824145
 10
598.9818236882
 20
642.5490165727
 10
600.2210433041
 20
642.4448211674
 10
601.4834484442
 20
642.3078650517
 10
602.7429737006
 20
642.1399769907
 10
603.998860059
 20
641.9411688293
 10
605.2503426281
 20
641.7114790614
 10
606.4966657036
 20
641.4510454627
 10
607.7370832443
 20
641.1600289161
 10
608.9708492094
 20
640.8385903049
 10
610.2684610673
 20
640.4654592229
 10
611.5569034692
 20
640.0586268522
 10
612.8352921566
 20
639.6182838826
 10
614.1027425838
 20
639.1446213389
 10
615.3583733974
 20
638.6378819396
 10
616.6013405943
 20
638.0984145486
 10
617.7609326127
 20
637.5601227883
 10
618.9078258742
 20
636.9933614442
 10
620.0413210407
 20
636.3984337925
 10
621.1607187744
 20
635.7756431096
 10
622.2653197372
 20
635.1252926716
 10
623.3544242788
 20
634.4476865514
 10
624.427346761
 20
633.7431784839
 10
625.4834494156
 20
633.0121986019
 10
626.5221023595
 20
632.2551833725
 10
627.5426757097
 20
631.4725692632
 10
628.526816872
 20
630.6794354455
 10
629.4923140487
 20
629.8624433489
 10
630.4385705015
 20
629.0220064737
 10
631.3649893931
 20
628.1585385272
 10
632.2872699998
 20
627.256172169
 10
633.187833908
 20
626.3309408335
 10
634.0661459039
 20
625.3833986344
 10
634.9216707738
 20
624.4140996852
 10
635.7538733039
 20
623.4235980997
 10
636.5479958596
 20
622.4306821026
 10
637.3185982591
 20
621.4183734016
 10
638.0651734388
 20
620.3871969735
 10
638.7872303272
 20
619.3377022945
 10
639.4983167371
 20
618.2485390784
 10
640.1830184632
 20
617.1415926231
 10
640.8409140045
 20
616.0175186856
 10
641.4715818604
 20
614.8769730229
 10
642.07460053
 20
613.7206113919
 10
642.6495485128
 20
612.5490895498
 10
643.1960043077
 20
611.3630632534
 10
643.7428363005
 20
610.0928542337
 10
644.2569365967
 20
608.8080150624
 10
644.7379654273
 20
607.5094101689
 10
645.1855830232
 20
606.1979039826
 10
645.5994496152
 20
604.8743609328
 10
645.9792254343
 20
603.539645449
 10
646.3057701397
 20
602.2717430498
 10
646.6014224895
 20
600.995402566
 10
646.8659467561
 20
599.7113759966
 10
647.0991953573
 20
598.4204347367
 10
647.3010299303
 20
597.1233490256
 10
647.4713121122
 20
595.8208891028
 10
647.6099035403
 20
594.5138252076
 10
647.7166658518
 20
593.2029275796
 10
647.7914606839
 20
591.8889664581
 10
647.8341500445
 20
590.5727126708
 10
647.8447386724
 20
589.2784929492
 10
647.824274761
 20
587.9835688774
 10
647.7727724844
 20
586.688685557
 10
647.6902460166
 20
585.3945880891
 10
647.5743582856
 20
584.0785391765
 10
647.4263376106
 20
582.7648638817
 10
647.2461989531
 20
581.4543486916
 10
647.0339573472
 20
580.1477802358
 10
646.7896658153
 20
578.8459516662
 10
646.5186880551
 20
577.5727384762
 10
646.2171027909
 20
576.3055815097
 10
645.8850704068
 20
575.045212479
 10
645.5227512868
 20
573.7923630963
 10
645.1219841631
 20
572.5224561614
 10
644.6900188984
 20
571.2619182452
 10
644.2270258989
 20
570.0115267817
 10
643.7332041782
 20
568.7720596472
 10
643.2088527752
 20
567.5442644697
 10
642.6542924233
 20
566.3288741145
 10
642.0698438556
 20
565.1266214467
 10
641.4191303542
 20
563.8694094945
 10
640.7356819601
 20
562.6286009528
 10
640.0198788281
 20
561.4050644634
 10
639.2721015179
 20
560.1996688918
 10
638.4927830035
 20
559.0132689847
 10
637.6824574013
 20
557.8466589052
 10
636.8905261823
 20
556.7655403202
 10
636.0719722831
 20
555.7033643384
 10
635.2272528451
 20
554.6607860344
 10
634.3568250095
 20
553.6384604826
 10
633.4611459178
 20
552.6370427576
 10
632.5406735946
 20
551.6571880868
 10
631.5959141131
 20
550.6995269033
 10
630.6274419313
 20
549.7646245112
 10
629.6358363544
 20
548.8530367983
 10
628.6216766873
 20
547.9653196523
 10
627.6042339795
 20
547.1172274468
 10
626.5661431149
 20
546.2932237486
 10
625.5079529153
 20
545.4938351944
 10
624.4302124362
 20
544.7195884788
 10
623.3133913812
 20
543.9576160695
 10
622.1775804558
 20
543.2226794596
 10
621.0234598746
 20
542.5152127591
 10
619.8517098526
 20
541.8356500782
 10
618.6630106045
 20
541.1844255269
 10
617.4796983595
 20
540.5728336124
 10
616.2813373731
 20
539.9894067994
 10
615.068572091
 20
539.4345563636
 10
613.8420687512
 20
538.9086720372
 10
612.5771124367
 20
538.402226402
 10
611.2993538796
 20
537.9265507568
 10
610.0095537817
 20
537.4819412839
 10
608.708472845
 20
537.0686941656
 10
607.396871771
 20
536.6871055845
 10
606.0755112618
 20
536.3374717228
 10
604.7451520191
 20
536.0200887629
 10
603.3283055592
 20
535.7196320737
 10
601.9032083109
 20
535.4558024618
 10
600.4708179091
 20
535.2287688134
 10
599.0320919889
 20
535.0387000144
 10
597.5879881853
 20
534.8857649509
 10
596.1394641332
 20
534.770132509
 10
594.7705247059
 20
534.6954255308
 10
593.3993106543
 20
534.654170817
 10
592.0266425436
 20
534.6464538595
 10
590.6533424039
 20
534.6722657112
 10
589.2802291538
 20
534.7315882165
 10
587.9081217119
 20
534.8244032198
 10
586.5378389966
 20
534.9506925655
 10
585.1701999264
 20
535.110438098
 10
583.8060234198
 20
535.3036216616
 10
582.4461289207
 20
535.5302245971
 10
581.115485271
 20
535.785242449
 10
579.7905353317
 20
536.0722691713
 10
578.4720403595
 20
536.3911354178
 10
577.1607616113
 20
536.7416718422
 10
575.8338425385
 20
537.1309457536
 10
574.5159972132
 20
537.5526976425
 10
573.2080291749
 20
538.0067487566
 10
571.9107420941
 20
538.492920239
 10
570.6249383876
 20
539.0109929193
 10
569.3740162938
 20
539.5505575773
 10
568.135628978
 20
540.1202702014
 10
566.9104934353
 20
540.719814366
 10
565.6993266609
 20
541.3488736459
 10
564.478585611
 20
542.0208672591
 10
563.2738976547
 20
542.7229273099
 10
562.0860245892
 20
543.4547176006
 10
560.9157226861
 20
544.2158725147
 10
559.7636963362
 20
545.0059302396
 10
558.6306302776
 20
545.8244098186
 10
557.5172092483
 20
546.6708302953
 10
556.3610410607
 20
547.5964877831
 10
555.2284534444
 20
548.5523298476
 10
554.1202579975
 20
549.5377864264
 10
553.0372664627
 20
550.5522869953
 10
551.980265168
 20
551.5952102616
 10
550.9499572653
 20
552.6658439453
 10
550.0035911027
 20
553.7000310631
 10
549.0821428879
 20
554.7576065473
 10
548.1861891826
 20
555.8379659015
 10
547.3163065488
 20
556.9405046292
 10
546.4730715484
 20
558.064618234
 10
545.6570607151
 20
559.209701282
 10
544.8688151492
 20
560.3751042831
 10
544.1087949758
 20
561.5601212808
 10
543.377449667
 20
562.7640433196
 10
542.6752286953
 20
563.9861614441
 10
542.0143311484
 20
565.2034816513
 10
541.3823864547
 20
566.4369983746
 10
540.7798204348
 20
567.6860399642
 10
540.20705892
 20
568.9499345184
 10
539.6549137528
 20
570.2513453896
 10
539.1343970324
 20
571.5666435222
 10
538.6458124668
 20
572.8950419973
 10
538.1894637639
 20
574.235753896
 10
537.7656546317
 20
575.5879922992
 10
537.3813805445
 20
576.9265417777
 10
537.0290749614
 20
578.2747051988
 10
536.709025613
 20
579.631737025
 10
536.4214936175
 20
580.9968738924
 10
536.1617797003
 20
582.3974036528
 10
535.9362368564
 20
583.8047074716
 10
535.7450107886
 20
585.2179447555
 10
535.5882472
 20
586.6362749117
 10
535.4660917932
 20
588.0588573468
 10
535.3786902714
 20
589.484851468
 10
535.3261883373
 20
590.913416682
 10
535.308756243
 20
592.2648672087
 10
535.3225978752
 20
593.6171241238
 10
535.3676951039
 20
594.9694644635
 10
535.4440297987
 20
596.3211652642
 10
535.5515838294
 20
597.6715035621
 10
535.6903390657
 20
599.0197563933
 10
535.8602773775
 20
600.365200794
 10
536.0613806346
 20
601.7071138006
 10
536.3054628464
 20
603.1083500848
 10
536.5836192117
 20
604.5040792831
 10
536.8956688254
 20
605.8934840782
 10
537.2414279209
 20
607.2757494623
 10
537.6207127315
 20
608.6500604275
 10
538.0333394909
 20
610.0156019662
 10
538.4791244323
 20
611.3715590705
 10
538.9578837893
 20
612.7171167325
 10
539.469431702
 20
614.0514590978
 10
540.0135136873
 20
615.3737791595
 10
540.5897933847
 20
616.6833051935
 10
541.1979296835
 20
617.9792701953
 10
541.8001869047
 20
619.1880701237
 10
542.4301748419
 20
620.3834898318
 10
543.0876075825
 20
621.5648864316
 10
543.7721992145
 20
622.7316170346
 10
544.4836638253
 20
623.8830387528
 10
545.2310058042
 20
625.0324861421
 10
546.0051675468
 20
626.1649704159
 10
546.8057257373
 20
627.2798925023
 10
547.6322570604
 20
628.3766533294
 10
548.4843382005
 20
629.4546538251
 10
549.3615458421
 20
630.5132949176
 10
550.2634566696
 20
631.5519775348
 10
551.1896473676
 20
632.5701026047
 10
552.1855183519
 20
633.6140084191
 10
553.2070067384
 20
634.6340504626
 10
554.2534988192
 20
635.6296420456
 10
555.3243797804
 20
636.6002000397
 10
556.4190348079
 20
637.545141316
 10
557.5368490877
 20
638.4638827461
 10
558.6772078058
 20
639.3558412013
 10
559.8394961483
 20
640.2204335529
 10
561.0230970591
 20
641.0570771412
 10
562.2273406625
 20
641.8652355067
 10
563.4515080239
 20
642.6444481376
 10
564.6948788723
 20
643.3942611793
 10
565.8841416408
 20
644.0738923619
 10
567.0892318938
 20
644.7266040299
 10
568.309545914
 20
645.3520157711
 10
569.5444799841
 20
645.9497471734
 10
570.7934303868
 20
646.5194178245
 10
572.0715056785
 20
647.0671941785
 10
573.3626192602
 20
647.5855459423
 10
574.6660764004
 20
648.0742071748
 10
575.9811823676
 20
648.5329119348
 10
577.3072424303
 20
648.9613942812
 10
578.643561857
 20
649.3593882727
 10
579.989445916
 20
649.7266279682
 10
581.3441998761
 20
650.0628474266
 10
582.7722190498
 20
650.3815194514
 10
584.2083706748
 20
650.665630827
 10
585.6518066301
 20
650.9150334791
 10
587.1016798728
 20
651.1295829567
 10
588.5571433604
 20
651.3091348089
 10
590.01735005
 20
651.4535445849
 10
591.481452899
 20
651.5626678337
 10
592.9486048647
 20
651.6363601044
 10
594.4179572804
 20
651.6744786068
 10
595.8886430653
 20
651.6769492842
 10
597.3597966813
 20
651.64378974
 10
598.8305552221
 20
651.5750239386
 10
600.2161332639
 20
651.4775967178
 10
601.5998697146
 20
651.3485576513
 10
602.9810413027
 20
651.1879268256
 10
604.358924757
 20
650.995724327
 10
605.7327968059
 20
650.7719702421
 10
607.1188685035
 20
650.5133473382
 10
608.499335628
 20
650.2225754913
 10
609.8734628516
 20
649.8998225641
 10
611.2405148459
 20
649.5452564193
 10
612.5997562829
 20
649.1590449197
 10
613.9504518345
 20
648.7413559277
 10
615.2918661726
 20
648.2923573063
 10
616.6232639691
 20
647.8122169179
 10
618.0065159066
 20
647.2759985968
 10
619.3771337744
 20
646.7060713841
 10
620.7343195539
 20
646.1027889471
 10
622.0772781788
 20
645.4665073957
 10
623.4052145832
 20
644.7975828399
 10
624.717333701
 20
644.0963713895
 10
626.012840466
 20
643.3632291545
 10
627.2909398122
 20
642.5985122449
 10
628.5508362433
 20
641.8025790858
 10
629.7917575432
 20
640.9758563839
 10
631.0129845164
 20
640.1188471681
 10
632.2138037729
 20
639.2320583388
 10
633.3266720224
 20
638.3691228977
 10
634.4201660892
 20
637.480589486
 10
635.4936880235
 20
636.5668829778
 10
636.5466398755
 20
635.6284282471
 10
637.5784236953
 20
634.665650168
 10
638.600832714
 20
633.6666183124
 10
639.600394916
 20
632.6436582987
 10
640.5765855743
 20
631.5973262484
 10
641.5288799617
 20
630.5281782826
 10
642.4567533511
 20
629.4367705228
 10
643.3596810155
 20
628.3236590902
 10
644.2371382277
 20
627.1894001061
 10
645.0886002607
 20
626.0345496918
 10
645.9521564496
 20
624.8032311927
 10
646.7860653572
 20
623.5506342746
 10
647.5898542653
 20
622.2775068797
 10
648.3630543202
 20
620.9845973408
 10
649.1051966677
 20
619.6726539907
 10
649.8158124539
 20
618.3424251622
 10
650.4944328248
 20
616.9946591881
 10
651.1405889266
 20
615.6301044012
 10
651.7538128496
 20
614.2495113267
 10
652.3336948131
 20
612.8536748545
 10
652.8799127384
 20
611.4434242288
 10
653.3921516185
 20
610.0195886783
 10
653.8437146486
 20
608.6654175164
 10
654.264526933
 20
607.3006018448
 10
654.6543244389
 20
605.925836707
 10
655.0128431332
 20
604.5418171467
 10
655.3398189831
 20
603.1492382075
 10
655.638468055
 20
601.7314028872
 10
655.9043832423
 20
600.3062874344
 10
656.1374361976
 20
598.8746560978
 10
656.3374985735
 20
597.437273126
 10
656.5044420227
 20
595.9949027675
 10
656.6381381976
 20
594.5483092709
 10
656.7384587509
 20
593.0982568848
 10
656.8052753352
 20
591.6455098578
 10
656.839202516
 20
590.1215298224
 10
656.8361625615
 20
588.5963348395
 10
656.7961790818
 20
587.0708213317
 10
656.7192791599
 20
585.545883871
 10
656.6054898791
 20
584.0224170293
 10
656.4548383224
 20
582.5013153785
 10
656.2673515732
 20
580.9834734907
 10
656.0430567144
 20
579.4697859377
 10
655.7819828615
 20
577.9611486045
 10
655.484233097
 20
576.45846194
 10
655.1500037166
 20
574.9626058512
 10
654.77949696
 20
573.4744562433
 10
654.3971166096
 20
572.0791892403
 10
653.9828357123
 20
570.6922859707
 10
653.5368237817
 20
569.3144806018
 10
653.059250331
 20
567.9465073005
 10
652.5502848738
 20
566.589100234
 10
652.0032320224
 20
565.2263809025
 10
651.4245052943
 20
563.8759763005
 10
650.8144274584
 20
562.5386023357
 10
650.1733212835
 20
561.2149749161
 10
649.5015095384
 20
559.9058099496
 10
648.7993149921
 20
558.6118233441
 10
648.0670604135
 20
557.3337310074
 10
647.3050685713
 20
556.0722488476
 10
646.4752528371
 20
554.7692918834
 10
645.6136172456
 20
553.4861425972
 10
644.7206870029
 20
552.2235424918
 10
643.7969891952
 20
550.9822295536
 10
642.8430509085
 20
549.7629417691
 10
641.8593992286
 20
548.5664171245
 10
640.8465612418
 20
547.3933936065
 10
639.8050640339
 20
546.2446092014
 10
638.7354371425
 20
545.1208018545
 10
637.6382749466
 20
544.0226716396
 10
636.5142387066
 20
542.9508487761
 10
635.3639924291
 20
541.905956764
 10
634.2560648473
 20
540.945999526
 10
633.1259839233
 20
540.01106015
 10
631.9743062147
 20
539.1016612416
 10
630.8015882793
 20
538.2183254067
 10
629.6083866748
 20
537.361575251
 10
628.5087903147
 20
536.6078347603
 10
627.3932934737
 20
535.8767118657
 10
626.2623818834
 20
535.1685092778
 10
625.1165412753
 20
534.483529707
 10
623.9562573811
 20
533.8220758641
 10
622.8031041111
 20
533.1956259189
 10
621.6369474922
 20
532.5924477765
 10
620.4582476965
 20
532.0128282188
 10
619.2674648963
 20
531.4570540275
 10
617.8347541469
 20
530.826904164
 10
616.3864071966
 20
530.2313613572
 10
614.9232841234
 20
529.6707538696
 10
613.446244605
 20
529.1454059449
 10
611.956148319
 20
528.6556418269
 10
610.4538549429
 20
528.2017857592
 10
608.9402241544
 20
527.7841619856
 10
607.4161156311
 20
527.4030947497
 10
605.8823910908
 20
527.0589068781
 10
604.3399454757
 20
526.7518527609
 10
602.7896906367
 20
526.4820902896
 10
601.232536948
 20
526.2497701528
 10
599.7588626329
 20
526.0651549637
 10
598.2806277434
 20
525.9140855091
 10
596.7985953376
 20
525.7966880931
 10
595.3135284735
 20
525.71308902
 10
593.8261902093
 20
525.6634145941
 10
592.4756981795
 20
525.6477863243
 10
591.124558566
 20
525.6601593204
 10
589.7733508461
 20
525.7005146871
 10
588.4226544969
 20
525.7688335294
 10
587.0730489956
 20
525.8650969522
 10
585.7491660854
 20
525.9868236231
 10
584.4274433632
 20
526.1354696376
 10
583.1084298137
 20
526.3110170948
 10
581.7926744216
 20
526.5134480939
 10
580.2313105105
 20
526.789460329
 10
578.6762748723
 20
527.1034182265
 10
577.1284764637
 20
527.4551134661
 10
575.5888216389
 20
527.8443345715
 10
574.0582167523
 20
528.2708700666
 10
572.5375681581
 20
528.7345084751
 10
571.0277822106
 20
529.2350383209
 10
569.529765264
 20
529.7722481276
 10
568.0444245906
 20
530.3459240762
 10
566.5726568451
 20
530.9557760235
 10
565.1153185197
 20
531.6014230893
 10
563.6732608041
 20
532.282479165
 10
562.3283669481
 20
532.9567026053
 10
560.9985273834
 20
533.6617370613
 10
559.6844555609
 20
534.3972589042
 10
558.3868649314
 20
535.1629445052
 10
557.1064689457
 20
535.9584702354
 10
555.9604802953
 20
536.7056171431
 10
554.8297170087
 20
537.4767025022
 10
553.7146561767
 20
538.2713839258
 10
552.6157748898
 20
539.0893190272
 10
551.5335502386
 20
539.9301654198
 10
550.4873257824
 20
540.7779666606
 10
549.4580805832
 20
541.6472136002
 10
548.4462666269
 20
542.5375818683
 10
547.4523358993
 20
543.4487470948
 10
546.457024384
 20
544.3996066852
 10
545.481258716
 20
545.3713890052
 10
544.5254482166
 20
546.3636616039
 10
543.5899982388
 20
547.375990842
 10
542.6753141359
 20
548.4079430804
 10
541.781801261
 20
549.4590846797
 10
540.9098649673
 20
550.5289820005
 10
540.0599106078
 20
551.6172014037
 10
539.2323435358
 20
552.7233092498
 10
538.4275691043
 20
553.8468718997
 10
537.6459831824
 20
554.9874393885
 10
536.8879214682
 20
556.1445125193
 10
536.1536981127
 20
557.317584691
 10
535.4436272622
 20
558.5061493069
 10
534.6908204035
 20
559.8308595349
 10
533.9680363215
 20
561.1730283589
 10
533.275693145
 20
562.531981499
 10
532.6142090025
 20
563.9070446755
 10
531.9840020229
 20
565.2975436084
 10
531.4397272724
 20
566.5716466056
 10
530.9217483817
 20
567.8573263648
 10
530.4302739844
 20
569.1540260009
 10
529.9655127139
 20
570.4611886288
 10
529.5276732038
 20
571.7782573636
 10
529.1240590599
 20
573.080910527
 10
528.7468126735
 20
574.3920544112
 10
528.3961316997
 20
575.7111614346
 10
528.0722137935
 20
577.0377040157
 10
527.7694771905
 20
578.3984342669
 10
527.4949736182
 20
579.7657696798
 10
527.2488039427
 20
581.1391157806
 10
527.0310650221
 20
582.5178793311
 10
526.8418537148
 20
583.9014670935
 10
526.6812668789
 20
585.2892858298
 10
526.5494013727
 20
586.680742302
 10
526.4463540546
 20
588.0752432723
 10
526.3722217826
 20
589.4721955026
 10
526.3271014152
 20
590.8710057551
 10
526.3110726308
 20
592.2710724008
 10
526.3241367454
 20
593.6717862941
 10
526.3662727769
 20
595.0725442005
 10
526.437459742
 20
596.4727428924
 10
526.5492941882
 20
598.0115956082
 10
526.6962269455
 20
599.5482388724
 10
526.8782300848
 20
601.081869789
 10
527.0952756775
 20
602.6116854617
 10
527.3473357947
 20
604.1368829944
 10
527.6062244955
 20
605.5157283428
 10
527.8937622822
 20
606.8895123023
 10
528.2098110713
 20
608.2576487855
 10
528.5542327797
 20
609.6195517054
 10
528.9268893238
 20
610.9746349748
 10
529.3202407274
 20
612.298315174
 10
529.7405635701
 20
613.6142965178
 10
530.1877270345
 20
614.9220237593
 10
530.6616003034
 20
616.2209416514
 10
531.17253969
 20
617.5367101012
 10
531.7109582
 20
618.842142897
 10
532.276605915
 20
620.1366830435
 10
532.8692302423
 20
621.4197768431
 10
533.4885785892
 20
622.6908705981
 10
534.1343983628
 20
623.9494106107
 10
534.8064369704
 20
625.1948431832
 10
535.5044418192
 20
626.4266146179
 10
536.2281603164
 20
627.6441712171
 10
536.9773398693
 20
628.8469592829
 10
537.7517087052
 20
630.0344277384
 10
538.5509248975
 20
631.2060633283
 10
539.3746310944
 20
632.36137033
 10
540.2224699464
 20
633.4998530272
 10
541.182539404
 20
634.7321602848
 10
542.1709013499
 20
635.9428505187
 10
543.1870801521
 20
637.1312639305
 10
544.2306001786
 20
638.2967407216
 10
545.3009857976
 20
639.4386210938
 10
546.2947600844
 20
640.4534729865
 10
547.3097936222
 20
641.44793891
 10
548.3456402158
 20
642.4216035297
 10
549.4018536701
 20
643.3740515114
 10
550.4779877898
 20
644.3048675206
 10
551.5538637516
 20
645.1976039524
 10
552.6481021606
 20
646.0686799716
 10
553.7602803006
 20
646.9177020987
 10
554.8899754554
 20
647.7442768544
 10
556.0603416253
 20
648.5641733176
 10
557.2480128569
 20
649.3599052836
 10
558.4524652741
 20
650.131144881
 10
559.6731746089
 20
650.8775685179
 10
560.9096165933
 20
651.5988526024
 10
562.1612669592
 20
652.2946735425
 10
563.4276014387
 20
652.9647077464
 10
564.7080957637
 20
653.608631622
 10
566.0022256661
 20
654.2261215775
 10
567.3094668779
 20
654.8168540209
 10
568.6292804745
 20
655.380518369
 10
569.961089828
 20
655.9168753637
 10
571.3043152116
 20
656.4257091793
 10
572.6583769045
 20
656.9068039943
 10
574.1596688071
 20
657.403712162
 10
575.6725995732
 20
657.866507736
 10
577.1963975944
 20
658.2949034579
 10
578.7302912622
 20
658.6886120688
 10
580.2735089681
 20
659.0473463103
 10
581.6807788024
 20
659.3422812071
 10
583.094462387
 20
659.6080986755
 10
584.5139505477
 20
659.8447005387
 10
585.9386341101
 20
660.0519886199
 10
587.3679039001
 20
660.2298647422
 10
588.7755257038
 20
660.3758406834
 10
590.1864066722
 20
660.4932580013
 10
591.599969686
 20
660.5820236854
 10
593.015637626
 20
660.6420447248
 10
594.4617659969
 20
660.6735651571
 10
595.9088545769
 20
660.6750158281
 10
597.3562781168
 20
660.6464158659
 10
598.8034134479
 20
660.5877882179
 10
600.2496374011
 20
660.4991558315
 10
601.6943268077
 20
660.3805416539
 10
603.1368584987
 20
660.2319686326
 10
604.5766093052
 20
660.0534597149
 10
606.0129560583
 20
659.8450378483
 10
607.4452755893
 20
659.60672598
 10
608.8729397292
 20
659.3385662529
 10
610.2953287669
 20
659.0406820251
 10
611.7118335806
 20
658.7132181044
 10
613.1218450552
 20
658.3563192986
 10
614.6646308921
 20
657.929906148
 10
616.1980120278
 20
657.4682447427
 10
617.7211777305
 20
656.971527822
 10
619.233317268
 20
656.4399481249
 10
620.7336199085
 20
655.8736983905
 10
622.0836363669
 20
655.3302434572
 10
623.422663566
 20
654.7586837924
 10
624.7501338682
 20
654.159279723
 10
626.065479636
 20
653.5322915762
 10
627.3681332317
 20
652.8779796788
 10
628.6346216946
 20
652.2090075887
 10
629.887781916
 20
651.5141766245
 10
631.1270761278
 20
650.7937334147
 10
632.3519665617
 20
650.0479245876
 10
633.5864484771
 20
649.2610059562
 10
634.8048181574
 20
648.448251357
 10
636.0065604974
 20
647.6100288112
 10
637.1911642917
 20
646.7467083797
 10
638.3581183347
 20
645.8586601237
 10
639.5069114206
 20
644.946254104
 10
640.637032344
 20
644.0098603817
 10
641.7479698993
 20
643.0498490179
 10
642.8392128808
 20
642.0665900735
 10
643.910250083
 20
641.0604536095
 10
644.960576905
 20
640.0318286443
 10
645.9897415847
 20
638.9811677264
 10
646.9973133398
 20
637.9089354777
 10
647.9828613937
 20
636.815596516
 10
649.0410127462
 20
635.589099926
 10
650.071420817
 20
634.3382448071
 10
651.0735122424
 20
633.0636495657
 10
652.046713659
 20
631.765932608
 10
652.990451703
 20
630.4457123404
 10
653.8205690927
 20
629.2292029963
 10
654.6256302677
 20
627.9952360925
 10
655.4053043654
 20
626.7443500291
 10
656.1592605236
 20
625.4770832062
 10
656.8871678796
 20
624.1939740238
 10
657.5764015346
 20
622.9188779141
 10
658.2398757917
 20
621.629529604
 10
658.8772771987
 20
620.3264391629
 10
659.4882923032
 20
619.01011666
 10
660.0842531167
 20
617.6538220465
 10
660.6521262539
 20
616.2848610622
 10
661.1916856502
 20
614.9038330831
 10
661.7027096672
 20
613.5113370048
 10
662.1849766668
 20
612.1079717231
 10
662.6382650106
 20
610.6943361334
 10
663.0623530604
 20
609.2710291315
 10
663.4570191779
 20
607.838649613
 10
663.8220417249
 20
606.3977964735
 10
664.1571990631
 20
604.9490686087
 10
664.4622857808
 20
603.4930771351
 10
664.7371766553
 20
602.0304568391
 10
664.9817708978
 20
600.5618408475
 10
665.1959677219
 20
599.0878622805
 10
665.3963549218
 20
597.461047711
 10
665.5597051475
 20
595.8293531835
 10
665.6858842523
 20
594.1936213809
 10
665.7747580898
 20
592.5546949861
 10
665.8261925133
 20
590.9134166821
 10
665.8403724799
 20
589.4232823271
 10
665.8236584768
 20
587.9325605489
 10
665.7760752526
 20
586.441890257
 10
665.6976475562
 20
584.9519103613
 10
665.5884001362
 20
583.4632597714
 10
665.4511284002
 20
582.0031043353
 10
665.2841751363
 20
580.5454527389
 10
665.0875637911
 20
579.0909102722
 10
664.8613178108
 20
577.6400822252
 10
664.5999328356
 20
576.164103834
 10
664.307800852
 20
574.6932726242
 10
663.9850690341
 20
573.2282197807
 10
663.6318880061
 20
571.7695735932
 10
663.2484083923
 20
570.3179623515
 10
662.834780817
 20
568.8740143451
 10
662.3911559047
 20
567.4383578638
 10
661.9176842797
 20
566.0116211972
 10
661.4145165662
 20
564.594432635
 10
660.8818033886
 20
563.1874204669
 10
660.3197158925
 20
561.7912141227
 10
659.7285059584
 20
560.4064177968
 10
659.1084450722
 20
559.0336205372
 10
658.4598047177
 20
557.6734113848
 10
657.7136150582
 20
556.1924236012
 10
656.9335340833
 20
554.72816418
 10
656.1199231382
 20
553.2814171348
 10
655.2731435682
 20
551.8529664788
 10
654.3935567187
 20
550.4435962255
 10
653.5676244717
 20
549.1823038593
 10
652.7153820014
 20
547.9378939787
 10
651.8372095805
 20
546.7108898384
 10
650.9334874816
 20
545.5018146935
 10
650.0045959776
 20
544.3111917988
 10
649.0681605286
 20
543.1602972537
 10
648.1081736312
 20
542.028202289
 10
647.1249955482
 20
540.9154026257
 10
646.1189865421
 20
539.8223939847
 10
645.0692884004
 20
538.7279945222
 10
643.9966299832
 20
537.6552163358
 10
642.9014901268
 20
536.6045072889
 10
641.7843489382
 20
535.5763108698
 10
640.6456865247
 20
534.5710705668
 10
639.4859829932
 20
533.5892298681
 10
638.3057184508
 20
532.631232262
 10
637.1053730046
 20
531.6975212368
 10
635.8854267616
 20
530.7885402808
 10
634.646359829
 20
529.9047328822
 10
633.3886702057
 20
529.0465319379
 10
632.1129095534
 20
528.2143036989
 10
630.8196374886
 20
527.4083906536
 10
629.5094136225
 20
526.6291352851
 10
628.0492559352
 20
525.8031527502
 10
626.5700085402
 20
525.0102962543
 10
625.0724162801
 20
524.2510216424
 10
623.5572239972
 20
523.5257847598
 10
622.0251765341
 20
522.8350414516
 10
620.6215066092
 20
522.2386659545
 10
619.2052085134
 20
521.6712818495
 10
617.7768962803
 20
521.133115106
 10
616.3371839435
 20
520.6243916932
 10
614.8866855368
 20
520.1453375806
 10
613.4521841369
 20
519.7039359662
 10
612.0084524669
 20
519.2915855447
 10
610.5560722499
 20
518.9085003947
 10
609.0956252088
 20
518.554894595
 10
607.5976633917
 20
518.2246811319
 10
606.0925553018
 20
517.9255583554
 10
604.5809553941
 20
517.6576334077
 10
603.0635167298
 20
517.4210090392
 10
601.5408923703
 20
517.2157880001
 10
600.0137353766
 20
517.0420730409
 10
598.4826988101
 20
516.8999669118
 10
596.948435732
 20
516.7895723631
 10
595.4115992035
 20
516.7109921452
 10
593.8728422859
 20
516.6643290085
 10
592.3328271186
 20
516.6496667328
 10
590.7922234444
 20
516.6670028897
 10
589.2516943217
 20
516.7163106052
 10
587.7119028015
 20
516.7975630039
 10
586.3016414968
 20
516.9000839326
 10
584.8930678485
 20
517.029403985
 10
583.4866925746
 20
517.1855024602
 10
582.0830263933
 20
517.3683586571
 10
580.6825800228
 20
517.577951875
 10
579.2858641813
 20
517.8142614128
 10
577.7703422457
 20
518.1018134542
 10
576.2605050421
 20
518.4208399662
 10
574.7569958062
 20
518.7711855296
 10
573.2604577737
 20
519.1526947252
 10
571.7715341804
 20
519.5652121338
 10
570.3172325853
 20
520.0003953594
 10
568.8715057697
 20
520.4651920906
 10
567.4349631219
 20
520.9594550865
 10
566.0082140304
 20
521.4830371061
 10
564.5630763781
 20
522.0473720915
 10
563.1294120911
 20
522.6418628795
 10
561.7078315236
 20
523.2662314466
 10
560.2989413882
 20
523.9201968631
 10
558.9033483973
 20
524.6034781992
 10
557.5216592633
 20
525.3157945253
 10
556.1544806987
 20
526.0568649115
 10
554.8024194158
 20
526.8264084283
 10
553.4660821272
 20
527.6241441458
 10
552.1460755452
 20
528.4497911343
 10
550.8430033382
 20
529.3030474133
 10
549.5574270659
 20
530.1835342772
 10
548.2898889194
 20
531.0908562386
 10
547.0409310827
 20
532.0246178129
 10
545.9128384151
 20
532.9034546169
 10
544.8012315741
 20
533.8038710997
 10
543.7065281794
 20
534.7255626376
 10
542.6291458509
 20
535.6682246068
 10
541.5695022085
 20
536.6315523837
 10
540.5280148719
 20
537.6152413446
 10
539.4154450491
 20
538.7087817713
 10
538.3253491859
 20
539.8255843599
 10
537.2581805028
 20
540.9651567509
 10
536.2143922202
 20
542.1270065847
 10
535.1944375585
 20
543.3106415019
 10
534.2163339204
 20
544.4938687118
 10
533.2620868527
 20
545.6971685297
 10
532.3321257273
 20
546.9200745041
 10
531.426879916
 20
548.1621201838
 10
530.5290818975
 20
549.4487568496
 10
529.6578814317
 20
550.754292076
 10
528.8136351423
 20
552.0781489736
 10
527.996694958
 20
553.4197502596
 10
527.2074128078
 20
554.7785186513
 10
526.4461406206
 20
556.153876866
 10
525.7132303253
 20
557.5452476209
 10
525.0090338506
 20
558.9520536333
 10
524.3339031256
 20
560.3737176205
 10
523.6881900791
 20
561.8096622997
 10
523.0722322397
 20
563.2592944113
 10
522.486288596
 20
564.72197991
 10
521.9305924236
 20
566.1970815441
 10
521.405376994
 20
567.6839620687
 10
520.9509052329
 20
569.0567390587
 10
520.5224214538
 20
570.4383872846
 10
520.1201053352
 20
571.8284159052
 10
519.7441365555
 20
573.2263340795
 10
519.3946947931
 20
574.6316509665
 10
519.0719597265
 20
576.0438757251
 10
518.751202438
 20
577.5883872463
 10
518.462411436
 20
579.139817852
 10
518.2056907508
 20
580.6974989354
 10
517.981144413
 20
582.2607618897
 10
517.7888764529
 20
583.8289381079
 10
517.6315614318
 20
585.373246691
 10
517.5055811867
 20
586.9210162656
 10
517.4110342739
 20
588.4716134071
 10
517.3480192498
 20
590.0244046913
 10
517.3163224679
 20
591.6104882314
 10
517.3176037597
 20
593.1975051935
 10
517.3518384509
 20
594.7847702753
 10
517.4189977021
 20
596.3716004848
 10
517.5190526739
 20
597.9573128297
 10
517.6519745268
 20
599.5412243179
 10
517.8177344213
 20
601.1226519572
 10
518.0163035181
 20
602.7009127554
 10
518.2476529776
 20
604.2753237204
 10
518.5117539605
 20
605.8452018599
 10
518.8085565413
 20
607.4098588572
 10
519.1379218678
 20
608.9686162988
 10
519.4996876821
 20
610.5208075379
 10
519.8936917268
 20
612.0657659351
 10
520.2830439117
 20
613.4750545919
 10
520.6992238441
 20
614.8771920084
 10
521.1421065445
 20
616.2716647027
 10
521.6115670331
 20
617.6579591927
 10
522.1074803305
 20
619.0355619966
 10
522.6297214569
 20
620.4039596324
 10
523.2279532521
 20
621.8824345352
 10
523.8569392664
 20
623.3487576079
 10
524.516391021
 20
624.8023085446
 10
525.2060200369
 20
626.2424670392
 10
525.9255378353
 20
627.6686127857
 10
526.6610209308
 20
629.0550518073
 10
527.4247833161
 20
630.4267880525
 10
528.2165516922
 20
631.7832338559
 10
529.0360527601
 20
633.1238015524
 10
529.9005796883
 20
634.4747499127
 10
530.7933458754
 20
635.8079479933
 10
531.7139453252
 20
637.1228338383
 10
532.6619698417
 20
638.4188497742
 10
533.6370112286
 20
639.6954381277
 10
534.6386612898
 20
640.9520412254
 10
535.6665118293
 20
642.188101394
 10
536.7201546508
 20
643.4030609599
 10
537.7991815583
 20
644.59636225
 10
538.9031843556
 20
645.7674475907
 10
540.031734137
 20
646.9157666938
 10
541.1843328577
 20
648.0408275961
 10
542.3604694276
 20
649.1421613797
 10
543.5596327612
 20
650.2192991327
 10
544.6786576862
 20
651.1850193821
 10
545.816208369
 20
652.1296530474
 10
546.9718911437
 20
653.052838947
 10
548.1453123441
 20
653.9542158996
 10
549.3360783043
 20
654.8334227239
 10
550.5437953581
 20
655.6900982383
 10
551.8772176862
 20
656.5965925271
 10
553.2296546527
 20
657.4755919824
 10
554.6005151892
 20
658.32673759
 10
555.989208227
 20
659.1496703355
 10
557.3951426975
 20
659.9440312046
 10
558.7921816471
 20
660.6960485694
 10
560.2047216482
 20
661.4198189413
 10
561.6322027347
 20
662.1150021975
 10
563.0740649403
 20
662.7812582153
 10
564.5595937842
 20
663.430940479
 10
566.0588772136
 20
664.0498378853
 10
567.5712582485
 20
664.637706512
 10
569.096080469
 20
665.194307271
 10
570.632687455
 20
665.7194010743
 10
572.1804227866
 20
666.2127488338
 10
573.7386300439
 20
666.6741114614
 10
575.306652807
 20
667.103249869
 10
576.8838346559
 20
667.4999249687
 10
578.4695191706
 20
667.8638976722
 10
580.0630366869
 20
668.1949467405
 10
581.663692255
 20
668.4929388012
 10
583.2707929243
 20
668.7577671732
 10
584.8836457512
 20
668.989325178
 10
586.3665554644
 20
669.1722684783
 10
587.85318258
 20
669.3270836194
 10
589.3429933552
 20
669.4536884319
 10
590.835454047
 20
669.5520007462
 10
592.3300309127
 20
669.6219383927
 10
593.8261902093
 20
669.6634192021
 10
595.4559668894
 20
669.6761508654
 10
597.0862708324
 20
669.6550958552
 10
598.7164036962
 20
669.6002847738
 10
600.3456671384
 20
669.5117482232
 10
601.9733628168
 20
669.389516806
 10
603.5697907789
 20
669.2367000049
 10
605.1633712494
 20
669.0514394917
 10
606.7534426333
 20
668.8337642584
 10
608.3393433353
 20
668.5837032969
 10
609.9526221006
 20
668.2951873836
 10
611.5601600283
 20
667.9730772581
 10
613.1612681166
 20
667.6175372494
 10
614.7552605514
 20
667.2287354317
 10
616.3414515186
 20
666.8068398791
 10
617.9191552044
 20
666.3520186658
 10
619.4876857947
 20
665.8644398659
 10
621.0463574755
 20
665.3442715536
 10
622.5944844328
 20
664.791681803
 10
624.1313808527
 20
664.2068386882
 10
625.6563598315
 20
663.589932722
 10
627.1687626229
 20
662.941242434
 10
628.6679471638
 20
662.2610676469
 10
630.1532713986
 20
661.5497081817
 10
631.5020943593
 20
660.8704898666
 10
632.8382367614
 20
660.165550631
 10
634.1612040587
 20
659.4351214135
 10
635.4705017049
 20
658.6794331524
 10
636.7656351537
 20
657.8987167864
 10
638.0461098588
 20
657.093203254
 10
639.4227059407
 20
656.1884856679
 10
640.7807624155
 20
655.2550860863
 10
642.119709864
 20
654.293422668
 10
643.4389788669
 20
653.3039135718
 10
644.738000005
 20
652.2869769564
 10
645.993564639
 20
651.2619072991
 10
647.2285093693
 20
650.2111804439
 10
648.4422947396
 20
649.1351925459
 10
649.634381294
 20
648.0343397603
 10
650.8278687037
 20
646.8858030673
 10
651.9976594086
 20
645.7122685528
 10
653.143267003
 20
644.5142614387
 10
654.2642098634
 20
643.2923082999
 10
655.3600063665
 20
642.0469357112
 10
656.430174889
 20
640.7786702474
 10
657.4742338073
 20
639.4880384834
 10
658.4917014982
 20
638.1755669942
 10
659.4820963382
 20
636.8417823544
 10
660.444936704
 20
635.487211139
 10
661.3797526706
 20
634.1123993811
 10
662.2861474344
 20
632.7179512074
 10
663.1637501697
 20
631.3044792495
 10
664.0121900562
 20
629.8725961333
 10
664.7639911598
 20
628.5443861444
 10
665.4906901517
 20
627.2016923222
 10
666.1920014061
 20
625.8449865445
 10
666.8676392968
 20
624.4747406893
 10
667.5173181981
 20
623.0914266345
 10
668.1407524838
 20
621.6955162579
 10
668.7892287276
 20
620.1622794054
 10
669.4060180469
 20
618.6153629729
 10
669.9908771366
 20
617.0554381428
 10
670.5435626916
 20
615.4831760972
 10
671.0638314066
 20
613.8992480185
 10
671.5430204915
 20
612.3328983821
 10
671.9904749482
 20
610.7565789264
 10
672.4059642743
 20
609.1709255158
 10
672.7892579676
 20
607.5765740146
 10
673.1469482908
 20
605.9413806317
 10
673.4706902715
 20
604.2984998648
 10
673.7603704913
 20
602.6486461501
 10
674.0158803078
 20
600.9925323721
 10
674.2371110786
 20
599.3308714153
 10
674.4239541612
 20
597.6643761643
 10
674.5763009133
 20
595.9937595036
 10
674.6940426925
 20
594.3197343177
 10
674.7770708562
 20
592.643013491
 10
674.8252767622
 20
590.9643099082
 10
674.8385725294
 20
589.2843462193
 10
674.8169643301
 20
587.6038527642
 10
674.7604849306
 20
585.9235524252
 10
674.6691670983
 20
584.2441680767
 10
674.5548824758
 20
582.7061544815
 10
674.4113766654
 20
581.1700747855
 10
674.2386749067
 20
579.6364857858
 10
674.0368024389
 20
578.1059442798
 10
673.8057845012
 20
576.5790070648
 10
673.5456463331
 20
575.0562309382
 10
673.2294309511
 20
573.4040324157
 10
672.8789157138
 20
571.7581419679
 10
672.4942733762
 20
570.1192599793
 10
672.0756766934
 20
568.4880868342
 10
671.6232984204
 20
566.8653229169
 10
671.1462833728
 20
565.280399926
 10
670.637012753
 20
563.7049276386
 10
670.0956502257
 20
562.1395695845
 10
669.5223594554
 20
560.5849892935
 10
668.9046288711
 20
559.0104824389
 10
668.254065805
 20
557.4485866605
 10
667.5709763858
 20
555.8999656721
 10
666.8556698802
 20
554.3652792009
 10
666.1084555548
 20
552.8451869741
 10
665.3296426763
 20
551.3403487187
 10
664.5195405114
 20
549.8514241619
 10
663.6784583267
 20
548.3790730308
 10
662.806705389
 20
546.9239550527
 10
661.9045909648
 20
545.4867299546
 10
660.9724472427
 20
544.0680539961
 10
660.0106897072
 20
542.6685370415
 10
659.0197519813
 20
541.2887677501
 10
658.0000676846
 20
539.9293347739
 10
657.0404743569
 20
538.7015555169
 10
656.0574242829
 20
537.4918124567
 10
655.0512514599
 20
536.3005590049
 10
654.0222898856
 20
535.1282485734
 10
652.9708735573
 20
533.9753345741
 10
651.8973364726
 20
532.8422704188
 10
650.7040299058
 20
531.631982666
 10
649.4854582664
 20
530.4462568631
 10
648.2421600781
 20
529.2855841166
 10
646.9746738648
 20
528.1504555331
 10
645.6835381501
 20
527.0413622189
 10
644.392959692
 20
525.9778913745
 10
643.0805984653
 20
524.9404732583
 10
641.7469646564
 20
523.9295731346
 10
640.3925684518
 20
522.9456562677
 10
638.9896612902
 20
521.969956694
 10
637.566262069
 20
521.0232877284
 10
636.1230006911
 20
520.1060347469
 10
634.6605074539
 20
519.2185780152
 10
633.1794126548
 20
518.3612977994
 10
631.6803465914
 20
517.5345743651
 10
630.163939561
 20
516.7387879782
 10
628.6308218611
 20
515.9743189046
 10
627.0816237892
 20
515.24154741
 10
625.5169756426
 20
514.5408537603
 10
623.9375250161
 20
513.8726024297
 10
622.3439633722
 20
513.237072137
 10
620.7369854874
 20
512.6345136079
 10
619.1172861312
 20
512.0651775636
 10
617.621979644
 20
511.5726853534
 10
616.1171025359
 20
511.1085130538
 10
614.6031899562
 20
510.6728537838
 10
613.0807770544
 20
510.2659006628
 10
611.5503989799
 20
509.88784681
 10
610.0125908821
 20
509.5388853446
 10
608.3308376739
 20
509.1923056644
 10
606.6416600471
 20
508.8805411287
 10
604.945786041
 20
508.6037016216
 10
603.2439436949
 20
508.3618970271
 10
601.5368610483
 20
508.1552372294
 10
599.8558656858
 20
507.9865831283
 10
598.1712075051
 20
507.8520399561
 10
596.4835762359
 20
507.7517118146
 10
594.7936616076
 20
507.6857028056
 10
593.0676228982
 20
507.6538296743
 10
591.3406775541
 20
507.6578429288
 10
589.6135709303
 20
507.6977123491
 10
587.8870458423
 20
507.7734032035
 10
586.1618451057
 20
507.8848807606
 10
584.4387115359
 20
508.0321102888
 10
582.7183879483
 20
508.2150570566
 10
581.0016171585
 20
508.4336863325
 10
579.2891419817
 20
508.6879633849
 10
577.5817052336
 20
508.9778534824
 10
575.8800553789
 20
509.3032989169
 10
574.1849295334
 20
509.664145342
 10
572.4970518689
 20
510.06021305
 10
570.8171465491
 20
510.4913223336
 10
569.2848553091
 20
510.9171354117
 10
567.7604293419
 20
511.3721037226
 10
566.2444264378
 20
511.8560888459
 10
564.7374043873
 20
512.3689523611
 10
563.2399209805
 20
512.9105558478
 10
561.7525340079
 20
513.4807608856
 10
560.1456006607
 20
514.1337695427
 10
558.5519817142
 20
514.8201819065
 10
556.9723501431
 20
515.5396813463
 10
555.4073789216
 20
516.2919512313
 10
553.8577410244
 20
517.0766749307
 10
552.3513514441
 20
517.8786690317
 10
550.8610391752
 20
518.7113628381
 10
549.3874417801
 20
519.5744563804
 10
547.931196821
 20
520.4676496893
 10
546.4637820159
 20
521.4097849142
 10
545.0157555348
 20
522.3825626891
 10
543.5877261849
 20
523.385539043
 10
542.1802981074
 20
524.4182676444
 10
540.7940754433
 20
525.4803021621
 10
539.4296623339
 20
526.571196265
 10
538.0876629202
 20
527.6905036216
 10
536.7686813436
 20
528.8377779009
 10
535.473321745
 20
530.0125727715
 10
534.2021882657
 20
531.2144419021
 10
532.9558768815
 20
532.4429164997
 10
531.7349197565
 20
533.6974530232
 10
530.5398239446
 20
534.9774939143
 10
529.3710964923
 20
536.2824816197
 10
528.3233599197
 20
537.5001592433
 10
527.2985967091
 20
538.7379011628
 10
526.2971974157
 20
539.99527792
 10
525.3195525947
 20
541.271860057
 10
524.3660528012
 20
542.5672181157
 10
523.4370885904
 20
543.8809226379
 10
522.4542174026
 20
545.3312579501
 10
521.5012796669
 20
546.8021649794
 10
520.5786625496
 20
548.2929999888
 10
519.6867532167
 20
549.8031192415
 10
518.8259388345
 20
551.3318790002
 10
518.01113776
 20
552.8508607896
 10
517.2270712733
 20
554.3865924818
 10
516.4741061678
 20
555.9384642137
 10
515.7526092368
 20
557.505866122
 10
515.0492055228
 20
559.1206291962
 10
514.3792838475
 20
560.7502350708
 10
513.7431059904
 20
562.3939691615
 10
513.1409284894
 20
564.0511175241
 10
512.5730078823
 20
565.7209662143
 10
512.0396007072
 20
567.402801288
 10
511.5409635018
 20
569.0959088007
 10
511.077352804
 20
570.7995748084
 10
510.6490251517
 20
572.5130853666
 10
510.2562370828
 20
574.2357265313
 10
509.8992256639
 20
575.9667700901
 10
509.578132417
 20
577.7054609304
 10
509.2930699156
 20
579.4510462773
 10
509.04415073
 20
581.2027733642
 10
508.8478218519
 20
582.8132756262
 10
508.6820446975
 20
584.4277263007
 10
508.5469059744
 20
586.0455455656
 10
508.4424923908
 20
587.6661535988
 10
508.3688906545
 20
589.2889705783
 10
508.3261874733
 20
590.913416682
 10
508.3146093954
 20
592.598561047
 10
508.3363021687
 20
594.2841618175
 10
508.3912343012
 20
595.9695643994
 10
508.4793743011
 20
597.654114198
 10
508.6006906763
 20
599.3371566191
 10
508.755151935
 20
601.0180370682
 10
508.942726585
 20
602.6961009509
 10
509.1437323125
 20
604.2312928319
 10
509.372511768
 20
605.7630637691
 10
509.6290406949
 20
607.2909095584
 10
509.9132870121
 20
608.8143228364
 10
510.2251572093
 20
610.3327987423
 10
510.5645288171
 20
611.8458454941
 10
510.9312791988
 20
613.3529717232
 10
511.3252857177
 20
614.8536860613
 10
511.7464257369
 20
616.3474971402
 10
512.1945766197
 20
617.8339135915
 10
512.6696157294
 20
619.3124440468
 10
513.1714204292
 20
620.7825971378
 10
513.6689554846
 20
622.160627018
 10
514.1900727901
 20
623.5303609204
 10
514.7346624764
 20
624.8913854661
 10
515.3025642976
 20
626.2432992044
 10
515.8935964959
 20
627.5857166413
 10
516.5455217495
 20
628.9986863375
 10
517.2230445739
 20
630.400081116
 10
517.925948047
 20
631.7894415151
 10
518.654015247
 20
633.1663080728
 10
519.4070292516
 20
634.5302213275
 10
520.184773139
 20
635.8807218174
 10
520.9405301739
 20
637.1413530394
 10
521.7178969108
 20
638.3892670231
 10
522.5166877959
 20
639.6240781697
 10
523.3366747354
 20
640.8454172323
 10
524.17760367
 20
642.0529395744
 10
525.140557691
 20
643.3838842913
 10
526.1289269966
 20
644.6967137779
 10
527.1423580068
 20
645.9909507611
 10
528.1804971417
 20
647.2661179675
 10
529.2429908213
 20
648.5217381241
 10
530.3294854657
 20
649.7573339575
 10
531.4396274949
 20
650.9724281947
 10
532.5730633289
 20
652.1665435624
 10
533.772281664
 20
653.3818261312
 10
534.9956518865
 20
654.573590011
 10
536.242682214
 20
655.7413891472
 10
537.5128808635
 20
656.8847774852
 10
538.8057560524
 20
658.0033089706
 10
540.1208159979
 20
659.0965375488
 10
541.4575689174
 20
660.1640171653
 10
542.7015624182
 20
661.1195394375
 10
543.9629920109
 20
662.0527070442
 10
545.2414788976
 20
662.9631764097
 10
546.5366364151
 20
663.8506073079
 10
547.8480357277
 20
664.714705347
 10
549.1752366503
 20
665.5552062562
 10
550.5177991751
 20
666.371846181
 10
551.8752832942
 20
667.1643612669
 10
553.2472489999
 20
667.9324876594
 10
554.6332562841
 20
668.6759615038
 10
556.032865139
 20
669.3945189457
 10
557.4456355567
 20
670.0878961305
 10
558.7893358186
 20
670.7183516361
 10
560.143976477
 20
671.3259666879
 10
561.5091825682
 20
671.9105241125
 10
562.884551625
 20
672.4718513909
 10
564.2696772245
 20
673.0098028444
 10
565.7489584166
 20
673.5546515345
 10
567.2382730653
 20
674.0728681669
 10
568.7371365576
 20
674.5642793174
 10
570.2450642803
 20
675.0287115622
 10
571.7615716203
 20
675.4659914772
 10
573.2861739647
 20
675.8759456386
 10
574.7306351267
 20
676.2372898714
 10
576.1814555777
 20
676.5740425359
 10
577.6382261031
 20
676.8860606003
 10
579.100518766
 20
677.1732432333
 10
580.5679046893
 20
677.4355258292
 10
582.2111014242
 20
677.698771061
 10
583.8595139383
 20
677.9308331559
 10
585.5125470499
 20
678.1316238931
 10
587.1696055773
 20
678.3010550521
 10
588.8300943387
 20
678.439038412
 10
590.4934181524
 20
678.5454857521
 10
592.1589818365
 20
678.6203088517
 10
593.8261902093
 20
678.6634194901
 10
595.555665769
 20
678.6745596694
 10
597.2855804009
 20
678.651554324
 10
599.0152623973
 20
678.5944366313
 10
600.7440400504
 20
678.5032397689
 10
602.4712416525
 20
678.3779969141
 10
604.1961954957
 20
678.2187412444
 10
605.9182298724
 20
678.0255059375
 10
607.4936230285
 20
677.8185517411
 10
609.0654812145
 20
677.583098644
 10
610.6332870445
 20
677.3191722013
 10
612.1965199052
 20
677.0268060036
 10
613.7546618587
 20
676.7060966735
 10
615.3072084368
 20
676.3571705216
 10
616.8536555959
 20
675.9801540296
 10
618.3934992926
 20
675.5751736793
 10
619.9262354835
 20
675.1423559522
 10
621.4513601252
 20
674.6818273303
 10
622.9683691742
 20
674.193714295
 10
624.4767585872
 20
673.6781433282
 10
625.8906065674
 20
673.1669979759
 10
627.2959213032
 20
672.631661537
 10
628.692278765
 20
672.0722472917
 10
630.0792672501
 20
671.4889201895
 10
631.4564914632
 20
670.8818672208
 10
632.9060736983
 20
670.2123053571
 10
634.3437568843
 20
669.5164881963
 10
635.769069878
 20
668.7946389043
 10
637.1815415362
 20
668.0469806471
 10
638.5807007157
 20
667.2737365904
 10
639.9660762732
 20
666.4751299001
 10
641.2592395316
 20
665.6991282843
 10
642.5393356916
 20
664.900965248
 10
643.8059693577
 20
664.0808316771
 10
645.0587619855
 20
663.2389620751
 10
646.2973603219
 20
662.37561754
 10
647.66253169
 20
661.3870254299
 10
649.0090948991
 20
660.3723727635
 10
650.3365607453
 20
659.3320229121
 10
651.6444400248
 20
658.2663392467
 10
652.9322435338
 20
657.1756851387
 10
654.1994820682
 20
656.0604239593
 10
655.4456664244
 20
654.9209190797
 10
656.6703073983
 20
653.757533871
 10
657.9166272144
 20
652.5266590065
 10
659.1387975974
 20
651.2710260235
 10
660.3363615835
 20
649.9911399974
 10
661.5088622091
 20
648.6875060038
 10
662.6558425105
 20
647.3606291182
 10
663.776845524
 20
646.0110144163
 10
664.8714142861
 20
644.6391669735
 10
665.8511569499
 20
643.3625406757
 10
666.8079515448
 20
642.0680461403
 10
667.7414460925
 20
640.7560724042
 10
668.6512920651
 20
639.4270165672
 10
669.5371880246
 20
638.0813189126
 10
670.3988634459
 20
636.7194313121
 10
671.2360482308
 20
635.3418054548
 10
672.0484722808
 20
633.9488930302
 10
672.8358654975
 20
632.5411457276
 10
673.5979577826
 20
631.1190152361
 10
674.3344790376
 20
629.6829532452
 10
675.0451591643
 20
628.2334114441
 10
675.6913179579
 20
626.8547600277
 10
676.3140380126
 20
625.464905475
 10
676.9130970357
 20
624.0642326931
 10
677.4883185845
 20
622.6531547242
 10
678.0395537502
 20
621.2320886218
 10
678.5978204482
 20
619.7144474886
 10
679.1287608103
 20
618.1865370115
 10
679.6321975674
 20
616.6488544788
 10
680.1079534506
 20
615.1018971787
 10
680.5558511911
 20
613.5461623992
 10
680.9757135199
 20
611.9821474286
 10
681.3457462958
 20
610.5003675626
 10
681.6905499911
 20
609.0120856722
 10
682.0099784169
 20
607.5177216695
 10
682.3039287001
 20
606.0177145984
 10
682.5723351193
 20
604.5125044057
 10
682.8416533815
 20
602.826976907
 10
683.0789836776
 20
601.1361259063
 10
683.2842362741
 20
599.4405619451
 10
683.4573214375
 20
597.7408955647
 10
683.5981494342
 20
596.0377373067
 10
683.7066305308
 20
594.3316977127
 10
683.7826749937
 20
592.6233873239
 10
683.8261930893
 20
590.9134166821
  0
LWPOLYLINE
  5
11E
330
1F
100
AcDbEntity
  8
0
  6
Continuous
 62
     7
100
AcDbPolyline
 90
       39
 70
   128
 43
0.0
 10
611.8261819839
 20
590.9134166821
 10
611.7975098288
 20
591.454776647
 10
611.7993009236
 20
591.9759136773
 10
611.8316383493
 20
592.4771112781
 10
611.8945963854
 20
592.9586529546
 10
611.9882493114
 20
593.4208222123
 10
612.1101793344
 20
593.8561561578
 10
612.2618598105
 20
594.2733454365
 10
612.4433611104
 20
594.6726586356
 10
612.6547536052
 20
595.0543643421
 10
612.9007736897
 20
595.4251971741
 10
613.1779290354
 20
595.7783383683
 10
613.4862939221
 20
596.1140714299
 10
613.8259426291
 20
596.4326798642
 10
614.1969494359
 20
596.7344471765
 10
614.5919261431
 20
597.014707395
 10
615.0172930386
 20
597.2792646474
 10
615.4731204934
 20
597.5283875208
 10
615.9594788783
 20
597.7623446021
 10
616.4500235476
 20
597.9708655199
 10
616.9682639047
 20
598.1661636319
 10
617.5142603419
 20
598.3484694386
 10
618.0880732509
 20
598.51801344
 10
618.6897630239
 20
598.6750261365
 10
619.3193900528
 20
598.8197380285
 10
619.9386809006
 20
598.9451212346
 10
620.5829117055
 20
599.0599673875
 10
621.2521330869
 20
599.1644696879
 10
621.946395664
 20
599.2588213367
 10
622.6657500564
 20
599.3432155348
 10
623.4102468835
 20
599.4178454832
 10
624.1799367647
 20
599.4829043827
 10
624.9748703193
 20
599.5385854342
 10
625.7950981668
 20
599.5850818386
 10
626.6406709266
 20
599.6225867969
 10
627.4958632228
 20
599.6508569235
 10
628.3756001214
 20
599.6708232568
 10
629.279929578
 20
599.6826688315
 10
630.2088995484
 20
599.6865766821
  0
LINE
  5
11F
330
1F
100
AcDbEntity
  8
0
  6
Continuous
 62
     7
370
    25
100
AcDbLine
 10
689.0230330893
 20
600.5527166821
 30
0.0
 11
630.2088995484
 21
600.5527166821
 31
0.0
  0
LINE
  5
120
330
1F
100
AcDbEntity
  8
0
  6
Continuous
 62
     7
370
    25
100
AcDbLine
 10
630.2088995484
 20
598.8204366821
 30
0.0
 11
689.0230330893
 21
598.8204366821
 31
0.0
  0
LWPOLYLINE
  5
121
330
1F
100
AcDbEntity
  8
0
  6
Continuous
 62
     7
370
    25
100
AcDbPolyline
 90
       12
 70
   128
 43
0.0
 10
612.6895307884
 20
590.9821190966
 10
612.7586585547
 20
592.865318934
 10
613.2259205572
 20
594.3022094231
 10
613.8193446644
 20
595.1966515662
 10
614.4746042571
 20
595.8488886668
 10
616.3336664669
 20
596.9813541767
 10
618.6622692277
 20
597.7698284878
 10
620.3164416452
 20
598.1315471807
 10
621.7053287661
 20
598.3534518537
 10
623.7413964106
 20
598.578862244
 10
626.6340636255
 20
598.7560107335
 10
630.2088995484
 20
598.8204366821
  0
LWPOLYLINE
  5
122
330
1F
100
AcDbEntity
  8
0
  6
Continuous
 62
     7
370
    25
100
AcDbPolyline
 90
       15
 70
   128
 43
0.0
 10
630.2088995484
 20
600.5527166821
 10
626.9469899906
 20
600.5003701772
 10
624.3007312437
 20
600.3601152223
 10
622.4164056861
 20
600.1868885026
 10
621.0249514561
 20
600.0057327751
 10
619.9768501627
 20
599.8313370827
 10
618.5844788504
 20
599.5373810955
 10
617.1580009899
 20
599.1408834968
 10
615.5873230405
 20
598.5435254176
 10
614.255854512
 20
597.8279404212
 10
613.1913981245
 20
597.0266557767
 10
612.36991767
 20
596.1564342706
 10
611.5859252981
 20
594.8877025433
 10
611.0305330699
 20
593.0230980647
 10
610.9628507823
 20
590.8447142675
  0
ARC
  5
123
330
1F
100
AcDbEntity
  8
0
  6
Continuous
 62
     7
370
    25
100
AcDbCircle
 10
689.0230330893
 20
590.9134166821
 30
0.0
 40
4.330699999999979
100
AcDbArc
 50
180.0
 51
270.0
  0
ARC
  5
124
330
1F
100
AcDbEntity
  8
0
  6
Continuous
 62
     7
370
    25
100
AcDbCircle
 10
689.0230330893
 20
590.9134166821
 30
0.0
 40
6.062979999999925
100
AcDbArc
 50
180.0
 51
270.0
  0
LINE
  5
125
330
1F
100
AcDbEntity
  8
0
  6
Continuous
 62
     7
370
    25
100
AcDbLine
 10
684.6921491262
 20
590.9271988004
 30
0.0
 11
684.2160472238
 21
598.8204366821
 31
0.0
  0
LWPOLYLINE
  5
126
330
1F
100
AcDbEntity
  8
0
  6
Continuous
 62
     7
370
    25
100
AcDbPolyline
 90
       78
 70
   128
 43
0.0
 10
683.9705170682
 20
600.5527166821
 10
683.0611787595
 20
606.6719852041
 10
681.318251053
 20
614.032717139
 10
679.048076738
 20
621.0011823912
 10
676.3207288914
 20
627.5525446365
 10
673.2013494722
 20
633.6686575296
 10
669.7505523928
 20
639.3375804609
 10
666.0287602893
 20
644.5563108593
 10
662.0946767998
 20
649.3291783655
 10
655.9106042499
 20
655.6704155059
 10
649.5260311673
 20
661.0663688579
 10
643.0807011695
 20
665.5796130094
 10
636.6957119898
 20
669.285771926
 10
630.4704885162
 20
672.2632160491
 10
624.4854916994
 20
674.5922193258
 10
616.9892332994
 20
676.8370087267
 10
610.1454401865
 20
678.280849807
 10
603.5377039922
 20
679.1531509125
 10
596.8370830437
 20
679.5263971779
 10
590.0822824038
 20
679.3878592164
 10
583.3124073957
 20
678.729901641
 10
576.5686644851
 20
677.5453133272
 10
569.8947464259
 20
675.8275685126
 10
563.3356569498
 20
673.5771349723
 10
556.9341482709
 20
670.8003946563
 10
550.7345970303
 20
667.5048439337
 10
544.7908384396
 20
663.7043772533
 10
539.1714280636
 20
659.4362462502
 10
533.9131845809
 20
654.7312941539
 10
529.0505573321
 20
649.6196792692
 10
524.6181349956
 20
644.1325115216
 10
520.6444994651
 20
638.305617065
 10
517.1535730616
 20
632.1781029827
 10
514.169510662
 20
625.7898547534
 10
511.7156505988
 20
619.181686626
 10
509.8066477419
 20
612.3969207655
 10
508.45320465
 20
605.4803069552
 10
507.666317756
 20
598.4778281249
 10
507.4542746848
 20
591.4359025129
 10
507.8162445434
 20
584.4005647564
 10
508.749474903
 20
577.4185422221
 10
510.2508775288
 20
570.5374663029
 10
512.3111755226
 20
563.8044509344
 10
514.9142872881
 20
557.2632287678
 10
518.0435186856
 20
550.9576686143
 10
521.680889147
 20
544.9319971657
 10
525.8008659495
 20
539.2268199444
 10
530.3749189114
 20
533.8794719007
 10
535.373909647
 20
528.9278505053
 10
540.764774913
 20
524.4080006504
 10
546.5091918884
 20
520.3487043184
 10
552.567980381
 20
516.7777366526
 10
558.9010667445
 20
513.7227473386
 10
565.4654316968
 20
511.2043507397
 10
572.2154735044
 20
509.2382575589
 10
579.1043709089
 20
507.8404359022
 10
586.0848127806
 20
507.0232356483
 10
593.1087094881
 20
506.7898078094
 10
600.1269158846
 20
507.1419195037
 10
607.089453512
 20
508.0805793551
 10
613.9477147621
 20
509.598851431
 10
620.6545509103
 20
511.6847291034
 10
627.1623006602
 20
514.325943296
 10
633.4230339516
 20
517.5057787061
 10
639.3939543524
 20
521.1997069172
 10
645.0329679147
 20
525.3819474614
 10
650.2974488713
 20
530.0254371583
 10
655.1496221253
 20
535.0964782995
 10
659.5564648781
 20
540.5581679312
 10
663.4845995712
 20
546.3729007779
 10
666.9030156571
 20
552.4998836002
 10
669.7894175897
 20
558.8939698409
 10
672.1229748709
 20
565.509152551
 10
673.8831529038
 20
572.2984204368
 10
675.0572731616
 20
579.2126543512
 10
675.6384001942
 20
586.2012589496
 10
675.6197068485
 20
593.2127289729
 10
675.1210502999
 20
598.8204366821
  0
LWPOLYLINE
  5
127
330
1F
100
AcDbEntity
  8
0
  6
Continuous
 62
     7
370
    25
100
AcDbPolyline
 90
       71
 70
   128
 43
0.0
 10
674.9358616667
 20
600.5527166821
 10
673.7826944863
 20
607.0994198503
 10
671.9799839549
 20
613.8729789538
 10
669.6003591144
 20
620.4646644362
 10
666.662034851
 20
626.82661405
 10
663.1877061505
 20
632.912087483
 10
659.2007548931
 20
638.6736025641
 10
654.7301880914
 20
644.0669025452
 10
649.8109363197
 20
649.0535136984
 10
644.4786926446
 20
653.5950007759
 10
638.7719807332
 20
657.6541248372
 10
632.734808659
 20
661.2019555071
 10
626.4123488257
 20
664.2116494534
 10
619.8514628684
 20
666.6567304865
 10
613.1031166396
 20
668.5188700196
 10
606.2186241671
 20
669.7847886972
 10
599.2503062971
 20
670.4416177909
 10
592.2518929049
 20
670.4841274867
 10
585.2771257953
 20
669.9133087884
 10
578.3805058832
 20
668.7306116737
 10
571.615555783
 20
666.9437953775
 10
565.0346831387
 20
664.5681936026
 10
558.690918693
 20
661.6200732139
 10
552.6340000719
 20
658.1214559343
 10
546.9103941489
 20
654.1010842715
 10
541.567137775
 20
649.5887078615
 10
536.6478029589
 20
644.6187899877
 10
532.1897518987
 20
639.231550236
 10
528.2302958398
 20
633.4683682893
 10
524.8031821895
 20
627.3746635002
 10
521.9342781396
 20
620.9996001367
 10
519.6487729465
 20
614.3933346436
 10
517.9666548392
 20
607.6091339134
 10
516.8997965033
 20
600.701881265
 10
516.4594020955
 20
593.7271781711
 10
516.6510312407
 20
586.7416169826
 10
517.471623182
 20
579.8019991725
 10
518.9171087127
 20
572.9658732838
 10
520.9770590026
 20
566.289592304
 10
523.6330691448
 20
559.827676477
 10
526.8656944487
 20
553.635125677
 10
530.6493558088
 20
547.7635430246
 10
534.9514296364
 20
542.2606177497
 10
539.7381632675
 20
537.1744393511
 10
544.9705837731
 20
532.5488718224
 10
550.6042279283
 20
528.4215546517
 10
556.593179457
 20
524.8299826338
 10
562.8866213048
 20
521.8053156218
 10
569.4310882877
 20
519.3719705347
 10
576.172023775
 20
517.5539340311
 10
583.0517617774
 20
516.3674341731
 10
590.011613746
 20
515.8216149686
 10
596.9918650562
 20
515.9247993587
 10
603.9318751652
 20
516.6765060847
 10
610.7715016202
 20
518.0697506521
 10
617.4503800155
 20
520.0959241962
 10
623.9110067582
 20
522.7366184022
 10
630.0965119894
 20
525.9688438553
 10
635.9504911775
 20
529.7676605397
 10
641.4223781188
 20
534.099057318
 10
646.4628844827
 20
538.9252851435
 10
651.0244599839
 20
544.2056005175
 10
655.0678561185
 20
549.8921177469
 10
658.5554741313
 20
555.935183109
 10
661.4534210689
 20
562.2817177837
 10
663.737382129
 20
568.8742003436
 10
665.384235455
 20
575.6538814546
 10
666.3764219651
 20
582.5592461179
 10
666.7062482235
 20
589.5275774861
 10
666.3674224047
 20
596.4953086409
 10
666.0288873786
 20
598.8204366821
  0
LWPOLYLINE
  5
128
330
1F
100
AcDbEntity
  8
0
  6
Continuous
 62
     7
370
    25
100
AcDbPolyline
 90
       63
 70
   128
 43
0.0
 10
665.7766701051
 20
600.5527166821
 10
665.362380159
 20
603.3981450618
 10
663.7011069642
 20
610.1729254281
 10
661.3950043692
 20
616.7560629941
 10
658.4655588284
 20
623.0864784486
 10
654.9401530007
 20
629.1051108097
 10
650.8482115882
 20
634.753451204
 10
646.2286698265
 20
639.9792083856
 10
641.1242231843
 20
644.732002165
 10
635.5809250287
 20
648.9646519073
 10
629.6522142982
 20
652.6384886817
 10
623.3935648994
 20
655.7157663587
 10
616.8637817467
 20
658.1649838825
 10
610.1255856965
 20
659.9638350425
 10
603.243106619
 20
661.0912539826
 10
596.2832220997
 20
661.5358203616
 10
589.313219958
 20
661.2931662744
 10
582.401758613
 20
660.3615814203
 10
575.6163914939
 20
658.751449871
 10
569.0238732562
 20
656.4770133605
 10
562.6906765444
 20
653.5572400756
 10
556.6789573085
 20
650.0221155793
 10
551.0503023967
 20
645.9039916518
 10
545.8620225332
 20
641.2432889604
 10
541.1659245334
 20
636.087425573
 10
537.0125473065
 20
630.4853628947
 10
533.4432584323
 20
624.4937304024
 10
530.4953245808
 20
618.1730527317
 10
528.202677596
 20
611.5860901184
 10
526.5877157424
 20
604.8007359857
 10
525.6702845831
 20
597.886752549
 10
525.4612263663
 20
590.9152620144
 10
525.9620121191
 20
583.9585198087
 10
527.1720241565
 20
577.089500942
 10
529.0784626886
 20
570.379822237
 10
531.6628031988
 20
563.900269739
 10
534.900827531
 20
557.7215917146
 10
538.7570601855
 20
551.9087542257
 10
543.1936301352
 20
546.5255827484
 10
548.1637042682
 20
541.6303278467
 10
553.6141004726
 20
537.2755240796
 10
559.488982475
 20
533.5119504467
 10
565.723830343
 20
530.3801066773
 10
572.2517328205
 20
527.9168191628
 10
579.0020690115
 20
526.1509211027
 10
585.900419495
 20
525.1013027133
 10
592.87131055
 20
524.7843532273
 10
599.8376050854
 20
525.2030772513
 10
606.7208696722
 20
526.3548024338
 10
613.4433379673
 20
528.2303204624
 10
619.9295702079
 20
530.8077134054
 10
626.104413648
 20
534.0618947268
 10
631.8978499706
 20
537.9557746267
 10
637.2428498506
 20
542.446343393
 10
642.0749159226
 20
547.4849585122
 10
646.3392027769
 20
553.0129619409
 10
649.9828729252
 20
558.9691060491
 10
652.9625495396
 20
565.2839219625
 10
655.2420778172
 20
571.8843178537
 10
656.7910858911
 20
578.6941653515
 10
657.5921444571
 20
585.6322462319
 10
657.6309670978
 20
592.6165919586
 10
656.9839344454
 20
598.8204366821
  0
LWPOLYLINE
  5
129
330
1F
100
AcDbEntity
  8
0
  6
Continuous
 62
     7
370
    25
100
AcDbPolyline
 90
       55
 70
   128
 43
0.0
 10
656.6918382302
 20
600.5527166821
 10
655.4249330198
 20
606.3908662365
 10
653.2012541155
 20
613.0139775761
 10
650.2628436141
 20
619.3531016151
 10
646.6409945401
 20
625.3284417506
 10
642.3803157651
 20
630.8672407745
 10
637.5308337201
 20
635.8995473019
 10
632.1502934948
 20
640.3605978419
 10
626.3054734806
 20
644.194726852
 10
620.0669902208
 20
647.3497378805
 10
613.5141929257
 20
649.7866292287
 10
606.7281965165
 20
651.4706742209
 10
599.7946049338
 20
652.3785123928
 10
592.8019725685
 20
652.4973425278
 10
585.8401647934
 20
651.8208417127
 10
578.9995986916
 20
650.3582752367
 10
572.3703337575
 20
648.1237271815
 10
566.0387198188
 20
645.1464366213
 10
560.089737785
 20
641.4624742326
 10
554.6033946297
 20
637.1178044411
 10
549.6533179042
 20
632.1690864522
 10
545.3093902811
 20
626.6797282981
 10
541.6298174962
 20
620.7240220976
 10
538.6688290374
 20
614.3792591157
 10
536.4667286258
 20
607.7317858079
 10
535.0574537054
 20
600.8713149059
 10
534.4632902989
 20
593.8915615205
 10
534.6942058645
 20
586.8897769395
 10
535.7513314648
 20
579.9632868409
 10
537.6194863099
 20
573.2093653029
 10
540.2782080262
 20
566.7248670094
 10
543.6900128965
 20
560.6014197404
 10
547.8105816451
 20
554.9289322486
 10
552.5816701715
 20
549.7906684787
 10
557.9359944806
 20
545.2619436655
 10
563.7992013161
 20
541.4125083815
 10
570.0852299223
 20
538.2982713578
 10
576.7047100304
 20
535.9711755526
 10
583.5590377933
 20
534.4661818319
 10
590.5467540825
 20
533.8096383211
 10
597.5637577855
 20
534.0148782185
 10
604.5036857935
 20
535.0795376993
 10
611.260114006
 20
536.994561662
 10
617.7294893776
 20
539.7297794029
 10
623.8094315448
 20
543.2485195984
 10
629.4053373457
 20
547.4976108173
 10
634.4278652323
 20
552.4133358099
 10
638.7936991956
 20
557.9221742311
 10
642.4338985819
 20
563.9366103585
 10
645.2843862925
 20
570.3646526618
 10
647.2995103796
 20
577.1029241194
 10
648.4409652365
 20
584.0446623853
 10
648.6872166543
 20
591.0764915325
 10
648.0316217501
 20
598.0831963869
 10
647.8649756397
 20
598.8204366821
  0
LWPOLYLINE
  5
12A
330
1F
100
AcDbEntity
  8
0
  6
Continuous
 62
     7
370
    25
100
AcDbPolyline
 90
       59
 70
   128
 43
0.0
 10
647.4734103306
 20
600.5527166821
 10
646.4796344241
 20
604.9491687871
 10
644.0563446342
 20
611.5595827825
 10
640.7951211161
 20
617.8013317591
 10
636.751305943
 20
623.5687732022
 10
631.9879872113
 20
628.7595651845
 10
626.5859887185
 20
633.2846795519
 10
620.6344295663
 20
637.0614070837
 10
614.2355110393
 20
640.0209810627
 10
609.209100029
 20
641.6712549079
 10
604.041829529
 20
642.8111336181
 10
598.7856770356
 20
643.4301968388
 10
593.4929883519
 20
643.5196410304
 10
588.2171511572
 20
643.0746505619
 10
583.0119827159
 20
642.1009184464
 10
577.9311816549
 20
640.6058311475
 10
573.0275710525
 20
638.6012727783
 10
568.3515583141
 20
636.1088996596
 10
563.9534258855
 20
633.1517968284
 10
559.8814439341
 20
629.7581290451
 10
556.1776968279
 20
625.9647547617
 10
552.8834122197
 20
621.8095537894
 10
550.0366464736
 20
617.3344141142
 10
547.6671285036
 20
612.5879702578
 10
545.803389315
 20
607.6197134343
 10
544.4692548309
 20
602.4827016313
 10
543.6779357835
 20
597.2336669926
 10
543.4412484672
 20
591.9295050273
 10
543.7662858662
 20
586.628714209
 10
544.6481391366
 20
581.3904938771
 10
546.0800653021
 20
576.2740755141
 10
548.0498937785
 20
571.3380852115
 10
550.5339937987
 20
566.6383843243
 10
553.507134173
 20
562.2305762937
 10
556.9387213182
 20
558.1677794167
 10
560.7875906894
 20
554.4962145861
 10
565.0112310526
 20
551.2611264234
 10
569.5631090345
 20
548.50403461
 10
574.3886412236
 20
546.2566225344
 10
579.4320298928
 20
544.549092918
 10
584.6336430478
 20
543.4058964405
 10
589.9303544279
 20
542.8395651655
 10
595.2587823194
 20
542.8611664468
 10
600.5529918038
 20
543.4748737764
 10
605.7478697175
 20
544.6714799571
 10
610.7783367198
 20
546.4401701652
 10
615.5800043929
 20
548.7635594245
 10
620.09246803
 20
551.6108542388
 10
624.2558091781
 20
554.9493908822
 10
628.0144325782
 20
558.7401352298
 10
631.320645171
 20
562.9329765624
 10
634.1276074483
 20
567.4766904729
 10
636.3950615502
 20
572.3142519978
 10
638.0944984747
 20
577.381142273
 10
639.1984689189
 20
582.6118338898
 10
639.6873543127
 20
587.9366791376
 10
639.5561873424
 20
593.2835599532
 10
638.801692525
 20
598.5800297166
 10
638.7379305428
 20
598.8204366821
  0
LWPOLYLINE
  5
12B
330
1F
100
AcDbEntity
  8
0
  6
Continuous
 62
     7
370
    25
100
AcDbPolyline
 90
       50
 70
   128
 43
0.0
 10
638.2784862564
 20
600.5527166821
 10
637.429727993
 20
603.7528586977
 10
635.4603918535
 20
608.7308429218
 10
632.9155280472
 20
613.4426485925
 10
629.8276557036
 20
617.8202268995
 10
626.2415000502
 20
621.8017593135
 10
622.2032658031
 20
625.3259084416
 10
617.7692364059
 20
628.3397974028
 10
613.0040392289
 20
630.8004616553
 10
607.9735827907
 20
632.6654413848
 10
602.7513223539
 20
633.9044469856
 10
597.4156275684
 20
634.499562312
 10
592.0458286293
 20
634.4341699244
 10
586.7232117518
 20
633.7069067114
 10
581.5294022544
 20
632.3291451389
 10
576.5461307786
 20
630.3141255021
 10
571.8514155981
 20
627.6918163787
 10
567.5194048736
 20
624.5024104173
 10
563.6238683376
 20
620.7893509937
 10
560.2277318816
 20
616.6124528985
 10
557.3875621249
 20
612.037687683
 10
555.1569462757
 20
607.1347577953
 10
553.5714725725
 20
601.9845804123
 10
552.6613918429
 20
596.6712897874
 10
552.4504655318
 20
591.2821909971
 10
552.940541306
 20
585.9090130836
 10
554.129050406
 20
580.6446535016
 10
556.0027666517
 20
575.5813227954
 10
558.5269948755
 20
570.8069295696
 10
561.6643770532
 20
566.4085675859
 10
565.3640325721
 20
562.4678574908
 10
569.5587456576
 20
559.0548782247
 10
574.1783927811
 20
556.2388391481
 10
579.1388391522
 20
554.0754359353
 10
584.3486622668
 20
552.6045894905
 10
589.7134927419
 20
551.8637442642
 10
595.1315447236
 20
551.8683933375
 10
600.4997786162
 20
552.6211229214
 10
605.7126757984
 20
554.1185242404
 10
610.6675148265
 20
556.330206799
 10
615.2635048705
 20
559.2175504299
 10
619.4035878131
 20
562.7307570144
 10
623.005101326
 20
566.7971310336
 10
625.9874048852
 20
571.3403285116
 10
628.283596763
 20
576.2699011638
 10
629.8450624049
 20
581.481799344
 10
630.6265462508
 20
586.8681502832
 10
630.6098322591
 20
592.3129754366
 10
629.7914783218
 20
597.6980815923
 10
629.4477109849
 20
598.8067184873
  0
LWPOLYLINE
  5
12C
330
1F
100
AcDbEntity
  8
0
  6
Continuous
 62
     7
370
    25
100
AcDbPolyline
 90
       40
 70
   128
 43
0.0
 10
628.9127597119
 20
600.5319164762
 10
628.1774590747
 20
602.9032337239
 10
625.8046726553
 20
607.8127384653
 10
622.7176996533
 20
612.3120534614
 10
618.9812703527
 20
616.2919780372
 10
614.6824917904
 20
619.6600272361
 10
609.9141698244
 20
622.3265377669
 10
604.7828943092
 20
624.2279916556
 10
599.3933100306
 20
625.3123322046
 10
593.8740599616
 20
625.5297072354
 10
588.3656155448
 20
624.8648499095
 10
583.0144182883
 20
623.310972189
 10
577.9664480011
 20
620.8947573525
 10
573.3656297214
 20
617.6680645289
 10
569.3533939237
 20
613.6992332991
 10
566.0505587153
 20
609.0935029807
 10
563.5745008222
 20
603.9690677336
 10
562.0130464431
 20
598.4731178358
 10
561.4309189848
 20
592.7681795619
 10
561.8612675548
 20
587.0859199588
 10
563.1873409441
 20
581.839826321
 10
565.2337854529
 20
577.1717342435
 10
567.8130397148
 20
573.1388527162
 10
570.7644798382
 20
569.7462022037
 10
574.2527621949
 20
566.757875248
 10
578.3641500691
 20
564.1988340001
 10
583.057797246
 20
562.2372216433
 10
588.1119273396
 20
561.0699993498
 10
593.2919469582
 20
560.7761485735
 10
598.4459634696
 20
561.3795328027
 10
603.4181730895
 20
562.8651673778
 10
608.0564312301
 20
565.1949911731
 10
612.2101136758
 20
568.3094174476
 10
615.7482945166
 20
572.1090068078
 10
618.5446402869
 20
576.4841819958
 10
620.505920347
 20
581.2939482855
 10
621.5567813475
 20
586.3803586804
 10
621.6488535224
 20
591.5751313402
 10
620.7768593837
 20
596.6977816779
 10
620.245175937
 20
598.1159634734
  0
LWPOLYLINE
  5
12D
330
1F
100
AcDbEntity
  8
0
  6
Continuous
 62
     7
370
    25
100
AcDbPolyline
 90
       42
 70
   128
 43
0.0
 10
619.6295615337
 20
599.7580178676
 10
618.9527414811
 20
601.5633286845
 10
616.2412196985
 20
605.9978102275
 10
612.7269426429
 20
609.8285388741
 10
608.5371061839
 20
612.906623368
 10
603.8251108201
 20
615.1066770197
 10
598.7689515687
 20
616.326905885
 10
593.570350456
 20
616.5152773837
 10
588.4411918357
 20
615.6407537576
 10
583.5970672953
 20
613.7396358291
 10
579.2546386592
 20
610.8714792315
 10
575.6069507021
 20
607.1565803622
 10
572.8323738943
 20
602.7520260225
 10
571.0713832578
 20
597.8511450272
 10
570.6004528248
 20
595.2856539912
 10
570.4178313698
 20
592.6835697734
 10
570.9267141373
 20
587.5001972308
 10
571.6117011599
 20
584.9823763499
 10
572.5788997945
 20
582.558099093
 10
573.8198948513
 20
580.2620897501
 10
575.3165046669
 20
578.1240499484
 10
577.0495640476
 20
576.1717712321
 10
578.9988025161
 20
574.4349002358
 10
581.1414652613
 20
572.942699704
 10
583.4469041606
 20
571.7155077018
 10
585.8763587545
 20
570.7719492661
 10
588.3409560289
 20
570.1378479362
 10
590.7889465235
 20
569.8090137633
 10
593.1856198117
 20
569.7649005907
 10
595.5008508545
 20
569.9799272875
 10
597.7775303573
 20
570.4476940933
 10
600.5290271819
 20
571.3878313228
 10
603.7142272157
 20
573.0820338527
 10
605.3850583407
 20
574.2927401818
 10
607.0437658632
 20
575.7852510775
 10
608.626938558
 20
577.5837971649
 10
610.0627358295
 20
579.6984960648
 10
611.2746515913
 20
582.1259308071
 10
612.1754836386
 20
584.8480245915
 10
612.6758817152
 20
587.8228373212
 10
612.6895272329
 20
590.9821188136
 10
612.6895272329
 20
590.9821188136
  0
LWPOLYLINE
  5
12E
330
1F
100
AcDbEntity
  8
0
  6
Continuous
 62
     7
370
    25
100
AcDbPolyline
 90
       40
 70
   128
 43
0.0
 10
610.9628543378
 20
590.8447145505
 10
610.9709649596
 20
588.2303724627
 10
610.6138954797
 20
585.7746880227
 10
609.9610392124
 20
583.5244089316
 10
609.081384688
 20
581.5077767034
 10
606.9063452958
 20
578.2072799282
 10
604.5418847989
 20
575.8406653017
 10
602.335154934
 20
574.2594047879
 10
600.2192044084
 20
573.1422951427
 10
597.9503899118
 20
572.2960058331
 10
595.5627901035
 20
571.7426195401
 10
593.0954316604
 20
571.4945740792
 10
590.5899669687
 20
571.5636819112
 10
588.1076767201
 20
571.9565415688
 10
585.6948983759
 20
572.6640709678
 10
583.389263458
 20
573.6674351857
 10
581.2268042856
 20
574.9479378815
 10
579.2417250172
 20
576.4870830864
 10
577.4613790918
 20
578.2596723845
 10
575.9077618738
 20
580.2343252249
 10
574.6018860382
 20
582.3803616851
 10
573.5637859972
 20
584.6676103403
 10
572.8065328967
 20
587.0613288646
 10
572.3340966712
 20
589.5271352579
 10
572.1502104709
 20
592.0310376963
 10
572.2583811708
 20
594.5397936826
 10
572.6567126451
 20
597.0184424544
 10
574.2772568096
 20
601.759728553
 10
576.9157297392
 20
606.0192618826
 10
580.4267570742
 20
609.5929086453
 10
584.6270412154
 20
612.3207608259
 10
589.3162240621
 20
614.0824619903
 10
594.2673725358
 20
614.8181610283
 10
599.2633879935
 20
614.4989506328
 10
604.0876738983
 20
613.1623851142
 10
608.5344796352
 20
610.8683397689
 10
612.4315123107
 20
607.7298835935
 10
615.624566941
 20
603.8779467626
 10
617.9977560905
 20
599.4754596766
 10
618.0264776036
 20
599.3822814893
  0
LWPOLYLINE
  5
12F
330
1F
100
AcDbEntity
  8
0
  6
Continuous
 62
     7
370
    25
100
AcDbPolyline
 90
       39
 70
   128
 43
0.0
 10
618.5366191514
 20
597.7272828638
 10
619.4709318918
 20
594.6961902034
 10
619.9944593826
 20
589.7228592139
 10
619.5664489867
 20
584.7420838618
 10
618.2031638059
 20
579.9321824544
 10
615.9719704171
 20
575.4595649104
 10
612.9521167603
 20
571.4787345209
 10
609.2559766397
 20
568.1156108531
 10
605.0142685114
 20
565.4763482642
 10
600.3677966161
 20
563.6440341509
 10
595.4707686651
 20
562.6618624082
 10
590.4779756622
 20
562.5611650811
 10
585.5910462013
 20
563.3190405696
 10
580.9888957586
 20
564.8669500551
 10
576.7871766773
 20
567.1138003838
 10
573.0481826847
 20
569.9697434145
 10
569.8273861907
 20
573.3705695046
 10
567.1910463009
 20
577.2172159961
 10
565.1804084473
 20
581.4294795133
 10
563.8097203801
 20
586.0863552073
 10
563.1854401142
 20
591.1257431643
 10
563.4325427484
 20
596.4226092432
 10
564.6539203778
 20
601.8157091818
 10
566.8984681345
 20
607.0788050291
 10
570.0417413312
 20
611.8147468163
 10
573.9199150833
 20
615.8634127644
 10
578.3818523032
 20
619.1266192809
 10
583.2610977605
 20
621.5486031169
 10
588.3956808716
 20
623.1017804359
 10
593.637659594
 20
623.7853558185
 10
598.9022355495
 20
623.6253420888
 10
604.0717545559
 20
622.6285697594
 10
609.0185764929
 20
620.8315966466
 10
613.6207900819
 20
618.2857656491
 10
617.767080419
 20
615.0551209997
 10
621.3661275874
 20
611.228766517
 10
624.333128164
 20
606.8974209475
 10
626.6058114155
 20
602.1666999788
 10
627.1144731274
 20
600.5030579148
  0
LWPOLYLINE
  5
130
330
1F
100
AcDbEntity
  8
0
  6
Continuous
 62
     7
370
    25
100
AcDbPolyline
 90
       50
 70
   128
 43
0.0
 10
627.6430761677
 20
598.7741952296
 10
628.1398011299
 20
597.149593806
 10
628.8990092909
 20
591.9607234362
 10
628.8786555672
 20
586.7195825557
 10
628.082930801
 20
581.5426711961
 10
626.5320842197
 20
576.5425635506
 10
624.2708143102
 20
571.8229547031
 10
621.346970332
 20
567.4854671599
 10
617.8279013011
 20
563.616997281
 10
613.7938839253
 20
560.2932231795
 10
609.327471198
 20
557.5839259901
 10
604.5250175029
 20
555.5346776575
 10
599.4844832342
 20
554.1824571624
 10
594.3054992929
 20
553.5536275869
 10
589.0909239185
 20
553.6496550859
 10
583.9421153523
 20
554.467815168
 10
578.958089611
 20
555.9888134675
 10
574.2305006694
 20
558.1743377726
 10
569.8483158616
 20
560.9840326529
 10
565.8886364135
 20
564.361031822
 10
562.4192283468
 20
568.23756904
 10
559.504621261
 20
572.5443865372
 10
557.1902769285
 20
577.1998952872
 10
555.5126649551
 20
582.1180559705
 10
554.5026841584
 20
587.2126222549
 10
554.1685775695
 20
592.3937531282
 10
554.5125587114
 20
597.5724402935
 10
555.5293856813
 20
602.6601604172
 10
557.1929617662
 20
607.57315403
 10
559.473794219
 20
612.2296613094
 10
562.3327620534
 20
616.5523756991
 10
565.7159367975
 20
620.4756982206
 10
569.5683770696
 20
623.9366801965
 10
573.8261493584
 20
626.8814987673
 10
578.4175937287
 20
629.2698170479
 10
583.2709330399
 20
631.0634815568
 10
588.3081893545
 20
632.2380604224
 10
593.4497744059
 20
632.781947013
 10
598.6169567728
 20
632.6855635737
 10
603.7318735574
 20
631.9556824896
 10
608.7184547497
 20
630.6091709748
 10
613.5014211705
 20
628.6644719721
 10
618.0128766625
 20
626.1551516218
 10
622.1889167366
 20
623.1229808412
 10
625.9673883616
 20
619.6110835239
 10
629.2979543481
 20
615.6740128966
 10
632.1369595055
 20
611.3709344975
 10
634.4431198119
 20
606.7619508424
 10
636.1891789822
 20
601.9145322381
 10
636.5054608656
 20
600.5527166821
  0
LWPOLYLINE
  5
131
330
1F
100
AcDbEntity
  8
0
  6
Continuous
 62
     7
370
    25
100
AcDbPolyline
 90
       58
 70
   128
 43
0.0
 10
636.9077831761
 20
598.8204366821
 10
637.3545155987
 20
596.8969399709
 10
637.921777962
 20
591.7785887844
 10
637.8894865522
 20
586.6308464001
 10
637.2612007326
 20
581.5232497909
 10
636.0441501209
 20
576.5247456245
 10
634.2609294338
 20
571.7002573633
 10
631.9380383806
 20
567.112844948
 10
629.1046432192
 20
562.8236530193
 10
625.802659161
 20
558.8850703728
 10
622.0774192361
 20
555.3464269308
 10
617.9763086063
 20
552.2542308431
 10
613.555025882
 20
549.6429982033
 10
608.8704413108
 20
547.5434822216
 10
603.9811142388
 20
545.9829709416
 10
598.949810323
 20
544.9751259884
 10
593.8392997177
 20
544.530292398
 10
588.7125787
 20
544.6551439903
 10
583.6318123724
 20
545.3422761899
 10
578.65791058
 20
546.5809124437
 10
573.851176601
 20
548.3570752417
 10
569.2670705304
 20
550.6446412674
 10
564.9586490254
 20
553.4148108497
 10
560.9770678747
 20
556.6355357703
 10
557.3655294652
 20
560.2647233942
 10
554.1648147015
 20
564.2586980795
 10
551.4124994983
 20
568.572238867
 10
549.1351782791
 20
573.1535638664
 10
547.3569081721
 20
577.9496298881
 10
546.0987796825
 20
582.9062454061
 10
545.3700592397
 20
587.9668007113
 10
545.1771072872
 20
593.0747571226
 10
545.5227543836
 20
598.1733706354
 10
546.3979855786
 20
603.2070621241
 10
547.7913814288
 20
608.1214547488
 10
549.6889143108
 20
612.8627591102
 10
552.0659035124
 20
617.3816266078
 10
554.8951925547
 20
621.6310192283
 10
558.1472361521
 20
625.5650581439
 10
561.7839629441
 20
629.1448337135
 10
565.7657553583
 20
632.3342054213
 10
570.0518426714
 20
635.0991080617
 10
574.5957375225
 20
637.4147583157
 10
579.3494341325
 20
639.2591053547
 10
584.2643931837
 20
640.6123766293
 10
589.2896567507
 20
641.4648164419
 10
594.373854792
 20
641.8094739093
 10
599.4658330985
 20
641.6421124903
 10
606.1801132455
 20
640.6333175608
 10
612.7003451957
 20
638.7456584674
 10
618.913287447
 20
636.0158225351
 10
624.713256043
 20
632.4955311271
 10
630.0010845973
 20
628.2470444205
 10
634.6909343896
 20
623.3485052298
 10
638.7032417499
 20
617.8829952868
 10
641.9761564821
 20
611.9469015469
 10
644.455162046
 20
605.6398662412
 10
645.7325163628
 20
600.5527166821
  0
LWPOLYLINE
  5
132
330
1F
100
AcDbEntity
  8
0
  6
Continuous
 62
     7
370
    25
100
AcDbPolyline
 90
       55
 70
   128
 43
0.0
 10
646.1346239344
 20
598.8204366821
 10
646.9015088886
 20
592.3406414131
 10
646.8341543399
 20
585.5682028858
 10
645.9089717668
 20
578.8605246694
 10
644.1417863661
 20
572.3254828625
 10
641.5676318197
 20
566.0653075648
 10
638.227045315
 20
560.1798880621
 10
634.1783408498
 20
554.75906854
 10
629.4859832578
 20
549.8867072298
 10
624.225122195
 20
545.6362261109
 10
618.4804255604
 20
542.0690071983
 10
612.3397718814
 20
539.2400901884
 10
605.8995965382
 20
537.186433789
 10
599.2575401142
 20
535.9393577117
 10
592.5135804888
 20
535.5124024977
 10
585.7690130972
 20
535.9087524402
 10
579.1238660525
 20
537.1216703094
 10
572.6748210955
 20
539.1273473471
 10
566.5165294756
 20
541.8971136317
 10
560.7356556412
 20
545.3852567995
 10
555.4150217978
 20
549.5401966008
 10
550.629855269
 20
554.3001592184
 10
546.4448156154
 20
559.5939550999
 10
542.919432134
 20
565.3469662834
 10
540.0982386245
 20
571.4752029255
 10
538.0206460687
 20
577.8928302088
 10
536.7111617315
 20
584.5091925432
 10
536.1857088675
 20
591.2320647518
 10
536.4500980657
 20
597.9694214386
 10
537.4963286366
 20
604.6293369227
 10
539.3099812697
 20
611.1214635217
 10
541.8612496604
 20
617.3600453473
 10
545.1160564133
 20
623.2610229041
 10
549.0272751199
 20
628.7476822495
 10
553.5414929841
 20
633.7487976025
 10
558.5982248192
 20
638.1994237129
 10
564.1285951257
 20
642.0444714312
 10
570.0606301057
 20
645.2339150985
 10
576.3147673032
 20
647.7311133473
 10
582.8105563044
 20
649.5037609259
 10
589.464124501
 20
650.532624745
 10
596.1900999481
 20
650.806769517
 10
602.9039851639
 20
650.3238517274
 10
609.5215718506
 20
649.0944479124
 10
615.9592930902
 20
647.133358754
 10
622.1386977384
 20
644.4698332029
 10
627.9839976263
 20
641.1375279457
 10
633.4237733672
 20
637.1787766016
 10
638.3937972207
 20
632.6449979789
 10
642.8332369754
 20
627.5911867083
 10
646.691998518
 20
622.0821603594
 10
649.9237852816
 20
616.1841440388
 10
652.4919359786
 20
609.9689349612
 10
654.3690293355
 20
603.5120948043
 10
654.8888073108
 20
600.5527166821
  0
LWPOLYLINE
  5
133
330
1F
100
AcDbEntity
  8
0
  6
Continuous
 62
     7
370
    25
100
AcDbPolyline
 90
       64
 70
   128
 43
0.0
 10
655.1930607565
 20
598.8204366821
 10
655.5321821875
 20
596.8896343175
 10
655.972202847
 20
590.1804834153
 10
655.6838416626
 20
583.4639187345
 10
654.6736209621
 20
576.8180114952
 10
652.9561068143
 20
570.3194384374
 10
650.5504490427
 20
564.0434010511
 10
647.4886015256
 20
558.0603878566
 10
643.8054323058
 20
552.4390971394
 10
639.5452347427
 20
547.2421448268
 10
634.7583292198
 20
542.5264503418
 10
629.4983326507
 20
538.345670023
 10
623.827279027
 20
534.7428703527
 10
617.8081664475
 20
531.7580932247
 10
611.5085915529
 20
529.4233905559
 10
604.9998483977
 20
527.7614572411
 10
598.35311569
 20
526.7912766406
 10
591.6416543326
 20
526.5189589376
 10
584.9386103616
 20
526.9468394563
 10
578.316512296
 20
528.0698164678
 10
571.8463704456
 20
529.8714845772
 10
565.5982061084
 20
532.333375859
 10
559.6374333795
 20
535.4265368677
 10
554.0266685088
 20
539.1161858592
 10
548.8255281081
 20
543.3633793122
 10
544.0858464681
 20
548.119936843
 10
539.8574813271
 20
553.3364623129
 10
536.1839740438
 20
558.9570069619
 10
533.1006822602
 20
564.9211713129
 10
530.640391938
 20
571.1679441975
 10
528.8249492805
 20
577.6316037049
 10
527.6718768093
 20
584.2456212112
 10
527.1931370967
 20
590.9424223888
 10
527.3892135516
 20
597.6530923248
 10
528.2586427245
 20
604.3097768805
 10
529.7913876503
 20
610.8456132803
 10
531.968878704
 20
617.1955066346
 10
534.7705409783
 20
623.2958453481
 10
538.1651697448
 20
629.0876019715
 10
542.1176988803
 20
634.5136493174
 10
546.5897823591
 20
639.5198817126
 10
551.5341999152
 20
644.0599862458
 10
556.9026194988
 20
648.0896198654
 10
562.6426171088
 20
651.5698612562
 10
568.6966043842
 20
654.4699675802
 10
575.0065242194
 20
656.7609688743
 10
581.5101137153
 20
658.4232019931
 10
588.1447118766
 20
659.4433006439
 10
594.8474757823
 20
659.8100313546
 10
601.5540247521
 20
659.5232915557
 10
608.2010365977
 20
658.5870773194
 10
614.7260410058
 20
657.0093504601
 10
621.0682267139
 20
654.808845476
 10
627.1681672345
 20
652.006072755
 10
632.9692634758
 20
648.6276600756
 10
638.4194532781
 20
644.7084139024
 10
643.4679844045
 20
640.2836160819
 10
648.0693088813
 20
635.3947200262
 10
652.1829982291
 20
630.0889532335
 10
655.7703324972
 20
624.4141217554
 10
658.8013256305
 20
618.4233219452
 10
661.250192855
 20
612.1719410976
 10
663.0933763299
 20
605.7157698565
 10
664.0508336322
 20
600.5527166821
  0
LWPOLYLINE
  5
134
330
1F
100
AcDbEntity
  8
0
  6
Continuous
 62
     7
370
    25
100
AcDbPolyline
 90
       72
 70
   128
 43
0.0
 10
664.3437814
 20
598.8204366821
 10
664.9133458292
 20
592.425894614
 10
664.8737719848
 20
585.7111607633
 10
664.2027923931
 20
579.029958146
 10
662.9068266971
 20
572.4411519768
 10
660.9970635082
 20
566.0031252112
 10
658.4941090577
 20
559.7715987703
 10
655.4194963735
 20
553.8008417123
 10
651.7998031865
 20
548.1433248845
 10
647.6699705219
 20
542.8468243898
 10
643.0653297595
 20
537.9574531455
 10
638.0256874766
 20
533.5168658175
 10
632.5969647462
 20
529.5610514382
 10
626.8251066664
 20
526.1247677483
 10
620.7598788277
 20
523.2361412561
 10
614.4546519162
 20
520.9170980505
 10
607.9625208151
 20
519.1885941157
 10
601.3385359797
 20
518.0639787535
 10
594.6392960838
 20
517.550130528
 10
587.9208417469
 20
517.6527193094
 10
581.2394614827
 20
518.3685886762
 10
574.6505490325
 20
519.6894970454
 10
568.2089237695
 20
521.6061735898
 10
561.9680104062
 20
524.1003159328
 10
555.9782923608
 20
527.1491756947
 10
550.2894146899
 20
530.7293272335
 10
544.9474476253
 20
534.8094763061
 10
539.9947216029
 20
539.3545877418
 10
535.4722806754
 20
544.3290502574
 10
531.4151520149
 20
549.6904255333
 10
527.8546211165
 20
555.3938465894
 10
524.8207136387
 20
561.3946576175
 10
522.3360350096
 20
567.643669817
 10
520.418526527
 20
574.0893841243
 10
519.0849692951
 20
580.6810161988
 10
518.3439792465
 20
587.3662228354
 10
518.1993017286
 20
594.0912235324
 10
518.6536445213
 20
600.8028382005
 10
519.7012275765
 20
607.4481531934
 10
521.3315467745
 20
613.9754377901
 10
523.533491729
 20
620.3335674692
 10
526.2883014717
 20
626.4727431181
 10
529.5724083551
 20
632.3461580173
 10
533.3617940208
 20
637.9079776527
 10
537.6254426434
 20
643.1158275849
 10
542.3285722503
 20
647.931043358
 10
547.4364677747
 20
652.3158892518
 10
552.9089861018
 20
656.2374490751
 10
558.7022198776
 20
659.6678692548
 10
564.7728401806
 20
662.5801620371
 10
571.0752392213
 20
664.9526094023
 10
577.5600642363
 20
666.7698239941
 10
584.1784904634
 20
668.017233741
 10
590.8810134601
 20
668.6857411646
 10
597.6168196482
 20
668.7736148028
 10
604.3357768121
 20
668.2797522342
 10
610.9875677148
 20
667.2067517966
 10
617.5228557416
 20
665.5659246666
 10
623.8935875982
 20
663.3697367189
 10
630.0522575614
 20
660.6327660111
 10
635.9544190535
 20
657.3782504308
 10
641.5576502025
 20
653.6313059874
 10
646.8202329158
 20
649.4173947844
 10
651.7040816347
 20
644.7689547847
 10
656.1754587514
 20
639.7221586131
 10
660.2014236365
 20
634.3126637136
 10
663.7520752724
 20
628.5786932106
 10
666.8045886527
 20
622.5640784618
 10
669.3376777751
 20
616.3124844427
 10
671.3313292632
 20
609.8674321085
 10
672.7735470916
 20
603.2758393018
 10
673.1328724797
 20
600.5527166821
  0
LWPOLYLINE
  5
135
330
1F
100
AcDbEntity
  8
0
  6
Continuous
 62
     7
370
    25
100
AcDbPolyline
 90
       78
 70
   128
 43
0.0
 10
673.3614527789
 20
598.8204366821
 10
673.656298424
 20
596.5859693383
 10
673.9718299928
 20
589.8452486016
 10
673.7171524283
 20
583.1007393522
 10
672.8977826106
 20
576.4005435151
 10
671.5200986643
 20
569.7921910008
 10
669.5915274439
 20
563.3221265016
 10
667.1280224613
 20
557.0352257793
 10
664.1491529739
 20
550.9748501388
 10
660.6742743097
 20
545.1835903966
 10
656.7267463032
 20
539.7025151315
 10
652.3372015478
 20
534.5678923797
 10
647.5365677892
 20
529.8144715413
 10
642.3561036233
 20
525.4762647293
 10
636.8330885471
 20
521.582405878
 10
631.0071247036
 20
518.1573041508
 10
624.9172725558
 20
515.2248514547
 10
618.6041603776
 20
512.8066727047
 10
612.1126655934
 20
510.9164637228
 10
605.4873102312
 20
509.5656827442
 10
598.7720615194
 20
508.7652547813
 10
592.012717051
 20
508.5198420057
 10
585.2556471472
 20
508.8279908751
 10
578.5460918987
 20
509.6880208322
 10
571.9283817246
 20
511.0964155034
 10
565.4462983518
 20
513.040825928
 10
559.1433403844
 20
515.5064859564
 10
553.0621503002
 20
518.4786569909
 10
547.2427533817
 20
521.937456863
 10
541.7223325591
 20
525.8569372909
 10
536.537250492
 20
530.2111796802
 10
531.722859488
 20
534.9735681937
 10
527.3095175917
 20
540.1110252561
 10
523.3243622212
 20
545.5883924012
 10
519.7939843736
 20
551.3710451762
 10
516.7426841507
 20
557.4215125393
 10
514.1876785112
 20
563.6982228162
 10
512.144463063
 20
570.1601774945
 10
510.6280772688
 20
576.7668479604
 10
509.6482284959
 20
583.4751323994
 10
509.2079543924
 20
590.2409265112
 10
509.3098507099
 20
597.0210850721
 10
509.9556623034
 20
603.7727617068
 10
511.1393536869
 20
610.4528012544
 10
512.8507028351
 20
617.0181520309
 10
515.0795558175
 20
623.4265278119
 10
517.81420947
 20
629.6372393547
 10
521.034449621
 20
635.6122126348
 10
524.7176496697
 20
641.314153699
 10
528.8271052752
 20
646.6890926224
 10
533.2810137244
 20
651.6506200933
 10
540.4950542695
 20
658.2821632996
 10
548.2126951957
 20
663.9190955059
 10
556.2905632796
 20
668.5525359791
 10
564.5867539942
 20
672.201639738
 10
568.7766720795
 20
673.6669545501
 10
572.9752933708
 20
674.8988746429
 10
577.2605276599
 20
675.9220115014
 10
582.0391589824
 20
676.7952140237
 10
587.3634565431
 20
677.4473556436
 10
593.2278475411
 20
677.7838847301
 10
599.6156968875
 20
677.6994236337
 10
606.4955659315
 20
677.0785043433
 10
613.8166121635
 20
675.8039911433
 10
621.5074842254
 20
673.7554766702
 10
629.4719747123
 20
670.8068513185
 10
637.586253533
 20
666.8351395517
 10
643.0049772035
 20
663.5673904543
 10
648.3694758456
 20
659.7704621816
 10
653.6185418321
 20
655.417757431
 10
658.6855070122
 20
650.4883592832
 10
663.4997455908
 20
644.9726893027
 10
667.9829977531
 20
638.8672099408
 10
672.0487362438
 20
632.1743220505
 10
675.6085630225
 20
624.9091551657
 10
678.57458984
 20
617.1017878653
 10
680.8521659176
 20
608.7924430402
 10
682.2556789403
 20
600.5527166821
  0
LINE
  5
136
330
1F
100
AcDbEntity
  8
0
  6
Continuous
 62
     7
370
    25
100
AcDbLine
 10
682.4258434403
 20
598.820436682
 30
0.0
 11
682.9602370525
 21
590.8996345637
 31
0.0
  0
LINE
  5
137
330
1F
100
AcDbEntity
  8
0
  6
Continuous
 62
     7
370
    25
100
AcDbLine
 10
689.0230330893
 20
599.6865766821
 30
0.0
 11
689.0230330893
 21
600.5527166821
 31
0.0
  0
LINE
  5
138
330
1F
100
AcDbEntity
  8
0
  6
Continuous
 62
     7
370
    25
100
AcDbLine
 10
689.0230330893
 20
598.8204366821
 30
0.0
 11
689.0230330893
 21
599.6865766821
 31
0.0
  0
LINE
  5
139
330
1F
100
AcDbEntity
  8
0
  6
Continuous
 62
     7
370
    25
100
AcDbLine
 10
689.0230330893
 20
585.1434610943
 30
0.0
 11
689.0230330893
 21
584.8504366821
 31
0.0
  0
LINE
  5
13A
330
1F
100
AcDbEntity
  8
0
  6
Continuous
 62
     7
370
    25
100
AcDbLine
 10
689.0230330893
 20
586.5827166821
 30
0.0
 11
689.0230330893
 21
585.1434610943
 31
0.0
  0
LINE
  5
13B
330
1F
100
AcDbEntity
  8
0
  6
Continuous
 62
     7
370
    25
100
AcDbLine
 10
630.2088995484
 20
599.6865766821
 30
0.0
 11
630.2088995484
 21
600.5527166821
 31
0.0
  0
LINE
  5
13C
330
1F
100
AcDbEntity
  8
0
  6
Continuous
 62
     7
370
    25
100
AcDbLine
 10
630.2088995484
 20
598.8204366821
 30
0.0
 11
630.2088995484
 21
599.6865766821
 31
0.0
  0
LINE
  5
13D
330
1F
100
AcDbEntity
  8
0
  6
Continuous
 62
     7
370
    25
100
AcDbLine
 10
611.2548812727
 20
590.8679533156
 30
0.0
 11
610.9627802789
 21
590.844708657
 31
0.0
  0
LINE
  5
13E
330
1F
100
AcDbEntity
  8
0
  6
Continuous
 62
     7
370
    25
100
AcDbLine
 10
612.6895819764
 20
590.98212317
 30
0.0
 11
611.2548812727
 21
590.8679533156
 31
0.0
  0
LINE
  5
13F
330
1F
100
AcDbEntity
  8
0
  6
Continuous
 62
     7
370
    25
100
AcDbLine
 10
683.2530979013
 20
590.9134166821
 30
0.0
 11
682.9600530893
 21
590.9134166821
 31
0.0
  0
LINE
  5
140
330
1F
100
AcDbEntity
  8
0
  6
Continuous
 62
     7
370
    25
100
AcDbLine
 10
684.6923330893
 20
590.9134166821
 30
0.0
 11
683.2530979013
 21
590.9134166821
 31
0.0
  0
LINE
  5
141
330
1F
100
AcDbEntity
  8
0
  6
CENTERX2
 62
     7
370
    18
100
AcDbLine
 10
593.8261902093
 20
590.9134166821
 30
0.0
 11
279.7520122825
 21
590.9134166821
 31
0.0
  0
LINE
  5
142
330
1F
100
AcDbEntity
  8
0
  6
HIDDEN
 62
     7
370
    35
100
AcDbLine
 10
593.8261902093
 20
700.8161430855
 30
0.0
 11
593.8261902093
 21
485.5677975187
 31
0.0
  0
LINE
  5
143
330
1F
100
AcDbEntity
  8
0
  6
Continuous
 62
     7
370
    35
100
AcDbLine
 10
593.8261902093
 20
700.8161430855
 30
0.0
 11
581.1261902093
 21
700.8161430855
 31
0.0
  0
SOLID
  5
144
330
1F
100
AcDbEntity
  8
0
  6
Continuous
 62
     7
370
    35
100
AcDbTrace
 10
581.1261902093
 20
700.8161430855
 30
0.0
 11
587.4761902093
 21
699.8001430855
 31
0.0
 12
587.4761902093
 22
701.8321430855
 32
0.0
 13
587.4761902093
 23
701.8321430855
 33
0.0
  0
LINE
  5
145
330
1F
100
AcDbEntity
  8
0
  6
Continuous
 62
     7
370
    35
100
AcDbLine
 10
593.8261902093
 20
485.5677975187
 30
0.0
 11
581.1261902093
 21
485.5677975187
 31
0.0
  0
SOLID
  5
146
330
1F
100
AcDbEntity
  8
0
  6
Continuous
 62
     7
370
    35
100
AcDbTrace
 10
581.1261902093
 20
485.5677975187
 30
0.0
 11
587.4761902093
 21
484.5517975187
 31
0.0
 12
587.4761902093
 22
486.5837975187
 32
0.0
 13
587.4761902093
 23
486.5837975187
 33
0.0
  0
MTEXT
  5
147
330
1F
100
AcDbEntity
  8
0
  6
Continuous
 62
     7
100
AcDbMText
 10
577.3918830821
 20
703.3360710395
 30
0.0
 40
3.175
 41
0.0
 71
     1
 72
     1
  1
B
  7
SLDTEXTSTYLE0
 73
     1
 44
1.0
  0
MTEXT
  5
148
330
1F
100
AcDbEntity
  8
0
  6
Continuous
 62
     7
100
AcDbMText
 10
577.3918830821
 20
488.0877254727
 30
0.0
 40
3.175
 41
0.0
 71
     1
 72
     1
  1
B
  7
SLDTEXTSTYLE0
 73
     1
 44
1.0
  0
CIRCLE
  5
149
330
1F
100
AcDbEntity
  8
0
  6
Continuous
 62
     7
370
    25
100
AcDbCircle
 10
342.8329740343
 20
507.663194596
 30
0.0
 40
0.8663462915673956
  0
CIRCLE
  5
14A
330
1F
100
AcDbEntity
  8
0
  6
Continuous
 62
     7
370
    25
100
AcDbCircle
 10
342.8362650251
 20
678.6602850818
 30
0.0
 40
0.8663690059125756
  0
CIRCLE
  5
14B
330
1F
100
AcDbEntity
  8
0
  6
Continuous
 62
     7
370
    25
100
AcDbCircle
 10
342.837396686
 20
615.6607933085
 30
0.0
 40
0.8672889416011665
  0
CIRCLE
  5
14C
330
1F
100
AcDbEntity
  8
0
  6
Continuous
 62
     7
370
    25
100
AcDbCircle
 10
342.8342172508
 20
570.6666087858
 30
0.0
 40
0.8670815728081217
  0
CIRCLE
  5
14D
330
1F
100
AcDbEntity
  8
0
  6
Continuous
 62
     7
370
    25
100
AcDbCircle
 10
342.8368053843
 20
624.6587617517
 30
0.0
 40
0.8668090961612869
  0
CIRCLE
  5
14E
330
1F
100
AcDbEntity
  8
0
  6
Continuous
 62
     7
370
    25
100
AcDbCircle
 10
342.8335557412
 20
561.6624963413
 30
0.0
 40
0.8666946971208371
  0
CIRCLE
  5
14F
330
1F
100
AcDbEntity
  8
0
  6
Continuous
 62
     7
370
    25
100
AcDbCircle
 10
342.8332743462
 20
552.6640850588
 30
0.0
 40
0.8665271435044459
  0
CIRCLE
  5
150
330
1F
100
AcDbEntity
  8
0
  6
Continuous
 62
     7
370
    25
100
AcDbCircle
 10
342.8365870536
 20
633.6611423184
 30
0.0
 40
0.8666317101116087
  0
CIRCLE
  5
151
330
1F
100
AcDbEntity
  8
0
  6
Continuous
 62
     7
370
    25
100
AcDbCircle
 10
342.8331538383
 20
543.66177177
 30
0.0
 40
0.8664550433283835
  0
CIRCLE
  5
152
330
1F
100
AcDbEntity
  8
0
  6
Continuous
 62
     7
370
    25
100
AcDbCircle
 10
342.8363815403
 20
651.6615228379
 30
0.0
 40
0.8664642020718412
  0
CIRCLE
  5
153
330
1F
100
AcDbEntity
  8
0
  6
Continuous
 62
     7
370
    25
100
AcDbCircle
 10
342.836328767
 20
660.6608746456
 30
0.0
 40
0.8664211080634243
  0
CIRCLE
  5
154
330
1F
100
AcDbEntity
  8
0
  6
Continuous
 62
     7
370
    25
100
AcDbCircle
 10
342.8330732114
 20
534.6628943699
 30
0.0
 40
0.866406395269496
  0
CIRCLE
  5
155
330
1F
100
AcDbEntity
  8
0
  6
Continuous
 62
     7
370
    25
100
AcDbCircle
 10
342.8330266699
 20
525.6627075408
 30
0.0
 40
0.8663782461683395
  0
CIRCLE
  5
156
330
1F
100
AcDbEntity
  8
0
  6
Continuous
 62
     7
370
    25
100
AcDbCircle
 10
342.8364579006
 20
642.6614499915
 30
0.0
 40
0.8665264835985721
  0
CIRCLE
  5
157
330
1F
100
AcDbEntity
  8
0
  6
Continuous
 62
     7
370
    25
100
AcDbCircle
 10
342.8362892815
 20
669.6600532222
 30
0.0
 40
0.8663888283193717
  0
CIRCLE
  5
158
330
1F
100
AcDbEntity
  8
0
  6
Continuous
 62
     7
370
    25
100
AcDbCircle
 10
342.8330027536
 20
516.6616261247
 30
0.0
 40
0.8663638061145815
  0
CIRCLE
  5
159
330
1F
100
AcDbEntity
  8
0
  6
Continuous
 62
     7
370
    25
100
AcDbCircle
 10
315.849896686
 20
615.6607933085
 30
0.0
 40
0.8672889416011345
  0
CIRCLE
  5
15A
330
1F
100
AcDbEntity
  8
0
  6
Continuous
 62
     7
370
    25
100
AcDbCircle
 10
315.8467172508
 20
570.6666087858
 30
0.0
 40
0.8670815728079382
  0
CIRCLE
  5
15B
330
1F
100
AcDbEntity
  8
0
  6
Continuous
 62
     7
370
    25
100
AcDbCircle
 10
315.8460557412
 20
561.6624963413
 30
0.0
 40
0.8666946971208371
  0
CIRCLE
  5
15C
330
1F
100
AcDbEntity
  8
0
  6
Continuous
 62
     7
370
    25
100
AcDbCircle
 10
315.8489579006
 20
642.6614499915
 30
0.0
 40
0.8665264835985721
  0
CIRCLE
  5
15D
330
1F
100
AcDbEntity
  8
0
  6
Continuous
 62
     7
370
    25
100
AcDbCircle
 10
315.8487650251
 20
678.6602850818
 30
0.0
 40
0.8663690059127578
  0
CIRCLE
  5
15E
330
1F
100
AcDbEntity
  8
0
  6
Continuous
 62
     7
370
    25
100
AcDbCircle
 10
315.8455732114
 20
534.6628943699
 30
0.0
 40
0.8664063952692367
  0
CIRCLE
  5
15F
330
1F
100
AcDbEntity
  8
0
  6
Continuous
 62
     7
370
    25
100
AcDbCircle
 10
315.8490870536
 20
633.6611423184
 30
0.0
 40
0.8666317101114804
  0
CIRCLE
  5
160
330
1F
100
AcDbEntity
  8
0
  6
Continuous
 62
     7
370
    25
100
AcDbCircle
 10
315.8493053843
 20
624.6587617517
 30
0.0
 40
0.8668090961612442
  0
CIRCLE
  5
161
330
1F
100
AcDbEntity
  8
0
  6
Continuous
 62
     7
370
    25
100
AcDbCircle
 10
315.8456538383
 20
543.66177177
 30
0.0
 40
0.8664550433283835
  0
CIRCLE
  5
162
330
1F
100
AcDbEntity
  8
0
  6
Continuous
 62
     7
370
    25
100
AcDbCircle
 10
315.8488815403
 20
651.6615228379
 30
0.0
 40
0.8664642020719476
  0
CIRCLE
  5
163
330
1F
100
AcDbEntity
  8
0
  6
Continuous
 62
     7
370
    25
100
AcDbCircle
 10
315.8454740343
 20
507.663194596
 30
0.0
 40
0.8663462915676221
  0
CIRCLE
  5
164
330
1F
100
AcDbEntity
  8
0
  6
Continuous
 62
     7
370
    25
100
AcDbCircle
 10
315.8487892815
 20
669.6600532222
 30
0.0
 40
0.8663888283195321
  0
CIRCLE
  5
165
330
1F
100
AcDbEntity
  8
0
  6
Continuous
 62
     7
370
    25
100
AcDbCircle
 10
315.8455266699
 20
525.6627075408
 30
0.0
 40
0.8663782461682545
  0
CIRCLE
  5
166
330
1F
100
AcDbEntity
  8
0
  6
Continuous
 62
     7
370
    25
100
AcDbCircle
 10
315.848828767
 20
660.6608746456
 30
0.0
 40
0.8664211080635525
  0
CIRCLE
  5
167
330
1F
100
AcDbEntity
  8
0
  6
Continuous
 62
     7
370
    25
100
AcDbCircle
 10
315.8455027536
 20
516.6616261247
 30
0.0
 40
0.866363806114539
  0
CIRCLE
  5
168
330
1F
100
AcDbEntity
  8
0
  6
Continuous
 62
     7
370
    25
100
AcDbCircle
 10
315.8457743462
 20
552.6640850588
 30
0.0
 40
0.8665271435045638
  0
HATCH
  5
169
330
1F
100
AcDbEntity
  8
0
  6
Continuous
 62
     7
370
    18
100
AcDbHatch
 10
0.0
 20
0.0
 30
0.0
210
0.0
220
0.0
230
1.0
  2
ANSI33
 70
     0
 71
     0
 91
        1
 92
        0
 93
        1
 72
     4
 94
        3
 73
     1
 74
     0
 95
       62
 96
       58
 40
0.0
 40
0.0
 40
0.0
 40
0.0
 40
0.0002921937366033
 40
0.0002921937366033
 40
0.0002921937366033
 40
0.0005839523327865
 40
0.0005839523327865
 40
0.0005839523327865
 40
0.0008795369702812
 40
0.0008795369702812
 40
0.0008795369702812
 40
0.0011640588972319
 40
0.0011640588972319
 40
0.0011640588972319
 40
0.0014617070550004
 40
0.0014617070550004
 40
0.0014617070550004
 40
0.0017460432924643
 40
0.0017460432924643
 40
0.0017460432924643
 40
0.0020414335616464
 40
0.0020414335616464
 40
0.0020414335616464
 40
0.0023302890700633
 40
0.0023302890700633
 40
0.0023302890700633
 40
0.0026199959198784
 40
0.0026199959198784
 40
0.0026199959198784
 40
0.0029151563554734
 40
0.0029151563554734
 40
0.0029151563554734
 40
0.0031997543891291
 40
0.0031997543891291
 40
0.0031997543891291
 40
0.0034973918826038
 40
0.0034973918826038
 40
0.0034973918826038
 40
0.003781666158489
 40
0.003781666158489
 40
0.003781666158489
 40
0.0040773900734913
 40
0.0040773900734913
 40
0.0040773900734913
 40
0.0043659068859544
 40
0.0043659068859544
 40
0.0043659068859544
 40
0.0046560462828191
 40
0.0046560462828191
 40
0.0046560462828191
 40
0.0049508631015992
 40
0.0049508631015992
 40
0.0049508631015992
 40
0.0052355231094304
 40
0.0052355231094304
 40
0.0052355231094304
 40
0.0054123701878322
 40
0.0054123701878322
 40
0.0054123701878322
 40
0.0054123701878322
 10
342.185010363276
 20
517.2366844753822
 42
1.0
 10
342.1205700560938
 20
517.1636516053071
 42
1.0
 10
342.0684710754026
 20
517.0780444810568
 42
1.0
 10
342.0321137784081
 20
516.9876868568274
 42
1.0
 10
341.9957965311229
 20
516.8974287668557
 42
1.0
 10
341.9740836325299
 20
516.7998177820575
 42
1.0
 10
341.9693546646143
 20
516.7026421569337
 42
1.0
 10
341.9645703126474
 20
516.6043284441926
 42
1.0
 10
341.9777195482953
 20
516.5037570144345
 42
1.0
 10
342.0068823708216
 20
516.4097463452581
 42
1.0
 10
342.0350093673968
 20
516.3190748141475
 42
1.0
 10
342.0784558579036
 20
516.2318885936699
 42
1.0
 10
342.1339440101044
 20
516.154859252146
 42
1.0
 10
342.1918611682574
 20
516.0744579344142
 42
1.0
 10
342.2649540351225
 20
516.0030910039845
 42
1.0
 10
342.347054169102
 20
515.9476082399757
 42
1.0
 10
342.4256667287071
 20
515.8944823572115
 42
1.0
 10
342.5142273450164
 20
515.853980026272
 42
1.0
 10
342.6056918805461
 20
515.8287504268408
 42
1.0
 10
342.7005739392343
 20
515.8025781370011
 42
1.0
 10
342.8013851793339
 20
515.7921578848645
 42
1.0
 10
342.8995277761347
 20
515.7996160689296
 42
1.0
 10
342.9955785375083
 20
515.8069152874264
 42
1.0
 10
343.091552313436
 20
515.8313709329082
 42
1.0
 10
343.1798265692744
 20
515.8699284627469
 42
1.0
 10
343.268378618828
 20
515.9086073307876
 42
1.0
 10
343.3517341368012
 20
515.9625531563886
 42
1.0
 10
343.4228394603576
 20
516.0279867354974
 42
1.0
 10
343.495174529795
 20
516.0945519693173
 42
1.0
 10
343.5563266181442
 20
516.1752935396127
 42
1.0
 10
343.6015525739641
 20
516.2625741534061
 42
1.0
 10
343.645243342534
 20
516.3468920418566
 42
1.0
 10
343.6755885578033
 20
516.4394922175229
 42
1.0
 10
343.6902025937339
 20
516.5333262173565
 42
1.0
 10
343.7054515888129
 20
516.6312371714895
 42
1.0
 10
343.7035089222503
 20
516.7333766526626
 42
1.0
 10
343.6840382673422
 20
516.8305362141458
 42
1.0
 10
343.6653977402972
 20
516.923553395235
 42
1.0
 10
343.6308478535101
 20
517.0145796415364
 42
1.0
 10
343.5835021104834
 20
517.0967869760239
 42
1.0
 10
343.5343250717784
 20
517.1821740248163
 42
1.0
 10
343.4698134668111
 20
517.2605020351062
 42
1.0
 10
343.3946108134735
 20
517.3241722021254
 42
1.0
 10
343.3211691850955
 20
517.3863514010959
 42
1.0
 10
343.2357905306811
 20
517.4363179575587
 42
1.0
 10
343.1459843956823
 20
517.4708836006165
 42
1.0
 10
343.0556659217442
 20
517.50564643872
 42
1.0
 10
342.9582874987076
 20
517.5258555127994
 42
1.0
 10
342.8615675874981
 20
517.5291932400427
 42
1.0
 10
342.7634255784203
 20
517.5325800427528
 42
1.0
 10
342.6633039517245
 20
517.5180316274407
 42
1.0
 10
342.5699012462579
 20
517.4877123433141
 42
1.0
 10
342.4795505960259
 20
517.4583837813444
 42
1.0
 10
342.3928754328026
 20
517.4137846149252
 42
1.0
 10
342.3165531714116
 20
517.3572309504931
 42
1.0
 10
342.2687675832494
 20
517.3218225379493
 42
1.0
 10
342.2243598321427
 20
517.2812808588093
 42
1.0
 10
342.185010363276
 20
517.2366844753822
 42
1.0
 97
        0
 75
     0
 76
     1
 52
0.0
 41
1.0
 77
     0
 78
     2
 53
45.0
 43
0.0
 44
0.0
 45
-4.490128060534577
 46
4.490128060534577
 79
     0
 53
45.0
 43
4.49013
 44
0.0
 45
-4.490128060534577
 46
4.490128060534577
 79
     2
 49
3.175
 49
-1.5875
 98
        1
 10
0.0
 20
0.0
  0
HATCH
  5
16A
330
1F
100
AcDbEntity
  8
0
  6
Continuous
 62
     7
370
    18
100
AcDbHatch
 10
0.0
 20
0.0
 30
0.0
210
0.0
220
0.0
230
1.0
  2
ANSI33
 70
     0
 71
     0
 91
        1
 92
        0
 93
        1
 72
     4
 94
        3
 73
     1
 74
     0
 95
       62
 96
       58
 40
0.0
 40
0.0
 40
0.0
 40
0.0
 40
0.0002921196435363
 40
0.0002921196435363
 40
0.0002921196435363
 40
0.0005838079232684
 40
0.0005838079232684
 40
0.0005838079232684
 40
0.000879266066763
 40
0.000879266066763
 40
0.000879266066763
 40
0.0011636378776689
 40
0.0011636378776689
 40
0.0011636378776689
 40
0.0014611769433746
 40
0.0014611769433746
 40
0.0014611769433746
 40
0.001745499568319
 40
0.001745499568319
 40
0.001745499568319
 40
0.002040949083866
 40
0.002040949083866
 40
0.002040949083866
 40
0.0023299639925258
 40
0.0023299639925258
 40
0.0023299639925258
 40
0.0026197768633563
 40
0.0026197768633563
 40
0.0026197768633563
 40
0.0029150200241053
 40
0.0029150200241053
 40
0.0029150200241053
 40
0.0031995942992416
 40
0.0031995942992416
 40
0.0031995942992416
 40
0.003497122848152
 40
0.003497122848152
 40
0.003497122848152
 40
0.0037812542010239
 40
0.0037812542010239
 40
0.0037812542010239
 40
0.0040768435065229
 40
0.0040768435065229
 40
0.0040768435065229
 40
0.0043653297525967
 40
0.0043653297525967
 40
0.0043653297525967
 40
0.0046554899473397
 40
0.0046554899473397
 40
0.0046554899473397
 40
0.0049504479627362
 40
0.0049504479627362
 40
0.0049504479627362
 40
0.0052352359875778
 40
0.0052352359875778
 40
0.0052352359875778
 40
0.005412289246846
 40
0.005412289246846
 40
0.005412289246846
 40
0.005412289246846
 10
342.185010363276
 20
669.0886817384296
 42
1.0
 10
342.2494356864987
 20
669.0156685846005
 42
1.0
 10
342.3278678373237
 20
668.9533298188898
 42
1.0
 10
342.4129733410666
 20
668.9060160139584
 42
1.0
 10
342.4979857678766
 20
668.8587539544918
 42
1.0
 10
342.5921117959516
 20
668.8250651287548
 42
1.0
 10
342.6879197491008
 20
668.8082826649761
 42
1.0
 10
342.7848319720744
 20
668.7913067687347
 42
1.0
 10
342.8862149736299
 20
668.791837925489
 42
1.0
 10
342.9830821137069
 20
668.8090692106464
 42
1.0
 10
343.0764999185697
 20
668.8256869081762
 42
1.0
 10
343.1683657533229
 20
668.8579299549485
 42
1.0
 10
343.2516597627796
 20
668.9033737897911
 42
1.0
 10
343.3386142954903
 20
668.9508147456182
 42
1.0
 10
343.4184978947713
 20
669.0144271467202
 42
1.0
 10
343.483754342406
 20
669.0889478223132
 42
1.0
 10
343.5462583038548
 20
669.1603252509542
 42
1.0
 10
343.5974773367328
 20
669.2431438719086
 42
1.0
 10
343.6339123473755
 20
669.3307450848893
 42
1.0
 10
343.6717181365995
 20
669.4216420802593
 42
1.0
 10
343.6946348442334
 20
669.520384688038
 42
1.0
 10
343.6994837090684
 20
669.6187108288958
 42
1.0
 10
343.7042308124264
 20
669.7149734324776
 42
1.0
 10
343.6919335099553
 20
669.8133024095239
 42
1.0
 10
343.664673191944
 20
669.9057464407024
 42
1.0
 10
343.6373320768502
 20
669.9984644675106
 42
1.0
 10
343.5941892162084
 20
670.0879301946993
 42
1.0
 10
343.5381132433021
 20
670.1666680784173
 42
1.0
 10
343.4810726509589
 20
670.2467604119845
 42
1.0
 10
343.4085641024249
 20
670.3175217516908
 42
1.0
 10
343.3275757948078
 20
670.3732828949754
 42
1.0
 10
343.2493645523908
 20
670.4271320050902
 42
1.0
 10
343.16127138737
 20
670.4687702215284
 42
1.0
 10
343.0699948090579
 20
670.4949486735867
 42
1.0
 10
342.9747788488639
 20
670.5222569545853
 42
1.0
 10
342.8732286131253
 20
670.5330384718866
 42
1.0
 10
342.77443794445
 20
670.5258117804283
 42
1.0
 10
342.6798716212048
 20
670.5188941064251
 42
1.0
 10
342.5853015880178
 20
670.4959503141778
 42
1.0
 10
342.4978848449626
 20
670.4592221677592
 42
1.0
 10
342.4070820431862
 20
670.4210713686982
 42
1.0
 10
342.3213728551262
 20
670.3668374470385
 42
1.0
 10
342.2488628330307
 20
670.3001821473607
 42
1.0
 10
342.1780266783495
 20
670.2350655609657
 42
1.0
 10
342.1178204923181
 20
670.156585785744
 42
1.0
 10
342.0723359731719
 20
670.071797289167
 42
1.0
 10
342.0265837366124
 20
669.9865097358249
 42
1.0
 10
341.9943897685806
 20
669.8924059950486
 42
1.0
 10
341.9790091858531
 20
669.7968514473797
 42
1.0
 10
341.9633962970131
 20
669.6998536575458
 42
1.0
 10
341.9653378256231
 20
669.5986517360562
 42
1.0
 10
341.9837759872141
 20
669.5021511260701
 42
1.0
 10
342.0016111343009
 20
669.4088065393785
 42
1.0
 10
342.03506396931
 20
669.3172040553438
 42
1.0
 10
342.0816775696602
 20
669.2343881353851
 42
1.0
 10
342.1108831664537
 20
669.1825000952371
 42
1.0
 10
342.1456149397072
 20
669.1333285322261
 42
1.0
 10
342.185010363276
 20
669.0886817384296
 42
1.0
 97
        0
 75
     0
 76
     1
 52
0.0
 41
1.0
 77
     0
 78
     2
 53
45.0
 43
0.0
 44
0.0
 45
-4.490128060534577
 46
4.490128060534577
 79
     0
 53
45.0
 43
4.49013
 44
0.0
 45
-4.490128060534577
 46
4.490128060534577
 79
     2
 49
3.175
 49
-1.5875
 98
        1
 10
0.0
 20
0.0
  0
HATCH
  5
16B
330
1F
100
AcDbEntity
  8
0
  6
Continuous
 62
     7
370
    18
100
AcDbHatch
 10
0.0
 20
0.0
 30
0.0
210
0.0
220
0.0
230
1.0
  2
ANSI33
 70
     0
 71
     0
 91
        1
 92
        0
 93
        1
 72
     4
 94
        3
 73
     1
 74
     0
 95
       62
 96
       58
 40
0.0
 40
0.0
 40
0.0
 40
0.0
 40
0.0002922109637408
 40
0.0002922109637408
 40
0.0002922109637408
 40
0.0005839863451586
 40
0.0005839863451586
 40
0.0005839863451586
 40
0.0008795942704802
 40
0.0008795942704802
 40
0.0008795942704802
 40
0.0011641406767708
 40
0.0011641406767708
 40
0.0011641406767708
 40
0.001461806635242
 40
0.001461806635242
 40
0.001461806635242
 40
0.001746147728687
 40
0.001746147728687
 40
0.001746147728687
 40
0.0020415345649178
 40
0.0020415345649178
 40
0.0020415345649178
 40
0.0023303747778953
 40
0.0023303747778953
 40
0.0023303747778953
 40
0.0026200744996753
 40
0.0026200744996753
 40
0.0026200744996753
 40
0.0029152315479394
 40
0.0029152315479394
 40
0.0029152315479394
 40
0.0031998397451113
 40
0.0031998397451113
 40
0.0031998397451113
 40
0.0034974981909568
 40
0.0034974981909568
 40
0.0034974981909568
 40
0.0037817966829555
 40
0.0037817966829555
 40
0.0037817966829555
 40
0.0040775431511329
 40
0.0040775431511329
 40
0.0040775431511329
 40
0.0043660675584569
 40
0.0043660675584569
 40
0.0043660675584569
 40
0.0046562080723794
 40
0.0046562080723794
 40
0.0046562080723794
 40
0.0049510106442033
 40
0.0049510106442033
 40
0.0049510106442033
 40
0.0052356594896558
 40
0.0052356594896558
 40
0.0052356594896558
 40
0.0054124847233167
 40
0.0054124847233167
 40
0.0054124847233167
 40
0.0054124847233167
 10
342.185010363276
 20
526.2377606964336
 42
1.0
 10
342.1205678735129
 20
526.164722094046
 42
1.0
 10
342.0684680727179
 20
526.0791085112548
 42
1.0
 10
342.0321108173766
 20
525.9887446804947
 42
1.0
 10
341.9957936448676
 20
525.8984804732687
 42
1.0
 10
341.9740816245797
 20
525.8008634646527
 42
1.0
 10
341.9693540432375
 20
525.7036821181925
 42
1.0
 10
341.9645709946813
 20
525.6053605737842
 42
1.0
 10
341.9777228714066
 20
525.5047814623872
 42
1.0
 10
342.0068894013421
 20
525.4107638194693
 42
1.0
 10
342.0350201572069
 20
525.3200849706052
 42
1.0
 10
342.0784718050592
 20
525.2328918739983
 42
1.0
 10
342.1339665530787
 20
525.1558572973519
 42
1.0
 10
342.1918890567218
 20
525.075452651765
 42
1.0
 10
342.264988616326
 20
525.0040836036968
 42
1.0
 10
342.3470957564238
 20
524.9486008045138
 42
1.0
 10
342.4257117291532
 20
524.8954771148769
 42
1.0
 10
342.5142756117962
 20
524.8549776154802
 42
1.0
 10
342.6057429295674
 20
524.829752085782
 42
1.0
 10
342.700625146228
 20
524.8035847701493
 42
1.0
 10
342.8014359810139
 20
524.7931701066092
 42
1.0
 10
342.8995769440373
 20
524.8006343428528
 42
1.0
 10
342.9956223371163
 20
524.8079391978489
 42
1.0
 10
343.0915896416371
 20
524.8323991077358
 42
1.0
 10
343.1798573388173
 20
524.8709593472673
 42
1.0
 10
343.2684052739367
 20
524.9096420103173
 42
1.0
 10
343.351755932892
 20
524.9635909362055
 42
1.0
 10
343.4228564613481
 20
525.029026401267
 42
1.0
 10
343.495187649423
 20
525.0955944709127
 42
1.0
 10
343.5563354259585
 20
525.1763377417225
 42
1.0
 10
343.6015582220285
 20
525.2636189388975
 42
1.0
 10
343.6452479603934
 20
525.3479412939959
 42
1.0
 10
343.6755917100728
 20
525.4405455391753
 42
1.0
 10
343.6902044059357
 20
525.5343832817279
 42
1.0
 10
343.7054525217604
 20
525.6323014742771
 42
1.0
 10
343.7035078098661
 20
525.734448064781
 42
1.0
 10
343.6840343183967
 20
525.8316142142278
 42
1.0
 10
343.6653908123754
 20
525.9246390164375
 42
1.0
 10
343.6308366931887
 20
526.015672560887
 42
1.0
 10
343.583485396922
 20
526.0978859958279
 42
1.0
 10
343.5343030669709
 20
526.1832785532123
 42
1.0
 10
343.4697846305011
 20
526.2616112092837
 42
1.0
 10
343.3945740355537
 20
526.3252834704632
 42
1.0
 10
343.3211282207474
 20
526.3874616929088
 42
1.0
 10
343.2357453990082
 20
526.437426604909
 42
1.0
 10
343.1459353481283
 20
526.4719892121601
 42
1.0
 10
343.055614992662
 20
526.5067482056378
 42
1.0
 10
342.9582349281163
 20
526.5269526112535
 42
1.0
 10
342.8615144384812
 20
526.5302844461647
 42
1.0
 10
342.7633767951785
 20
526.5336650992951
 42
1.0
 10
342.6632608062205
 20
526.5191110646358
 42
1.0
 10
342.5698641994315
 20
526.4887878113657
 42
1.0
 10
342.4795186295246
 20
526.4594551440204
 42
1.0
 10
342.3928493096509
 20
526.4148528516594
 42
1.0
 10
342.3165327729978
 20
526.3582974486578
 42
1.0
 10
342.2687547628395
 20
526.3228909071976
 42
1.0
 10
342.2243540797863
 20
526.2823525499948
 42
1.0
 10
342.185010363276
 20
526.2377606964336
 42
1.0
 97
        0
 75
     0
 76
     1
 52
0.0
 41
1.0
 77
     0
 78
     2
 53
45.0
 43
0.0
 44
0.0
 45
-4.490128060534577
 46
4.490128060534577
 79
     0
 53
45.0
 43
4.49013
 44
0.0
 45
-4.490128060534577
 46
4.490128060534577
 79
     2
 49
3.175
 49
-1.5875
 98
        1
 10
0.0
 20
0.0
  0
HATCH
  5
16C
330
1F
100
AcDbEntity
  8
0
  6
Continuous
 62
     7
370
    18
100
AcDbHatch
 10
0.0
 20
0.0
 30
0.0
210
0.0
220
0.0
230
1.0
  2
ANSI33
 70
     0
 71
     0
 91
        1
 92
        0
 93
        1
 72
     4
 94
        3
 73
     1
 74
     0
 95
       62
 96
       58
 40
0.0
 40
0.0
 40
0.0
 40
0.0
 40
0.0002921193705469
 40
0.0002921193705469
 40
0.0002921193705469
 40
0.0005838080657125
 40
0.0005838080657125
 40
0.0005838080657125
 40
0.0008792561716167
 40
0.0008792561716167
 40
0.0008792561716167
 40
0.0011636114976175
 40
0.0011636114976175
 40
0.0011636114976175
 40
0.0014611389864203
 40
0.0014611389864203
 40
0.0014611389864203
 40
0.0017454646641196
 40
0.0017454646641196
 40
0.0017454646641196
 40
0.0020409305629698
 40
0.0020409305629698
 40
0.0020409305629698
 40
0.0023299796990457
 40
0.0023299796990457
 40
0.0023299796990457
 40
0.0026198200013417
 40
0.0026198200013417
 40
0.0026198200013417
 40
0.0029150883838096
 40
0.0029150883838096
 40
0.0029150883838096
 40
0.0031996703559194
 40
0.0031996703559194
 40
0.0031996703559194
 40
0.0034971923808629
 40
0.0034971923808629
 40
0.0034971923808629
 40
0.0037813095054019
 40
0.0037813095054019
 40
0.0037813095054019
 40
0.0040768845422817
 40
0.0040768845422817
 40
0.0040768845422817
 40
0.004365371193025
 40
0.004365371193025
 40
0.004365371193025
 40
0.0046555406977554
 40
0.0046555406977554
 40
0.0046555406977554
 40
0.0049505286160904
 40
0.0049505286160904
 40
0.0049505286160904
 40
0.0052353466028504
 40
0.0052353466028504
 40
0.0052353466028504
 40
0.0054124414841195
 40
0.0054124414841195
 40
0.0054124414841195
 40
0.0054124414841195
 10
342.185010363276
 20
660.0894992230634
 42
1.0
 10
342.2494335900634
 20
660.0164843407892
 42
1.0
 10
342.3278634647557
 20
659.9541429658955
 42
1.0
 10
342.4129673892044
 20
659.9068265075895
 42
1.0
 10
342.4979783627755
 20
659.8595617285257
 42
1.0
 10
342.5921036660454
 20
659.8258701417594
 42
1.0
 10
342.6879113398514
 20
659.8090857857298
 42
1.0
 10
342.78481990005
 20
659.7921085676004
 42
1.0
 10
342.8861995637096
 20
659.7926380449642
 42
1.0
 10
342.9830635777462
 20
659.8098676056054
 42
1.0
 10
343.0764762296285
 20
659.8264832596878
 42
1.0
 10
343.1683370779064
 20
659.8587233637037
 42
1.0
 10
343.2516271682742
 20
659.9041630417262
 42
1.0
 10
343.3385793267266
 20
659.9516005948132
 42
1.0
 10
343.4184613237669
 20
660.0152083656953
 42
1.0
 10
343.4837180416162
 20
660.0897238679615
 42
1.0
 10
343.5462253183105
 20
660.1610998315659
 42
1.0
 10
343.5974480194938
 20
660.2439172142616
 42
1.0
 10
343.6338879807009
 20
660.3315175398741
 42
1.0
 10
343.6717005997695
 20
660.4224176844662
 42
1.0
 10
343.6946243568717
 20
660.5211641401962
 42
1.0
 10
343.6994806299372
 20
660.6194954529079
 42
1.0
 10
343.7042352724207
 20
660.7157689182962
 42
1.0
 10
343.6919432051001
 20
660.8141103055923
 42
1.0
 10
343.6646856869015
 20
660.9065668600635
 42
1.0
 10
343.6373480176597
 20
660.9992952840875
 42
1.0
 10
343.5942069444141
 20
661.0887722088902
 42
1.0
 10
343.538130525921
 20
661.167520822024
 42
1.0
 10
343.4810900639814
 20
661.2476232499423
 42
1.0
 10
343.4085792224211
 20
661.3183947633667
 42
1.0
 10
343.3275864285181
 20
661.3741637564764
 42
1.0
 10
343.2493753406014
 20
661.4280173576789
 42
1.0
 10
343.161281151846
 20
661.469659793253
 42
1.0
 10
343.0700028714086
 20
661.4958410872617
 42
1.0
 10
342.9747897299659
 20
661.5231510150745
 42
1.0
 10
342.8732418631197
 20
661.5339344228734
 42
1.0
 10
342.7744533420588
 20
661.5267092884707
 42
1.0
 10
342.6798916455176
 20
661.5197932929733
 42
1.0
 10
342.585326072484
 20
661.4968518214876
 42
1.0
 10
342.4979131295584
 20
661.4601268591924
 42
1.0
 10
342.4071140245428
 20
661.4219792623204
 42
1.0
 10
342.3214080898076
 20
661.3677497023461
 42
1.0
 10
342.2488993107241
 20
661.3010999193414
 42
1.0
 10
342.1780609351288
 20
661.2359855646174
 42
1.0
 10
342.1178521935084
 20
661.1575078115152
 42
1.0
 10
342.0723638971153
 20
661.072721199722
 42
1.0
 10
342.0266064396129
 20
660.9874328927609
 42
1.0
 10
341.9944068102935
 20
660.8933280749591
 42
1.0
 10
341.9790193579173
 20
660.7977714606891
 42
1.0
 10
341.9633984433218
 20
660.7007650379198
 42
1.0
 10
341.9653330329502
 20
660.5995529065856
 42
1.0
 10
341.9837664880185
 20
660.5030414214374
 42
1.0
 10
342.0015971480947
 20
660.4096859718622
 42
1.0
 10
342.0350473066143
 20
660.3180717109157
 42
1.0
 10
342.0816604301856
 20
660.2352442449694
 42
1.0
 10
342.1108694798431
 20
660.1833423044757
 42
1.0
 10
342.1456070499029
 20
660.1341574687088
 42
1.0
 10
342.185010363276
 20
660.0894992230634
 42
1.0
 97
        0
 75
     0
 76
     1
 52
0.0
 41
1.0
 77
     0
 78
     2
 53
45.0
 43
0.0
 44
0.0
 45
-4.490128060534577
 46
4.490128060534577
 79
     0
 53
45.0
 43
4.49013
 44
0.0
 45
-4.490128060534577
 46
4.490128060534577
 79
     2
 49
3.175
 49
-1.5875
 98
        1
 10
0.0
 20
0.0
  0
HATCH
  5
16D
330
1F
100
AcDbEntity
  8
0
  6
Continuous
 62
     7
370
    18
100
AcDbHatch
 10
0.0
 20
0.0
 30
0.0
210
0.0
220
0.0
230
1.0
  2
ANSI33
 70
     0
 71
     0
 91
        1
 92
        0
 93
        1
 72
     4
 94
        3
 73
     1
 74
     0
 95
       62
 96
       58
 40
0.0
 40
0.0
 40
0.0
 40
0.0
 40
0.0002922445139933
 40
0.0002922445139933
 40
0.0002922445139933
 40
0.00058405258275
 40
0.00058405258275
 40
0.00058405258275
 40
0.0008797058167277
 40
0.0008797058167277
 40
0.0008797058167277
 40
0.0011642999530876
 40
0.0011642999530876
 40
0.0011642999530876
 40
0.0014620006949924
 40
0.0014620006949924
 40
0.0014620006949924
 40
0.0017463513160797
 40
0.0017463513160797
 40
0.0017463513160797
 40
0.0020417314273205
 40
0.0020417314273205
 40
0.0020417314273205
 40
0.0023305417376124
 40
0.0023305417376124
 40
0.0023305417376124
 40
0.0026202274914708
 40
0.0026202274914708
 40
0.0026202274914708
 40
0.0029153779644325
 40
0.0029153779644325
 40
0.0029153779644325
 40
0.0032000060568139
 40
0.0032000060568139
 40
0.0032000060568139
 40
0.0034977054211082
 40
0.0034977054211082
 40
0.0034977054211082
 40
0.0037820511004398
 40
0.0037820511004398
 40
0.0037820511004398
 40
0.0040778414168606
 40
0.0040778414168606
 40
0.0040778414168606
 40
0.0043663805263805
 40
0.0043663805263805
 40
0.0043663805263805
 40
0.0046565231898132
 40
0.0046565231898132
 40
0.0046565231898132
 40
0.0049512980831248
 40
0.0049512980831248
 40
0.0049512980831248
 40
0.005235925277699
 40
0.005235925277699
 40
0.005235925277699
 40
0.0054127078601429
 40
0.0054127078601429
 40
0.0054127078601429
 40
0.0054127078601429
 10
342.185010363276
 20
535.2379374870983
 42
1.0
 10
342.1205636162013
 20
535.164887726978
 42
1.0
 10
342.0684622114599
 20
535.0792615684219
 42
1.0
 10
342.0321050381578
 20
534.9888856501051
 42
1.0
 10
341.9957880122697
 20
534.8986095294096
 42
1.0
 10
341.9740777075882
 20
534.8009807878202
 42
1.0
 10
341.9693528316337
 20
534.7037882989931
 42
1.0
 10
341.9645723273971
 20
534.6054515153218
 42
1.0
 10
341.9777293474456
 20
534.5048574597056
 42
1.0
 10
342.0069030871925
 20
534.4108262459903
 42
1.0
 10
342.0350411639255
 20
534.320133125061
 42
1.0
 10
342.0785028558994
 20
534.23292661567
 42
1.0
 10
342.1340104510584
 20
534.1558818207399
 42
1.0
 10
342.1919433772878
 20
534.0754706552364
 42
1.0
 10
342.2650559913768
 20
534.0040974454047
 42
1.0
 10
342.3471768038685
 20
533.9486145504293
 42
1.0
 10
342.4257994385263
 20
533.8954951127491
 42
1.0
 10
342.5143697038167
 20
533.8550011131207
 42
1.0
 10
342.6058424632279
 20
533.8297835076496
 42
1.0
 10
342.7007249756293
 20
533.8036258867443
 42
1.0
 10
342.8015350095707
 20
533.7932221169814
 42
1.0
 10
342.8996727759776
 20
533.8006981517376
 42
1.0
 10
342.9957076754533
 20
533.8080139922399
 42
1.0
 10
343.0916623356616
 20
533.8324822085955
 42
1.0
 10
343.1799172221126
 20
533.8710477172408
 42
1.0
 10
343.2684571154567
 20
533.9097377678379
 42
1.0
 10
343.351798282443
 20
533.9636927201558
 42
1.0
 10
343.422889454476
 20
534.0291318368031
 42
1.0
 10
343.4952130915024
 20
534.095705432151
 42
1.0
 10
343.5563524810818
 20
534.1764520151828
 42
1.0
 10
343.6015691382844
 20
534.2637343500604
 42
1.0
 10
343.6452568959879
 20
534.3480654292208
 42
1.0
 10
343.6755978143538
 20
534.4406776293064
 42
1.0
 10
343.6902079168574
 20
534.5345226930569
 42
1.0
 10
343.7054543373628
 20
534.6324550178945
 42
1.0
 10
343.7035056514679
 20
534.7346154947008
 42
1.0
 10
343.6840266292533
 20
534.8317945113652
 42
1.0
 10
343.6653773206224
 20
534.9248341647034
 42
1.0
 10
343.6308149521154
 20
535.0158819314958
 42
1.0
 10
343.5834528278817
 20
535.098107249943
 42
1.0
 10
343.5342601963217
 20
535.1835105096305
 42
1.0
 10
343.4697284607329
 20
535.2618521863614
 42
1.0
 10
343.3945024099939
 20
535.3255285010733
 42
1.0
 10
343.3210484567531
 20
535.3877047950228
 42
1.0
 10
343.2356575404472
 20
535.4376664806164
 42
1.0
 10
343.1458398887685
 20
535.4722231619227
 42
1.0
 10
343.0555158750831
 20
535.5069746622892
 42
1.0
 10
342.9581326230813
 20
535.527169973849
 42
1.0
 10
342.8614110153822
 20
535.5304903397989
 42
1.0
 10
342.7632818524662
 20
535.5338590258556
 42
1.0
 10
342.6631768190805
 20
535.5192940558752
 42
1.0
 10
342.5697920648547
 20
535.4889630760275
 42
1.0
 10
342.4794563585177
 20
535.4596224142554
 42
1.0
 10
342.392798387199
 20
535.4150140279085
 42
1.0
 10
342.3164929750376
 20
535.3584552235761
 42
1.0
 10
342.2687297503283
 20
535.323052349729
 42
1.0
 10
342.2243428586074
 20
535.2825204874715
 42
1.0
 10
342.185010363276
 20
535.2379374870983
 42
1.0
 97
        0
 75
     0
 76
     1
 52
0.0
 41
1.0
 77
     0
 78
     2
 53
45.0
 43
0.0
 44
0.0
 45
-4.490128060534577
 46
4.490128060534577
 79
     0
 53
45.0
 43
4.49013
 44
0.0
 45
-4.490128060534577
 46
4.490128060534577
 79
     2
 49
3.175
 49
-1.5875
 98
        1
 10
0.0
 20
0.0
  0
HATCH
  5
16E
330
1F
100
AcDbEntity
  8
0
  6
Continuous
 62
     7
370
    18
100
AcDbHatch
 10
0.0
 20
0.0
 30
0.0
210
0.0
220
0.0
230
1.0
  2
ANSI33
 70
     0
 71
     0
 91
        1
 92
        0
 93
        1
 72
     4
 94
        3
 73
     1
 74
     0
 95
       62
 96
       58
 40
0.0
 40
0.0
 40
0.0
 40
0.0
 40
0.0002921190083507
 40
0.0002921190083507
 40
0.0002921190083507
 40
0.000583808268528
 40
0.000583808268528
 40
0.000583808268528
 40
0.0008792429048269
 40
0.0008792429048269
 40
0.0008792429048269
 40
0.0011635760600722
 40
0.0011635760600722
 40
0.0011635760600722
 40
0.0014610880022102
 40
0.0014610880022102
 40
0.0014610880022102
 40
0.001745417831693
 40
0.001745417831693
 40
0.001745417831693
 40
0.002040905739814
 40
0.002040905739814
 40
0.002040905739814
 40
0.0023300006680708
 40
0.0023300006680708
 40
0.0023300006680708
 40
0.0026198774605766
 40
0.0026198774605766
 40
0.0026198774605766
 40
0.0029151793000296
 40
0.0029151793000296
 40
0.0029151793000296
 40
0.0031997714015806
 40
0.0031997714015806
 40
0.0031997714015806
 40
0.0034972847741236
 40
0.0034972847741236
 40
0.0034972847741236
 40
0.0037813831138581
 40
0.0037813831138581
 40
0.0037813831138581
 40
0.0040769392662498
 40
0.0040769392662498
 40
0.0040769392662498
 40
0.0043654264479138
 40
0.0043654264479138
 40
0.0043654264479138
 40
0.0046556081875699
 40
0.0046556081875699
 40
0.0046556081875699
 40
0.0049506358029624
 40
0.0049506358029624
 40
0.0049506358029624
 40
0.005235493730558
 40
0.005235493730558
 40
0.005235493730558
 40
0.0054126444708707
 40
0.0054126444708707
 40
0.0054126444708707
 40
0.0054126444708707
 10
342.185010363276
 20
651.0901422263985
 42
1.0
 10
342.2494307793297
 20
651.0171250252293
 42
1.0
 10
342.3278575966027
 20
650.9547801450982
 42
1.0
 10
342.4129594006231
 20
650.9074601216034
 42
1.0
 10
342.4979684236073
 20
650.8601916880938
 42
1.0
 10
342.592092754302
 20
650.8264963894899
 42
1.0
 10
342.6879000547617
 20
650.8097094906154
 42
1.0
 10
342.7848036986204
 20
650.7927304956722
 42
1.0
 10
342.8861788834275
 20
650.7932577191867
 42
1.0
 10
342.9830387014957
 20
650.8104849681307
 42
1.0
 10
343.0764444219508
 20
650.8270978797714
 42
1.0
 10
343.1682985615292
 20
650.8593340312423
 42
1.0
 10
343.2515833792903
 20
650.9047681217189
 42
1.0
 10
343.3385323495143
 20
650.9522011051392
 42
1.0
 10
343.4184121958687
 20
651.0158026553569
 42
1.0
 10
343.4836692810374
 20
651.0903112063726
 42
1.0
 10
343.5461810253872
 20
651.1616852109108
 42
1.0
 10
343.5974086677688
 20
651.2445009425365
 42
1.0
 10
343.6338552837032
 20
651.3321000914616
 42
1.0
 10
343.6716770758566
 20
651.4230044653938
 42
1.0
 10
343.6946102968473
 20
651.5217560937825
 42
1.0
 10
343.6994764974716
 20
651.6200943531385
 42
1.0
 10
343.7042412421305
 20
651.7163823470403
 42
1.0
 10
343.6919561863864
 20
651.8147403401701
 42
1.0
 10
343.6647024073542
 20
651.9072136449114
 42
1.0
 10
343.6373693604951
 20
651.999955908974
 42
1.0
 10
343.5942306979824
 20
652.0894477447623
 42
1.0
 10
343.5381537118971
 20
652.1682106460905
 42
1.0
 10
343.4811134665241
 20
652.2483264927449
 42
1.0
 10
343.4085996189589
 20
652.3191115377615
 42
1.0
 10
343.327600899504
 20
652.3748909777374
 42
1.0
 10
343.2493900618175
 20
652.4287505542293
 42
1.0
 10
343.1612945595703
 20
652.470398612111
 42
1.0
 10
343.070014060891
 20
652.4965837161278
 42
1.0
 10
342.9748046722154
 20
652.5238958778921
 42
1.0
 10
342.8732599553682
 20
652.5346818536659
 42
1.0
 10
342.7744742781072
 20
652.5274588459596
 42
1.0
 10
342.6799186861049
 20
652.5205451334798
 42
1.0
 10
342.5853589864317
 20
652.497606789763
 42
1.0
 10
342.4979510373699
 20
652.4608860893343
 42
1.0
 10
342.4071568025283
 20
652.4227427861899
 42
1.0
 10
342.3214551408874
 20
652.3685190516596
 42
1.0
 10
342.248947967967
 20
652.3018766137516
 42
1.0
 10
342.1781066162632
 20
652.2367652572873
 42
1.0
 10
342.1178944521687
 20
652.1582902136439
 42
1.0
 10
342.0724011144275
 20
652.0735061227248
 42
1.0
 10
342.0266367162628
 20
651.988216867473
 42
1.0
 10
341.9944295525013
 20
651.8941106738472
 42
1.0
 10
341.9790329403381
 20
651.7985513648571
 42
1.0
 10
341.9634013225171
 20
651.7015334896558
 42
1.0
 10
341.9653266414571
 20
651.6003078071113
 42
1.0
 10
341.9837537798912
 20
651.5037818719778
 42
1.0
 10
342.0015784271432
 20
651.4104119355344
 42
1.0
 10
342.035024980367
 20
651.318781964793
 42
1.0
 10
342.0816374243424
 20
651.2359390824931
 42
1.0
 10
342.1108511087539
 20
651.1840184876296
 42
1.0
 10
342.1455964609742
 20
651.1348158409065
 42
1.0
 10
342.185010363276
 20
651.0901422263985
 42
1.0
 97
        0
 75
     0
 76
     1
 52
0.0
 41
1.0
 77
     0
 78
     2
 53
45.0
 43
0.0
 44
0.0
 45
-4.490128060534577
 46
4.490128060534577
 79
     0
 53
45.0
 43
4.49013
 44
0.0
 45
-4.490128060534577
 46
4.490128060534577
 79
     2
 49
3.175
 49
-1.5875
 98
        1
 10
0.0
 20
0.0
  0
HATCH
  5
16F
330
1F
100
AcDbEntity
  8
0
  6
Continuous
 62
     7
370
    18
100
AcDbHatch
 10
0.0
 20
0.0
 30
0.0
210
0.0
220
0.0
230
1.0
  2
ANSI33
 70
     0
 71
     0
 91
        1
 92
        0
 93
        1
 72
     4
 94
        3
 73
     1
 74
     0
 95
       62
 96
       58
 40
0.0
 40
0.0
 40
0.0
 40
0.0
 40
0.0002923027620384
 40
0.0002923027620384
 40
0.0002923027620384
 40
0.0005841675917858
 40
0.0005841675917858
 40
0.0005841675917858
 40
0.0008798992718342
 40
0.0008798992718342
 40
0.0008798992718342
 40
0.0011645758325976
 40
0.0011645758325976
 40
0.0011645758325976
 40
0.0014623364354169
 40
0.0014623364354169
 40
0.0014623364354169
 40
0.0017467033385899
 40
0.0017467033385899
 40
0.0017467033385899
 40
0.002042071865303
 40
0.002042071865303
 40
0.002042071865303
 40
0.0023308306956163
 40
0.0023308306956163
 40
0.0023308306956163
 40
0.0026204925274017
 40
0.0026204925274017
 40
0.0026204925274017
 40
0.0029156316034371
 40
0.0029156316034371
 40
0.0029156316034371
 40
0.0032002939273828
 40
0.0032002939273828
 40
0.0032002939273828
 40
0.0034980638127587
 40
0.0034980638127587
 40
0.0034980638127587
 40
0.0037824910295144
 40
0.0037824910295144
 40
0.0037824910295144
 40
0.0040783573494763
 40
0.0040783573494763
 40
0.0040783573494763
 40
0.0043669220303783
 40
0.0043669220303783
 40
0.0043669220303783
 40
0.0046570684431821
 40
0.0046570684431821
 40
0.0046570684431821
 40
0.0049517952460284
 40
0.0049517952460284
 40
0.0049517952460284
 40
0.0052363848435494
 40
0.0052363848435494
 40
0.0052363848435494
 40
0.0054130934778693
 40
0.0054130934778693
 40
0.0054130934778693
 40
0.0054130934778693
 10
342.185010363276
 20
544.2367973154089
 42
1.0
 10
342.1205562214435
 20
544.1637281874844
 42
1.0
 10
342.0684520238139
 20
544.0780802016404
 42
1.0
 10
342.032094987115
 20
543.9876833004905
 42
1.0
 10
341.9957782091434
 20
543.8973864972725
 42
1.0
 10
341.9740708797257
 20
543.799737380005
 42
1.0
 10
341.9693507203515
 20
543.7025255436419
 42
1.0
 10
341.9645746575693
 20
543.6041623747651
 42
1.0
 10
341.9777406299276
 20
543.5035424481713
 42
1.0
 10
342.0069269117395
 20
543.4094877581174
 42
1.0
 10
342.0350777001113
 20
543.3187700129744
 42
1.0
 10
342.0785568111054
 20
543.2315403747579
 42
1.0
 10
342.1340866678282
 20
543.1544779897563
 42
1.0
 10
342.1920376320267
 20
543.0740556768269
 42
1.0
 10
342.2651728146778
 20
543.0026754066638
 42
1.0
 10
342.3473172337625
 20
542.947192462603
 42
1.0
 10
342.4259513751477
 20
542.8940804713518
 42
1.0
 10
342.5145326409983
 20
542.8535960690448
 42
1.0
 10
342.6060147601924
 20
542.8283922266032
 42
1.0
 10
342.7008978092513
 20
542.8022514087043
 42
1.0
 10
342.8017064729889
 20
542.7918665159332
 42
1.0
 10
342.8998387226597
 20
542.7993629773458
 42
1.0
 10
342.9958555468717
 20
542.8066978384142
 42
1.0
 10
343.0917884110713
 20
542.8311804519136
 42
1.0
 10
343.1800212038189
 20
542.8697551198009
 42
1.0
 10
343.2685472485962
 20
542.9084579951186
 42
1.0
 10
343.3518720527257
 20
542.962423436296
 42
1.0
 10
343.4229470639431
 20
543.0278689551818
 42
1.0
 10
343.4952575981895
 20
543.0944521375635
 42
1.0
 10
343.5563824276753
 20
543.1752044809282
 42
1.0
 10
343.6015883996715
 20
543.2624888073271
 42
1.0
 10
343.6452726409651
 20
543.3468349546874
 42
1.0
 10
343.6756085713236
 20
543.4394608796412
 42
1.0
 10
343.6902141027657
 20
543.5333185589391
 42
1.0
 10
343.7054574975194
 20
543.6312752585551
 42
1.0
 10
343.703501854345
 20
543.7334596633466
 42
1.0
 10
343.6840132223641
 20
543.8306608429012
 42
1.0
 10
343.6653538247073
 20
543.9237261470132
 42
1.0
 10
343.6307771526479
 20
544.0147984679675
 42
1.0
 10
343.5833962832303
 20
544.0970443016834
 42
1.0
 10
343.5341857770501
 20
544.1824661007793
 42
1.0
 10
343.4696309758704
 20
544.2608233993814
 42
1.0
 10
343.3943781275334
 20
544.3245067291973
 42
1.0
 10
343.3209100408759
 20
544.3866796900479
 42
1.0
 10
343.235505063847
 20
544.4366357887698
 42
1.0
 10
343.1456742065674
 20
544.4711821908755
 42
1.0
 10
343.0553438419242
 20
544.5059206893584
 42
1.0
 10
342.9579550536748
 20
544.5261002172647
 42
1.0
 10
342.8612315040226
 20
544.5294006711856
 42
1.0
 10
342.7631170807956
 20
544.5327485852563
 42
1.0
 10
342.6630310843119
 20
544.5181646395517
 42
1.0
 10
342.5696669203719
 20
544.4878202584312
 42
1.0
 10
342.4793483421248
 20
544.4584657261894
 42
1.0
 10
342.3927100757718
 20
544.4138467715369
 42
1.0
 10
342.316423972594
 20
544.357282077587
 42
1.0
 10
342.2686863841711
 20
544.3218855641127
 42
1.0
 10
342.2243234037884
 20
544.2813649646653
 42
1.0
 10
342.185010363276
 20
544.2367973154089
 42
1.0
 97
        0
 75
     0
 76
     1
 52
0.0
 41
1.0
 77
     0
 78
     2
 53
45.0
 43
0.0
 44
0.0
 45
-4.490128060534577
 46
4.490128060534577
 79
     0
 53
45.0
 43
4.49013
 44
0.0
 45
-4.490128060534577
 46
4.490128060534577
 79
     2
 49
3.175
 49
-1.5875
 98
        1
 10
0.0
 20
0.0
  0
HATCH
  5
170
330
1F
100
AcDbEntity
  8
0
  6
Continuous
 62
     7
370
    18
100
AcDbHatch
 10
0.0
 20
0.0
 30
0.0
210
0.0
220
0.0
230
1.0
  2
ANSI33
 70
     0
 71
     0
 91
        1
 92
        0
 93
        1
 72
     4
 94
        3
 73
     1
 74
     0
 95
       62
 96
       58
 40
0.0
 40
0.0
 40
0.0
 40
0.0
 40
0.0002921185290085
 40
0.0002921185290085
 40
0.0002921185290085
 40
0.0005838086603636
 40
0.0005838086603636
 40
0.0005838086603636
 40
0.0008792237379274
 40
0.0008792237379274
 40
0.0008792237379274
 40
0.001163524637052
 40
0.001163524637052
 40
0.001163524637052
 40
0.0014610139890846
 40
0.0014610139890846
 40
0.0014610139890846
 40
0.001745349918929
 40
0.001745349918929
 40
0.001745349918929
 40
0.0020408698152907
 40
0.0020408698152907
 40
0.0020408698152907
 40
0.0023300310377799
 40
0.0023300310377799
 40
0.0023300310377799
 40
0.0026199603825758
 40
0.0026199603825758
 40
0.0026199603825758
 40
0.002915310274618
 40
0.002915310274618
 40
0.002915310274618
 40
0.0031999168220152
 40
0.0031999168220152
 40
0.0031999168220152
 40
0.0034974177727016
 40
0.0034974177727016
 40
0.0034974177727016
 40
0.0037814892538355
 40
0.0037814892538355
 40
0.0037814892538355
 40
0.0040770183452201
 40
0.0040770183452201
 40
0.0040770183452201
 40
0.0043655062749369
 40
0.0043655062749369
 40
0.0043655062749369
 40
0.0046557054323689
 40
0.0046557054323689
 40
0.0046557054323689
 40
0.0049507900932048
 40
0.0049507900932048
 40
0.0049507900932048
 40
0.0052357056551063
 40
0.0052357056551063
 40
0.0052357056551063
 40
0.0054129374330824
 40
0.0054129374330824
 40
0.0054129374330824
 40
0.0054129374330824
 10
342.185010363276
 20
642.0900619860167
 42
1.0
 10
342.2494267107336
 20
642.0170414085426
 42
1.0
 10
342.3278491025682
 20
641.9546914324476
 42
1.0
 10
342.4129478405039
 20
641.9073662239831
 42
1.0
 10
342.4979540444853
 20
641.8600924756083
 42
1.0
 10
342.5920769788626
 20
641.826391780239
 42
1.0
 10
342.6878837538503
 20
641.8096011915899
 42
1.0
 10
342.7847802589845
 20
641.7926196225992
 42
1.0
 10
342.8861489405303
 20
641.7931435837683
 42
1.0
 10
342.9830026626348
 20
641.8103674888755
 42
1.0
 10
343.0763982954315
 20
641.8269764274042
 42
1.0
 10
343.1682426683538
 20
641.8592068441242
 42
1.0
 10
343.2515198080219
 20
641.9046328176775
 42
1.0
 10
343.3384641408003
 20
641.9520591699409
 42
1.0
 10
343.4183408562357
 20
642.0156516864707
 42
1.0
 10
343.4835984728664
 20
642.0901501385549
 42
1.0
 10
343.5461167217421
 20
642.1615213134268
 42
1.0
 10
343.5973515551716
 20
642.2443346661181
 42
1.0
 10
343.6338078397359
 20
642.3319321281865
 42
1.0
 10
343.6716429526363
 20
642.4228426503844
 42
1.0
 10
343.6945899098453
 20
642.5216018031738
 42
1.0
 10
343.6994704960167
 20
642.6199501569631
 42
1.0
 10
343.7042498793544
 20
642.716259179459
 42
1.0
 10
343.6919749774102
 20
642.8146412148795
 42
1.0
 10
343.6647265962258
 20
642.9071387610202
 42
1.0
 10
343.6374002503019
 20
642.9999009668129
 42
1.0
 10
343.5942650963436
 20
643.0894142937033
 42
1.0
 10
343.5381873195352
 20
643.1681977878713
 42
1.0
 10
343.4811474376297
 20
643.2483329404972
 42
1.0
 10
343.4086293154046
 20
643.3191374626065
 42
1.0
 10
343.3276221157099
 20
643.3749319463102
 42
1.0
 10
343.2494116925415
 20
643.4288001234277
 42
1.0
 10
343.1613143585699
 20
643.470456284479
 42
1.0
 10
343.0700307232444
 20
643.4966469072262
 42
1.0
 10
342.974826739659
 20
643.5239623357719
 42
1.0
 10
342.8732865553653
 20
643.5347520712601
 42
1.0
 10
342.7745049555539
 20
643.527532191352
 42
1.0
 10
342.6799580873869
 20
643.5206218250978
 42
1.0
 10
342.5854067671376
 20
643.4976880315556
 42
1.0
 10
342.4980059302579
 20
643.4609734955425
 42
1.0
 10
342.4072186473418
 20
643.4228364125676
 42
1.0
 10
342.3215230698439
 20
643.3686210891082
 42
1.0
 10
342.2490181524108
 20
643.3019892289726
 42
1.0
 10
342.1781724940267
 20
643.2368822242648
 42
1.0
 10
342.1179553795102
 20
643.1584111048766
 42
1.0
 10
342.0724547687728
 20
643.0736306602184
 42
1.0
 10
342.02668038979
 20
642.988340108263
 42
1.0
 10
341.994462380534
 20
642.8942320068021
 42
1.0
 10
341.9790525593397
 20
642.7986688892573
 42
1.0
 10
341.9634055022131
 20
642.701634566758
 42
1.0
 10
341.9653174263091
 20
642.6003894153465
 42
1.0
 10
341.9837354003994
 20
642.5038426993483
 42
1.0
 10
342.0015513372994
 20
642.4104518523596
 42
1.0
 10
342.0349926456872
 20
642.3187992017546
 42
1.0
 10
342.0816040567166
 20
642.2359340445972
 42
1.0
 10
342.110824463678
 20
642.183986387112
 42
1.0
 10
342.145581101641
 20
642.134757898896
 42
1.0
 10
342.185010363276
 20
642.0900619860167
 42
1.0
 97
        0
 75
     0
 76
     1
 52
0.0
 41
1.0
 77
     0
 78
     2
 53
45.0
 43
0.0
 44
0.0
 45
-4.490128060534577
 46
4.490128060534577
 79
     0
 53
45.0
 43
4.49013
 44
0.0
 45
-4.490128060534577
 46
4.490128060534577
 79
     2
 49
3.175
 49
-1.5875
 98
        1
 10
0.0
 20
0.0
  0
HATCH
  5
171
330
1F
100
AcDbEntity
  8
0
  6
Continuous
 62
     7
370
    18
100
AcDbHatch
 10
0.0
 20
0.0
 30
0.0
210
0.0
220
0.0
230
1.0
  2
ANSI33
 70
     0
 71
     0
 91
        1
 92
        0
 93
        1
 72
     4
 94
        3
 73
     1
 74
     0
 95
       62
 96
       58
 40
0.0
 40
0.0
 40
0.0
 40
0.0
 40
0.0002923901203216
 40
0.0002923901203216
 40
0.0002923901203216
 40
0.000584340122871
 40
0.000584340122871
 40
0.000584340122871
 40
0.0008801888901515
 40
0.0008801888901515
 40
0.0008801888901515
 40
0.0011649873857599
 40
0.0011649873857599
 40
0.0011649873857599
 40
0.0014628355724843
 40
0.0014628355724843
 40
0.0014628355724843
 40
0.0017472257712258
 40
0.0017472257712258
 40
0.0017472257712258
 40
0.0020425773658139
 40
0.0020425773658139
 40
0.0020425773658139
 40
0.0023312608540611
 40
0.0023312608540611
 40
0.0023312608540611
 40
0.0026208882144495
 40
0.0026208882144495
 40
0.0026208882144495
 40
0.0029160101840613
 40
0.0029160101840613
 40
0.0029160101840613
 40
0.0032007224490004
 40
0.0032007224490004
 40
0.0032007224490004
 40
0.0034985959513246
 40
0.0034985959513246
 40
0.0034985959513246
 40
0.0037831440686151
 40
0.0037831440686151
 40
0.0037831440686151
 40
0.004079124231657
 40
0.004079124231657
 40
0.004079124231657
 40
0.0043677277382394
 40
0.0043677277382394
 40
0.0043677277382394
 40
0.0046578799214718
 40
0.0046578799214718
 40
0.0046578799214718
 40
0.0049525342204601
 40
0.0049525342204601
 40
0.0049525342204601
 40
0.0052370670846041
 40
0.0052370670846041
 40
0.0052370670846041
 40
0.0054136655456532
 40
0.0054136655456532
 40
0.0054136655456532
 40
0.0054136655456532
 10
342.185010363276
 20
553.2390834056081
 42
1.0
 10
342.1205451440899
 20
553.1659852204207
 42
1.0
 10
342.0684367462335
 20
553.080304515478
 42
1.0
 10
342.0320798934839
 20
552.9898761547689
 42
1.0
 10
341.995763463221
 20
552.899548334644
 42
1.0
 10
341.9740605685755
 20
552.8018686443762
 42
1.0
 10
341.9693475327357
 20
552.7046277811102
 42
1.0
 10
341.9645781928745
 20
552.6062252352613
 42
1.0
 10
341.9777576708085
 20
552.5055666996432
 42
1.0
 10
342.0069628856756
 20
552.4114770452871
 42
1.0
 10
342.0351327474127
 20
552.3207229602325
 42
1.0
 10
342.0786379212284
 20
552.2334592399536
 42
1.0
 10
342.134201017829
 20
552.1563710608301
 42
1.0
 10
342.1921788009648
 20
552.0759327482629
 42
1.0
 10
342.2653474378873
 20
552.0045425806827
 42
1.0
 10
342.3475267234692
 20
551.9490600565218
 42
1.0
 10
342.4261778711117
 20
551.8959595194647
 42
1.0
 10
342.514775288852
 20
551.8554897293519
 42
1.0
 10
342.6062710688396
 20
551.8303065542997
 42
1.0
 10
342.7011550429085
 20
551.8041908172792
 42
1.0
 10
342.8019617597765
 20
551.7938340813105
 42
1.0
 10
342.9000858983409
 20
551.8013609456132
 42
1.0
 10
342.9960762313905
 20
551.8087241308783
 42
1.0
 10
343.0919770767136
 20
551.833228251993
 42
1.0
 10
343.180177362129
 20
551.871816724221
 42
1.0
 10
343.2686831188368
 20
551.9105388430744
 42
1.0
 10
343.3519838757603
 20
551.9645201447072
 42
1.0
 10
343.4230349916388
 20
552.0299755523628
 42
1.0
 10
343.4953258690146
 20
552.0965730827452
 42
1.0
 10
343.5564288270144
 20
552.1773340978864
 42
1.0
 10
343.6016186286233
 20
552.2646214614354
 42
1.0
 10
343.6452972429578
 20
552.3489898576885
 42
1.0
 10
343.6756253662629
 20
552.4416359749183
 42
1.0
 10
343.6902237514904
 20
552.5355121422094
 42
1.0
 10
343.705462268653
 20
552.6335047327703
 42
1.0
 10
343.7034959615607
 20
552.7357242724456
 42
1.0
 10
343.6839929130928
 20
552.8329579667632
 42
1.0
 10
343.6653183358605
 20
552.9260612647986
 42
1.0
 10
343.6307202951367
 20
553.0171699173512
 42
1.0
 10
343.5833115363027
 20
553.0994461200207
 42
1.0
 10
343.5340742435374
 20
553.1848956778258
 42
1.0
 10
343.469484906451
 20
553.263276370433
 42
1.0
 10
343.3941919476587
 20
553.3269702342212
 42
1.0
 10
343.3207025964628
 20
553.3891383413061
 42
1.0
 10
343.2352764284548
 20
553.4390861940302
 42
1.0
 10
343.1454256411649
 20
553.4736172568741
 42
1.0
 10
343.0550857307707
 20
553.5083362973771
 42
1.0
 10
342.9576885982049
 20
553.5284921746073
 42
1.0
 10
342.8609621044068
 20
553.5317627374086
 42
1.0
 10
342.7628699259733
 20
553.5350794773966
 42
1.0
 10
342.6628126267349
 20
553.5204670727474
 42
1.0
 10
342.5694794786482
 20
553.4901026247493
 42
1.0
 10
342.4791867110081
 20
553.4607273159355
 42
1.0
 10
342.3925781195476
 20
553.4160925719784
 42
1.0
 10
342.3163210486875
 20
553.359519152426
 42
1.0
 10
342.268621697077
 20
553.3241320676534
 42
1.0
 10
342.2242943838368
 20
553.2836282104829
 42
1.0
 10
342.185010363276
 20
553.2390834056081
 42
1.0
 97
        0
 75
     0
 76
     1
 52
0.0
 41
1.0
 77
     0
 78
     2
 53
45.0
 43
0.0
 44
0.0
 45
-4.490128060534577
 46
4.490128060534577
 79
     0
 53
45.0
 43
4.49013
 44
0.0
 45
-4.490128060534577
 46
4.490128060534577
 79
     2
 49
3.175
 49
-1.5875
 98
        1
 10
0.0
 20
0.0
  0
HATCH
  5
172
330
1F
100
AcDbEntity
  8
0
  6
Continuous
 62
     7
370
    18
100
AcDbHatch
 10
0.0
 20
0.0
 30
0.0
210
0.0
220
0.0
230
1.0
  2
ANSI33
 70
     0
 71
     0
 91
        1
 92
        0
 93
        1
 72
     4
 94
        3
 73
     1
 74
     0
 95
       62
 96
       58
 40
0.0
 40
0.0
 40
0.0
 40
0.0
 40
0.0002921178236138
 40
0.0002921178236138
 40
0.0002921178236138
 40
0.0005838095502566
 40
0.0005838095502566
 40
0.0005838095502566
 40
0.0008791914247157
 40
0.0008791914247157
 40
0.0008791914247157
 40
0.0011634374533035
 40
0.0011634374533035
 40
0.0011634374533035
 40
0.0014608884216503
 40
0.0014608884216503
 40
0.0014608884216503
 40
0.0017452348265679
 40
0.0017452348265679
 40
0.0017452348265679
 40
0.0020408090659026
 40
0.0020408090659026
 40
0.0020408090659026
 40
0.002330082487482
 40
0.002330082487482
 40
0.002330082487482
 40
0.0026201002972774
 40
0.0026201002972774
 40
0.0026201002972774
 40
0.0029155308544878
 40
0.0029155308544878
 40
0.0029155308544878
 40
0.0032001614824958
 40
0.0032001614824958
 40
0.0032001614824958
 40
0.003497641597822
 40
0.003497641597822
 40
0.003497641597822
 40
0.0037816682097514
 40
0.0037816682097514
 40
0.0037816682097514
 40
0.0040771519882402
 40
0.0040771519882402
 40
0.0040771519882402
 40
0.004365641140447
 40
0.004365641140447
 40
0.004365641140447
 40
0.0046558692511442
 40
0.0046558692511442
 40
0.0046558692511442
 40
0.0049510496973015
 40
0.0049510496973015
 40
0.0049510496973015
 40
0.0052360624781068
 40
0.0052360624781068
 40
0.0052360624781068
 40
0.0054134316558286
 40
0.0054134316558286
 40
0.0054134316558286
 40
0.0054134316558286
 10
342.185010363276
 20
633.0897419880049
 42
1.0
 10
342.2494198317963
 20
633.0167156562568
 42
1.0
 10
342.3278347393068
 20
632.9543570084589
 42
1.0
 10
342.4129283029853
 20
632.9070229806972
 42
1.0
 10
342.4979297533621
 20
632.859740191753
 42
1.0
 10
342.5920503554304
 20
632.8260303215523
 42
1.0
 10
342.6878562774477
 20
632.8092334765239
 42
1.0
 10
342.7847406652506
 20
632.7922475531766
 42
1.0
 10
342.8860983078332
 20
632.792765999885
 42
1.0
 10
342.9829416753523
 20
632.8099842564594
 42
1.0
 10
343.0763201420577
 20
632.8265864713497
 42
1.0
 10
343.1681478888351
 20
632.8588071658717
 42
1.0
 10
343.2514119524342
 20
632.9042193591292
 42
1.0
 10
343.3383483939318
 20
632.9516344661005
 42
1.0
 10
343.4182197742671
 20
633.0152116494705
 42
1.0
 10
343.4834782831866
 20
633.0896929507679
 42
1.0
 10
343.5460075989761
 20
633.1610593501288
 42
1.0
 10
343.5972546623601
 20
633.243868697961
 42
1.0
 10
343.6337273634949
 20
633.3314633345706
 42
1.0
 10
343.671585084999
 20
633.4223843043602
 42
1.0
 10
343.6945553431821
 20
633.5211562508058
 42
1.0
 10
343.6994602940911
 20
633.6195217492366
 42
1.0
 10
343.7042644739669
 20
633.7158663522295
 42
1.0
 10
343.6920067599522
 20
633.814289079442
 42
1.0
 10
343.6647674858604
 20
633.9068276369037
 42
1.0
 10
343.6374524937752
 20
633.9996234271332
 42
1.0
 10
343.5943233075303
 20
634.0891729583708
 42
1.0
 10
343.5382442442974
 20
634.1679911424646
 42
1.0
 10
343.481205061166
 20
634.2481587589949
 42
1.0
 10
343.4086798355789
 20
634.3189960479621
 42
1.0
 10
343.3276584512151
 20
634.3748158511526
 42
1.0
 10
343.2494488148662
 20
634.4286984963686
 42
1.0
 10
343.1613484964462
 20
634.4703683062771
 42
1.0
 10
343.0700596770067
 20
634.4965682703738
 42
1.0
 10
342.9748647888375
 20
634.5238892793158
 42
1.0
 10
342.8733322240738
 20
634.534685444381
 42
1.0
 10
342.7745574543349
 20
634.5274709363476
 42
1.0
 10
342.680025152205
 20
634.5205662980992
 42
1.0
 10
342.5854877991945
 20
634.4976402371896
 42
1.0
 10
342.4980987964959
 20
634.4609361177662
 42
1.0
 10
342.4073231094869
 20
634.4228095623208
 42
1.0
 10
342.3216376548742
 20
634.3686084272778
 42
1.0
 10
342.2491364386668
 20
634.3019943654699
 42
1.0
 10
342.1782835016888
 20
634.2368947413529
 42
1.0
 10
342.118058023945
 20
634.1584302638357
 42
1.0
 10
342.072545156955
 20
634.0736559830843
 42
1.0
 10
342.0267540118382
 20
633.9883633691754
 42
1.0
 10
341.9945177649519
 20
633.8942521861037
 42
1.0
 10
341.9790856882986
 20
633.7986827873995
 42
1.0
 10
341.963412606435
 20
633.7016208661047
 42
1.0
 10
341.9653019120314
 20
633.6003430336461
 42
1.0
 10
341.9837043441433
 20
633.5037613969189
 42
1.0
 10
342.0015055333172
 20
633.4103352684782
 42
1.0
 10
342.0349379244964
 20
633.3186443445607
 42
1.0
 10
342.0815475048976
 20
633.2357415651968
 42
1.0
 10
342.1107793025789
 20
633.1837480211072
 42
1.0
 10
342.1455550674261
 20
633.1344757141192
 42
1.0
 10
342.185010363276
 20
633.0897419880049
 42
1.0
 97
        0
 75
     0
 76
     1
 52
0.0
 41
1.0
 77
     0
 78
     2
 53
45.0
 43
0.0
 44
0.0
 45
-4.490128060534577
 46
4.490128060534577
 79
     0
 53
45.0
 43
4.49013
 44
0.0
 45
-4.490128060534577
 46
4.490128060534577
 79
     2
 49
3.175
 49
-1.5875
 98
        1
 10
0.0
 20
0.0
  0
HATCH
  5
173
330
1F
100
AcDbEntity
  8
0
  6
Continuous
 62
     7
370
    18
100
AcDbHatch
 10
0.0
 20
0.0
 30
0.0
210
0.0
220
0.0
230
1.0
  2
ANSI33
 70
     0
 71
     0
 91
        1
 92
        0
 93
        1
 72
     4
 94
        3
 73
     1
 74
     0
 95
       62
 96
       58
 40
0.0
 40
0.0
 40
0.0
 40
0.0
 40
0.0002925949316146
 40
0.0002925949316146
 40
0.0002925949316146
 40
0.0005847447036929
 40
0.0005847447036929
 40
0.0005847447036929
 40
0.0008808665002356
 40
0.0008808665002356
 40
0.0008808665002356
 40
0.0011659477247452
 40
0.0011659477247452
 40
0.0011659477247452
 40
0.0014639974226448
 40
0.0014639974226448
 40
0.0014639974226448
 40
0.0017484403626049
 40
0.0017484403626049
 40
0.0017484403626049
 40
0.002043752803122
 40
0.002043752803122
 40
0.002043752803122
 40
0.00233226278697
 40
0.00233226278697
 40
0.00233226278697
 40
0.0026218116849054
 40
0.0026218116849054
 40
0.0026218116849054
 40
0.0029168937915339
 40
0.0029168937915339
 40
0.0029168937915339
 40
0.0032017210482588
 40
0.0032017210482588
 40
0.0032017210482588
 40
0.003499833824457
 40
0.003499833824457
 40
0.003499833824457
 40
0.0037846626715956
 40
0.0037846626715956
 40
0.0037846626715956
 40
0.0040809088900877
 40
0.0040809088900877
 40
0.0040809088900877
 40
0.0043696037724482
 40
0.0043696037724482
 40
0.0043696037724482
 40
0.0046597694948805
 40
0.0046597694948805
 40
0.0046597694948805
 40
0.0049542534024201
 40
0.0049542534024201
 40
0.0049542534024201
 40
0.0052386532371455
 40
0.0052386532371455
 40
0.0052386532371455
 40
0.0054149942812168
 40
0.0054149942812168
 40
0.0054149942812168
 40
0.0054149942812168
 10
342.185010363276
 20
562.2374298946718
 42
1.0
 10
342.1205191592002
 20
562.1642636035731
 42
1.0
 10
342.0684008624461
 20
562.0785062328523
 42
1.0
 10
342.0320444006293
 20
561.9880041376254
 42
1.0
 10
341.9957287391096
 20
561.8976036065271
 42
1.0
 10
341.974036214337
 20
561.7998522011402
 42
1.0
 10
341.9693400149035
 20
561.7025432652433
 42
1.0
 10
341.9645866057156
 20
561.6040488983606
 42
1.0
 10
341.9777979112698
 20
561.5033003544232
 42
1.0
 10
342.0070477009297
 20
561.4091293131663
 42
1.0
 10
342.0352622953238
 20
561.3182911306138
 42
1.0
 10
342.0788284439915
 20
561.2309486319933
 42
1.0
 10
342.1344691748815
 20
561.1538010603381
 42
1.0
 10
342.1925094204578
 20
561.0733264883322
 42
1.0
 10
342.2657557964582
 20
561.0019143197792
 42
1.0
 10
342.3480158770595
 20
560.9464336385869
 42
1.0
 10
342.4267064584963
 20
560.893360422154
 42
1.0
 10
342.5153411568756
 20
560.8529252471858
 42
1.0
 10
342.6068683236901
 20
560.8277905770209
 42
1.0
 10
342.7017545894681
 20
560.8017334501972
 42
1.0
 10
342.8025568378111
 20
560.7914424809719
 42
1.0
 10
342.9006621483816
 20
560.7990401996735
 42
1.0
 10
342.9965913907432
 20
560.806469393817
 42
1.0
 10
343.0924182861767
 20
560.8310237434728
 42
1.0
 10
343.1805434188021
 20
560.8696446376292
 42
1.0
 10
343.2690024175914
 20
560.9084118488397
 42
1.0
 10
343.3522476311641
 20
560.9624305015161
 42
1.0
 10
343.4232433318157
 20
561.0279095181613
 42
1.0
 10
343.4954882070535
 20
561.0945406429311
 42
1.0
 10
343.5565399325258
 20
561.1753220656727
 42
1.0
 10
343.6016916583159
 20
561.2626166843179
 42
1.0
 10
343.6453565478179
 20
561.3470367105864
 42
1.0
 10
343.675665867186
 20
561.439729586346
 42
1.0
 10
343.6902470127228
 20
561.5336484534879
 42
1.0
 10
343.7054735021013
 20
561.6317240559405
 42
1.0
 10
343.7034817724501
 20
561.7340246942045
 42
1.0
 10
343.6839448597838
 20
561.8313333722282
 42
1.0
 10
343.6652345767017
 20
561.9245248064773
 42
1.0
 10
343.6305865564161
 20
562.0157176613901
 42
1.0
 10
343.5831127797834
 20
562.0980642377771
 42
1.0
 10
343.5338127478818
 20
562.183578581291
 42
1.0
 10
343.4691425899003
 20
562.2620138347362
 42
1.0
 10
343.393755833839
 20
562.3257322237827
 42
1.0
 10
343.3202165965324
 20
562.3878890531477
 42
1.0
 10
343.2347406859872
 20
562.4378176686902
 42
1.0
 10
343.1448430996618
 20
562.4723128108589
 42
1.0
 10
343.0544808492992
 20
562.5069862520531
 42
1.0
 10
342.9570641796356
 20
562.5270866845784
 42
1.0
 10
342.8603308301642
 20
562.5302871399957
 42
1.0
 10
342.7622909838825
 20
562.5335308212998
 42
1.0
 10
342.6623011480225
 20
562.5188517849898
 42
1.0
 10
342.5690408569736
 20
562.4884404213108
 42
1.0
 10
342.4788086220635
 20
562.459016480204
 42
1.0
 10
342.3922696113906
 20
562.4143448163708
 42
1.0
 10
342.3160805574219
 20
562.357751065987
 42
1.0
 10
342.2684705568745
 20
562.3223860319515
 42
1.0
 10
342.2242265791071
 20
562.2819213118255
 42
1.0
 10
342.185010363276
 20
562.2374298946718
 42
1.0
 97
        0
 75
     0
 76
     1
 52
0.0
 41
1.0
 77
     0
 78
     2
 53
45.0
 43
0.0
 44
0.0
 45
-4.490128060534577
 46
4.490128060534577
 79
     0
 53
45.0
 43
4.49013
 44
0.0
 45
-4.490128060534577
 46
4.490128060534577
 79
     2
 49
3.175
 49
-1.5875
 98
        1
 10
0.0
 20
0.0
  0
HATCH
  5
174
330
1F
100
AcDbEntity
  8
0
  6
Continuous
 62
     7
370
    18
100
AcDbHatch
 10
0.0
 20
0.0
 30
0.0
210
0.0
220
0.0
230
1.0
  2
ANSI33
 70
     0
 71
     0
 91
        1
 92
        0
 93
        1
 72
     4
 94
        3
 73
     1
 74
     0
 95
       62
 96
       58
 40
0.0
 40
0.0
 40
0.0
 40
0.0
 40
0.0002921170495609
 40
0.0002921170495609
 40
0.0002921170495609
 40
0.000583811959966
 40
0.000583811959966
 40
0.000583811959966
 40
0.0008791371718562
 40
0.0008791371718562
 40
0.0008791371718562
 40
0.0011632891109064
 40
0.0011632891109064
 40
0.0011632891109064
 40
0.0014606744643969
 40
0.0014606744643969
 40
0.0014606744643969
 40
0.0017450392578021
 40
0.0017450392578021
 40
0.0017450392578021
 40
0.0020407064292126
 40
0.0020407064292126
 40
0.0020407064292126
 40
0.0023301698325868
 40
0.0023301698325868
 40
0.0023301698325868
 40
0.0026203354587687
 40
0.0026203354587687
 40
0.0026203354587687
 40
0.0029158998364318
 40
0.0029158998364318
 40
0.0029158998364318
 40
0.0032005696802143
 40
0.0032005696802143
 40
0.0032005696802143
 40
0.0034980152644535
 40
0.0034980152644535
 40
0.0034980152644535
 40
0.0037819682983421
 40
0.0037819682983421
 40
0.0037819682983421
 40
0.0040773773410781
 40
0.0040773773410781
 40
0.0040773773410781
 40
0.0043658684090777
 40
0.0043658684090777
 40
0.0043658684090777
 40
0.004656143435303
 40
0.004656143435303
 40
0.004656143435303
 40
0.0049514829911766
 40
0.0049514829911766
 40
0.0049514829911766
 40
0.0052366590215679
 40
0.0052366590215679
 40
0.0052366590215679
 40
0.0054142619211462
 40
0.0054142619211462
 40
0.0054142619211462
 40
0.0054142619211462
 10
342.185010363276
 20
624.0873413637561
 42
1.0
 10
342.2494082073527
 20
624.0143051248449
 42
1.0
 10
342.327810458348
 20
623.9519315987634
 42
1.0
 10
342.412895316729
 20
623.904582455262
 42
1.0
 10
342.4978887844684
 20
623.8572841700296
 42
1.0
 10
342.5920055593227
 20
623.8235585937324
 42
1.0
 10
342.6878101816389
 20
623.8067511047121
 42
1.0
 10
342.7846738970765
 20
623.7897578136337
 42
1.0
 10
342.8860127054926
 20
623.7902669467541
 42
1.0
 10
342.982838378232
 20
623.8074756773469
 42
1.0
 10
343.0761873850676
 20
623.8240665035639
 42
1.0
 10
343.1679865729118
 20
623.856270659647
 42
1.0
 10
343.2512281560246
 20
623.901659330399
 42
1.0
 10
343.3381510648776
 20
623.9490552969726
 42
1.0
 10
343.4180132700108
 20
624.012606326602
 42
1.0
 10
343.4832732722456
 20
624.0870583369122
 42
1.0
 10
343.5458215829954
 20
624.1584167083088
 42
1.0
 10
343.5970896163204
 20
624.2412193661717
 42
1.0
 10
343.6335903524806
 20
624.3288093462252
 42
1.0
 10
343.6714866403178
 20
624.4197481996558
 42
1.0
 10
343.6944965939962
 20
624.5185420768505
 42
1.0
 10
343.6994428820895
 20
624.6169368832644
 42
1.0
 10
343.7042891338568
 20
624.7133417014809
 42
1.0
 10
343.6920605325056
 20
624.8118333421684
 42
1.0
 10
343.6648365557114
 20
624.9044412803759
 42
1.0
 10
343.6375408396848
 20
624.9972932542892
 42
1.0
 10
343.5944218771919
 20
625.0869033954623
 42
1.0
 10
343.5383408453573
 20
625.1657796469033
 42
1.0
 10
343.481303192391
 20
625.2460013566292
 42
1.0
 10
343.4087664840659
 20
625.3168933052058
 42
1.0
 10
343.3277217811739
 20
625.3727553916367
 42
1.0
 10
343.2495138403395
 20
625.4266621689408
 42
1.0
 10
343.16140895896
 20
625.4683548192802
 42
1.0
 10
343.0701118888507
 20
625.4945706091466
 42
1.0
 10
342.9749321960256
 20
625.5219012871592
 42
1.0
 10
342.8734123302157
 20
625.53270862333
 42
1.0
 10
342.7746488413331
 20
625.5255035452143
 42
1.0
 10
342.6801403917859
 20
625.5186088843506
 42
1.0
 10
342.5856258104221
 20
625.4956960601219
 42
1.0
 10
342.4982560124174
 20
625.4590095260685
 42
1.0
 10
342.4074992586801
 20
625.4209008110137
 42
1.0
 10
342.3218302217393
 20
625.3667235250246
 42
1.0
 10
342.2493347830913
 20
625.3001391883731
 42
1.0
 10
342.1784695457378
 20
625.2350521303617
 42
1.0
 10
342.11822994978
 20
625.1565989034801
 42
1.0
 10
342.0726965249014
 20
625.0718350302525
 42
1.0
 10
342.026877484041
 20
624.9865394615299
 42
1.0
 10
341.9946108162463
 20
624.8924236537653
 42
1.0
 10
341.9791414444518
 20
624.7968442779285
 42
1.0
 10
341.9634247164834
 20
624.699736582194
 42
1.0
 10
341.9652759315399
 20
624.5984044948643
 42
1.0
 10
341.9836519197478
 20
624.5017647351054
 42
1.0
 10
342.0014281115332
 20
624.4082793190217
 42
1.0
 10
342.0348452335461
 20
624.3165240521496
 42
1.0
 10
342.0814513708621
 20
624.233557890498
 42
1.0
 10
342.1107025281244
 20
624.1814862883081
 42
1.0
 10
342.1455108066122
 20
624.1321394326783
 42
1.0
 10
342.185010363276
 20
624.0873413637561
 42
1.0
 97
        0
 75
     0
 76
     1
 52
0.0
 41
1.0
 77
     0
 78
     2
 53
45.0
 43
0.0
 44
0.0
 45
-4.490128060534577
 46
4.490128060534577
 79
     0
 53
45.0
 43
4.49013
 44
0.0
 45
-4.490128060534577
 46
4.490128060534577
 79
     2
 49
3.175
 49
-1.5875
 98
        1
 10
0.0
 20
0.0
  0
HATCH
  5
175
330
1F
100
AcDbEntity
  8
0
  6
Continuous
 62
     7
370
    18
100
AcDbHatch
 10
0.0
 20
0.0
 30
0.0
210
0.0
220
0.0
230
1.0
  2
ANSI33
 70
     0
 71
     0
 91
        1
 92
        0
 93
        1
 72
     4
 94
        3
 73
     1
 74
     0
 95
       62
 96
       58
 40
0.0
 40
0.0
 40
0.0
 40
0.0
 40
0.0002930806589502
 40
0.0002930806589502
 40
0.0002930806589502
 40
0.0005857047946351
 40
0.0005857047946351
 40
0.0005857047946351
 40
0.0008824657952878
 40
0.0008824657952878
 40
0.0008824657952878
 40
0.001168195657227
 40
0.001168195657227
 40
0.001168195657227
 40
0.0014666954714181
 40
0.0014666954714181
 40
0.0014666954714181
 40
0.0017512496876891
 40
0.0017512496876891
 40
0.0017512496876891
 40
0.0020464739891126
 40
0.0020464739891126
 40
0.0020464739891126
 40
0.0023345955633913
 40
0.0023345955633913
 40
0.0023345955633913
 40
0.0026239756643751
 40
0.0026239756643751
 40
0.0026239756643751
 40
0.0029189641152026
 40
0.0029189641152026
 40
0.0029189641152026
 40
0.0032040478950217
 40
0.0032040478950217
 40
0.0032040478950217
 40
0.003502701500023
 40
0.003502701500023
 40
0.003502701500023
 40
0.0037881778858589
 40
0.0037881778858589
 40
0.0037881778858589
 40
0.0040850518004352
 40
0.0040850518004352
 40
0.0040850518004352
 40
0.0043739683207891
 40
0.0043739683207891
 40
0.0043739683207891
 40
0.0046641669913937
 40
0.0046641669913937
 40
0.0046641669913937
 40
0.0049582420581217
 40
0.0049582420581217
 40
0.0049582420581217
 40
0.0052423236042246
 40
0.0052423236042246
 40
0.0052423236042246
 40
0.0054180632411899
 40
0.0054180632411899
 40
0.0054180632411899
 40
0.0054180632411899
 10
342.185010363276
 20
571.241379062505
 42
1.0
 10
342.1204576425683
 20
571.1680511923344
 42
1.0
 10
342.0683156583746
 20
571.0821122612265
 42
1.0
 10
342.0319598523485
 20
570.9914354413511
 42
1.0
 10
341.9956456991324
 20
570.9008625098161
 42
1.0
 10
341.9739774604427
 20
570.8029408203406
 42
1.0
 10
341.9693219377361
 20
570.7054703132168
 42
1.0
 10
341.964607246832
 20
570.6067610291456
 42
1.0
 10
341.9778951144339
 20
570.5058018694817
 42
1.0
 10
342.0072521236088
 20
570.4114412999387
 42
1.0
 10
342.0355729249297
 20
570.3204113545298
 42
1.0
 10
342.0792828490275
 20
570.2328898983945
 42
1.0
 10
342.1351057307213
 20
570.1556090817064
 42
1.0
 10
342.1932911221684
 20
570.0750576226288
 42
1.0
 10
342.2667168421114
 20
570.0036020359191
 42
1.0
 10
342.3491616648911
 20
569.9481319671056
 42
1.0
 10
342.4279425944645
 20
569.8951270186166
 42
1.0
 10
342.5166613969304
 20
569.8547765887672
 42
1.0
 10
342.6082583074074
 20
569.8297572878212
 42
1.0
 10
342.7031511791773
 20
569.8038377092668
 42
1.0
 10
342.8039438262224
 20
569.79370084899
 42
1.0
 10
342.9020061611652
 20
569.801463588889
 42
1.0
 10
342.9977980652978
 20
569.80904659858
 42
1.0
 10
343.0934578254458
 20
569.833718810017
 42
1.0
 10
343.1814124994802
 20
569.8724172111317
 42
1.0
 10
343.2697665174852
 20
569.9112913160772
 42
1.0
 10
343.3528860902328
 20
569.9653999350477
 42
1.0
 10
343.4237546987599
 20
570.0309382357457
 42
1.0
 10
343.4958907677744
 20
570.0976486662241
 42
1.0
 10
343.5568209748977
 20
570.1784789504838
 42
1.0
 10
343.601880935111
 20
570.2657915725557
 42
1.0
 10
343.6455091710483
 20
570.3503299444942
 42
1.0
 10
343.675770069569
 20
570.4431291805749
 42
1.0
 10
343.6903067696538
 20
570.5371443051648
 42
1.0
 10
343.7055004663129
 20
570.6354085106615
 42
1.0
 10
343.7034454883424
 20
570.7378921629428
 42
1.0
 10
343.6838280323626
 20
570.8353696368584
 42
1.0
 10
343.6650323473129
 20
570.9287638007629
 42
1.0
 10
343.6302667540949
 20
571.020149814344
 42
1.0
 10
343.5826415304747
 20
571.1026579091169
 42
1.0
 10
343.5331930094838
 20
571.1883247668486
 42
1.0
 10
343.4683319775827
 20
571.2668883780354
 42
1.0
 10
343.3927240169846
 20
571.3306645729361
 42
1.0
 10
343.3190658166
 20
571.3927961224
 42
1.0
 10
343.2334708959185
 20
571.4426804529667
 42
1.0
 10
343.1434610736835
 20
571.4770910882982
 42
1.0
 10
343.0530459127244
 20
571.5116566840848
 42
1.0
 10
342.9555827878008
 20
571.5316257114856
 42
1.0
 10
342.8588332256501
 20
571.53465951553
 42
1.0
 10
342.7609193296295
 20
571.5377298299288
 42
1.0
 10
342.6610914134108
 20
571.5228930968314
 42
1.0
 10
342.5680055779922
 20
571.4923712176486
 42
1.0
 10
342.47791794886
 20
571.4628324191852
 42
1.0
 10
342.3915449560914
 20
571.4180740182046
 42
1.0
 10
342.3155176279903
 20
571.3614333356601
 42
1.0
 10
342.2681167726172
 20
571.3261194969575
 42
1.0
 10
342.2240678593226
 20
571.285745945386
 42
1.0
 10
342.185010363276
 20
571.241379062505
 42
1.0
 97
        0
 75
     0
 76
     1
 52
0.0
 41
1.0
 77
     0
 78
     2
 53
45.0
 43
0.0
 44
0.0
 45
-4.490128060534577
 46
4.490128060534577
 79
     0
 53
45.0
 43
4.49013
 44
0.0
 45
-4.490128060534577
 46
4.490128060534577
 79
     2
 49
3.175
 49
-1.5875
 98
        1
 10
0.0
 20
0.0
  0
HATCH
  5
176
330
1F
100
AcDbEntity
  8
0
  6
Continuous
 62
     7
370
    18
100
AcDbHatch
 10
0.0
 20
0.0
 30
0.0
210
0.0
220
0.0
230
1.0
  2
ANSI33
 70
     0
 71
     0
 91
        1
 92
        0
 93
        1
 72
     4
 94
        3
 73
     1
 74
     0
 95
       62
 96
       58
 40
0.0
 40
0.0
 40
0.0
 40
0.0
 40
0.0002921164529667
 40
0.0002921164529667
 40
0.0002921164529667
 40
0.0005838216023114
 40
0.0005838216023114
 40
0.0005838216023114
 40
0.000878992683438
 40
0.000878992683438
 40
0.000878992683438
 40
0.0011628878105642
 40
0.0011628878105642
 40
0.0011628878105642
 40
0.0014600941827258
 40
0.0014600941827258
 40
0.0014600941827258
 40
0.0017445096386603
 40
0.0017445096386603
 40
0.0017445096386603
 40
0.002040429588357
 40
0.002040429588357
 40
0.002040429588357
 40
0.0023304077953557
 40
0.0023304077953557
 40
0.0023304077953557
 40
0.0026209709050619
 40
0.0026209709050619
 40
0.0026209709050619
 40
0.0029168938442343
 40
0.0029168938442343
 40
0.0029168938442343
 40
0.0032016680014134
 40
0.0032016680014134
 40
0.0032016680014134
 40
0.0034990214688072
 40
0.0034990214688072
 40
0.0034990214688072
 40
0.0037827790188131
 40
0.0037827790188131
 40
0.0037827790188131
 40
0.0040779887816556
 40
0.0040779887816556
 40
0.0040779887816556
 40
0.0043664845620249
 40
0.0043664845620249
 40
0.0043664845620249
 40
0.0046568829848968
 40
0.0046568829848968
 40
0.0046568829848968
 40
0.0049526480440402
 40
0.0049526480440402
 40
0.0049526480440402
 40
0.005238264397214
 40
0.005238264397214
 40
0.005238264397214
 40
0.0054165010259305
 40
0.0054165010259305
 40
0.0054165010259305
 40
0.0054165010259305
 10
342.185010363276
 20
615.0893196046709
 42
1.0
 10
342.2493769291565
 20
615.0162560639345
 42
1.0
 10
342.3277451617806
 20
614.9538417770054
 42
1.0
 10
342.4128067831051
 20
614.9064513099698
 42
1.0
 10
342.4977789888131
 20
614.8591106591471
 42
1.0
 10
342.5918858933348
 20
614.8253422393987
 42
1.0
 10
342.6876875203055
 20
614.808505932412
 42
1.0
 10
342.7844950393516
 20
614.791492848597
 42
1.0
 10
342.8857826274727
 20
614.7919769733625
 42
1.0
 10
342.9825601010743
 20
614.8091601444323
 42
1.0
 10
343.0758286305622
 20
614.8257202904867
 42
1.0
 10
343.1675497348155
 20
614.857879696719
 42
1.0
 10
343.2507297652039
 20
614.9032045196614
 42
1.0
 10
343.337615572079
 20
614.9505486212978
 42
1.0
 10
343.4174524838766
 20
615.0140286328135
 42
1.0
 10
343.4827162718294
 20
615.0884009756444
 42
1.0
 10
343.5453162650879
 20
615.1597377506905
 42
1.0
 10
343.5966413229038
 20
615.242522469634
 42
1.0
 10
343.6332181495525
 20
615.3301000374368
 42
1.0
 10
343.6712191433645
 20
615.4210875537705
 42
1.0
 10
343.6943367547337
 20
615.5199411342695
 42
1.0
 10
343.6993950131974
 20
615.6184155861878
 42
1.0
 10
343.7043553382339
 20
615.7149834647981
 42
1.0
 10
343.6922055782421
 20
615.8136618000066
 42
1.0
 10
343.6650228145802
 20
615.9064575831192
 42
1.0
 10
343.6377793251111
 20
615.9994606703495
 42
1.0
 10
343.5946881857284
 20
616.08923388858
 42
1.0
 10
343.5386021017272
 20
616.1682663700938
 42
1.0
 10
343.4815690340465
 20
616.248633272997
 42
1.0
 10
343.4090019673343
 20
616.3196720329232
 42
1.0
 10
343.3278950608256
 20
616.3756477384384
 42
1.0
 10
343.2496920858143
 20
616.4296193037225
 42
1.0
 10
343.1615754006376
 20
616.4713733591179
 42
1.0
 10
343.0702566010943
 20
616.4976319198134
 42
1.0
 10
342.9751176198819
 20
616.5249889670497
 42
1.0
 10
342.8736317270696
 20
616.5358267959076
 42
1.0
 10
342.7748982862506
 20
616.5286475589222
 42
1.0
 10
342.680453170405
 20
616.5217801403137
 42
1.0
 10
342.5859989233569
 20
616.4989031792393
 42
1.0
 10
342.4986799075411
 20
616.462263981344
 42
1.0
 10
342.4079734217892
 20
616.4242033956766
 42
1.0
 10
342.3223478566491
 20
616.3700901915428
 42
1.0
 10
342.2498674914186
 20
616.3035855195651
 42
1.0
 10
342.1789692032685
 20
616.2385324892415
 42
1.0
 10
342.1186916792824
 20
616.1601096633532
 42
1.0
 10
342.073103156398
 20
616.0753738940576
 42
1.0
 10
342.0272096112347
 20
615.9900711772981
 42
1.0
 10
341.9948615679808
 20
615.8959438217244
 42
1.0
 10
341.979292106651
 20
615.8003385768467
 42
1.0
 10
341.9634580565522
 20
615.7031086081896
 42
1.0
 10
341.9652065731482
 20
615.6016315443749
 42
1.0
 10
341.9835107825633
 20
615.5048361939427
 42
1.0
 10
342.0012193158661
 20
615.4111908663676
 42
1.0
 10
342.0345949047279
 20
615.3192620285832
 42
1.0
 10
342.0811912522076
 20
615.2361246727801
 42
1.0
 10
342.1104947041467
 20
615.1838413578448
 42
1.0
 10
342.1453909458575
 20
615.1342922527983
 42
1.0
 10
342.185010363276
 20
615.0893196046709
 42
1.0
 97
        0
 75
     0
 76
     1
 52
0.0
 41
1.0
 77
     0
 78
     2
 53
45.0
 43
0.0
 44
0.0
 45
-4.490128060534577
 46
4.490128060534577
 79
     0
 53
45.0
 43
4.49013
 44
0.0
 45
-4.490128060534577
 46
4.490128060534577
 79
     2
 49
3.175
 49
-1.5875
 98
        1
 10
0.0
 20
0.0
  0
HATCH
  5
177
330
1F
100
AcDbEntity
  8
0
  6
Continuous
 62
     7
370
    18
100
AcDbHatch
 10
0.0
 20
0.0
 30
0.0
210
0.0
220
0.0
230
1.0
  2
ANSI33
 70
     0
 71
     0
 91
        1
 92
        0
 93
        1
 72
     4
 94
        3
 73
     1
 74
     0
 95
       62
 96
       58
 40
0.0
 40
0.0
 40
0.0
 40
0.0
 40
0.0002921198206055
 40
0.0002921198206055
 40
0.0002921198206055
 40
0.000583807853739
 40
0.000583807853739
 40
0.000583807853739
 40
0.0008792721699309
 40
0.0008792721699309
 40
0.0008792721699309
 40
0.0011636541243224
 40
0.0011636541243224
 40
0.0011636541243224
 40
0.0014612003093291
 40
0.0014612003093291
 40
0.0014612003093291
 40
0.0017455210488821
 40
0.0017455210488821
 40
0.0017455210488821
 40
0.0020409604839097
 40
0.0020409604839097
 40
0.0020409604839097
 40
0.0023299543595198
 40
0.0023299543595198
 40
0.0023299543595198
 40
0.0026197503995713
 40
0.0026197503995713
 40
0.0026197503995713
 40
0.0029149780965861
 40
0.0029149780965861
 40
0.0029149780965861
 40
0.0031995476644566
 40
0.0031995476644566
 40
0.0031995476644566
 40
0.0034970802148554
 40
0.0034970802148554
 40
0.0034970802148554
 40
0.0037812202824223
 40
0.0037812202824223
 40
0.0037812202824223
 40
0.0040768183328835
 40
0.0040768183328835
 40
0.0040768183328835
 40
0.0043653043289068
 40
0.0043653043289068
 40
0.0043653043289068
 40
0.0046554588260719
 40
0.0046554588260719
 40
0.0046554588260719
 40
0.0049503984974093
 40
0.0049503984974093
 40
0.0049503984974093
 40
0.0052351681295146
 40
0.0052351681295146
 40
0.0052351681295146
 40
0.0054121957746808
 40
0.0054121957746808
 40
0.0054121957746808
 40
0.0054121957746808
 10
342.185010363276
 20
678.0889160068655
 42
1.0
 10
342.2494369775458
 20
678.0159039135337
 42
1.0
 10
342.327870531183
 20
677.9535667508228
 42
1.0
 10
342.412977009446
 20
677.9062545773719
 42
1.0
 10
342.4979903331998
 20
677.8589941901349
 42
1.0
 10
342.5921168107236
 20
677.8253070631921
 42
1.0
 10
342.687924939006
 20
677.8085257648974
 42
1.0
 10
342.7848394150113
 20
677.7915506839716
 42
1.0
 10
342.8862244692725
 20
677.7920828757703
 42
1.0
 10
342.9830935315795
 20
677.8093152232474
 42
1.0
 10
343.0765145070158
 20
677.8259341795169
 42
1.0
 10
343.1683834097225
 20
677.8581790384416
 42
1.0
 10
343.2516798298563
 20
677.9036254327083
 42
1.0
 10
343.3386358214399
 20
677.9510684833342
 42
1.0
 10
343.4185204041746
 20
678.0146837344905
 42
1.0
 10
343.4837766829201
 20
678.0892075938194
 42
1.0
 10
343.5462786014492
 20
678.1605859235954
 42
1.0
 10
343.59749537414
 20
678.2434053054998
 42
1.0
 10
343.633927336637
 20
678.3310070628454
 42
1.0
 10
343.671728922518
 20
678.4219021211036
 42
1.0
 10
343.6946412918389
 20
678.5206423610434
 42
1.0
 10
343.6994856003908
 20
678.6189653196315
 42
1.0
 10
343.7042280677362
 20
678.7152212487064
 42
1.0
 10
343.6919275461067
 20
678.8135425988418
 42
1.0
 10
343.6646655073166
 20
678.905978934336
 42
1.0
 10
343.637322271898
 20
678.9986905800832
 42
1.0
 10
343.5941783092533
 20
679.0881494341226
 42
1.0
 10
343.5381026055288
 20
679.1668807317881
 42
1.0
 10
343.4810619267184
 20
679.2469668718484
 42
1.0
 10
343.4085547787227
 20
679.3177219683212
 42
1.0
 10
343.3275692177461
 20
679.3734782933634
 42
1.0
 10
343.2493578735572
 20
679.4273246466637
 42
1.0
 10
343.1612653293639
 20
679.4689602718423
 42
1.0
 10
343.069989788615
 20
679.4951369749311
 42
1.0
 10
342.9747720973431
 20
679.5224442383312
 42
1.0
 10
342.8732204073701
 20
679.5332245869653
 42
1.0
 10
342.7744284220788
 20
679.5259969312058
 42
1.0
 10
342.6798592655699
 20
679.5190782190581
 42
1.0
 10
342.5852865028024
 20
679.4961329957414
 42
1.0
 10
342.4978674357375
 20
679.4594028901861
 42
1.0
 10
342.4070623717839
 20
679.4212501199047
 42
1.0
 10
342.3213511949835
 20
679.3670135165665
 42
1.0
 10
342.2488404174863
 20
679.300354828712
 42
1.0
 10
342.1780056305376
 20
679.2352368681074
 42
1.0
 10
342.1178010179112
 20
679.1567558489046
 42
1.0
 10
342.0723188212697
 20
679.0719661937336
 42
1.0
 10
342.0265697904411
 20
678.9866790960381
 42
1.0
 10
341.9943792995346
 20
678.892576009374
 42
1.0
 10
341.9790029376711
 20
678.797022723973
 42
1.0
 10
341.9633949793068
 20
678.7000302290417
 42
1.0
 10
341.9653407724954
 20
678.5988345708568
 42
1.0
 10
341.9837818298265
 20
678.502340634043
 42
1.0
 10
342.0016197369108
 20
678.4090027170146
 42
1.0
 10
342.0350742210924
 20
678.3174074645771
 42
1.0
 10
342.0816881208121
 20
678.2345986363201
 42
1.0
 10
342.1108915914018
 20
678.1827191498344
 42
1.0
 10
342.1456197960469
 20
678.1335557540184
 42
1.0
 10
342.185010363276
 20
678.0889160068655
 42
1.0
 97
        0
 75
     0
 76
     1
 52
0.0
 41
1.0
 77
     0
 78
     2
 53
45.0
 43
0.0
 44
0.0
 45
-4.490128060534577
 46
4.490128060534577
 79
     0
 53
45.0
 43
4.49013
 44
0.0
 45
-4.490128060534577
 46
4.490128060534577
 79
     2
 49
3.175
 49
-1.5875
 98
        1
 10
0.0
 20
0.0
  0
HATCH
  5
178
330
1F
100
AcDbEntity
  8
0
  6
Continuous
 62
     7
370
    18
100
AcDbHatch
 10
0.0
 20
0.0
 30
0.0
210
0.0
220
0.0
230
1.0
  2
ANSI33
 70
     0
 71
     0
 91
        1
 92
        0
 93
        1
 72
     4
 94
        3
 73
     1
 74
     0
 95
       62
 96
       58
 40
0.0
 40
0.0
 40
0.0
 40
0.0
 40
0.0002921731022706
 40
0.0002921731022706
 40
0.0002921731022706
 40
0.000583911605014
 40
0.000583911605014
 40
0.000583911605014
 40
0.0008794682506903
 40
0.0008794682506903
 40
0.0008794682506903
 40
0.0011639604360328
 40
0.0011639604360328
 40
0.0011639604360328
 40
0.0014615866954234
 40
0.0014615866954234
 40
0.0014615866954234
 40
0.0017459168121472
 40
0.0017459168121472
 40
0.0017459168121472
 40
0.0020413113253247
 40
0.0020413113253247
 40
0.0020413113253247
 40
0.0023301856579577
 40
0.0023301856579577
 40
0.0023301856579577
 40
0.0026199014251698
 40
0.0026199014251698
 40
0.0026199014251698
 40
0.0029150658945082
 40
0.0029150658945082
 40
0.0029150658945082
 40
0.0031996513604024
 40
0.0031996513604024
 40
0.0031996513604024
 40
0.0034972631885892
 40
0.0034972631885892
 40
0.0034972631885892
 40
0.0037815081252724
 40
0.0037815081252724
 40
0.0037815081252724
 40
0.0040772050454805
 40
0.0040772050454805
 40
0.0040772050454805
 40
0.0043657129299504
 40
0.0043657129299504
 40
0.0043657129299504
 40
0.0046558510448881
 40
0.0046558510448881
 40
0.0046558510448881
 40
0.00495068480104
 40
0.00495068480104
 40
0.00495068480104
 40
0.0052353580371768
 40
0.0052353580371768
 40
0.0052353580371768
 40
0.0054122315149093
 40
0.0054122315149093
 40
0.0054122315149093
 40
0.0054122315149093
 10
342.185010363276
 20
508.2382589210574
 42
1.0
 10
342.1205726775718
 20
508.1652329107444
 42
1.0
 10
342.0684746809553
 20
508.0796335245064
 42
1.0
 10
342.0321173286693
 20
507.9892833365934
 42
1.0
 10
341.9957999856591
 20
507.8990325741161
 42
1.0
 10
341.974086025445
 20
507.8014288021947
 42
1.0
 10
341.9693554046667
 20
507.7042600275903
 42
1.0
 10
341.9645695014765
 20
507.6059557309341
 42
1.0
 10
341.9777155917704
 20
507.5053935348727
 42
1.0
 10
342.0068740085385
 20
507.4113912671234
 42
1.0
 10
342.0349965045104
 20
507.3207286492878
 42
1.0
 10
342.0784368034584
 20
507.2335508170924
 42
1.0
 10
342.1339170205393
 20
507.1565278947566
 42
1.0
 10
342.1918277147107
 20
507.0761307525992
 42
1.0
 10
342.264912462156
 20
507.0047665410236
 42
1.0
 10
342.3470040634949
 20
506.9492839495546
 42
1.0
 10
342.4256124679929
 20
506.8961555183673
 42
1.0
 10
342.5141690786332
 20
506.8556498557146
 42
1.0
 10
342.6056301802956
 20
506.8304153883954
 42
1.0
 10
342.7005120871519
 20
506.8042371078561
 42
1.0
 10
342.8013238472648
 20
506.7938101194425
 42
1.0
 10
342.8994684502205
 20
506.8012609939789
 42
1.0
 10
342.9955258094571
 20
506.8085534105808
 42
1.0
 10
343.0915075178742
 20
506.8330039290343
 42
1.0
 10
343.1797897984719
 20
506.8715582353549
 42
1.0
 10
343.2683469059431
 20
506.9102325630363
 42
1.0
 10
343.3517083762636
 20
506.9641747136393
 42
1.0
 10
343.4228195330068
 20
507.0296061150604
 42
1.0
 10
343.4951592428678
 20
507.0961679432093
 42
1.0
 10
343.5563164787292
 20
507.1769074834278
 42
1.0
 10
343.6015461744165
 20
507.2641874079085
 42
1.0
 10
343.6452380776093
 20
507.3484998480682
 42
1.0
 10
343.6755849572949
 20
507.4410950382474
 42
1.0
 10
343.6902005205528
 20
507.5349244327938
 42
1.0
 10
343.705450479864
 20
507.6328265405519
 42
1.0
 10
343.7035102048257
 20
507.7349573066336
 42
1.0
 10
343.6840429515831
 20
507.8321087863633
 42
1.0
 10
343.6654059828624
 20
507.9251167246854
 42
1.0
 10
343.6308611895882
 20
508.0161341109724
 42
1.0
 10
343.5835221584969
 20
508.0983340460658
 42
1.0
 10
343.5343514605227
 20
508.1837145046174
 42
1.0
 10
343.4698480480268
 20
508.2620369617607
 42
1.0
 10
343.3946549179507
 20
508.3257046414036
 42
1.0
 10
343.3212182784545
 20
508.3878850617792
 42
1.0
 10
343.2358445775106
 20
508.4378536350356
 42
1.0
 10
343.1460430869926
 20
508.4724229422218
 42
1.0
 10
343.0557268561764
 20
508.5071903999664
 42
1.0
 10
342.9583503816455
 20
508.5274050733063
 42
1.0
 10
342.861631148057
 20
508.5307498484713
 42
1.0
 10
342.7634839540399
 20
508.534144005816
 42
1.0
 10
342.6633556218414
 20
508.5196023143848
 42
1.0
 10
342.5699456573475
 20
508.489287787657
 42
1.0
 10
342.4795889712966
 20
508.4599641476239
 42
1.0
 10
342.3929068590597
 20
508.4153687427664
 42
1.0
 10
342.3165777751922
 20
508.3588171951762
 42
1.0
 10
342.2687830458077
 20
508.3234065001121
 42
1.0
 10
342.2243667689435
 20
508.2828607911394
 42
1.0
 10
342.185010363276
 20
508.2382589210574
 42
1.0
 97
        0
 75
     0
 76
     1
 52
0.0
 41
1.0
 77
     0
 78
     2
 53
45.0
 43
0.0
 44
0.0
 45
-4.490128060534577
 46
4.490128060534577
 79
     0
 53
45.0
 43
4.49013
 44
0.0
 45
-4.490128060534577
 46
4.490128060534577
 79
     2
 49
3.175
 49
-1.5875
 98
        1
 10
0.0
 20
0.0
  0
HATCH
  5
179
330
1F
100
AcDbEntity
  8
0
  6
Continuous
 62
     7
370
    18
100
AcDbHatch
 10
0.0
 20
0.0
 30
0.0
210
0.0
220
0.0
230
1.0
  2
ANSI33
 70
     0
 71
     0
 91
        1
 92
        0
 93
        1
 72
     4
 94
        3
 73
     1
 74
     0
 95
       62
 96
       58
 40
0.0
 40
0.0
 40
0.0
 40
0.0
 40
0.0002921937366033
 40
0.0002921937366033
 40
0.0002921937366033
 40
0.0005839523327865
 40
0.0005839523327865
 40
0.0005839523327865
 40
0.0008795369702812
 40
0.0008795369702812
 40
0.0008795369702812
 40
0.0011640588972319
 40
0.0011640588972319
 40
0.0011640588972319
 40
0.0014617070550004
 40
0.0014617070550004
 40
0.0014617070550004
 40
0.0017460432924643
 40
0.0017460432924643
 40
0.0017460432924643
 40
0.0020414335616464
 40
0.0020414335616464
 40
0.0020414335616464
 40
0.0023302890700633
 40
0.0023302890700633
 40
0.0023302890700633
 40
0.0026199959198784
 40
0.0026199959198784
 40
0.0026199959198784
 40
0.0029151563554734
 40
0.0029151563554734
 40
0.0029151563554734
 40
0.0031997543891291
 40
0.0031997543891291
 40
0.0031997543891291
 40
0.0034973918826038
 40
0.0034973918826038
 40
0.0034973918826038
 40
0.003781666158489
 40
0.003781666158489
 40
0.003781666158489
 40
0.0040773900734913
 40
0.0040773900734913
 40
0.0040773900734913
 40
0.0043659068859544
 40
0.0043659068859544
 40
0.0043659068859544
 40
0.0046560462828191
 40
0.0046560462828191
 40
0.0046560462828191
 40
0.0049508631015992
 40
0.0049508631015992
 40
0.0049508631015992
 40
0.0052355231094304
 40
0.0052355231094304
 40
0.0052355231094304
 40
0.0054123701878322
 40
0.0054123701878322
 40
0.0054123701878322
 40
0.0054123701878322
 10
315.197510363276
 20
517.2366844753822
 42
1.0
 10
315.1330700560938
 20
517.1636516053071
 42
1.0
 10
315.0809710754025
 20
517.0780444810568
 42
1.0
 10
315.0446137784081
 20
516.9876868568274
 42
1.0
 10
315.0082965311229
 20
516.8974287668557
 42
1.0
 10
314.9865836325299
 20
516.7998177820575
 42
1.0
 10
314.9818546646144
 20
516.7026421569337
 42
1.0
 10
314.9770703126473
 20
516.6043284441926
 42
1.0
 10
314.9902195482953
 20
516.5037570144345
 42
1.0
 10
315.0193823708216
 20
516.4097463452581
 42
1.0
 10
315.0475093673969
 20
516.3190748141475
 42
1.0
 10
315.0909558579036
 20
516.2318885936699
 42
1.0
 10
315.1464440101045
 20
516.154859252146
 42
1.0
 10
315.2043611682573
 20
516.0744579344142
 42
1.0
 10
315.2774540351225
 20
516.0030910039845
 42
1.0
 10
315.359554169102
 20
515.9476082399757
 42
1.0
 10
315.4381667287071
 20
515.8944823572115
 42
1.0
 10
315.5267273450164
 20
515.853980026272
 42
1.0
 10
315.6181918805461
 20
515.8287504268408
 42
1.0
 10
315.7130739392344
 20
515.8025781370011
 42
1.0
 10
315.8138851793339
 20
515.7921578848645
 42
1.0
 10
315.9120277761348
 20
515.7996160689296
 42
1.0
 10
316.0080785375083
 20
515.8069152874264
 42
1.0
 10
316.1040523134359
 20
515.8313709329082
 42
1.0
 10
316.1923265692744
 20
515.8699284627469
 42
1.0
 10
316.280878618828
 20
515.9086073307876
 42
1.0
 10
316.3642341368011
 20
515.9625531563886
 42
1.0
 10
316.4353394603576
 20
516.0279867354974
 42
1.0
 10
316.507674529795
 20
516.0945519693173
 42
1.0
 10
316.5688266181442
 20
516.1752935396127
 42
1.0
 10
316.6140525739642
 20
516.2625741534061
 42
1.0
 10
316.657743342534
 20
516.3468920418566
 42
1.0
 10
316.6880885578033
 20
516.4394922175229
 42
1.0
 10
316.7027025937339
 20
516.5333262173565
 42
1.0
 10
316.7179515888129
 20
516.6312371714895
 42
1.0
 10
316.7160089222503
 20
516.7333766526626
 42
1.0
 10
316.6965382673422
 20
516.8305362141458
 42
1.0
 10
316.6778977402972
 20
516.923553395235
 42
1.0
 10
316.6433478535101
 20
517.0145796415364
 42
1.0
 10
316.5960021104834
 20
517.0967869760239
 42
1.0
 10
316.5468250717785
 20
517.1821740248163
 42
1.0
 10
316.4823134668111
 20
517.2605020351062
 42
1.0
 10
316.4071108134735
 20
517.3241722021254
 42
1.0
 10
316.3336691850955
 20
517.3863514010959
 42
1.0
 10
316.2482905306812
 20
517.4363179575587
 42
1.0
 10
316.1584843956823
 20
517.4708836006165
 42
1.0
 10
316.0681659217442
 20
517.50564643872
 42
1.0
 10
315.9707874987076
 20
517.5258555127994
 42
1.0
 10
315.8740675874981
 20
517.5291932400427
 42
1.0
 10
315.7759255784203
 20
517.5325800427528
 42
1.0
 10
315.6758039517245
 20
517.5180316274407
 42
1.0
 10
315.5824012462579
 20
517.4877123433141
 42
1.0
 10
315.492050596026
 20
517.4583837813444
 42
1.0
 10
315.4053754328026
 20
517.4137846149252
 42
1.0
 10
315.3290531714116
 20
517.3572309504931
 42
1.0
 10
315.2812675832494
 20
517.3218225379493
 42
1.0
 10
315.2368598321427
 20
517.2812808588093
 42
1.0
 10
315.197510363276
 20
517.2366844753822
 42
1.0
 97
        0
 75
     0
 76
     1
 52
0.0
 41
1.0
 77
     0
 78
     2
 53
45.0
 43
0.0
 44
0.0
 45
-4.490128060534577
 46
4.490128060534577
 79
     0
 53
45.0
 43
4.49013
 44
0.0
 45
-4.490128060534577
 46
4.490128060534577
 79
     2
 49
3.175
 49
-1.5875
 98
        1
 10
0.0
 20
0.0
  0
HATCH
  5
17A
330
1F
100
AcDbEntity
  8
0
  6
Continuous
 62
     7
370
    18
100
AcDbHatch
 10
0.0
 20
0.0
 30
0.0
210
0.0
220
0.0
230
1.0
  2
ANSI33
 70
     0
 71
     0
 91
        1
 92
        0
 93
        1
 72
     4
 94
        3
 73
     1
 74
     0
 95
       62
 96
       58
 40
0.0
 40
0.0
 40
0.0
 40
0.0
 40
0.0002921196435363
 40
0.0002921196435363
 40
0.0002921196435363
 40
0.0005838079232684
 40
0.0005838079232684
 40
0.0005838079232684
 40
0.000879266066763
 40
0.000879266066763
 40
0.000879266066763
 40
0.0011636378776689
 40
0.0011636378776689
 40
0.0011636378776689
 40
0.0014611769433746
 40
0.0014611769433746
 40
0.0014611769433746
 40
0.001745499568319
 40
0.001745499568319
 40
0.001745499568319
 40
0.002040949083866
 40
0.002040949083866
 40
0.002040949083866
 40
0.0023299639925258
 40
0.0023299639925258
 40
0.0023299639925258
 40
0.0026197768633563
 40
0.0026197768633563
 40
0.0026197768633563
 40
0.0029150200241053
 40
0.0029150200241053
 40
0.0029150200241053
 40
0.0031995942992416
 40
0.0031995942992416
 40
0.0031995942992416
 40
0.003497122848152
 40
0.003497122848152
 40
0.003497122848152
 40
0.0037812542010239
 40
0.0037812542010239
 40
0.0037812542010239
 40
0.0040768435065229
 40
0.0040768435065229
 40
0.0040768435065229
 40
0.0043653297525967
 40
0.0043653297525967
 40
0.0043653297525967
 40
0.0046554899473397
 40
0.0046554899473397
 40
0.0046554899473397
 40
0.0049504479627362
 40
0.0049504479627362
 40
0.0049504479627362
 40
0.0052352359875778
 40
0.0052352359875778
 40
0.0052352359875778
 40
0.005412289246846
 40
0.005412289246846
 40
0.005412289246846
 40
0.005412289246846
 10
315.197510363276
 20
669.0886817384296
 42
1.0
 10
315.2619356864987
 20
669.0156685846005
 42
1.0
 10
315.3403678373237
 20
668.9533298188898
 42
1.0
 10
315.4254733410666
 20
668.9060160139584
 42
1.0
 10
315.5104857678766
 20
668.8587539544918
 42
1.0
 10
315.6046117959515
 20
668.8250651287548
 42
1.0
 10
315.7004197491008
 20
668.8082826649761
 42
1.0
 10
315.7973319720745
 20
668.7913067687347
 42
1.0
 10
315.8987149736299
 20
668.791837925489
 42
1.0
 10
315.9955821137069
 20
668.8090692106464
 42
1.0
 10
316.0889999185696
 20
668.8256869081762
 42
1.0
 10
316.180865753323
 20
668.8579299549485
 42
1.0
 10
316.2641597627797
 20
668.9033737897911
 42
1.0
 10
316.3511142954903
 20
668.9508147456182
 42
1.0
 10
316.4309978947713
 20
669.0144271467202
 42
1.0
 10
316.496254342406
 20
669.0889478223132
 42
1.0
 10
316.5587583038547
 20
669.1603252509542
 42
1.0
 10
316.6099773367328
 20
669.2431438719086
 42
1.0
 10
316.6464123473755
 20
669.3307450848893
 42
1.0
 10
316.6842181365995
 20
669.4216420802593
 42
1.0
 10
316.7071348442334
 20
669.520384688038
 42
1.0
 10
316.7119837090684
 20
669.6187108288958
 42
1.0
 10
316.7167308124264
 20
669.7149734324776
 42
1.0
 10
316.7044335099554
 20
669.8133024095239
 42
1.0
 10
316.677173191944
 20
669.9057464407024
 42
1.0
 10
316.6498320768502
 20
669.9984644675106
 42
1.0
 10
316.6066892162085
 20
670.0879301946993
 42
1.0
 10
316.5506132433021
 20
670.1666680784173
 42
1.0
 10
316.493572650959
 20
670.2467604119845
 42
1.0
 10
316.4210641024249
 20
670.3175217516908
 42
1.0
 10
316.3400757948078
 20
670.3732828949754
 42
1.0
 10
316.2618645523909
 20
670.4271320050902
 42
1.0
 10
316.1737713873701
 20
670.4687702215284
 42
1.0
 10
316.0824948090579
 20
670.4949486735867
 42
1.0
 10
315.987278848864
 20
670.5222569545853
 42
1.0
 10
315.8857286131253
 20
670.5330384718866
 42
1.0
 10
315.78693794445
 20
670.5258117804283
 42
1.0
 10
315.6923716212048
 20
670.5188941064251
 42
1.0
 10
315.5978015880178
 20
670.4959503141778
 42
1.0
 10
315.5103848449626
 20
670.4592221677592
 42
1.0
 10
315.4195820431862
 20
670.4210713686982
 42
1.0
 10
315.3338728551263
 20
670.3668374470385
 42
1.0
 10
315.2613628330307
 20
670.3001821473607
 42
1.0
 10
315.1905266783496
 20
670.2350655609657
 42
1.0
 10
315.1303204923181
 20
670.156585785744
 42
1.0
 10
315.0848359731719
 20
670.071797289167
 42
1.0
 10
315.0390837366124
 20
669.9865097358249
 42
1.0
 10
315.0068897685805
 20
669.8924059950486
 42
1.0
 10
314.9915091858531
 20
669.7968514473797
 42
1.0
 10
314.975896297013
 20
669.6998536575458
 42
1.0
 10
314.9778378256231
 20
669.5986517360562
 42
1.0
 10
314.9962759872141
 20
669.5021511260701
 42
1.0
 10
315.0141111343009
 20
669.4088065393785
 42
1.0
 10
315.04756396931
 20
669.3172040553438
 42
1.0
 10
315.0941775696602
 20
669.2343881353851
 42
1.0
 10
315.1233831664537
 20
669.1825000952371
 42
1.0
 10
315.1581149397072
 20
669.1333285322261
 42
1.0
 10
315.197510363276
 20
669.0886817384296
 42
1.0
 97
        0
 75
     0
 76
     1
 52
0.0
 41
1.0
 77
     0
 78
     2
 53
45.0
 43
0.0
 44
0.0
 45
-4.490128060534577
 46
4.490128060534577
 79
     0
 53
45.0
 43
4.49013
 44
0.0
 45
-4.490128060534577
 46
4.490128060534577
 79
     2
 49
3.175
 49
-1.5875
 98
        1
 10
0.0
 20
0.0
  0
HATCH
  5
17B
330
1F
100
AcDbEntity
  8
0
  6
Continuous
 62
     7
370
    18
100
AcDbHatch
 10
0.0
 20
0.0
 30
0.0
210
0.0
220
0.0
230
1.0
  2
ANSI33
 70
     0
 71
     0
 91
        1
 92
        0
 93
        1
 72
     4
 94
        3
 73
     1
 74
     0
 95
       62
 96
       58
 40
0.0
 40
0.0
 40
0.0
 40
0.0
 40
0.0002922109637408
 40
0.0002922109637408
 40
0.0002922109637408
 40
0.0005839863451586
 40
0.0005839863451586
 40
0.0005839863451586
 40
0.0008795942704802
 40
0.0008795942704802
 40
0.0008795942704802
 40
0.0011641406767708
 40
0.0011641406767708
 40
0.0011641406767708
 40
0.001461806635242
 40
0.001461806635242
 40
0.001461806635242
 40
0.001746147728687
 40
0.001746147728687
 40
0.001746147728687
 40
0.0020415345649178
 40
0.0020415345649178
 40
0.0020415345649178
 40
0.0023303747778953
 40
0.0023303747778953
 40
0.0023303747778953
 40
0.0026200744996753
 40
0.0026200744996753
 40
0.0026200744996753
 40
0.0029152315479394
 40
0.0029152315479394
 40
0.0029152315479394
 40
0.0031998397451113
 40
0.0031998397451113
 40
0.0031998397451113
 40
0.0034974981909568
 40
0.0034974981909568
 40
0.0034974981909568
 40
0.0037817966829555
 40
0.0037817966829555
 40
0.0037817966829555
 40
0.0040775431511329
 40
0.0040775431511329
 40
0.0040775431511329
 40
0.0043660675584569
 40
0.0043660675584569
 40
0.0043660675584569
 40
0.0046562080723794
 40
0.0046562080723794
 40
0.0046562080723794
 40
0.0049510106442033
 40
0.0049510106442033
 40
0.0049510106442033
 40
0.0052356594896558
 40
0.0052356594896558
 40
0.0052356594896558
 40
0.0054124847233167
 40
0.0054124847233167
 40
0.0054124847233167
 40
0.0054124847233167
 10
315.197510363276
 20
526.2377606964336
 42
1.0
 10
315.1330678735129
 20
526.164722094046
 42
1.0
 10
315.0809680727179
 20
526.0791085112548
 42
1.0
 10
315.0446108173766
 20
525.9887446804947
 42
1.0
 10
315.0082936448676
 20
525.8984804732687
 42
1.0
 10
314.9865816245797
 20
525.8008634646527
 42
1.0
 10
314.9818540432375
 20
525.7036821181925
 42
1.0
 10
314.9770709946813
 20
525.6053605737842
 42
1.0
 10
314.9902228714067
 20
525.5047814623872
 42
1.0
 10
315.0193894013421
 20
525.4107638194693
 42
1.0
 10
315.0475201572069
 20
525.3200849706052
 42
1.0
 10
315.0909718050592
 20
525.2328918739983
 42
1.0
 10
315.1464665530787
 20
525.1558572973519
 42
1.0
 10
315.2043890567218
 20
525.075452651765
 42
1.0
 10
315.277488616326
 20
525.0040836036968
 42
1.0
 10
315.3595957564238
 20
524.9486008045138
 42
1.0
 10
315.4382117291532
 20
524.8954771148769
 42
1.0
 10
315.5267756117962
 20
524.8549776154802
 42
1.0
 10
315.6182429295674
 20
524.829752085782
 42
1.0
 10
315.7131251462281
 20
524.8035847701493
 42
1.0
 10
315.8139359810139
 20
524.7931701066092
 42
1.0
 10
315.9120769440373
 20
524.8006343428528
 42
1.0
 10
316.0081223371163
 20
524.8079391978489
 42
1.0
 10
316.1040896416372
 20
524.8323991077358
 42
1.0
 10
316.1923573388173
 20
524.8709593472673
 42
1.0
 10
316.2809052739367
 20
524.9096420103173
 42
1.0
 10
316.364255932892
 20
524.9635909362055
 42
1.0
 10
316.4353564613481
 20
525.029026401267
 42
1.0
 10
316.507687649423
 20
525.0955944709127
 42
1.0
 10
316.5688354259585
 20
525.1763377417225
 42
1.0
 10
316.6140582220285
 20
525.2636189388975
 42
1.0
 10
316.6577479603934
 20
525.3479412939959
 42
1.0
 10
316.6880917100727
 20
525.4405455391753
 42
1.0
 10
316.7027044059357
 20
525.5343832817279
 42
1.0
 10
316.7179525217604
 20
525.6323014742771
 42
1.0
 10
316.7160078098661
 20
525.734448064781
 42
1.0
 10
316.6965343183967
 20
525.8316142142278
 42
1.0
 10
316.6778908123754
 20
525.9246390164375
 42
1.0
 10
316.6433366931886
 20
526.015672560887
 42
1.0
 10
316.595985396922
 20
526.0978859958279
 42
1.0
 10
316.546803066971
 20
526.1832785532123
 42
1.0
 10
316.4822846305011
 20
526.2616112092837
 42
1.0
 10
316.4070740355537
 20
526.3252834704632
 42
1.0
 10
316.3336282207474
 20
526.3874616929088
 42
1.0
 10
316.2482453990082
 20
526.437426604909
 42
1.0
 10
316.1584353481283
 20
526.4719892121601
 42
1.0
 10
316.0681149926621
 20
526.5067482056378
 42
1.0
 10
315.9707349281163
 20
526.5269526112535
 42
1.0
 10
315.8740144384812
 20
526.5302844461647
 42
1.0
 10
315.7758767951785
 20
526.5336650992951
 42
1.0
 10
315.6757608062206
 20
526.5191110646358
 42
1.0
 10
315.5823641994315
 20
526.4887878113657
 42
1.0
 10
315.4920186295246
 20
526.4594551440204
 42
1.0
 10
315.4053493096509
 20
526.4148528516594
 42
1.0
 10
315.3290327729978
 20
526.3582974486578
 42
1.0
 10
315.2812547628395
 20
526.3228909071976
 42
1.0
 10
315.2368540797863
 20
526.2823525499948
 42
1.0
 10
315.197510363276
 20
526.2377606964336
 42
1.0
 97
        0
 75
     0
 76
     1
 52
0.0
 41
1.0
 77
     0
 78
     2
 53
45.0
 43
0.0
 44
0.0
 45
-4.490128060534577
 46
4.490128060534577
 79
     0
 53
45.0
 43
4.49013
 44
0.0
 45
-4.490128060534577
 46
4.490128060534577
 79
     2
 49
3.175
 49
-1.5875
 98
        1
 10
0.0
 20
0.0
  0
HATCH
  5
17C
330
1F
100
AcDbEntity
  8
0
  6
Continuous
 62
     7
370
    18
100
AcDbHatch
 10
0.0
 20
0.0
 30
0.0
210
0.0
220
0.0
230
1.0
  2
ANSI33
 70
     0
 71
     0
 91
        1
 92
        0
 93
        1
 72
     4
 94
        3
 73
     1
 74
     0
 95
       62
 96
       58
 40
0.0
 40
0.0
 40
0.0
 40
0.0
 40
0.0002921193705469
 40
0.0002921193705469
 40
0.0002921193705469
 40
0.0005838080657125
 40
0.0005838080657125
 40
0.0005838080657125
 40
0.0008792561716167
 40
0.0008792561716167
 40
0.0008792561716167
 40
0.0011636114976175
 40
0.0011636114976175
 40
0.0011636114976175
 40
0.0014611389864203
 40
0.0014611389864203
 40
0.0014611389864203
 40
0.0017454646641196
 40
0.0017454646641196
 40
0.0017454646641196
 40
0.0020409305629698
 40
0.0020409305629698
 40
0.0020409305629698
 40
0.0023299796990457
 40
0.0023299796990457
 40
0.0023299796990457
 40
0.0026198200013417
 40
0.0026198200013417
 40
0.0026198200013417
 40
0.0029150883838096
 40
0.0029150883838096
 40
0.0029150883838096
 40
0.0031996703559194
 40
0.0031996703559194
 40
0.0031996703559194
 40
0.0034971923808629
 40
0.0034971923808629
 40
0.0034971923808629
 40
0.0037813095054019
 40
0.0037813095054019
 40
0.0037813095054019
 40
0.0040768845422817
 40
0.0040768845422817
 40
0.0040768845422817
 40
0.004365371193025
 40
0.004365371193025
 40
0.004365371193025
 40
0.0046555406977554
 40
0.0046555406977554
 40
0.0046555406977554
 40
0.0049505286160904
 40
0.0049505286160904
 40
0.0049505286160904
 40
0.0052353466028504
 40
0.0052353466028504
 40
0.0052353466028504
 40
0.0054124414841195
 40
0.0054124414841195
 40
0.0054124414841195
 40
0.0054124414841195
 10
315.197510363276
 20
660.0894992230634
 42
1.0
 10
315.2619335900634
 20
660.0164843407892
 42
1.0
 10
315.3403634647557
 20
659.9541429658955
 42
1.0
 10
315.4254673892044
 20
659.9068265075895
 42
1.0
 10
315.5104783627755
 20
659.8595617285257
 42
1.0
 10
315.6046036660454
 20
659.8258701417594
 42
1.0
 10
315.7004113398514
 20
659.8090857857298
 42
1.0
 10
315.7973199000501
 20
659.7921085676004
 42
1.0
 10
315.8986995637096
 20
659.7926380449642
 42
1.0
 10
315.9955635777462
 20
659.8098676056054
 42
1.0
 10
316.0889762296285
 20
659.8264832596878
 42
1.0
 10
316.1808370779063
 20
659.8587233637037
 42
1.0
 10
316.2641271682742
 20
659.9041630417262
 42
1.0
 10
316.3510793267266
 20
659.9516005948132
 42
1.0
 10
316.4309613237669
 20
660.0152083656953
 42
1.0
 10
316.4962180416162
 20
660.0897238679615
 42
1.0
 10
316.5587253183105
 20
660.1610998315659
 42
1.0
 10
316.6099480194937
 20
660.2439172142616
 42
1.0
 10
316.6463879807009
 20
660.3315175398741
 42
1.0
 10
316.6842005997694
 20
660.4224176844662
 42
1.0
 10
316.7071243568716
 20
660.5211641401962
 42
1.0
 10
316.7119806299372
 20
660.6194954529079
 42
1.0
 10
316.7167352724207
 20
660.7157689182962
 42
1.0
 10
316.7044432051001
 20
660.8141103055923
 42
1.0
 10
316.6771856869015
 20
660.9065668600635
 42
1.0
 10
316.6498480176598
 20
660.9992952840875
 42
1.0
 10
316.606706944414
 20
661.0887722088902
 42
1.0
 10
316.550630525921
 20
661.167520822024
 42
1.0
 10
316.4935900639813
 20
661.2476232499423
 42
1.0
 10
316.4210792224212
 20
661.3183947633667
 42
1.0
 10
316.3400864285181
 20
661.3741637564764
 42
1.0
 10
316.2618753406015
 20
661.4280173576789
 42
1.0
 10
316.173781151846
 20
661.469659793253
 42
1.0
 10
316.0825028714087
 20
661.4958410872617
 42
1.0
 10
315.9872897299659
 20
661.5231510150745
 42
1.0
 10
315.8857418631197
 20
661.5339344228734
 42
1.0
 10
315.7869533420588
 20
661.5267092884707
 42
1.0
 10
315.6923916455176
 20
661.5197932929733
 42
1.0
 10
315.597826072484
 20
661.4968518214876
 42
1.0
 10
315.5104131295583
 20
661.4601268591924
 42
1.0
 10
315.4196140245428
 20
661.4219792623204
 42
1.0
 10
315.3339080898076
 20
661.3677497023461
 42
1.0
 10
315.2613993107242
 20
661.3010999193414
 42
1.0
 10
315.1905609351288
 20
661.2359855646174
 42
1.0
 10
315.1303521935084
 20
661.1575078115152
 42
1.0
 10
315.0848638971153
 20
661.072721199722
 42
1.0
 10
315.0391064396129
 20
660.9874328927609
 42
1.0
 10
315.0069068102935
 20
660.8933280749591
 42
1.0
 10
314.9915193579173
 20
660.7977714606891
 42
1.0
 10
314.9758984433218
 20
660.7007650379198
 42
1.0
 10
314.9778330329502
 20
660.5995529065856
 42
1.0
 10
314.9962664880185
 20
660.5030414214374
 42
1.0
 10
315.0140971480948
 20
660.4096859718622
 42
1.0
 10
315.0475473066143
 20
660.3180717109157
 42
1.0
 10
315.0941604301856
 20
660.2352442449694
 42
1.0
 10
315.1233694798431
 20
660.1833423044757
 42
1.0
 10
315.1581070499029
 20
660.1341574687088
 42
1.0
 10
315.197510363276
 20
660.0894992230634
 42
1.0
 97
        0
 75
     0
 76
     1
 52
0.0
 41
1.0
 77
     0
 78
     2
 53
45.0
 43
0.0
 44
0.0
 45
-4.490128060534577
 46
4.490128060534577
 79
     0
 53
45.0
 43
4.49013
 44
0.0
 45
-4.490128060534577
 46
4.490128060534577
 79
     2
 49
3.175
 49
-1.5875
 98
        1
 10
0.0
 20
0.0
  0
HATCH
  5
17D
330
1F
100
AcDbEntity
  8
0
  6
Continuous
 62
     7
370
    18
100
AcDbHatch
 10
0.0
 20
0.0
 30
0.0
210
0.0
220
0.0
230
1.0
  2
ANSI33
 70
     0
 71
     0
 91
        1
 92
        0
 93
        1
 72
     4
 94
        3
 73
     1
 74
     0
 95
       62
 96
       58
 40
0.0
 40
0.0
 40
0.0
 40
0.0
 40
0.0002922445139933
 40
0.0002922445139933
 40
0.0002922445139933
 40
0.00058405258275
 40
0.00058405258275
 40
0.00058405258275
 40
0.0008797058167277
 40
0.0008797058167277
 40
0.0008797058167277
 40
0.0011642999530876
 40
0.0011642999530876
 40
0.0011642999530876
 40
0.0014620006949924
 40
0.0014620006949924
 40
0.0014620006949924
 40
0.0017463513160797
 40
0.0017463513160797
 40
0.0017463513160797
 40
0.0020417314273205
 40
0.0020417314273205
 40
0.0020417314273205
 40
0.0023305417376124
 40
0.0023305417376124
 40
0.0023305417376124
 40
0.0026202274914708
 40
0.0026202274914708
 40
0.0026202274914708
 40
0.0029153779644325
 40
0.0029153779644325
 40
0.0029153779644325
 40
0.0032000060568139
 40
0.0032000060568139
 40
0.0032000060568139
 40
0.0034977054211082
 40
0.0034977054211082
 40
0.0034977054211082
 40
0.0037820511004398
 40
0.0037820511004398
 40
0.0037820511004398
 40
0.0040778414168606
 40
0.0040778414168606
 40
0.0040778414168606
 40
0.0043663805263805
 40
0.0043663805263805
 40
0.0043663805263805
 40
0.0046565231898132
 40
0.0046565231898132
 40
0.0046565231898132
 40
0.0049512980831248
 40
0.0049512980831248
 40
0.0049512980831248
 40
0.005235925277699
 40
0.005235925277699
 40
0.005235925277699
 40
0.0054127078601429
 40
0.0054127078601429
 40
0.0054127078601429
 40
0.0054127078601429
 10
315.197510363276
 20
535.2379374870983
 42
1.0
 10
315.1330636162013
 20
535.164887726978
 42
1.0
 10
315.0809622114599
 20
535.0792615684219
 42
1.0
 10
315.0446050381578
 20
534.9888856501051
 42
1.0
 10
315.0082880122697
 20
534.8986095294096
 42
1.0
 10
314.9865777075881
 20
534.8009807878202
 42
1.0
 10
314.9818528316337
 20
534.7037882989931
 42
1.0
 10
314.9770723273971
 20
534.6054515153218
 42
1.0
 10
314.9902293474456
 20
534.5048574597056
 42
1.0
 10
315.0194030871925
 20
534.4108262459903
 42
1.0
 10
315.0475411639255
 20
534.320133125061
 42
1.0
 10
315.0910028558994
 20
534.23292661567
 42
1.0
 10
315.1465104510584
 20
534.1558818207399
 42
1.0
 10
315.2044433772878
 20
534.0754706552364
 42
1.0
 10
315.2775559913767
 20
534.0040974454047
 42
1.0
 10
315.3596768038685
 20
533.9486145504293
 42
1.0
 10
315.4382994385263
 20
533.8954951127491
 42
1.0
 10
315.5268697038167
 20
533.8550011131207
 42
1.0
 10
315.618342463228
 20
533.8297835076496
 42
1.0
 10
315.7132249756293
 20
533.8036258867444
 42
1.0
 10
315.8140350095707
 20
533.7932221169814
 42
1.0
 10
315.9121727759776
 20
533.8006981517376
 42
1.0
 10
316.0082076754533
 20
533.8080139922399
 42
1.0
 10
316.1041623356616
 20
533.8324822085955
 42
1.0
 10
316.1924172221126
 20
533.8710477172408
 42
1.0
 10
316.2809571154567
 20
533.9097377678379
 42
1.0
 10
316.364298282443
 20
533.9636927201558
 42
1.0
 10
316.435389454476
 20
534.0291318368031
 42
1.0
 10
316.5077130915025
 20
534.095705432151
 42
1.0
 10
316.5688524810818
 20
534.1764520151828
 42
1.0
 10
316.6140691382844
 20
534.2637343500604
 42
1.0
 10
316.6577568959879
 20
534.3480654292208
 42
1.0
 10
316.6880978143538
 20
534.4406776293064
 42
1.0
 10
316.7027079168574
 20
534.5345226930569
 42
1.0
 10
316.7179543373628
 20
534.6324550178945
 42
1.0
 10
316.716005651468
 20
534.7346154947008
 42
1.0
 10
316.6965266292532
 20
534.8317945113652
 42
1.0
 10
316.6778773206224
 20
534.9248341647034
 42
1.0
 10
316.6433149521154
 20
535.0158819314958
 42
1.0
 10
316.5959528278817
 20
535.098107249943
 42
1.0
 10
316.5467601963217
 20
535.1835105096305
 42
1.0
 10
316.4822284607329
 20
535.2618521863614
 42
1.0
 10
316.407002409994
 20
535.3255285010733
 42
1.0
 10
316.3335484567531
 20
535.3877047950228
 42
1.0
 10
316.2481575404472
 20
535.4376664806164
 42
1.0
 10
316.1583398887685
 20
535.4722231619227
 42
1.0
 10
316.0680158750832
 20
535.5069746622892
 42
1.0
 10
315.9706326230813
 20
535.527169973849
 42
1.0
 10
315.8739110153822
 20
535.5304903397989
 42
1.0
 10
315.7757818524662
 20
535.5338590258556
 42
1.0
 10
315.6756768190805
 20
535.5192940558752
 42
1.0
 10
315.5822920648546
 20
535.4889630760275
 42
1.0
 10
315.4919563585177
 20
535.4596224142554
 42
1.0
 10
315.405298387199
 20
535.4150140279085
 42
1.0
 10
315.3289929750376
 20
535.3584552235761
 42
1.0
 10
315.2812297503283
 20
535.323052349729
 42
1.0
 10
315.2368428586074
 20
535.2825204874715
 42
1.0
 10
315.197510363276
 20
535.2379374870983
 42
1.0
 97
        0
 75
     0
 76
     1
 52
0.0
 41
1.0
 77
     0
 78
     2
 53
45.0
 43
0.0
 44
0.0
 45
-4.490128060534577
 46
4.490128060534577
 79
     0
 53
45.0
 43
4.49013
 44
0.0
 45
-4.490128060534577
 46
4.490128060534577
 79
     2
 49
3.175
 49
-1.5875
 98
        1
 10
0.0
 20
0.0
  0
HATCH
  5
17E
330
1F
100
AcDbEntity
  8
0
  6
Continuous
 62
     7
370
    18
100
AcDbHatch
 10
0.0
 20
0.0
 30
0.0
210
0.0
220
0.0
230
1.0
  2
ANSI33
 70
     0
 71
     0
 91
        1
 92
        0
 93
        1
 72
     4
 94
        3
 73
     1
 74
     0
 95
       62
 96
       58
 40
0.0
 40
0.0
 40
0.0
 40
0.0
 40
0.0002921190083507
 40
0.0002921190083507
 40
0.0002921190083507
 40
0.000583808268528
 40
0.000583808268528
 40
0.000583808268528
 40
0.0008792429048269
 40
0.0008792429048269
 40
0.0008792429048269
 40
0.0011635760600722
 40
0.0011635760600722
 40
0.0011635760600722
 40
0.0014610880022102
 40
0.0014610880022102
 40
0.0014610880022102
 40
0.001745417831693
 40
0.001745417831693
 40
0.001745417831693
 40
0.002040905739814
 40
0.002040905739814
 40
0.002040905739814
 40
0.0023300006680708
 40
0.0023300006680708
 40
0.0023300006680708
 40
0.0026198774605766
 40
0.0026198774605766
 40
0.0026198774605766
 40
0.0029151793000296
 40
0.0029151793000296
 40
0.0029151793000296
 40
0.0031997714015806
 40
0.0031997714015806
 40
0.0031997714015806
 40
0.0034972847741236
 40
0.0034972847741236
 40
0.0034972847741236
 40
0.0037813831138581
 40
0.0037813831138581
 40
0.0037813831138581
 40
0.0040769392662498
 40
0.0040769392662498
 40
0.0040769392662498
 40
0.0043654264479138
 40
0.0043654264479138
 40
0.0043654264479138
 40
0.0046556081875699
 40
0.0046556081875699
 40
0.0046556081875699
 40
0.0049506358029624
 40
0.0049506358029624
 40
0.0049506358029624
 40
0.005235493730558
 40
0.005235493730558
 40
0.005235493730558
 40
0.0054126444708707
 40
0.0054126444708707
 40
0.0054126444708707
 40
0.0054126444708707
 10
315.197510363276
 20
651.0901422263985
 42
1.0
 10
315.2619307793297
 20
651.0171250252293
 42
1.0
 10
315.3403575966026
 20
650.9547801450982
 42
1.0
 10
315.4254594006231
 20
650.9074601216034
 42
1.0
 10
315.5104684236073
 20
650.8601916880938
 42
1.0
 10
315.604592754302
 20
650.8264963894899
 42
1.0
 10
315.7004000547616
 20
650.8097094906154
 42
1.0
 10
315.7973036986203
 20
650.7927304956722
 42
1.0
 10
315.8986788834275
 20
650.7932577191867
 42
1.0
 10
315.9955387014957
 20
650.8104849681307
 42
1.0
 10
316.0889444219508
 20
650.8270978797714
 42
1.0
 10
316.1807985615292
 20
650.8593340312423
 42
1.0
 10
316.2640833792902
 20
650.9047681217189
 42
1.0
 10
316.3510323495144
 20
650.9522011051392
 42
1.0
 10
316.4309121958687
 20
651.0158026553569
 42
1.0
 10
316.4961692810374
 20
651.0903112063726
 42
1.0
 10
316.5586810253873
 20
651.1616852109108
 42
1.0
 10
316.6099086677688
 20
651.2445009425365
 42
1.0
 10
316.6463552837031
 20
651.3321000914616
 42
1.0
 10
316.6841770758566
 20
651.4230044653938
 42
1.0
 10
316.7071102968473
 20
651.5217560937825
 42
1.0
 10
316.7119764974717
 20
651.6200943531385
 42
1.0
 10
316.7167412421306
 20
651.7163823470403
 42
1.0
 10
316.7044561863864
 20
651.8147403401701
 42
1.0
 10
316.6772024073542
 20
651.9072136449114
 42
1.0
 10
316.6498693604951
 20
651.999955908974
 42
1.0
 10
316.6067306979824
 20
652.0894477447623
 42
1.0
 10
316.5506537118971
 20
652.1682106460905
 42
1.0
 10
316.493613466524
 20
652.2483264927449
 42
1.0
 10
316.4210996189589
 20
652.3191115377615
 42
1.0
 10
316.340100899504
 20
652.3748909777374
 42
1.0
 10
316.2618900618175
 20
652.4287505542293
 42
1.0
 10
316.1737945595703
 20
652.470398612111
 42
1.0
 10
316.082514060891
 20
652.4965837161278
 42
1.0
 10
315.9873046722154
 20
652.5238958778921
 42
1.0
 10
315.8857599553681
 20
652.5346818536659
 42
1.0
 10
315.7869742781072
 20
652.5274588459596
 42
1.0
 10
315.6924186861049
 20
652.5205451334798
 42
1.0
 10
315.5978589864317
 20
652.497606789763
 42
1.0
 10
315.5104510373699
 20
652.4608860893343
 42
1.0
 10
315.4196568025283
 20
652.4227427861899
 42
1.0
 10
315.3339551408874
 20
652.3685190516596
 42
1.0
 10
315.2614479679669
 20
652.3018766137516
 42
1.0
 10
315.1906066162632
 20
652.2367652572873
 42
1.0
 10
315.1303944521687
 20
652.1582902136439
 42
1.0
 10
315.0849011144275
 20
652.0735061227248
 42
1.0
 10
315.0391367162628
 20
651.988216867473
 42
1.0
 10
315.0069295525014
 20
651.8941106738472
 42
1.0
 10
314.9915329403382
 20
651.7985513648571
 42
1.0
 10
314.9759013225171
 20
651.7015334896558
 42
1.0
 10
314.9778266414571
 20
651.6003078071113
 42
1.0
 10
314.9962537798912
 20
651.5037818719778
 42
1.0
 10
315.0140784271432
 20
651.4104119355344
 42
1.0
 10
315.047524980367
 20
651.318781964793
 42
1.0
 10
315.0941374243424
 20
651.2359390824931
 42
1.0
 10
315.1233511087539
 20
651.1840184876296
 42
1.0
 10
315.1580964609742
 20
651.1348158409065
 42
1.0
 10
315.197510363276
 20
651.0901422263985
 42
1.0
 97
        0
 75
     0
 76
     1
 52
0.0
 41
1.0
 77
     0
 78
     2
 53
45.0
 43
0.0
 44
0.0
 45
-4.490128060534577
 46
4.490128060534577
 79
     0
 53
45.0
 43
4.49013
 44
0.0
 45
-4.490128060534577
 46
4.490128060534577
 79
     2
 49
3.175
 49
-1.5875
 98
        1
 10
0.0
 20
0.0
  0
HATCH
  5
17F
330
1F
100
AcDbEntity
  8
0
  6
Continuous
 62
     7
370
    18
100
AcDbHatch
 10
0.0
 20
0.0
 30
0.0
210
0.0
220
0.0
230
1.0
  2
ANSI33
 70
     0
 71
     0
 91
        1
 92
        0
 93
        1
 72
     4
 94
        3
 73
     1
 74
     0
 95
       62
 96
       58
 40
0.0
 40
0.0
 40
0.0
 40
0.0
 40
0.0002923027620384
 40
0.0002923027620384
 40
0.0002923027620384
 40
0.0005841675917858
 40
0.0005841675917858
 40
0.0005841675917858
 40
0.0008798992718342
 40
0.0008798992718342
 40
0.0008798992718342
 40
0.0011645758325976
 40
0.0011645758325976
 40
0.0011645758325976
 40
0.0014623364354169
 40
0.0014623364354169
 40
0.0014623364354169
 40
0.0017467033385899
 40
0.0017467033385899
 40
0.0017467033385899
 40
0.002042071865303
 40
0.002042071865303
 40
0.002042071865303
 40
0.0023308306956163
 40
0.0023308306956163
 40
0.0023308306956163
 40
0.0026204925274017
 40
0.0026204925274017
 40
0.0026204925274017
 40
0.0029156316034371
 40
0.0029156316034371
 40
0.0029156316034371
 40
0.0032002939273828
 40
0.0032002939273828
 40
0.0032002939273828
 40
0.0034980638127587
 40
0.0034980638127587
 40
0.0034980638127587
 40
0.0037824910295144
 40
0.0037824910295144
 40
0.0037824910295144
 40
0.0040783573494763
 40
0.0040783573494763
 40
0.0040783573494763
 40
0.0043669220303783
 40
0.0043669220303783
 40
0.0043669220303783
 40
0.0046570684431821
 40
0.0046570684431821
 40
0.0046570684431821
 40
0.0049517952460284
 40
0.0049517952460284
 40
0.0049517952460284
 40
0.0052363848435494
 40
0.0052363848435494
 40
0.0052363848435494
 40
0.0054130934778693
 40
0.0054130934778693
 40
0.0054130934778693
 40
0.0054130934778693
 10
315.197510363276
 20
544.2367973154089
 42
1.0
 10
315.1330562214435
 20
544.1637281874844
 42
1.0
 10
315.0809520238139
 20
544.0780802016404
 42
1.0
 10
315.0445949871151
 20
543.9876833004905
 42
1.0
 10
315.0082782091434
 20
543.8973864972725
 42
1.0
 10
314.9865708797258
 20
543.799737380005
 42
1.0
 10
314.9818507203516
 20
543.7025255436419
 42
1.0
 10
314.9770746575693
 20
543.6041623747651
 42
1.0
 10
314.9902406299276
 20
543.5035424481713
 42
1.0
 10
315.0194269117395
 20
543.4094877581174
 42
1.0
 10
315.0475777001113
 20
543.3187700129744
 42
1.0
 10
315.0910568111054
 20
543.2315403747579
 42
1.0
 10
315.1465866678282
 20
543.1544779897563
 42
1.0
 10
315.2045376320266
 20
543.0740556768269
 42
1.0
 10
315.2776728146778
 20
543.0026754066638
 42
1.0
 10
315.3598172337625
 20
542.947192462603
 42
1.0
 10
315.4384513751477
 20
542.8940804713518
 42
1.0
 10
315.5270326409983
 20
542.8535960690448
 42
1.0
 10
315.6185147601924
 20
542.8283922266032
 42
1.0
 10
315.7133978092513
 20
542.8022514087043
 42
1.0
 10
315.8142064729889
 20
542.7918665159332
 42
1.0
 10
315.9123387226597
 20
542.7993629773458
 42
1.0
 10
316.0083555468717
 20
542.8066978384142
 42
1.0
 10
316.1042884110713
 20
542.8311804519136
 42
1.0
 10
316.1925212038189
 20
542.8697551198009
 42
1.0
 10
316.2810472485962
 20
542.9084579951186
 42
1.0
 10
316.3643720527257
 20
542.962423436296
 42
1.0
 10
316.4354470639431
 20
543.0278689551818
 42
1.0
 10
316.5077575981895
 20
543.0944521375635
 42
1.0
 10
316.5688824276754
 20
543.1752044809282
 42
1.0
 10
316.6140883996715
 20
543.2624888073271
 42
1.0
 10
316.657772640965
 20
543.3468349546874
 42
1.0
 10
316.6881085713236
 20
543.4394608796412
 42
1.0
 10
316.7027141027657
 20
543.5333185589391
 42
1.0
 10
316.7179574975194
 20
543.6312752585551
 42
1.0
 10
316.716001854345
 20
543.7334596633466
 42
1.0
 10
316.6965132223642
 20
543.8306608429012
 42
1.0
 10
316.6778538247073
 20
543.9237261470132
 42
1.0
 10
316.6432771526479
 20
544.0147984679675
 42
1.0
 10
316.5958962832303
 20
544.0970443016834
 42
1.0
 10
316.5466857770501
 20
544.1824661007793
 42
1.0
 10
316.4821309758704
 20
544.2608233993814
 42
1.0
 10
316.4068781275334
 20
544.3245067291973
 42
1.0
 10
316.3334100408759
 20
544.3866796900479
 42
1.0
 10
316.248005063847
 20
544.4366357887698
 42
1.0
 10
316.1581742065674
 20
544.4711821908755
 42
1.0
 10
316.0678438419243
 20
544.5059206893584
 42
1.0
 10
315.9704550536748
 20
544.5261002172647
 42
1.0
 10
315.8737315040226
 20
544.5294006711856
 42
1.0
 10
315.7756170807955
 20
544.5327485852563
 42
1.0
 10
315.6755310843118
 20
544.5181646395517
 42
1.0
 10
315.5821669203719
 20
544.4878202584312
 42
1.0
 10
315.4918483421248
 20
544.4584657261894
 42
1.0
 10
315.4052100757718
 20
544.4138467715369
 42
1.0
 10
315.3289239725939
 20
544.357282077587
 42
1.0
 10
315.2811863841711
 20
544.3218855641127
 42
1.0
 10
315.2368234037884
 20
544.2813649646653
 42
1.0
 10
315.197510363276
 20
544.2367973154089
 42
1.0
 97
        0
 75
     0
 76
     1
 52
0.0
 41
1.0
 77
     0
 78
     2
 53
45.0
 43
0.0
 44
0.0
 45
-4.490128060534577
 46
4.490128060534577
 79
     0
 53
45.0
 43
4.49013
 44
0.0
 45
-4.490128060534577
 46
4.490128060534577
 79
     2
 49
3.175
 49
-1.5875
 98
        1
 10
0.0
 20
0.0
  0
HATCH
  5
180
330
1F
100
AcDbEntity
  8
0
  6
Continuous
 62
     7
370
    18
100
AcDbHatch
 10
0.0
 20
0.0
 30
0.0
210
0.0
220
0.0
230
1.0
  2
ANSI33
 70
     0
 71
     0
 91
        1
 92
        0
 93
        1
 72
     4
 94
        3
 73
     1
 74
     0
 95
       62
 96
       58
 40
0.0
 40
0.0
 40
0.0
 40
0.0
 40
0.0002921185290085
 40
0.0002921185290085
 40
0.0002921185290085
 40
0.0005838086603636
 40
0.0005838086603636
 40
0.0005838086603636
 40
0.0008792237379274
 40
0.0008792237379274
 40
0.0008792237379274
 40
0.001163524637052
 40
0.001163524637052
 40
0.001163524637052
 40
0.0014610139890846
 40
0.0014610139890846
 40
0.0014610139890846
 40
0.001745349918929
 40
0.001745349918929
 40
0.001745349918929
 40
0.0020408698152907
 40
0.0020408698152907
 40
0.0020408698152907
 40
0.0023300310377799
 40
0.0023300310377799
 40
0.0023300310377799
 40
0.0026199603825758
 40
0.0026199603825758
 40
0.0026199603825758
 40
0.002915310274618
 40
0.002915310274618
 40
0.002915310274618
 40
0.0031999168220152
 40
0.0031999168220152
 40
0.0031999168220152
 40
0.0034974177727016
 40
0.0034974177727016
 40
0.0034974177727016
 40
0.0037814892538355
 40
0.0037814892538355
 40
0.0037814892538355
 40
0.0040770183452201
 40
0.0040770183452201
 40
0.0040770183452201
 40
0.0043655062749369
 40
0.0043655062749369
 40
0.0043655062749369
 40
0.0046557054323689
 40
0.0046557054323689
 40
0.0046557054323689
 40
0.0049507900932048
 40
0.0049507900932048
 40
0.0049507900932048
 40
0.0052357056551063
 40
0.0052357056551063
 40
0.0052357056551063
 40
0.0054129374330824
 40
0.0054129374330824
 40
0.0054129374330824
 40
0.0054129374330824
 10
315.197510363276
 20
642.0900619860167
 42
1.0
 10
315.2619267107337
 20
642.0170414085426
 42
1.0
 10
315.3403491025682
 20
641.9546914324476
 42
1.0
 10
315.4254478405039
 20
641.9073662239831
 42
1.0
 10
315.5104540444852
 20
641.8600924756083
 42
1.0
 10
315.6045769788626
 20
641.826391780239
 42
1.0
 10
315.7003837538502
 20
641.8096011915899
 42
1.0
 10
315.7972802589846
 20
641.7926196225992
 42
1.0
 10
315.8986489405303
 20
641.7931435837683
 42
1.0
 10
315.9955026626347
 20
641.8103674888755
 42
1.0
 10
316.0888982954315
 20
641.8269764274042
 42
1.0
 10
316.1807426683538
 20
641.8592068441242
 42
1.0
 10
316.2640198080219
 20
641.9046328176775
 42
1.0
 10
316.3509641408003
 20
641.9520591699409
 42
1.0
 10
316.4308408562357
 20
642.0156516864707
 42
1.0
 10
316.4960984728664
 20
642.0901501385549
 42
1.0
 10
316.5586167217421
 20
642.1615213134268
 42
1.0
 10
316.6098515551716
 20
642.2443346661181
 42
1.0
 10
316.6463078397359
 20
642.3319321281865
 42
1.0
 10
316.6841429526363
 20
642.4228426503844
 42
1.0
 10
316.7070899098453
 20
642.5216018031738
 42
1.0
 10
316.7119704960168
 20
642.6199501569631
 42
1.0
 10
316.7167498793544
 20
642.716259179459
 42
1.0
 10
316.7044749774102
 20
642.8146412148795
 42
1.0
 10
316.6772265962258
 20
642.9071387610202
 42
1.0
 10
316.6499002503019
 20
642.9999009668129
 42
1.0
 10
316.6067650963436
 20
643.0894142937033
 42
1.0
 10
316.5506873195353
 20
643.1681977878713
 42
1.0
 10
316.4936474376297
 20
643.2483329404972
 42
1.0
 10
316.4211293154046
 20
643.3191374626065
 42
1.0
 10
316.3401221157099
 20
643.3749319463102
 42
1.0
 10
316.2619116925415
 20
643.4288001234277
 42
1.0
 10
316.1738143585699
 20
643.470456284479
 42
1.0
 10
316.0825307232444
 20
643.4966469072262
 42
1.0
 10
315.987326739659
 20
643.5239623357719
 42
1.0
 10
315.8857865553653
 20
643.5347520712601
 42
1.0
 10
315.7870049555539
 20
643.527532191352
 42
1.0
 10
315.692458087387
 20
643.5206218250978
 42
1.0
 10
315.5979067671376
 20
643.4976880315556
 42
1.0
 10
315.5105059302579
 20
643.4609734955425
 42
1.0
 10
315.4197186473419
 20
643.4228364125676
 42
1.0
 10
315.3340230698439
 20
643.3686210891082
 42
1.0
 10
315.2615181524108
 20
643.3019892289726
 42
1.0
 10
315.1906724940267
 20
643.2368822242648
 42
1.0
 10
315.1304553795102
 20
643.1584111048766
 42
1.0
 10
315.0849547687728
 20
643.0736306602184
 42
1.0
 10
315.03918038979
 20
642.988340108263
 42
1.0
 10
315.006962380534
 20
642.8942320068021
 42
1.0
 10
314.9915525593397
 20
642.7986688892573
 42
1.0
 10
314.9759055022131
 20
642.701634566758
 42
1.0
 10
314.9778174263091
 20
642.6003894153465
 42
1.0
 10
314.9962354003994
 20
642.5038426993483
 42
1.0
 10
315.0140513372993
 20
642.4104518523596
 42
1.0
 10
315.0474926456872
 20
642.3187992017546
 42
1.0
 10
315.0941040567166
 20
642.2359340445972
 42
1.0
 10
315.123324463678
 20
642.183986387112
 42
1.0
 10
315.158081101641
 20
642.134757898896
 42
1.0
 10
315.197510363276
 20
642.0900619860167
 42
1.0
 97
        0
 75
     0
 76
     1
 52
0.0
 41
1.0
 77
     0
 78
     2
 53
45.0
 43
0.0
 44
0.0
 45
-4.490128060534577
 46
4.490128060534577
 79
     0
 53
45.0
 43
4.49013
 44
0.0
 45
-4.490128060534577
 46
4.490128060534577
 79
     2
 49
3.175
 49
-1.5875
 98
        1
 10
0.0
 20
0.0
  0
HATCH
  5
181
330
1F
100
AcDbEntity
  8
0
  6
Continuous
 62
     7
370
    18
100
AcDbHatch
 10
0.0
 20
0.0
 30
0.0
210
0.0
220
0.0
230
1.0
  2
ANSI33
 70
     0
 71
     0
 91
        1
 92
        0
 93
        1
 72
     4
 94
        3
 73
     1
 74
     0
 95
       62
 96
       58
 40
0.0
 40
0.0
 40
0.0
 40
0.0
 40
0.0002923901203216
 40
0.0002923901203216
 40
0.0002923901203216
 40
0.000584340122871
 40
0.000584340122871
 40
0.000584340122871
 40
0.0008801888901515
 40
0.0008801888901515
 40
0.0008801888901515
 40
0.0011649873857599
 40
0.0011649873857599
 40
0.0011649873857599
 40
0.0014628355724843
 40
0.0014628355724843
 40
0.0014628355724843
 40
0.0017472257712258
 40
0.0017472257712258
 40
0.0017472257712258
 40
0.0020425773658139
 40
0.0020425773658139
 40
0.0020425773658139
 40
0.0023312608540611
 40
0.0023312608540611
 40
0.0023312608540611
 40
0.0026208882144495
 40
0.0026208882144495
 40
0.0026208882144495
 40
0.0029160101840613
 40
0.0029160101840613
 40
0.0029160101840613
 40
0.0032007224490004
 40
0.0032007224490004
 40
0.0032007224490004
 40
0.0034985959513246
 40
0.0034985959513246
 40
0.0034985959513246
 40
0.0037831440686151
 40
0.0037831440686151
 40
0.0037831440686151
 40
0.004079124231657
 40
0.004079124231657
 40
0.004079124231657
 40
0.0043677277382394
 40
0.0043677277382394
 40
0.0043677277382394
 40
0.0046578799214718
 40
0.0046578799214718
 40
0.0046578799214718
 40
0.0049525342204601
 40
0.0049525342204601
 40
0.0049525342204601
 40
0.0052370670846041
 40
0.0052370670846041
 40
0.0052370670846041
 40
0.0054136655456532
 40
0.0054136655456532
 40
0.0054136655456532
 40
0.0054136655456532
 10
315.197510363276
 20
553.2390834056081
 42
1.0
 10
315.1330451440899
 20
553.1659852204207
 42
1.0
 10
315.0809367462335
 20
553.080304515478
 42
1.0
 10
315.0445798934838
 20
552.9898761547689
 42
1.0
 10
315.008263463221
 20
552.899548334644
 42
1.0
 10
314.9865605685755
 20
552.8018686443762
 42
1.0
 10
314.9818475327357
 20
552.7046277811102
 42
1.0
 10
314.9770781928745
 20
552.6062252352613
 42
1.0
 10
314.9902576708085
 20
552.5055666996432
 42
1.0
 10
315.0194628856756
 20
552.4114770452871
 42
1.0
 10
315.0476327474126
 20
552.3207229602325
 42
1.0
 10
315.0911379212284
 20
552.2334592399536
 42
1.0
 10
315.1467010178289
 20
552.1563710608301
 42
1.0
 10
315.2046788009648
 20
552.0759327482629
 42
1.0
 10
315.2778474378873
 20
552.0045425806827
 42
1.0
 10
315.3600267234692
 20
551.9490600565218
 42
1.0
 10
315.4386778711117
 20
551.8959595194647
 42
1.0
 10
315.527275288852
 20
551.8554897293519
 42
1.0
 10
315.6187710688396
 20
551.8303065542997
 42
1.0
 10
315.7136550429085
 20
551.8041908172792
 42
1.0
 10
315.8144617597765
 20
551.7938340813105
 42
1.0
 10
315.9125858983409
 20
551.8013609456132
 42
1.0
 10
316.0085762313906
 20
551.8087241308783
 42
1.0
 10
316.1044770767136
 20
551.833228251993
 42
1.0
 10
316.192677362129
 20
551.871816724221
 42
1.0
 10
316.2811831188368
 20
551.9105388430744
 42
1.0
 10
316.3644838757603
 20
551.9645201447072
 42
1.0
 10
316.4355349916387
 20
552.0299755523628
 42
1.0
 10
316.5078258690145
 20
552.0965730827452
 42
1.0
 10
316.5689288270144
 20
552.1773340978864
 42
1.0
 10
316.6141186286233
 20
552.2646214614354
 42
1.0
 10
316.6577972429578
 20
552.3489898576885
 42
1.0
 10
316.688125366263
 20
552.4416359749183
 42
1.0
 10
316.7027237514903
 20
552.5355121422094
 42
1.0
 10
316.7179622686531
 20
552.6335047327703
 42
1.0
 10
316.7159959615607
 20
552.7357242724456
 42
1.0
 10
316.6964929130928
 20
552.8329579667632
 42
1.0
 10
316.6778183358605
 20
552.9260612647986
 42
1.0
 10
316.6432202951366
 20
553.0171699173512
 42
1.0
 10
316.5958115363027
 20
553.0994461200207
 42
1.0
 10
316.5465742435374
 20
553.1848956778258
 42
1.0
 10
316.481984906451
 20
553.263276370433
 42
1.0
 10
316.4066919476587
 20
553.3269702342212
 42
1.0
 10
316.3332025964628
 20
553.3891383413061
 42
1.0
 10
316.2477764284548
 20
553.4390861940302
 42
1.0
 10
316.157925641165
 20
553.4736172568741
 42
1.0
 10
316.0675857307706
 20
553.5083362973771
 42
1.0
 10
315.9701885982049
 20
553.5284921746073
 42
1.0
 10
315.8734621044069
 20
553.5317627374086
 42
1.0
 10
315.7753699259733
 20
553.5350794773966
 42
1.0
 10
315.6753126267349
 20
553.5204670727474
 42
1.0
 10
315.5819794786482
 20
553.4901026247493
 42
1.0
 10
315.491686711008
 20
553.4607273159355
 42
1.0
 10
315.4050781195476
 20
553.4160925719784
 42
1.0
 10
315.3288210486875
 20
553.359519152426
 42
1.0
 10
315.2811216970771
 20
553.3241320676534
 42
1.0
 10
315.2367943838369
 20
553.2836282104829
 42
1.0
 10
315.197510363276
 20
553.2390834056081
 42
1.0
 97
        0
 75
     0
 76
     1
 52
0.0
 41
1.0
 77
     0
 78
     2
 53
45.0
 43
0.0
 44
0.0
 45
-4.490128060534577
 46
4.490128060534577
 79
     0
 53
45.0
 43
4.49013
 44
0.0
 45
-4.490128060534577
 46
4.490128060534577
 79
     2
 49
3.175
 49
-1.5875
 98
        1
 10
0.0
 20
0.0
  0
HATCH
  5
182
330
1F
100
AcDbEntity
  8
0
  6
Continuous
 62
     7
370
    18
100
AcDbHatch
 10
0.0
 20
0.0
 30
0.0
210
0.0
220
0.0
230
1.0
  2
ANSI33
 70
     0
 71
     0
 91
        1
 92
        0
 93
        1
 72
     4
 94
        3
 73
     1
 74
     0
 95
       62
 96
       58
 40
0.0
 40
0.0
 40
0.0
 40
0.0
 40
0.0002921178236138
 40
0.0002921178236138
 40
0.0002921178236138
 40
0.0005838095502566
 40
0.0005838095502566
 40
0.0005838095502566
 40
0.0008791914247157
 40
0.0008791914247157
 40
0.0008791914247157
 40
0.0011634374533035
 40
0.0011634374533035
 40
0.0011634374533035
 40
0.0014608884216503
 40
0.0014608884216503
 40
0.0014608884216503
 40
0.0017452348265679
 40
0.0017452348265679
 40
0.0017452348265679
 40
0.0020408090659026
 40
0.0020408090659026
 40
0.0020408090659026
 40
0.002330082487482
 40
0.002330082487482
 40
0.002330082487482
 40
0.0026201002972774
 40
0.0026201002972774
 40
0.0026201002972774
 40
0.0029155308544878
 40
0.0029155308544878
 40
0.0029155308544878
 40
0.0032001614824958
 40
0.0032001614824958
 40
0.0032001614824958
 40
0.003497641597822
 40
0.003497641597822
 40
0.003497641597822
 40
0.0037816682097514
 40
0.0037816682097514
 40
0.0037816682097514
 40
0.0040771519882402
 40
0.0040771519882402
 40
0.0040771519882402
 40
0.004365641140447
 40
0.004365641140447
 40
0.004365641140447
 40
0.0046558692511442
 40
0.0046558692511442
 40
0.0046558692511442
 40
0.0049510496973015
 40
0.0049510496973015
 40
0.0049510496973015
 40
0.0052360624781068
 40
0.0052360624781068
 40
0.0052360624781068
 40
0.0054134316558286
 40
0.0054134316558286
 40
0.0054134316558286
 40
0.0054134316558286
 10
315.197510363276
 20
633.0897419880049
 42
1.0
 10
315.2619198317964
 20
633.0167156562568
 42
1.0
 10
315.3403347393069
 20
632.9543570084589
 42
1.0
 10
315.4254283029853
 20
632.9070229806972
 42
1.0
 10
315.5104297533621
 20
632.859740191753
 42
1.0
 10
315.6045503554304
 20
632.8260303215523
 42
1.0
 10
315.7003562774477
 20
632.8092334765239
 42
1.0
 10
315.7972406652506
 20
632.7922475531766
 42
1.0
 10
315.8985983078333
 20
632.792765999885
 42
1.0
 10
315.9954416753523
 20
632.8099842564594
 42
1.0
 10
316.0888201420576
 20
632.8265864713497
 42
1.0
 10
316.180647888835
 20
632.8588071658717
 42
1.0
 10
316.2639119524342
 20
632.9042193591292
 42
1.0
 10
316.3508483939318
 20
632.9516344661005
 42
1.0
 10
316.4307197742671
 20
633.0152116494705
 42
1.0
 10
316.4959782831866
 20
633.0896929507679
 42
1.0
 10
316.5585075989761
 20
633.1610593501288
 42
1.0
 10
316.6097546623601
 20
633.243868697961
 42
1.0
 10
316.6462273634949
 20
633.3314633345706
 42
1.0
 10
316.6840850849991
 20
633.4223843043602
 42
1.0
 10
316.707055343182
 20
633.5211562508058
 42
1.0
 10
316.7119602940911
 20
633.6195217492366
 42
1.0
 10
316.7167644739669
 20
633.7158663522295
 42
1.0
 10
316.7045067599522
 20
633.814289079442
 42
1.0
 10
316.6772674858603
 20
633.9068276369037
 42
1.0
 10
316.6499524937752
 20
633.9996234271332
 42
1.0
 10
316.6068233075302
 20
634.0891729583708
 42
1.0
 10
316.5507442442974
 20
634.1679911424646
 42
1.0
 10
316.493705061166
 20
634.2481587589949
 42
1.0
 10
316.4211798355789
 20
634.3189960479621
 42
1.0
 10
316.3401584512151
 20
634.3748158511526
 42
1.0
 10
316.2619488148662
 20
634.4286984963686
 42
1.0
 10
316.1738484964462
 20
634.4703683062771
 42
1.0
 10
316.0825596770067
 20
634.4965682703738
 42
1.0
 10
315.9873647888376
 20
634.5238892793158
 42
1.0
 10
315.8858322240738
 20
634.534685444381
 42
1.0
 10
315.7870574543348
 20
634.5274709363476
 42
1.0
 10
315.692525152205
 20
634.5205662980992
 42
1.0
 10
315.5979877991946
 20
634.4976402371896
 42
1.0
 10
315.5105987964959
 20
634.4609361177662
 42
1.0
 10
315.4198231094869
 20
634.4228095623208
 42
1.0
 10
315.3341376548742
 20
634.3686084272778
 42
1.0
 10
315.2616364386668
 20
634.3019943654699
 42
1.0
 10
315.1907835016888
 20
634.2368947413529
 42
1.0
 10
315.130558023945
 20
634.1584302638357
 42
1.0
 10
315.085045156955
 20
634.0736559830843
 42
1.0
 10
315.0392540118382
 20
633.9883633691754
 42
1.0
 10
315.0070177649519
 20
633.8942521861037
 42
1.0
 10
314.9915856882986
 20
633.7986827873995
 42
1.0
 10
314.975912606435
 20
633.7016208661047
 42
1.0
 10
314.9778019120313
 20
633.6003430336461
 42
1.0
 10
314.9962043441433
 20
633.5037613969189
 42
1.0
 10
315.0140055333172
 20
633.4103352684782
 42
1.0
 10
315.0474379244964
 20
633.3186443445607
 42
1.0
 10
315.0940475048976
 20
633.2357415651968
 42
1.0
 10
315.1232793025789
 20
633.1837480211072
 42
1.0
 10
315.1580550674261
 20
633.1344757141192
 42
1.0
 10
315.197510363276
 20
633.0897419880049
 42
1.0
 97
        0
 75
     0
 76
     1
 52
0.0
 41
1.0
 77
     0
 78
     2
 53
45.0
 43
0.0
 44
0.0
 45
-4.490128060534577
 46
4.490128060534577
 79
     0
 53
45.0
 43
4.49013
 44
0.0
 45
-4.490128060534577
 46
4.490128060534577
 79
     2
 49
3.175
 49
-1.5875
 98
        1
 10
0.0
 20
0.0
  0
HATCH
  5
183
330
1F
100
AcDbEntity
  8
0
  6
Continuous
 62
     7
370
    18
100
AcDbHatch
 10
0.0
 20
0.0
 30
0.0
210
0.0
220
0.0
230
1.0
  2
ANSI33
 70
     0
 71
     0
 91
        1
 92
        0
 93
        1
 72
     4
 94
        3
 73
     1
 74
     0
 95
       62
 96
       58
 40
0.0
 40
0.0
 40
0.0
 40
0.0
 40
0.0002925949316146
 40
0.0002925949316146
 40
0.0002925949316146
 40
0.0005847447036929
 40
0.0005847447036929
 40
0.0005847447036929
 40
0.0008808665002356
 40
0.0008808665002356
 40
0.0008808665002356
 40
0.0011659477247452
 40
0.0011659477247452
 40
0.0011659477247452
 40
0.0014639974226448
 40
0.0014639974226448
 40
0.0014639974226448
 40
0.0017484403626049
 40
0.0017484403626049
 40
0.0017484403626049
 40
0.002043752803122
 40
0.002043752803122
 40
0.002043752803122
 40
0.00233226278697
 40
0.00233226278697
 40
0.00233226278697
 40
0.0026218116849054
 40
0.0026218116849054
 40
0.0026218116849054
 40
0.0029168937915339
 40
0.0029168937915339
 40
0.0029168937915339
 40
0.0032017210482588
 40
0.0032017210482588
 40
0.0032017210482588
 40
0.003499833824457
 40
0.003499833824457
 40
0.003499833824457
 40
0.0037846626715956
 40
0.0037846626715956
 40
0.0037846626715956
 40
0.0040809088900877
 40
0.0040809088900877
 40
0.0040809088900877
 40
0.0043696037724482
 40
0.0043696037724482
 40
0.0043696037724482
 40
0.0046597694948805
 40
0.0046597694948805
 40
0.0046597694948805
 40
0.0049542534024201
 40
0.0049542534024201
 40
0.0049542534024201
 40
0.0052386532371455
 40
0.0052386532371455
 40
0.0052386532371455
 40
0.0054149942812168
 40
0.0054149942812168
 40
0.0054149942812168
 40
0.0054149942812168
 10
315.197510363276
 20
562.2374298946718
 42
1.0
 10
315.1330191592002
 20
562.1642636035731
 42
1.0
 10
315.0809008624461
 20
562.0785062328523
 42
1.0
 10
315.0445444006293
 20
561.9880041376254
 42
1.0
 10
315.0082287391095
 20
561.8976036065271
 42
1.0
 10
314.986536214337
 20
561.7998522011402
 42
1.0
 10
314.9818400149035
 20
561.7025432652433
 42
1.0
 10
314.9770866057156
 20
561.6040488983606
 42
1.0
 10
314.9902979112698
 20
561.5033003544232
 42
1.0
 10
315.0195477009296
 20
561.4091293131663
 42
1.0
 10
315.0477622953238
 20
561.3182911306138
 42
1.0
 10
315.0913284439915
 20
561.2309486319933
 42
1.0
 10
315.1469691748815
 20
561.1538010603381
 42
1.0
 10
315.2050094204578
 20
561.0733264883322
 42
1.0
 10
315.2782557964583
 20
561.0019143197792
 42
1.0
 10
315.3605158770595
 20
560.9464336385869
 42
1.0
 10
315.4392064584962
 20
560.893360422154
 42
1.0
 10
315.5278411568756
 20
560.8529252471858
 42
1.0
 10
315.6193683236901
 20
560.8277905770209
 42
1.0
 10
315.7142545894681
 20
560.8017334501972
 42
1.0
 10
315.8150568378111
 20
560.7914424809719
 42
1.0
 10
315.9131621483816
 20
560.7990401996735
 42
1.0
 10
316.0090913907432
 20
560.806469393817
 42
1.0
 10
316.1049182861767
 20
560.8310237434728
 42
1.0
 10
316.1930434188021
 20
560.8696446376292
 42
1.0
 10
316.2815024175915
 20
560.9084118488397
 42
1.0
 10
316.3647476311641
 20
560.9624305015161
 42
1.0
 10
316.4357433318157
 20
561.0279095181613
 42
1.0
 10
316.5079882070536
 20
561.0945406429311
 42
1.0
 10
316.5690399325258
 20
561.1753220656727
 42
1.0
 10
316.6141916583159
 20
561.2626166843179
 42
1.0
 10
316.6578565478179
 20
561.3470367105864
 42
1.0
 10
316.6881658671859
 20
561.439729586346
 42
1.0
 10
316.7027470127228
 20
561.5336484534879
 42
1.0
 10
316.7179735021012
 20
561.6317240559405
 42
1.0
 10
316.7159817724501
 20
561.7340246942045
 42
1.0
 10
316.6964448597838
 20
561.8313333722282
 42
1.0
 10
316.6777345767017
 20
561.9245248064773
 42
1.0
 10
316.6430865564161
 20
562.0157176613901
 42
1.0
 10
316.5956127797834
 20
562.0980642377771
 42
1.0
 10
316.5463127478818
 20
562.183578581291
 42
1.0
 10
316.4816425899003
 20
562.2620138347362
 42
1.0
 10
316.4062558338389
 20
562.3257322237827
 42
1.0
 10
316.3327165965324
 20
562.3878890531477
 42
1.0
 10
316.2472406859872
 20
562.4378176686902
 42
1.0
 10
316.1573430996619
 20
562.4723128108589
 42
1.0
 10
316.0669808492992
 20
562.5069862520531
 42
1.0
 10
315.9695641796356
 20
562.5270866845784
 42
1.0
 10
315.8728308301642
 20
562.5302871399957
 42
1.0
 10
315.7747909838825
 20
562.5335308212998
 42
1.0
 10
315.6748011480225
 20
562.5188517849898
 42
1.0
 10
315.5815408569736
 20
562.4884404213108
 42
1.0
 10
315.4913086220635
 20
562.459016480204
 42
1.0
 10
315.4047696113906
 20
562.4143448163708
 42
1.0
 10
315.3285805574219
 20
562.357751065987
 42
1.0
 10
315.2809705568745
 20
562.3223860319515
 42
1.0
 10
315.2367265791071
 20
562.2819213118255
 42
1.0
 10
315.197510363276
 20
562.2374298946718
 42
1.0
 97
        0
 75
     0
 76
     1
 52
0.0
 41
1.0
 77
     0
 78
     2
 53
45.0
 43
0.0
 44
0.0
 45
-4.490128060534577
 46
4.490128060534577
 79
     0
 53
45.0
 43
4.49013
 44
0.0
 45
-4.490128060534577
 46
4.490128060534577
 79
     2
 49
3.175
 49
-1.5875
 98
        1
 10
0.0
 20
0.0
  0
HATCH
  5
184
330
1F
100
AcDbEntity
  8
0
  6
Continuous
 62
     7
370
    18
100
AcDbHatch
 10
0.0
 20
0.0
 30
0.0
210
0.0
220
0.0
230
1.0
  2
ANSI33
 70
     0
 71
     0
 91
        1
 92
        0
 93
        1
 72
     4
 94
        3
 73
     1
 74
     0
 95
       62
 96
       58
 40
0.0
 40
0.0
 40
0.0
 40
0.0
 40
0.0002921170495609
 40
0.0002921170495609
 40
0.0002921170495609
 40
0.000583811959966
 40
0.000583811959966
 40
0.000583811959966
 40
0.0008791371718562
 40
0.0008791371718562
 40
0.0008791371718562
 40
0.0011632891109064
 40
0.0011632891109064
 40
0.0011632891109064
 40
0.0014606744643969
 40
0.0014606744643969
 40
0.0014606744643969
 40
0.0017450392578021
 40
0.0017450392578021
 40
0.0017450392578021
 40
0.0020407064292126
 40
0.0020407064292126
 40
0.0020407064292126
 40
0.0023301698325868
 40
0.0023301698325868
 40
0.0023301698325868
 40
0.0026203354587687
 40
0.0026203354587687
 40
0.0026203354587687
 40
0.0029158998364318
 40
0.0029158998364318
 40
0.0029158998364318
 40
0.0032005696802143
 40
0.0032005696802143
 40
0.0032005696802143
 40
0.0034980152644535
 40
0.0034980152644535
 40
0.0034980152644535
 40
0.0037819682983421
 40
0.0037819682983421
 40
0.0037819682983421
 40
0.0040773773410781
 40
0.0040773773410781
 40
0.0040773773410781
 40
0.0043658684090777
 40
0.0043658684090777
 40
0.0043658684090777
 40
0.004656143435303
 40
0.004656143435303
 40
0.004656143435303
 40
0.0049514829911766
 40
0.0049514829911766
 40
0.0049514829911766
 40
0.0052366590215679
 40
0.0052366590215679
 40
0.0052366590215679
 40
0.0054142619211462
 40
0.0054142619211462
 40
0.0054142619211462
 40
0.0054142619211462
 10
315.197510363276
 20
624.0873413637561
 42
1.0
 10
315.2619082073527
 20
624.0143051248449
 42
1.0
 10
315.340310458348
 20
623.9519315987634
 42
1.0
 10
315.425395316729
 20
623.904582455262
 42
1.0
 10
315.5103887844685
 20
623.8572841700296
 42
1.0
 10
315.6045055593227
 20
623.8235585937324
 42
1.0
 10
315.7003101816389
 20
623.8067511047121
 42
1.0
 10
315.7971738970765
 20
623.7897578136337
 42
1.0
 10
315.8985127054926
 20
623.7902669467541
 42
1.0
 10
315.995338378232
 20
623.8074756773469
 42
1.0
 10
316.0886873850675
 20
623.8240665035639
 42
1.0
 10
316.1804865729118
 20
623.856270659647
 42
1.0
 10
316.2637281560246
 20
623.901659330399
 42
1.0
 10
316.3506510648776
 20
623.9490552969726
 42
1.0
 10
316.4305132700108
 20
624.012606326602
 42
1.0
 10
316.4957732722456
 20
624.0870583369122
 42
1.0
 10
316.5583215829953
 20
624.1584167083088
 42
1.0
 10
316.6095896163204
 20
624.2412193661717
 42
1.0
 10
316.6460903524805
 20
624.3288093462252
 42
1.0
 10
316.6839866403178
 20
624.4197481996558
 42
1.0
 10
316.7069965939962
 20
624.5185420768505
 42
1.0
 10
316.7119428820895
 20
624.6169368832644
 42
1.0
 10
316.7167891338568
 20
624.7133417014809
 42
1.0
 10
316.7045605325057
 20
624.8118333421684
 42
1.0
 10
316.6773365557114
 20
624.9044412803759
 42
1.0
 10
316.6500408396848
 20
624.9972932542892
 42
1.0
 10
316.6069218771919
 20
625.0869033954623
 42
1.0
 10
316.5508408453572
 20
625.1657796469033
 42
1.0
 10
316.4938031923909
 20
625.2460013566292
 42
1.0
 10
316.4212664840659
 20
625.3168933052058
 42
1.0
 10
316.3402217811739
 20
625.3727553916367
 42
1.0
 10
316.2620138403395
 20
625.4266621689408
 42
1.0
 10
316.17390895896
 20
625.4683548192802
 42
1.0
 10
316.0826118888507
 20
625.4945706091466
 42
1.0
 10
315.9874321960256
 20
625.5219012871592
 42
1.0
 10
315.8859123302157
 20
625.53270862333
 42
1.0
 10
315.7871488413331
 20
625.5255035452143
 42
1.0
 10
315.6926403917859
 20
625.5186088843506
 42
1.0
 10
315.5981258104221
 20
625.4956960601219
 42
1.0
 10
315.5107560124174
 20
625.4590095260685
 42
1.0
 10
315.4199992586801
 20
625.4209008110137
 42
1.0
 10
315.3343302217393
 20
625.3667235250246
 42
1.0
 10
315.2618347830913
 20
625.3001391883731
 42
1.0
 10
315.1909695457379
 20
625.2350521303617
 42
1.0
 10
315.13072994978
 20
625.1565989034801
 42
1.0
 10
315.0851965249014
 20
625.0718350302525
 42
1.0
 10
315.039377484041
 20
624.9865394615299
 42
1.0
 10
315.0071108162463
 20
624.8924236537653
 42
1.0
 10
314.9916414444518
 20
624.7968442779285
 42
1.0
 10
314.9759247164834
 20
624.699736582194
 42
1.0
 10
314.9777759315399
 20
624.5984044948643
 42
1.0
 10
314.9961519197478
 20
624.5017647351054
 42
1.0
 10
315.0139281115332
 20
624.4082793190217
 42
1.0
 10
315.0473452335461
 20
624.3165240521496
 42
1.0
 10
315.093951370862
 20
624.233557890498
 42
1.0
 10
315.1232025281244
 20
624.1814862883081
 42
1.0
 10
315.1580108066121
 20
624.1321394326783
 42
1.0
 10
315.197510363276
 20
624.0873413637561
 42
1.0
 97
        0
 75
     0
 76
     1
 52
0.0
 41
1.0
 77
     0
 78
     2
 53
45.0
 43
0.0
 44
0.0
 45
-4.490128060534577
 46
4.490128060534577
 79
     0
 53
45.0
 43
4.49013
 44
0.0
 45
-4.490128060534577
 46
4.490128060534577
 79
     2
 49
3.175
 49
-1.5875
 98
        1
 10
0.0
 20
0.0
  0
HATCH
  5
185
330
1F
100
AcDbEntity
  8
0
  6
Continuous
 62
     7
370
    18
100
AcDbHatch
 10
0.0
 20
0.0
 30
0.0
210
0.0
220
0.0
230
1.0
  2
ANSI33
 70
     0
 71
     0
 91
        1
 92
        0
 93
        1
 72
     4
 94
        3
 73
     1
 74
     0
 95
       62
 96
       58
 40
0.0
 40
0.0
 40
0.0
 40
0.0
 40
0.0002930806589502
 40
0.0002930806589502
 40
0.0002930806589502
 40
0.0005857047946351
 40
0.0005857047946351
 40
0.0005857047946351
 40
0.0008824657952878
 40
0.0008824657952878
 40
0.0008824657952878
 40
0.001168195657227
 40
0.001168195657227
 40
0.001168195657227
 40
0.0014666954714181
 40
0.0014666954714181
 40
0.0014666954714181
 40
0.0017512496876891
 40
0.0017512496876891
 40
0.0017512496876891
 40
0.0020464739891126
 40
0.0020464739891126
 40
0.0020464739891126
 40
0.0023345955633913
 40
0.0023345955633913
 40
0.0023345955633913
 40
0.0026239756643751
 40
0.0026239756643751
 40
0.0026239756643751
 40
0.0029189641152026
 40
0.0029189641152026
 40
0.0029189641152026
 40
0.0032040478950217
 40
0.0032040478950217
 40
0.0032040478950217
 40
0.003502701500023
 40
0.003502701500023
 40
0.003502701500023
 40
0.0037881778858589
 40
0.0037881778858589
 40
0.0037881778858589
 40
0.0040850518004352
 40
0.0040850518004352
 40
0.0040850518004352
 40
0.0043739683207891
 40
0.0043739683207891
 40
0.0043739683207891
 40
0.0046641669913937
 40
0.0046641669913937
 40
0.0046641669913937
 40
0.0049582420581217
 40
0.0049582420581217
 40
0.0049582420581217
 40
0.0052423236042246
 40
0.0052423236042246
 40
0.0052423236042246
 40
0.0054180632411899
 40
0.0054180632411899
 40
0.0054180632411899
 40
0.0054180632411899
 10
315.197510363276
 20
571.241379062505
 42
1.0
 10
315.1329576425683
 20
571.1680511923344
 42
1.0
 10
315.0808156583746
 20
571.0821122612265
 42
1.0
 10
315.0444598523485
 20
570.9914354413511
 42
1.0
 10
315.0081456991325
 20
570.9008625098161
 42
1.0
 10
314.9864774604427
 20
570.8029408203406
 42
1.0
 10
314.9818219377361
 20
570.7054703132168
 42
1.0
 10
314.977107246832
 20
570.6067610291456
 42
1.0
 10
314.9903951144339
 20
570.5058018694817
 42
1.0
 10
315.0197521236088
 20
570.4114412999387
 42
1.0
 10
315.0480729249298
 20
570.3204113545298
 42
1.0
 10
315.0917828490275
 20
570.2328898983945
 42
1.0
 10
315.1476057307213
 20
570.1556090817064
 42
1.0
 10
315.2057911221684
 20
570.0750576226288
 42
1.0
 10
315.2792168421113
 20
570.0036020359191
 42
1.0
 10
315.3616616648911
 20
569.9481319671056
 42
1.0
 10
315.4404425944645
 20
569.8951270186166
 42
1.0
 10
315.5291613969304
 20
569.8547765887672
 42
1.0
 10
315.6207583074074
 20
569.8297572878212
 42
1.0
 10
315.7156511791773
 20
569.8038377092668
 42
1.0
 10
315.8164438262224
 20
569.79370084899
 42
1.0
 10
315.9145061611651
 20
569.801463588889
 42
1.0
 10
316.0102980652978
 20
569.80904659858
 42
1.0
 10
316.1059578254458
 20
569.833718810017
 42
1.0
 10
316.1939124994801
 20
569.8724172111317
 42
1.0
 10
316.2822665174851
 20
569.9112913160772
 42
1.0
 10
316.3653860902328
 20
569.9653999350477
 42
1.0
 10
316.4362546987599
 20
570.0309382357457
 42
1.0
 10
316.5083907677744
 20
570.0976486662241
 42
1.0
 10
316.5693209748977
 20
570.1784789504838
 42
1.0
 10
316.614380935111
 20
570.2657915725557
 42
1.0
 10
316.6580091710483
 20
570.3503299444942
 42
1.0
 10
316.688270069569
 20
570.4431291805749
 42
1.0
 10
316.7028067696538
 20
570.5371443051648
 42
1.0
 10
316.7180004663129
 20
570.6354085106615
 42
1.0
 10
316.7159454883424
 20
570.7378921629428
 42
1.0
 10
316.6963280323627
 20
570.8353696368584
 42
1.0
 10
316.6775323473129
 20
570.9287638007629
 42
1.0
 10
316.6427667540949
 20
571.020149814344
 42
1.0
 10
316.5951415304747
 20
571.1026579091169
 42
1.0
 10
316.5456930094838
 20
571.1883247668486
 42
1.0
 10
316.4808319775827
 20
571.2668883780354
 42
1.0
 10
316.4052240169846
 20
571.3306645729361
 42
1.0
 10
316.3315658166
 20
571.3927961224
 42
1.0
 10
316.2459708959185
 20
571.4426804529667
 42
1.0
 10
316.1559610736835
 20
571.4770910882982
 42
1.0
 10
316.0655459127244
 20
571.5116566840848
 42
1.0
 10
315.9680827878009
 20
571.5316257114856
 42
1.0
 10
315.8713332256501
 20
571.53465951553
 42
1.0
 10
315.7734193296295
 20
571.5377298299288
 42
1.0
 10
315.6735914134109
 20
571.5228930968314
 42
1.0
 10
315.5805055779921
 20
571.4923712176486
 42
1.0
 10
315.49041794886
 20
571.4628324191852
 42
1.0
 10
315.4040449560914
 20
571.4180740182046
 42
1.0
 10
315.3280176279903
 20
571.3614333356601
 42
1.0
 10
315.2806167726172
 20
571.3261194969575
 42
1.0
 10
315.2365678593226
 20
571.285745945386
 42
1.0
 10
315.197510363276
 20
571.241379062505
 42
1.0
 97
        0
 75
     0
 76
     1
 52
0.0
 41
1.0
 77
     0
 78
     2
 53
45.0
 43
0.0
 44
0.0
 45
-4.490128060534577
 46
4.490128060534577
 79
     0
 53
45.0
 43
4.49013
 44
0.0
 45
-4.490128060534577
 46
4.490128060534577
 79
     2
 49
3.175
 49
-1.5875
 98
        1
 10
0.0
 20
0.0
  0
HATCH
  5
186
330
1F
100
AcDbEntity
  8
0
  6
Continuous
 62
     7
370
    18
100
AcDbHatch
 10
0.0
 20
0.0
 30
0.0
210
0.0
220
0.0
230
1.0
  2
ANSI33
 70
     0
 71
     0
 91
        1
 92
        0
 93
        1
 72
     4
 94
        3
 73
     1
 74
     0
 95
       62
 96
       58
 40
0.0
 40
0.0
 40
0.0
 40
0.0
 40
0.0002921164529667
 40
0.0002921164529667
 40
0.0002921164529667
 40
0.0005838216023114
 40
0.0005838216023114
 40
0.0005838216023114
 40
0.000878992683438
 40
0.000878992683438
 40
0.000878992683438
 40
0.0011628878105642
 40
0.0011628878105642
 40
0.0011628878105642
 40
0.0014600941827258
 40
0.0014600941827258
 40
0.0014600941827258
 40
0.0017445096386603
 40
0.0017445096386603
 40
0.0017445096386603
 40
0.002040429588357
 40
0.002040429588357
 40
0.002040429588357
 40
0.0023304077953557
 40
0.0023304077953557
 40
0.0023304077953557
 40
0.0026209709050619
 40
0.0026209709050619
 40
0.0026209709050619
 40
0.0029168938442343
 40
0.0029168938442343
 40
0.0029168938442343
 40
0.0032016680014134
 40
0.0032016680014134
 40
0.0032016680014134
 40
0.0034990214688072
 40
0.0034990214688072
 40
0.0034990214688072
 40
0.0037827790188131
 40
0.0037827790188131
 40
0.0037827790188131
 40
0.0040779887816556
 40
0.0040779887816556
 40
0.0040779887816556
 40
0.0043664845620249
 40
0.0043664845620249
 40
0.0043664845620249
 40
0.0046568829848968
 40
0.0046568829848968
 40
0.0046568829848968
 40
0.0049526480440402
 40
0.0049526480440402
 40
0.0049526480440402
 40
0.005238264397214
 40
0.005238264397214
 40
0.005238264397214
 40
0.0054165010259305
 40
0.0054165010259305
 40
0.0054165010259305
 40
0.0054165010259305
 10
315.197510363276
 20
615.0893196046709
 42
1.0
 10
315.2618769291565
 20
615.0162560639345
 42
1.0
 10
315.3402451617806
 20
614.9538417770054
 42
1.0
 10
315.4253067831051
 20
614.9064513099698
 42
1.0
 10
315.5102789888131
 20
614.8591106591471
 42
1.0
 10
315.6043858933348
 20
614.8253422393987
 42
1.0
 10
315.7001875203055
 20
614.808505932412
 42
1.0
 10
315.7969950393515
 20
614.791492848597
 42
1.0
 10
315.8982826274727
 20
614.7919769733625
 42
1.0
 10
315.9950601010743
 20
614.8091601444323
 42
1.0
 10
316.0883286305622
 20
614.8257202904867
 42
1.0
 10
316.1800497348155
 20
614.857879696719
 42
1.0
 10
316.2632297652039
 20
614.9032045196614
 42
1.0
 10
316.3501155720791
 20
614.9505486212978
 42
1.0
 10
316.4299524838765
 20
615.0140286328135
 42
1.0
 10
316.4952162718293
 20
615.0884009756444
 42
1.0
 10
316.5578162650879
 20
615.1597377506905
 42
1.0
 10
316.6091413229038
 20
615.242522469634
 42
1.0
 10
316.6457181495526
 20
615.3301000374368
 42
1.0
 10
316.6837191433645
 20
615.4210875537705
 42
1.0
 10
316.7068367547337
 20
615.5199411342695
 42
1.0
 10
316.7118950131974
 20
615.6184155861878
 42
1.0
 10
316.7168553382339
 20
615.7149834647981
 42
1.0
 10
316.7047055782421
 20
615.8136618000066
 42
1.0
 10
316.6775228145802
 20
615.9064575831192
 42
1.0
 10
316.6502793251111
 20
615.9994606703495
 42
1.0
 10
316.6071881857284
 20
616.08923388858
 42
1.0
 10
316.5511021017272
 20
616.1682663700938
 42
1.0
 10
316.4940690340466
 20
616.248633272997
 42
1.0
 10
316.4215019673344
 20
616.3196720329232
 42
1.0
 10
316.3403950608256
 20
616.3756477384384
 42
1.0
 10
316.2621920858144
 20
616.4296193037225
 42
1.0
 10
316.1740754006376
 20
616.4713733591179
 42
1.0
 10
316.0827566010944
 20
616.4976319198134
 42
1.0
 10
315.9876176198819
 20
616.5249889670497
 42
1.0
 10
315.8861317270695
 20
616.5358267959076
 42
1.0
 10
315.7873982862506
 20
616.5286475589222
 42
1.0
 10
315.692953170405
 20
616.5217801403137
 42
1.0
 10
315.5984989233569
 20
616.4989031792393
 42
1.0
 10
315.5111799075411
 20
616.462263981344
 42
1.0
 10
315.4204734217892
 20
616.4242033956766
 42
1.0
 10
315.334847856649
 20
616.3700901915428
 42
1.0
 10
315.2623674914186
 20
616.3035855195651
 42
1.0
 10
315.1914692032685
 20
616.2385324892415
 42
1.0
 10
315.1311916792824
 20
616.1601096633532
 42
1.0
 10
315.085603156398
 20
616.0753738940576
 42
1.0
 10
315.0397096112347
 20
615.9900711772981
 42
1.0
 10
315.0073615679808
 20
615.8959438217244
 42
1.0
 10
314.991792106651
 20
615.8003385768467
 42
1.0
 10
314.9759580565521
 20
615.7031086081896
 42
1.0
 10
314.9777065731482
 20
615.6016315443749
 42
1.0
 10
314.9960107825633
 20
615.5048361939427
 42
1.0
 10
315.0137193158661
 20
615.4111908663676
 42
1.0
 10
315.0470949047279
 20
615.3192620285832
 42
1.0
 10
315.0936912522076
 20
615.2361246727801
 42
1.0
 10
315.1229947041467
 20
615.1838413578448
 42
1.0
 10
315.1578909458575
 20
615.1342922527983
 42
1.0
 10
315.197510363276
 20
615.0893196046709
 42
1.0
 97
        0
 75
     0
 76
     1
 52
0.0
 41
1.0
 77
     0
 78
     2
 53
45.0
 43
0.0
 44
0.0
 45
-4.490128060534577
 46
4.490128060534577
 79
     0
 53
45.0
 43
4.49013
 44
0.0
 45
-4.490128060534577
 46
4.490128060534577
 79
     2
 49
3.175
 49
-1.5875
 98
        1
 10
0.0
 20
0.0
  0
HATCH
  5
187
330
1F
100
AcDbEntity
  8
0
  6
Continuous
 62
     7
370
    18
100
AcDbHatch
 10
0.0
 20
0.0
 30
0.0
210
0.0
220
0.0
230
1.0
  2
ANSI33
 70
     0
 71
     0
 91
        1
 92
        0
 93
        1
 72
     4
 94
        3
 73
     1
 74
     0
 95
       62
 96
       58
 40
0.0
 40
0.0
 40
0.0
 40
0.0
 40
0.0002921198206055
 40
0.0002921198206055
 40
0.0002921198206055
 40
0.000583807853739
 40
0.000583807853739
 40
0.000583807853739
 40
0.0008792721699309
 40
0.0008792721699309
 40
0.0008792721699309
 40
0.0011636541243224
 40
0.0011636541243224
 40
0.0011636541243224
 40
0.0014612003093291
 40
0.0014612003093291
 40
0.0014612003093291
 40
0.0017455210488821
 40
0.0017455210488821
 40
0.0017455210488821
 40
0.0020409604839097
 40
0.0020409604839097
 40
0.0020409604839097
 40
0.0023299543595198
 40
0.0023299543595198
 40
0.0023299543595198
 40
0.0026197503995713
 40
0.0026197503995713
 40
0.0026197503995713
 40
0.0029149780965861
 40
0.0029149780965861
 40
0.0029149780965861
 40
0.0031995476644566
 40
0.0031995476644566
 40
0.0031995476644566
 40
0.0034970802148554
 40
0.0034970802148554
 40
0.0034970802148554
 40
0.0037812202824223
 40
0.0037812202824223
 40
0.0037812202824223
 40
0.0040768183328835
 40
0.0040768183328835
 40
0.0040768183328835
 40
0.0043653043289068
 40
0.0043653043289068
 40
0.0043653043289068
 40
0.0046554588260719
 40
0.0046554588260719
 40
0.0046554588260719
 40
0.0049503984974093
 40
0.0049503984974093
 40
0.0049503984974093
 40
0.0052351681295146
 40
0.0052351681295146
 40
0.0052351681295146
 40
0.0054121957746808
 40
0.0054121957746808
 40
0.0054121957746808
 40
0.0054121957746808
 10
315.197510363276
 20
678.0889160068655
 42
1.0
 10
315.2619369775458
 20
678.0159039135337
 42
1.0
 10
315.340370531183
 20
677.9535667508228
 42
1.0
 10
315.425477009446
 20
677.9062545773719
 42
1.0
 10
315.5104903331998
 20
677.8589941901349
 42
1.0
 10
315.6046168107235
 20
677.8253070631921
 42
1.0
 10
315.700424939006
 20
677.8085257648974
 42
1.0
 10
315.7973394150113
 20
677.7915506839716
 42
1.0
 10
315.8987244692725
 20
677.7920828757703
 42
1.0
 10
315.9955935315795
 20
677.8093152232474
 42
1.0
 10
316.0890145070157
 20
677.8259341795169
 42
1.0
 10
316.1808834097225
 20
677.8581790384416
 42
1.0
 10
316.2641798298563
 20
677.9036254327083
 42
1.0
 10
316.3511358214399
 20
677.9510684833342
 42
1.0
 10
316.4310204041746
 20
678.0146837344905
 42
1.0
 10
316.4962766829201
 20
678.0892075938194
 42
1.0
 10
316.5587786014492
 20
678.1605859235954
 42
1.0
 10
316.6099953741401
 20
678.2434053054998
 42
1.0
 10
316.646427336637
 20
678.3310070628454
 42
1.0
 10
316.684228922518
 20
678.4219021211036
 42
1.0
 10
316.7071412918389
 20
678.5206423610434
 42
1.0
 10
316.7119856003908
 20
678.6189653196315
 42
1.0
 10
316.7167280677361
 20
678.7152212487064
 42
1.0
 10
316.7044275461067
 20
678.8135425988418
 42
1.0
 10
316.6771655073166
 20
678.905978934336
 42
1.0
 10
316.649822271898
 20
678.9986905800832
 42
1.0
 10
316.6066783092533
 20
679.0881494341226
 42
1.0
 10
316.5506026055288
 20
679.1668807317881
 42
1.0
 10
316.4935619267185
 20
679.2469668718484
 42
1.0
 10
316.4210547787227
 20
679.3177219683212
 42
1.0
 10
316.3400692177461
 20
679.3734782933634
 42
1.0
 10
316.2618578735572
 20
679.4273246466637
 42
1.0
 10
316.1737653293638
 20
679.4689602718423
 42
1.0
 10
316.082489788615
 20
679.4951369749311
 42
1.0
 10
315.9872720973431
 20
679.5224442383312
 42
1.0
 10
315.8857204073701
 20
679.5332245869653
 42
1.0
 10
315.7869284220789
 20
679.5259969312058
 42
1.0
 10
315.6923592655699
 20
679.5190782190581
 42
1.0
 10
315.5977865028024
 20
679.4961329957414
 42
1.0
 10
315.5103674357375
 20
679.4594028901861
 42
1.0
 10
315.4195623717839
 20
679.4212501199047
 42
1.0
 10
315.3338511949835
 20
679.3670135165665
 42
1.0
 10
315.2613404174863
 20
679.300354828712
 42
1.0
 10
315.1905056305376
 20
679.2352368681074
 42
1.0
 10
315.1303010179112
 20
679.1567558489046
 42
1.0
 10
315.0848188212697
 20
679.0719661937336
 42
1.0
 10
315.0390697904411
 20
678.9866790960381
 42
1.0
 10
315.0068792995347
 20
678.892576009374
 42
1.0
 10
314.9915029376711
 20
678.797022723973
 42
1.0
 10
314.9758949793068
 20
678.7000302290417
 42
1.0
 10
314.9778407724955
 20
678.5988345708568
 42
1.0
 10
314.9962818298265
 20
678.502340634043
 42
1.0
 10
315.0141197369107
 20
678.4090027170146
 42
1.0
 10
315.0475742210924
 20
678.3174074645771
 42
1.0
 10
315.0941881208121
 20
678.2345986363201
 42
1.0
 10
315.1233915914018
 20
678.1827191498344
 42
1.0
 10
315.1581197960469
 20
678.1335557540184
 42
1.0
 10
315.197510363276
 20
678.0889160068655
 42
1.0
 97
        0
 75
     0
 76
     1
 52
0.0
 41
1.0
 77
     0
 78
     2
 53
45.0
 43
0.0
 44
0.0
 45
-4.490128060534577
 46
4.490128060534577
 79
     0
 53
45.0
 43
4.49013
 44
0.0
 45
-4.490128060534577
 46
4.490128060534577
 79
     2
 49
3.175
 49
-1.5875
 98
        1
 10
0.0
 20
0.0
  0
HATCH
  5
188
330
1F
100
AcDbEntity
  8
0
  6
Continuous
 62
     7
370
    18
100
AcDbHatch
 10
0.0
 20
0.0
 30
0.0
210
0.0
220
0.0
230
1.0
  2
ANSI33
 70
     0
 71
     0
 91
        1
 92
        0
 93
        1
 72
     4
 94
        3
 73
     1
 74
     0
 95
       62
 96
       58
 40
0.0
 40
0.0
 40
0.0
 40
0.0
 40
0.0002921731022706
 40
0.0002921731022706
 40
0.0002921731022706
 40
0.000583911605014
 40
0.000583911605014
 40
0.000583911605014
 40
0.0008794682506903
 40
0.0008794682506903
 40
0.0008794682506903
 40
0.0011639604360328
 40
0.0011639604360328
 40
0.0011639604360328
 40
0.0014615866954234
 40
0.0014615866954234
 40
0.0014615866954234
 40
0.0017459168121472
 40
0.0017459168121472
 40
0.0017459168121472
 40
0.0020413113253247
 40
0.0020413113253247
 40
0.0020413113253247
 40
0.0023301856579577
 40
0.0023301856579577
 40
0.0023301856579577
 40
0.0026199014251698
 40
0.0026199014251698
 40
0.0026199014251698
 40
0.0029150658945082
 40
0.0029150658945082
 40
0.0029150658945082
 40
0.0031996513604024
 40
0.0031996513604024
 40
0.0031996513604024
 40
0.0034972631885892
 40
0.0034972631885892
 40
0.0034972631885892
 40
0.0037815081252724
 40
0.0037815081252724
 40
0.0037815081252724
 40
0.0040772050454805
 40
0.0040772050454805
 40
0.0040772050454805
 40
0.0043657129299504
 40
0.0043657129299504
 40
0.0043657129299504
 40
0.0046558510448881
 40
0.0046558510448881
 40
0.0046558510448881
 40
0.00495068480104
 40
0.00495068480104
 40
0.00495068480104
 40
0.0052353580371768
 40
0.0052353580371768
 40
0.0052353580371768
 40
0.0054122315149093
 40
0.0054122315149093
 40
0.0054122315149093
 40
0.0054122315149093
 10
315.197510363276
 20
508.2382589210574
 42
1.0
 10
315.1330726775718
 20
508.1652329107444
 42
1.0
 10
315.0809746809553
 20
508.0796335245064
 42
1.0
 10
315.0446173286693
 20
507.9892833365934
 42
1.0
 10
315.0082999856591
 20
507.8990325741161
 42
1.0
 10
314.986586025445
 20
507.8014288021947
 42
1.0
 10
314.9818554046667
 20
507.7042600275903
 42
1.0
 10
314.9770695014765
 20
507.6059557309341
 42
1.0
 10
314.9902155917704
 20
507.5053935348727
 42
1.0
 10
315.0193740085385
 20
507.4113912671234
 42
1.0
 10
315.0474965045105
 20
507.3207286492878
 42
1.0
 10
315.0909368034584
 20
507.2335508170924
 42
1.0
 10
315.1464170205393
 20
507.1565278947566
 42
1.0
 10
315.2043277147107
 20
507.0761307525992
 42
1.0
 10
315.277412462156
 20
507.0047665410236
 42
1.0
 10
315.3595040634949
 20
506.9492839495546
 42
1.0
 10
315.438112467993
 20
506.8961555183673
 42
1.0
 10
315.5266690786332
 20
506.8556498557146
 42
1.0
 10
315.6181301802956
 20
506.8304153883954
 42
1.0
 10
315.7130120871519
 20
506.8042371078561
 42
1.0
 10
315.8138238472648
 20
506.7938101194425
 42
1.0
 10
315.9119684502205
 20
506.8012609939789
 42
1.0
 10
316.0080258094571
 20
506.8085534105808
 42
1.0
 10
316.1040075178742
 20
506.8330039290343
 42
1.0
 10
316.1922897984719
 20
506.8715582353549
 42
1.0
 10
316.2808469059431
 20
506.9102325630363
 42
1.0
 10
316.3642083762637
 20
506.9641747136393
 42
1.0
 10
316.4353195330067
 20
507.0296061150604
 42
1.0
 10
316.5076592428678
 20
507.0961679432093
 42
1.0
 10
316.5688164787292
 20
507.1769074834278
 42
1.0
 10
316.6140461744165
 20
507.2641874079085
 42
1.0
 10
316.6577380776092
 20
507.3484998480682
 42
1.0
 10
316.688084957295
 20
507.4410950382474
 42
1.0
 10
316.7027005205528
 20
507.5349244327938
 42
1.0
 10
316.717950479864
 20
507.6328265405519
 42
1.0
 10
316.7160102048257
 20
507.7349573066336
 42
1.0
 10
316.6965429515831
 20
507.8321087863633
 42
1.0
 10
316.6779059828624
 20
507.9251167246854
 42
1.0
 10
316.6433611895882
 20
508.0161341109724
 42
1.0
 10
316.5960221584969
 20
508.0983340460658
 42
1.0
 10
316.5468514605227
 20
508.1837145046174
 42
1.0
 10
316.4823480480268
 20
508.2620369617607
 42
1.0
 10
316.4071549179507
 20
508.3257046414036
 42
1.0
 10
316.3337182784545
 20
508.3878850617792
 42
1.0
 10
316.2483445775106
 20
508.4378536350356
 42
1.0
 10
316.1585430869926
 20
508.4724229422218
 42
1.0
 10
316.0682268561764
 20
508.5071903999664
 42
1.0
 10
315.9708503816455
 20
508.5274050733063
 42
1.0
 10
315.874131148057
 20
508.5307498484713
 42
1.0
 10
315.7759839540399
 20
508.534144005816
 42
1.0
 10
315.6758556218414
 20
508.5196023143848
 42
1.0
 10
315.5824456573475
 20
508.489287787657
 42
1.0
 10
315.4920889712965
 20
508.4599641476239
 42
1.0
 10
315.4054068590597
 20
508.4153687427664
 42
1.0
 10
315.3290777751923
 20
508.3588171951762
 42
1.0
 10
315.2812830458076
 20
508.3234065001121
 42
1.0
 10
315.2368667689435
 20
508.2828607911394
 42
1.0
 10
315.197510363276
 20
508.2382589210574
 42
1.0
 97
        0
 75
     0
 76
     1
 52
0.0
 41
1.0
 77
     0
 78
     2
 53
45.0
 43
0.0
 44
0.0
 45
-4.490128060534577
 46
4.490128060534577
 79
     0
 53
45.0
 43
4.49013
 44
0.0
 45
-4.490128060534577
 46
4.490128060534577
 79
     2
 49
3.175
 49
-1.5875
 98
        1
 10
0.0
 20
0.0
  0
MTEXT
  5
189
330
1F
100
AcDbEntity
  8
0
  6
Continuous
 62
     7
370
     0
100
AcDbMText
 10
329.2798734912
 20
487.6601436071
 30
0.0
 40
3.175
 41
0.0
 71
     2
 72
     1
  1
SECTION B-B
  7
SLDTEXTSTYLE0
 73
     1
 44
1.0
  0
MTEXT
  5
18B
330
1F
100
AcDbEntity
  8
0
  6
Continuous
 62
     7
100
AcDbMText
 10
0.0
 20
41.6694529712
 30
0.0
 40
14.94028
 41
0.0
 71
     1
 72
     1
  1
SOLIDWORKS Educational Product.
  7
SLDTEXTSTYLE3
 73
     1
 44
1.0
  0
MTEXT
  5
18C
330
1F
100
AcDbEntity
  8
0
  6
Continuous
 62
     7
100
AcDbMText
 10
0.0
 20
19.2590329712
 30
0.0
 40
14.94028
 41
0.0
 71
     1
 72
     1
  1
For Instructional Use Only.
  7
SLDTEXTSTYLE3
 73
     1
 44
1.0
  0
ENDSEC
  0
SECTION
  2
OBJECTS
  0
DICTIONARY
  5
C
330
0
100
AcDbDictionary
281
     1
  3
ACAD_GROUP
350
D
  3
ACAD_LAYOUT
350
1A
  3
ACAD_MLINESTYLE
350
17
  3
ACAD_PLOTSETTINGS
350
19
  3
ACAD_PLOTSTYLENAME
350
E
  3
ACAD_SCALELIST
350
47
  3
DWGPROPS
350
18D
  0
DICTIONARY
  5
D
102
{ACAD_REACTORS
330
C
102
}
330
C
100
AcDbDictionary
281
     1
  0
DICTIONARY
  5
1A
102
{ACAD_REACTORS
330
C
102
}
330
C
100
AcDbDictionary
281
     1
  3
Layout1
350
1E
  3
Layout2
350
26
  3
Model
350
22
  0
DICTIONARY
  5
17
102
{ACAD_REACTORS
330
C
102
}
330
C
100
AcDbDictionary
281
     1
  3
Standard
350
18
  0
DICTIONARY
  5
19
102
{ACAD_REACTORS
330
C
102
}
330
C
100
AcDbDictionary
281
     1
  0
ACDBDICTIONARYWDFLT
  5
E
102
{ACAD_REACTORS
330
C
102
}
330
C
100
AcDbDictionary
281
     1
  3
Normal
350
F
100
AcDbDictionaryWithDefault
340
F
  0
DICTIONARY
  5
47
102
{ACAD_REACTORS
330
C
102
}
330
C
100
AcDbDictionary
281
     1
  3
A0
350
48
  3
A1
350
49
  3
A2
350
4A
  3
A3
350
4B
  3
A4
350
4C
  3
A5
350
4D
  3
A6
350
4E
  3
A7
350
4F
  3
A8
350
50
  3
A9
350
51
  3
B0
350
52
  3
B1
350
53
  3
B2
350
54
  3
B3
350
55
  3
B4
350
56
  3
B5
350
57
  3
B6
350
58
  0
XRECORD
  5
18D
102
{ACAD_REACTORS
330
C
102
}
330
C
100
AcDbXrecord
280
     1
  1
DWGPROPS COOKIE
  2

  3

  4

  6

  7

  8
Andrew A. Katz
  9

300
=
301
=
302
=
303
=
304
=
305
=
306
=
307
=
308
=
309
=
 40
0.0
 41
2461024.110937061
 42
2461024.110939549
  1

 90
        0
  0
LAYOUT
  5
1E
102
{ACAD_REACTORS
330
1A
102
}
330
1A
100
AcDbPlotSettings
  1

  2
none_device
  4

  6

 40
0.0
 41
0.0
 42
0.0
 43
0.0
 44
0.0
 45
0.0
 46
0.0
 47
0.0
 48
0.0
 49
0.0
140
0.0
141
0.0
142
1.0
143
1.0
 70
   688
 72
     1
 73
     0
 74
     5
  7

 75
    16
147
1.0
148
0.0
149
0.0
100
AcDbLayout
  1
Layout1
 70
     1
 71
     1
 10
0.0
 20
0.0
 11
420.0
 21
297.0
 12
0.0
 22
0.0
 32
0.0
 14
1.0000000000E+20
 24
1.0000000000E+20
 34
1.0000000000E+20
 15
-1.0000000000E+20
 25
-1.0000000000E+20
 35
-1.0000000000E+20
146
0.0
 13
0.0
 23
0.0
 33
0.0
 16
1.0
 26
0.0
 36
0.0
 17
0.0
 27
1.0
 37
0.0
 76
     0
330
1B
  0
LAYOUT
  5
26
102
{ACAD_REACTORS
330
1A
102
}
330
1A
100
AcDbPlotSettings
  1

  2
none_device
  4

  6

 40
0.0
 41
0.0
 42
0.0
 43
0.0
 44
0.0
 45
0.0
 46
0.0
 47
0.0
 48
0.0
 49
0.0
140
0.0
141
0.0
142
1.0
143
1.0
 70
   688
 72
     1
 73
     0
 74
     5
  7

 75
    16
147
1.0
148
0.0
149
0.0
100
AcDbLayout
  1
Layout2
 70
     1
 71
     2
 10
0.0
 20
0.0
 11
0.0
 21
0.0
 12
0.0
 22
0.0
 32
0.0
 14
0.0
 24
0.0
 34
0.0
 15
0.0
 25
0.0
 35
0.0
146
0.0
 13
0.0
 23
0.0
 33
0.0
 16
1.0
 26
0.0
 36
0.0
 17
0.0
 27
1.0
 37
0.0
 76
     0
330
23
  0
LAYOUT
  5
22
102
{ACAD_REACTORS
330
1A
102
}
330
1A
100
AcDbPlotSettings
  1

  2
none_device
  4
Letter_(8.50_x_11.00_Inches)
  6

 40
6.35
 41
6.35
 42
6.35000508
 43
6.35000508
 44
215.9
 45
279.4
 46
0.0
 47
0.0
 48
0.0
 49
0.0
140
0.0
141
0.0
142
1.0
143
1.0
 70
  1712
 72
     1
 73
     0
 74
     0
  7

 75
     0
147
1.0
148
0.0
149
0.0
100
AcDbLayout
  1
Model
 70
     1
 71
     0
 10
0.0
 20
0.0
 11
1117.6
 21
863.6
 12
0.0
 22
0.0
 32
0.0
 14
0.0
 24
0.0
 34
0.0
 15
1117.6
 25
863.6
 35
0.0
146
0.0
 13
0.0
 23
0.0
 33
0.0
 16
1.0
 26
0.0
 36
0.0
 17
0.0
 27
1.0
 37
0.0
 76
     0
330
1F
331
29
  0
MLINESTYLE
  5
18
102
{ACAD_REACTORS
330
17
102
}
330
17
100
AcDbMlineStyle
  2
Standard
 70
     0
  3

 62
   256
 51
90.0
 52
90.0
 71
     2
 49
0.5
 62
   256
  6
BYLAYER
 49
-0.5
 62
   256
  6
BYLAYER
  0
ACDBPLACEHOLDER
  5
F
102
{ACAD_REACTORS
330
E
102
}
330
E
  0
SCALE
  5
48
102
{ACAD_REACTORS
330
47
102
}
330
47
100
AcDbScale
 70
     0
300
1:1
140
1.0
141
1.0
290
     1
  0
SCALE
  5
49
102
{ACAD_REACTORS
330
47
102
}
330
47
100
AcDbScale
 70
     0
300
1:2
140
1.0
141
2.0
290
     0
  0
SCALE
  5
4A
102
{ACAD_REACTORS
330
47
102
}
330
47
100
AcDbScale
 70
     0
300
1:4
140
1.0
141
4.0
290
     0
  0
SCALE
  5
4B
102
{ACAD_REACTORS
330
47
102
}
330
47
100
AcDbScale
 70
     0
300
1:5
140
1.0
141
5.0
290
     0
  0
SCALE
  5
4C
102
{ACAD_REACTORS
330
47
102
}
330
47
100
AcDbScale
 70
     0
300
1:8
140
1.0
141
8.0
290
     0
  0
SCALE
  5
4D
102
{ACAD_REACTORS
330
47
102
}
330
47
100
AcDbScale
 70
     0
300
1:10
140
1.0
141
10.0
290
     0
  0
SCALE
  5
4E
102
{ACAD_REACTORS
330
47
102
}
330
47
100
AcDbScale
 70
     0
300
1:16
140
1.0
141
16.0
290
     0
  0
SCALE
  5
4F
102
{ACAD_REACTORS
330
47
102
}
330
47
100
AcDbScale
 70
     0
300
1:20
140
1.0
141
20.0
290
     0
  0
SCALE
  5
50
102
{ACAD_REACTORS
330
47
102
}
330
47
100
AcDbScale
 70
     0
300
1:30
140
1.0
141
30.0
290
     0
  0
SCALE
  5
51
102
{ACAD_REACTORS
330
47
102
}
330
47
100
AcDbScale
 70
     0
300
1:40
140
1.0
141
40.0
290
     0
  0
SCALE
  5
52
102
{ACAD_REACTORS
330
47
102
}
330
47
100
AcDbScale
 70
     0
300
1:50
140
1.0
141
50.0
290
     0
  0
SCALE
  5
53
102
{ACAD_REACTORS
330
47
102
}
330
47
100
AcDbScale
 70
     0
300
1:100
140
1.0
141
100.0
290
     0
  0
SCALE
  5
54
102
{ACAD_REACTORS
330
47
102
}
330
47
100
AcDbScale
 70
     0
300
2:1
140
2.0
141
1.0
290
     0
  0
SCALE
  5
55
102
{ACAD_REACTORS
330
47
102
}
330
47
100
AcDbScale
 70
     0
300
4:1
140
4.0
141
1.0
290
     0
  0
SCALE
  5
56
102
{ACAD_REACTORS
330
47
102
}
330
47
100
AcDbScale
 70
     0
300
8:1
140
8.0
141
1.0
290
     0
  0
SCALE
  5
57
102
{ACAD_REACTORS
330
47
102
}
330
47
100
AcDbScale
 70
     0
300
10:1
140
10.0
141
1.0
290
     0
  0
SCALE
  5
58
102
{ACAD_REACTORS
330
47
102
}
330
47
100
AcDbScale
 70
     0
300
100:1
140
100.0
141
1.0
290
     0
  0
ENDSEC
  0
EOF
