Name,VDS_A,,,Name,VDS_B,,,Name,V_MR,,,Name,VOUT_RF,,,
Date,12/23/2025,,,Date,12/23/2025,,,Date,12/23/2025,,,Date,12/23/2025,,,
Time,11:01:32 PM,,,Time,11:04:07 PM,,,Time,11:13:04 PM,,,Time,11:15:56 PM,,,
Instrument,FPC1000 - 101228/002,,,Instrument,FPC1000 - 101228/002,,,Instrument,FPC1000 - 101228/002,,,Instrument,FPC1000 - 101228/002,,,
Firmware Version,V1.90,,,Firmware Version,V1.90,,,Firmware Version,V1.90,,,Firmware Version,V1.90,,,
Country of Origin,Czech Republic,,,Country of Origin,Czech Republic,,,Country of Origin,Czech Republic,,,Country of Origin,Czech Republic,,,
Instrument Mode,Spectrum Analyzer,,,Instrument Mode,Spectrum Analyzer,,,Instrument Mode,Spectrum Analyzer,,,Instrument Mode,Spectrum Analyzer,,,
Meas Mode,Spectrum,,,Meas Mode,Spectrum,,,Meas Mode,Spectrum,,,Meas Mode,Spectrum,,,
Uplink,- - -,,,Uplink,- - -,,,Uplink,- - -,,,Uplink,- - -,,,
Downlink,- - -,,,Downlink,- - -,,,Downlink,- - -,,,Downlink,- - -,,,
Channel,- - -,,,Channel,- - -,,,Channel,- - -,,,Channel,- - -,,,
Center Frequency,30000000,Hz,,Center Frequency,30000000,Hz,,Center Frequency,30000000,Hz,,Center Frequency,30000000,Hz,,
Frequency Offset,0,Hz,,Frequency Offset,0,Hz,,Frequency Offset,0,Hz,,Frequency Offset,0,Hz,,
Span,60000000,Hz,,Span,60000000,Hz,,Span,60000000,Hz,,Span,60000000,Hz,,
Ref Level,-67,dBm,,Ref Level,-67,dBm,,Ref Level,0.00009988,V,,Ref Level,39.99,dBµV,,
Ref Offset,0,dB,,Ref Offset,0,dB,,Ref Offset,0,dB,,Ref Offset,0,dB,,
Ref Position,0.30,,,Ref Position,0.30,,,Ref Position,0.30,,,Ref Position,0.30,,,
Range,150,dB,,Range,150,dB,,Range,150,dB,,Range,150,dB,,
RF Attenuation,Manual,,,RF Attenuation,Manual,,,RF Attenuation,Manual,,,RF Attenuation,Manual,,,
RF Attenuator,0,dB,,RF Attenuator,0,dB,,RF Attenuator,0,dB,,RF Attenuator,0,dB,,
Pre-Amplifier,Off,,,Pre-Amplifier,Off,,,Pre-Amplifier,Off,,,Pre-Amplifier,Off,,,
RF Input,50 Ω,,,RF Input,50 Ω,,,RF Input,50 Ω,,,RF Input,50 Ω,,,
RBW,10000,Hz,,RBW,10000,Hz,,RBW,10000,Hz,,RBW,10000,Hz,,
VBW,1000,Hz,,VBW,1000,Hz,,VBW,1000,Hz,,VBW,1000,Hz,,
SWT,15,s,,SWT,15,s,,SWT,15,s,,SWT,15,s,,
Trigger Mode,Free Run,,,Trigger Mode,Free Run,,,Trigger Mode,Free Run,,,Trigger Mode,Free Run,,,
Trigger Level,- - -,,,Trigger Level,- - -,,,Trigger Level,- - -,,,Trigger Level,- - -,,,
Trigger Delay,- - -,,,Trigger Delay,- - -,,,Trigger Delay,- - -,,,Trigger Delay,- - -,,,
Trace Mode,Clear / Write,,,Trace Mode,Clear / Write,,,Trace Mode,Clear / Write,,,Trace Mode,Clear / Write,,,
Trace Math,Off,,,Trace Math,Off,,,Trace Math,Off,,,Trace Math,Off,,,
Trace Detector,Auto Peak,,,Trace Detector,Auto Peak,,,Trace Detector,Auto Peak,,,Trace Detector,Auto Peak,,,
Primary Transducer,- - -,,,Primary Transducer,- - -,,,Primary Transducer,- - -,,,Primary Transducer,- - -,,,
Secondary Transducer,- - -,,,Secondary Transducer,- - -,,,Secondary Transducer,- - -,,,Secondary Transducer,- - -,,,
Isotropic Antenna,Off,,,Isotropic Antenna,Off,,,Isotropic Antenna,Off,,,Isotropic Antenna,Off,,,
Limit Line 1,- - -,,,Limit Line 1,- - -,,,Limit Line 1,- - -,,,Limit Line 1,- - -,,,
Result Limit Line 1,- - -,,,Result Limit Line 1,- - -,,,Result Limit Line 1,- - -,,,Result Limit Line 1,- - -,,,
Limit Line 2,- - -,,,Limit Line 2,- - -,,,Limit Line 2,- - -,,,Limit Line 2,- - -,,,
Result Limit Line 2,- - -,,,Result Limit Line 2,- - -,,,Result Limit Line 2,- - -,,,Result Limit Line 2,- - -,,,
Marker 1,6780000,Hz,,Marker 1,6780000,Hz,,Marker 1,6780000,Hz,,Marker 1,6780000,Hz,,
Marker 1 Value,-37.97,dBm,,Marker 1 Value,-38.06,dBm,,Marker 1 Value,0.00005901,V,,Marker 1 Value,74.34,dBµV,,
Marker 2,13560000,Hz,,Marker 2,13560000,Hz,,Marker 2,13560000,Hz,,Marker 2,13560000,Hz,,
Marker 2 Value,-60.52,dBm,,Marker 2 Value,-54.14,dBm,,Marker 2 Value,0.02271,V,,Marker 2 Value,40.39,dBµV,,
Marker 3,20340000,Hz,,Marker 3,20340000,Hz,,Marker 3,20340000,Hz,,Marker 3,20340000,Hz,,
Marker 3 Value,-25.7,dBm,,Marker 3 Value,-25.47,dBm,,Marker 3 Value,0.00021318,V,,Marker 3 Value,58.06,dBµV,,
Marker 4,27340000,Hz,,Marker 4,27340000,Hz,,Marker 4,27340000,Hz,,Marker 4,27340000,Hz,,
Marker 4 Value,-100.84,dBm,,Marker 4 Value,-100.93,dBm,,Marker 4 Value,0.00000177,V,,Marker 4 Value,3.96,dBµV,,
Marker 5,10114521.3,Hz,,Marker 5,10114521.3,Hz,,Marker 5,10114521.3,Hz,,Marker 5,10114521.3,Hz,,
Marker 5 Value,-100.44,dBm,,Marker 5 Value,-100.55,dBm,,Marker 5 Value,0.00000252,V,,Marker 5 Value,7.68,dBµV,,

Frequency [Hz],Maximum [dBm],Minimum [dBm],,Frequency [Hz],Maximum [dBm],Minimum [dBm],,Frequency [Hz],Maximum [V],Minimum [V],,Frequency [Hz],Maximum [dBµV],Minimum [dBµV],,
0,8.53883361816406,-50.9313354492188,,0,8.47857093811035,-52.0743865966797,,0,0.589612961356364,0.00057809461754073,,0,115.474244797389,55.8332211615243,,
50761.421319797,-61.4585113525391,-78.234245300293,,50761.421319797,-61.3298721313477,-75.4331970214844,,50761.421319797,0.000195889540399165,3.63490507717138E-05,,50761.421319797,46.0780408026375,32.482085907618,,
101522.842639594,-68.2980041503906,-80.3460845947266,,101522.842639594,-67.8841247558594,-79.9061279296875,,101522.842639594,9.8131901160422E-05,1.79304480648806E-05,,101522.842639594,40.4769131781258,28.8257748724618,,
152284.263959391,-70.5133285522461,-84.5836486816406,,152284.263959391,-69.9960021972656,-83.3751525878906,,152284.263959391,5.51619608584004E-05,1.33739470476333E-05,,152284.263959391,37.1447903753914,23.5286404730477,,
203045.685279188,-73.4014663696289,-82.21630859375,,203045.685279188,-73.657470703125,-86.0665664672852,,203045.685279188,4.94227592553682E-05,1.14450821241611E-05,,203045.685279188,35.9248349310555,21.7177197577157,,
253807.106598985,-75.6848526000977,-86.014533996582,,253807.106598985,-76.7779998779297,-88.1060409545898,,253807.106598985,3.94772280742964E-05,9.92828472318924E-06,,253807.106598985,31.5277936102547,20.7456357123055,,
304568.527918782,-76.1744537353516,-88.3386154174805,,304568.527918782,-76.4336547851563,-88.7709808349609,,304568.527918782,3.41869821413365E-05,9.00241523571588E-06,,304568.527918782,29.1040036322274,19.4117123724618,,
355329.949238579,-77.8427886962891,-89.1545944213867,,355329.949238579,-75.3827209472656,-89.565803527832,,355329.949238579,2.50859442049846E-05,6.86386635241305E-06,,355329.949238579,30.2099682928719,15.6626736761727,,
406091.370558376,-80.5520172119141,-92.226448059082,,406091.370558376,-79.8459091186523,-88.7152328491211,,406091.370558376,2.35979379869959E-05,5.68990736190137E-06,,406091.370558376,28.2184598089852,16.1234585882821,,
456852.791878173,-80.5125961303711,-90.6401138305664,,456852.791878173,-81.2068405151367,-89.8973007202148,,456852.791878173,2.24766050526431E-05,6.96524974182065E-06,,456852.791878173,26.3961331488289,15.8077542425789,,
507614.213197969,-81.5479125976563,-93.6619186401367,,507614.213197969,-80.4623107910156,-93.3556137084961,,507614.213197969,1.8179907161655E-05,5.04732069168421E-06,,507614.213197969,26.75589724795,14.5001675726571,,
558375.634517766,-81.846061706543,-94.4397430419922,,558375.634517766,-82.7808532714844,-93.1716461181641,,558375.634517766,1.86668418530819E-05,4.75987036468215E-06,,558375.634517766,25.33695193545,9.91839572207113,,
609137.055837563,-82.4603958129883,-93.4763336181641,,609137.055837563,-82.2445297241211,-94.3084411621094,,609137.055837563,1.70040014668622E-05,4.70413738933173E-06,,609137.055837563,26.0897061468758,8.84410830752034,,
659898.47715736,-84.2621765136719,-95.0802612304688,,659898.47715736,-83.2643890380859,-95.3219909667969,,659898.47715736,1.40211927444387E-05,2.65479071625243E-06,,659898.47715736,23.1757504583993,9.528472626368,,
710659.898477157,-84.7564392089844,-93.4033050537109,,710659.898477157,-84.368293762207,-95.9462203979492,,710659.898477157,1.59168727358236E-05,2.96024706168774E-06,,710659.898477157,22.5013577582039,11.3617856146493,,
761421.319796954,-84.633659362793,-96.0435180664063,,761421.319796954,-84.8919143676758,-95.4457244873047,,761421.319796954,1.41492916007576E-05,3.19481440904895E-06,,761421.319796954,23.2375332953133,11.1024090887703,,
812182.741116751,-85.3506393432617,-97.2036666870117,,812182.741116751,-85.0976486206055,-95.409065246582,,812182.741116751,1.03578643594802E-05,3.16795737094445E-06,,812182.741116751,22.4644314886727,8.30835696474691,,
862944.162436548,-84.1775360107422,-97.9404067993164,,862944.162436548,-86.0309143066406,-98.7214126586914,,862944.162436548,1.16131330953623E-05,2.91612645131843E-06,,862944.162436548,21.2827679754891,9.60248538271566,,
913705.583756345,-86.3348159790039,-97.7747573852539,,913705.583756345,-85.6396560668945,-98.7418670654297,,913705.583756345,1.0446446115706E-05,3.67058273418586E-06,,913705.583756345,21.9332043768563,7.3345028998055,,
964467.005076142,-79.9190292358398,-90.0864944458008,,964467.005076142,-78.0781021118164,-87.3998260498047,,964467.005076142,2.43633095891422E-05,5.86180405950883E-06,,964467.005076142,25.8751294256844,16.3523022772469,,
1015228.42639594,-87.0134658813477,-97.4603881835938,,1015228.42639594,-87.5818405151367,-96.6768188476563,,1015228.42639594,1.05899227797958E-05,2.71430462155619E-06,,1015228.42639594,19.536773407618,7.28971835390706,,
1065989.84771574,-86.7143096923828,-97.5367202758789,,1065989.84771574,-87.4586715698242,-97.9240798950195,,1065989.84771574,1.04110143131609E-05,2.38082603317356E-06,,1065989.84771574,19.0302884222664,6.53775759951253,,
1116751.26903553,-86.3676071166992,-98.3071060180664,,1116751.26903553,-87.5032043457031,-100.628326416016,,1116751.26903553,8.14151394784303E-06,2.51050996283194E-06,,1116751.26903553,20.3820035101571,6.67662783877034,,
1167512.69035533,-88.8563079833984,-99.1732711791992,,1167512.69035533,-87.5053405761719,-100.593246459961,,1167512.69035533,9.45078031825805E-06,1.84152620718202E-06,,1167512.69035533,18.0650021673836,7.98689242617269,,
1218274.11167513,-87.9576034545898,-100.26392364502,,1218274.11167513,-88.4653091430664,-97.9922027587891,,1218274.11167513,8.9050360656939E-06,1.79976824469849E-06,,1218274.11167513,19.5071560980477,6.00764437929769,,
1269035.53299492,-88.0287017822266,-98.7221450805664,,1269035.53299492,-89.4149856567383,-103.054252624512,,1269035.53299492,7.62245627428745E-06,1.8840792580856E-06,,1269035.53299492,17.4758755804696,8.53393527285238,,
1319796.95431472,-89.2374725341797,-100.553405761719,,1319796.95431472,-90.0076293945313,-101.302673339844,,1319796.95431472,7.96673183323698E-06,1.89728351920664E-06,,1319796.95431472,18.2576901556649,5.94818087832113,,
1370558.37563452,-88.4916229248047,-102.146408081055,,1370558.37563452,-89.4552612304688,-100.232116699219,,1370558.37563452,7.85737337831207E-06,1.46949859694824E-06,,1370558.37563452,17.0147397162118,3.66914340273519,,
1421319.79695431,-89.7523345947266,-100.80549621582,,1421319.79695431,-89.195068359375,-100.093200683594,,1421319.79695431,7.08704185905952E-06,2.35150283307976E-06,,1421319.79695431,17.3786618353524,3.15332003847738,,
1472081.21827411,-90.0595092773438,-103.557373046875,,1472081.21827411,-90.4719390869141,-101.103271484375,,1472081.21827411,6.49152352755048E-06,1.42546260063892E-06,,1472081.21827411,17.2628781439461,5.44165011660238,,
1522842.63959391,-89.6479034423828,-100.302825927734,,1522842.63959391,-91.2342681884766,-105.202987670898,,1522842.63959391,6.92378321610309E-06,1.39798482826769E-06,,1522842.63959391,16.6065365912118,4.99241610781331,,
1573604.06091371,-88.8521347045898,-101.586639404297,,1573604.06091371,-90.8616256713867,-100.577987670898,,1573604.06091371,6.51287239600591E-06,1.77852460186815E-06,,1573604.06091371,17.2538830877938,5.51238986269613,,
1624365.4822335,-90.1807022094727,-103.661582946777,,1624365.4822335,-89.7266616821289,-100.84937286377,,1624365.4822335,6.18211270965198E-06,1.77396883314727E-06,,1624365.4822335,16.5838849188485,5.75636264101644,,
1675126.9035533,-90.1920776367188,-102.782989501953,,1675126.9035533,-88.7865829467773,-102.99169921875,,1675126.9035533,6.60661625791862E-06,1.80930702580873E-06,,1675126.9035533,16.0049740912118,3.72936221377034,,
1725888.3248731,-90.7842407226563,-102.995544433594,,1725888.3248731,-90.6302032470703,-102.382301330566,,1725888.3248731,5.52926462353708E-06,1.56160321890621E-06,,1725888.3248731,15.3089062811532,3.15793582216878,,
1776649.74619289,-90.9445343017578,-102.550025939941,,1776649.74619289,-91.712890625,-102.658782958984,,1776649.74619289,5.73630539598296E-06,1.17927634427315E-06,,1776649.74619289,14.6022717596688,1.53246279970784,,
1827411.16751269,-90.4321594238281,-103.322525024414,,1827411.16751269,-90.7142333984375,-103.676330566406,,1827411.16751269,5.95150122652916E-06,1.55117517061997E-06,,1827411.16751269,16.0011593939461,4.88963290468831,,
1878172.58883249,-91.4019317626953,-101.627258300781,,1878172.58883249,-92.2465972900391,-102.54759979248,,1878172.58883249,6.26715302220473E-06,1.07825553579462E-06,,1878172.58883249,15.9177319647469,4.16260501162191,,
1928934.01015228,-90.7250061035156,-104.433891296387,,1928934.01015228,-91.9265060424805,-102.231651306152,,1928934.01015228,6.01717983857334E-06,1.34549535779224E-06,,1928934.01015228,15.1847607733407,3.16266604677816,,
1979695.43147208,-92.2754211425781,-102.151756286621,,1979695.43147208,-92.7730331420898,-102.624061584473,,1979695.43147208,5.94720569078651E-06,1.68640649655927E-06,,1979695.43147208,15.2505566717782,3.77673312441488,,
2030456.85279188,-92.5879211425781,-104.392204284668,,2030456.85279188,-91.8821563720703,-104.73176574707,,2030456.85279188,5.5130233651761E-06,1.5671931125775E-06,,2030456.85279188,15.2513119818368,0.790595734278156,,
2081218.27411168,-91.1318359375,-106.271667480469,,2081218.27411168,-91.4401779174805,-103.047721862793,,2081218.27411168,5.19877677831589E-06,1.67923608007772E-06,,2081218.27411168,13.2178570868172,1.93208285586019,,
2131979.69543147,-91.6628875732422,-106.32006072998,,2131979.69543147,-92.6675872802734,-106.095657348633,,2131979.69543147,4.9209031387046E-06,1.28461511316444E-06,,2131979.69543147,15.1236188055672,3.34950228945394,,
2182741.11675127,-92.4237747192383,-103.62525177002,,2182741.11675127,-93.1419982910156,-104.538284301758,,2182741.11675127,4.52817358299795E-06,1.37592030113143E-06,,2182741.11675127,15.8920895697274,4.94844790712972,,
2233502.53807107,-92.3234100341797,-104.868003845215,,2233502.53807107,-94.3660354614258,-107.198112487793,,2233502.53807107,5.24275381639671E-06,1.41507955005978E-06,,2233502.53807107,13.8841549994149,2.09600802675863,,
2284263.95939086,-93.9637603759766,-104.666168212891,,2284263.95939086,-93.029167175293,-105.356643676758,,2284263.95939086,5.09812874499989E-06,1.4157521503933E-06,,2284263.95939086,13.7180859686532,3.14645358339925,,
2335025.38071066,-93.3488464355469,-103.666107177734,,2335025.38071066,-93.3148803710938,-105.745750427246,,2335025.38071066,4.51040570916022E-06,1.28845388613433E-06,,2335025.38071066,13.3919140936532,2.31820651308675,,
2385786.80203046,-92.4238510131836,-102.811363220215,,2385786.80203046,-92.0087890625,-103.056053161621,,2385786.80203046,4.88808964132392E-06,1.58243517959372E-06,,2385786.80203046,14.4426266791024,2.59428378359456,,
2436548.22335025,-94.0093307495117,-104.565696716309,,2436548.22335025,-92.324821472168,-104.516334533691,,2436548.22335025,5.33662491440265E-06,1.12505009663542E-06,,2436548.22335025,14.9718014837899,1.79680606142659,,
2487309.64467005,-93.1597061157227,-105.874938964844,,2487309.64467005,-93.6135482788086,-104.810424804688,,2487309.64467005,4.42908714930672E-06,1.1546683498063E-06,,2487309.64467005,13.4300000311532,1.47176333681722,,
2538071.06598985,-94.3065948486328,-104.009452819824,,2538071.06598985,-94.7838745117188,-104.978370666504,,2538071.06598985,5.01041084070765E-06,1.27073951613884E-06,,2538071.06598985,13.8240887762703,1.06478854433675,,
2588832.48730964,-92.5923919677734,-104.10871887207,,2588832.48730964,-93.0448379516602,-106.34326171875,,2588832.48730964,5.01752786954491E-06,1.14406596690247E-06,,2588832.48730964,13.7940060736336,1.00672885195394,,
2639593.90862944,-94.3699035644531,-104.422019958496,,2639593.90862944,-93.19287109375,-104.476066589355,,2639593.90862944,4.3974552926124E-06,1.37028546785255E-06,,2639593.90862944,12.8900296332039,2.10385867373128,,
2690355.32994924,-92.4651107788086,-105.121192932129,,2690355.32994924,-94.2492599487305,-105.288566589355,,2690355.32994924,5.05766997037101E-06,1.05657934496625E-06,,2690355.32994924,12.6706540228524,-0.643921172460125,,
2741116.75126904,-93.7568817138672,-104.793090820313,,2741116.75126904,-93.480339050293,-105.421035766602,,2741116.75126904,4.71771803702449E-06,1.09300338586997E-06,,2741116.75126904,14.9348828436532,1.82630893007894,,
2791878.17258883,-94.2904663085938,-106.586502075195,,2791878.17258883,-94.1168441772461,-106.050483703613,,2791878.17258883,4.94376949976782E-06,1.20357014560863E-06,,2791878.17258883,13.2899167181649,1.36512728945394,,
2842639.59390863,-93.7882385253906,-107.937858581543,,2842639.59390863,-93.0197982788086,-106.439292907715,,2842639.59390863,4.81705480296872E-06,1.27077411803582E-06,,2842639.59390863,12.6973111273446,1.39880343691487,,
2893401.01522843,-94.6932220458984,-105.15495300293,,2893401.01522843,-93.9985046386719,-104.285102844238,,2893401.01522843,4.56117839411577E-06,9.08692860402897E-07,,2893401.01522843,13.716705048243,-0.929397857030438,,
2944162.43654822,-93.8948593139648,-105.08243560791,,2944162.43654822,-95.7186584472656,-105.984268188477,,2944162.43654822,4.92916576869742E-06,1.07947230276908E-06,,2944162.43654822,12.8385922552743,3.31733676211019,,
2994923.85786802,-94.3554077148438,-108.210334777832,,2994923.85786802,-94.3941955566406,-106.861808776855,,2994923.85786802,4.27793286309645E-06,8.0468428584616E-07,,2994923.85786802,13.727203095118,2.18514987246175,,
3045685.27918782,-95.144889831543,-107.20043182373,,3045685.27918782,-95.0210266113281,-106.502243041992,,3045685.27918782,4.57230566057142E-06,1.21221597610146E-06,,3045685.27918782,12.9935757757821,1.92466708437581,,
3096446.70050761,-94.8471603393555,-107.530326843262,,3096446.70050761,-93.9712600708008,-104.269882202148,,3096446.70050761,4.15227874795539E-06,9.56269106271972E-07,,3096446.70050761,12.7209927679696,1.765777313868,,
3147208.12182741,-93.9925079345703,-104.800231933594,,3147208.12182741,-94.048095703125,-108.603149414063,,3147208.12182741,3.68520736870424E-06,1.15503251291907E-06,,3147208.12182741,11.9510953070321,0.85556002871175,,
3197969.54314721,-94.8368530273438,-104.374664306641,,3197969.54314721,-94.7247009277344,-107.881820678711,,3197969.54314721,4.21570571543617E-06,1.15300723593422E-06,,3197969.54314721,12.7527463080086,0.0617215277351875,,
3248730.964467,-93.6827239990234,-104.252105712891,,3248730.964467,-94.9799957275391,-109.408096313477,,3248730.964467,4.18994566254552E-06,8.44852098189298E-07,,3248730.964467,12.7578885199227,1.36320468203206,,
3299492.3857868,-94.7675170898438,-107.442474365234,,3299492.3857868,-95.0602874755859,-107.204895019531,,3299492.3857868,3.98445096081842E-06,9.66496947629915E-07,,3299492.3857868,12.5808407904305,-0.499374663671063,,
3350253.8071066,-94.7524261474609,-107.918182373047,,3350253.8071066,-95.6060943603516,-106.296142578125,,3350253.8071066,3.60091186982511E-06,1.07640742818776E-06,,3350253.8071066,12.6939084173836,1.33489962832112,,
3401015.2284264,-94.9336395263672,-107.15185546875,,3401015.2284264,-94.8727340698242,-105.509017944336,,3401015.2284264,3.6299468834962E-06,1.10815247146024E-06,,3401015.2284264,11.8546597601571,0.163947785059406,,
3451776.64974619,-94.9066390991211,-106.79655456543,,3451776.64974619,-95.2107315063477,-107.814186096191,,3451776.64974619,4.09538519146329E-06,1.00186296023601E-06,,3451776.64974619,11.449126923243,-2.08618191464763,,
3502538.07106599,-94.5272064208984,-106.204574584961,,3502538.07106599,-95.2749557495117,-105.697692871094,,3502538.07106599,4.64457130278973E-06,1.00584317864272E-06,,3502538.07106599,12.6707760931649,0.543899262110187,,
3553299.49238579,-94.7003021240234,-108.53197479248,,3553299.49238579,-95.7383117675781,-106.929336547852,,3553299.49238579,4.20178719360336E-06,1.23002388632382E-06,,3553299.49238579,11.2878415228524,0.100303375879719,,
3604060.91370558,-94.8584060668945,-108.5859375,,3604060.91370558,-95.8542404174805,-107.737731933594,,3604060.91370558,3.50571123027763E-06,1.08837326238579E-06,,3604060.91370558,11.1132199408211,0.510749542871906,,
3654822.33502538,-94.8957138061523,-109.038261413574,,3654822.33502538,-97.1925582885742,-107.973007202148,,3654822.33502538,3.85776475222264E-06,9.98185155343736E-07,,3654822.33502538,12.8239133001961,-0.365486419042156,,
3705583.75634518,-96.4317092895508,-108.166603088379,,3705583.75634518,-95.931396484375,-110.280746459961,,3705583.75634518,3.76267458419755E-06,1.1120947780569E-06,,3705583.75634518,12.8317105414071,-1.16400173886638,,
3756345.17766497,-95.7418823242188,-107.94091796875,,3756345.17766497,-95.4283905029297,-107.287384033203,,3756345.17766497,3.21459468463488E-06,1.084229304224E-06,,3756345.17766497,11.8356320501961,1.29911776796956,,
3807106.59898477,-96.5735626220703,-106.689498901367,,3807106.59898477,-94.8326034545898,-110.197822570801,,3807106.59898477,3.44278763184967E-06,8.34920183818719E-07,,3807106.59898477,11.7760617376961,0.318862641016437,,
3857868.02030457,-94.7005615234375,-106.927749633789,,3857868.02030457,-96.4136734008789,-110.208839416504,,3857868.02030457,3.64889715334867E-06,1.08427787519788E-06,,3857868.02030457,11.3767392279305,1.23564120546956,,
3908629.44162437,-94.0562210083008,-107.794059753418,,3908629.44162437,-96.3671112060547,-107.778739929199,,3908629.44162437,3.86938114947983E-06,1.0770950118287E-06,,3908629.44162437,10.817664826075,-0.812996184667156,,
3959390.86294416,-95.6957931518555,-108.075500488281,,3959390.86294416,-96.6815490722656,-109.670753479004,,3959390.86294416,3.59701725957236E-06,9.75541146325304E-07,,3959390.86294416,11.1670224310555,-2.26941708310466,,
4010152.28426396,-96.0292587280273,-107.63126373291,,4010152.28426396,-95.7584838867188,-109.074073791504,,4010152.28426396,3.09410708959429E-06,1.00154708901153E-06,,4010152.28426396,10.5587842108407,-0.376701629003094,,
4060913.70558376,-95.5403137207031,-106.662498474121,,4060913.70558376,-96.2188415527344,-107.125518798828,,4060913.70558376,3.6022626901312E-06,1.15208194208493E-06,,4060913.70558376,11.5378872992196,0.739608490625812,,
4111675.12690355,-96.0422592163086,-107.424873352051,,4111675.12690355,-95.843132019043,-108.873886108398,,4111675.12690355,3.24626948065412E-06,8.68934329106761E-07,,4111675.12690355,11.7103955389657,0.677345001856281,,
4162436.54822335,-97.202995300293,-108.666091918945,,4162436.54822335,-96.5517578125,-106.974853515625,,4162436.54822335,3.20379849626978E-06,8.10396386866184E-07,,4162436.54822335,10.5716015936532,-0.329841887792156,,
4213197.96954315,-96.3992538452148,-107.390007019043,,4213197.96954315,-95.0380401611328,-108.32088470459,,4213197.96954315,3.08168745927257E-06,8.87783407023637E-07,,4213197.96954315,11.2123944403328,-1.61386898740153,,
4263959.39086294,-95.388801574707,-106.733627319336,,4263959.39086294,-96.6309127807617,-106.967346191406,,4263959.39086294,3.47602386892481E-06,8.30614001728758E-07,,4263959.39086294,11.45902224795,-0.648521697362469,,
4314720.81218274,-97.4482879638672,-107.362579345703,,4314720.81218274,-97.7483520507813,-109.439186096191,,4314720.81218274,3.45610089179989E-06,9.08799022598419E-07,,4314720.81218274,10.4369885565438,-1.96022061093669,,
4365482.23350254,-97.0487518310547,-107.140342712402,,4365482.23350254,-97.2953262329102,-107.358612060547,,4365482.23350254,3.16280535579666E-06,9.07618367419676E-07,,4365482.23350254,11.1671139837899,-0.201065337499188,,
4416243.65482233,-95.2680511474609,-108.009925842285,,4416243.65482233,-97.3397903442383,-109.615570068359,,4416243.65482233,3.63444853846543E-06,8.07806643205461E-07,,4416243.65482233,11.2290722967782,1.11576052920003,,
4467005.07614213,-97.3261337280273,-106.759834289551,,4467005.07614213,-97.2045745849609,-106.878509521484,,4467005.07614213,3.36129920817746E-06,4.86861442840357E-07,,4467005.07614213,11.3067547918953,-0.45205715878825,,
4517766.49746193,-97.4790725708008,-110.116416931152,,4517766.49746193,-97.8724670410156,-107.143020629883,,4517766.49746193,3.70704687570611E-06,7.74497719210079E-07,,4517766.49746193,12.0584027411141,0.566207611719562,,
4568527.91878173,-97.7423782348633,-108.630958557129,,4568527.91878173,-97.6196670532227,-109.662452697754,,4568527.91878173,3.28618172135757E-06,8.83613507002379E-07,,4568527.91878173,10.0054852606453,1.75736972109456,,
4619289.34010152,-95.4263381958008,-109.037528991699,,4619289.34010152,-97.4995574951172,-112.41911315918,,4619289.34010152,3.3716723853186E-06,8.68584071268281E-07,,4619289.34010152,10.9329373480477,-1.62101773007731,,
4670050.76142132,-96.9553527832031,-108.101211547852,,4670050.76142132,-97.5356369018555,-110.673446655273,,4670050.76142132,3.25264579436149E-06,9.77667672843441E-07,,4670050.76142132,11.2004391791024,-3.97496060117106,,
4720812.18274112,-96.7455749511719,-110.624710083008,,4720812.18274112,-96.1086273193359,-107.737060546875,,4720812.18274112,3.24851146619727E-06,8.25229692562984E-07,,4720812.18274112,11.5376126410164,-0.258545195897625,,
4771573.60406091,-95.8444137573242,-107.300415039063,,4771573.60406091,-96.1755752563477,-109.991760253906,,4771573.60406091,3.24844869236314E-06,9.32394924672872E-07,,4771573.60406091,11.7086636664071,-2.25901821835856,,
4822335.02538071,-96.9748992919922,-109.836318969727,,4822335.02538071,-97.164176940918,-109.797676086426,,4822335.02538071,3.35182340710889E-06,1.16659593148498E-06,,4822335.02538071,11.3198697210946,0.728393280664875,,
4873096.44670051,-98.3396072387695,-111.418899536133,,4873096.44670051,-96.8866729736328,-107.772758483887,,4873096.44670051,3.45273591389284E-06,1.01662803167562E-06,,4873096.44670051,10.1016385199227,-0.0175478814445,,
4923857.8680203,-95.1558685302734,-109.104965209961,,4923857.8680203,-98.0076293945313,-108.066101074219,,4923857.8680203,3.25314866789203E-06,9.14192834283862E-07,,4923857.8680203,10.5038296820321,-1.82911709531169,,
4974619.2893401,-95.4276733398438,-107.379043579102,,4974619.2893401,-96.2167358398438,-108.304473876953,,4974619.2893401,3.13692269496655E-06,7.89251904912969E-07,,4974619.2893401,10.2075192572274,-0.579437529882,,
5025380.7106599,-97.5270233154297,-107.72216796875,,5025380.7106599,-95.0582122802734,-109.047622680664,,5025380.7106599,3.42941721197866E-06,9.04235697774785E-07,,5025380.7106599,11.092193329493,-0.137596404393719,,
5076142.1319797,-96.0539474487305,-106.707321166992,,5076142.1319797,-97.8546371459961,-107.622467041016,,5076142.1319797,2.96288482060541E-06,8.14867548014349E-07,,5076142.1319797,11.1249844671883,1.09368869082112,,
5126903.55329949,-96.7470016479492,-108.350540161133,,5126903.55329949,-97.0532608032227,-110.477684020996,,5126903.55329949,2.77238251383866E-06,8.75289317514881E-07,,5126903.55329949,11.5248028875985,-1.2572939751945,,
5177664.97461929,-96.2769927978516,-107.826614379883,,5177664.97461929,-96.1219863891602,-107.542137145996,,5177664.97461929,3.13454846683916E-06,8.65432776039169E-07,,5177664.97461929,11.0397259833016,-0.323044097264813,,
5228426.39593909,-95.6077346801758,-106.746078491211,,5228426.39593909,-98.000602722168,-108.673553466797,,5228426.39593909,7.07831975235509E-05,9.4753756625777E-07,,5228426.39593909,12.0695721747078,0.06613131777425,,
5279187.81725888,-94.8861389160156,-108.57347869873,,5279187.81725888,-96.267951965332,-108.987510681152,,5279187.81725888,3.29881694619061E-06,6.7375954400069E-07,,5279187.81725888,12.2146603705086,0.625961029688312,,
5329949.23857868,-95.4020462036133,-108.709251403809,,5329949.23857868,-97.0634918212891,-109.457046508789,,5329949.23857868,3.20843668842818E-06,9.50055238933684E-07,,5329949.23857868,11.9666974188485,0.977607453028156,,
5380710.65989848,-95.3370971679688,-106.388031005859,,5380710.65989848,-97.2417984008789,-110.796875,,5380710.65989848,3.09909003409532E-06,9.94160139257596E-07,,5380710.65989848,11.3306653143563,0.492957794825031,,
5431472.08121827,-96.3795013427734,-108.742248535156,,5431472.08121827,-97.131477355957,-106.847358703613,,5431472.08121827,3.31651043066789E-06,8.46278112700156E-07,,5431472.08121827,12.7534176947274,-1.46240261777263,,
5482233.50253807,-96.5351486206055,-105.956436157227,,5482233.50253807,-98.0414657592773,-109.18627166748,,5482233.50253807,3.38991742216534E-06,8.74931118462843E-07,,5482233.50253807,12.1872174383797,-0.462410247167156,,
5532994.92385787,-95.7469940185547,-107.804756164551,,5532994.92385787,-97.7810363769531,-108.341384887695,,5532994.92385787,3.43538370865645E-06,7.41730453842161E-07,,5532994.92385787,12.8450772406258,0.830856049219562,,
5583756.34517766,-95.6888885498047,-109.381622314453,,5583756.34517766,-96.9363250732422,-106.713996887207,,5583756.34517766,3.52340009243823E-06,7.8936352644788E-07,,5583756.34517766,12.9291455389657,2.14701815859456,,
5634517.76649746,-97.079231262207,-110.376182556152,,5634517.76649746,-96.7559280395508,-106.514747619629,,5634517.76649746,3.55068404408687E-06,9.38085324015776E-07,,5634517.76649746,11.8505856634774,0.418739044825031,,
5685279.18781726,-94.9604415893555,-105.78849029541,,5685279.18781726,-95.9838562011719,-107.648193359375,,5685279.18781726,3.04595734646792E-06,5.58565507277552E-07,,5685279.18781726,12.6583630682625,2.22815676943441,,
5736040.60913706,-96.9895095825195,-108.204986572266,,5736040.60913706,-96.2665252685547,-106.56282043457,,5736040.60913706,3.56025292388095E-06,9.95613393477835E-07,,5736040.60913706,13.4809567572274,3.25194522158284,,
5786802.03045685,-96.7786407470703,-106.869613647461,,5786802.03045685,-96.3782272338867,-107.369049072266,,5786802.03045685,2.96268963962547E-06,1.04482630837596E-06,,5786802.03045685,12.3309781195321,0.783187592188312,,
5837563.45177665,-95.9259338378906,-109.264602661133,,5837563.45177665,-95.4668426513672,-107.541366577148,,5837563.45177665,3.21055948241167E-06,9.01124424309325E-07,,5837563.45177665,13.3328625799813,0.0976941229500312,,
5888324.87309645,-81.9824295043945,-109.494689941406,,5888324.87309645,-84.9684371948242,-106.206146240234,,5888324.87309645,1.84638358936758E-05,1.01372823023047E-06,,5888324.87309645,13.7086331488289,3.50621768252034,,
5939086.29441624,-95.9830856323242,-106.992164611816,,5939086.29441624,-95.4926834106445,-108.099769592285,,5939086.29441624,3.54524590342522E-06,8.46492222377081E-07,,5939086.29441624,14.3247525335946,1.62586947695394,,
5989847.71573604,-95.351448059082,-112.077178955078,,5989847.71573604,-96.1316146850586,-107.840896606445,,5989847.71573604,2.88454722523314E-06,9.68829244568163E-07,,5989847.71573604,13.2414090277352,3.52497836367269,,
6040609.13705584,-95.2556610107422,-105.758422851563,,6040609.13705584,-96.448616027832,-105.97038269043,,6040609.13705584,3.27857026386143E-06,1.00637430169375E-06,,6040609.13705584,15.5912930609383,3.01032229677816,,
6091370.55837563,-94.6828460693359,-105.057571411133,,6091370.55837563,-95.5548553466797,-106.651229858398,,6091370.55837563,3.19049575492297E-06,8.23755208414453E-07,,6091370.55837563,15.0698697210946,5.02168246523519,,
6142131.97969543,-95.3189544677734,-108.464073181152,,6142131.97969543,-96.0417251586914,-106.013526916504,,6142131.97969543,3.08213141481964E-06,8.19880286234309E-07,,6142131.97969543,16.8416745306649,4.27056857363363,,
6192893.40101523,-93.7274551391602,-106.849327087402,,6192893.40101523,-94.350830078125,-105.734962463379,,6192893.40101523,2.99057386348152E-06,9.48937671178803E-07,,6192893.40101523,15.7190549017586,4.47436496035238,,
6243654.82233503,-94.3327941894531,-106.57837677002,,6243654.82233503,-93.3691177368164,-106.153221130371,,6243654.82233503,3.22145485278858E-06,9.12023307513476E-07,,6243654.82233503,16.0549847723641,3.94114657656331,,
6294416.24365482,-93.5241165161133,-105.787078857422,,6294416.24365482,-93.7701416015625,-104.270004272461,,6294416.24365482,3.23546922054437E-06,7.92558694584758E-07,,6294416.24365482,18.1909100653328,5.26435061709066,,
6345177.66497462,-92.7939987182617,-105.725608825684,,6345177.66497462,-92.8954544067383,-104.726867675781,,6345177.66497462,3.04892588487697E-06,9.09941249632842E-07,,6345177.66497462,18.5850064398446,7.182525360743,,
6395939.08629442,-91.62646484375,-103.393676757813,,6395939.08629442,-91.9016189575195,-103.715240478516,,6395939.08629442,2.89219134288694E-06,9.25002746389121E-07,,6395939.08629442,19.6340863348641,8.34741946474691,,
6446700.50761421,-89.7896881103516,-100.85718536377,,6446700.50761421,-90.6564788818359,-101.441673278809,,6446700.50761421,3.14111365114901E-06,7.62548315536444E-07,,6446700.50761421,20.8990628363289,8.91676303164144,,
6497461.92893401,-90.5306625366211,-101.205932617188,,6497461.92893401,-88.8774490356445,-101.277687072754,,6497461.92893401,3.49605248122748E-06,8.85038865885675E-07,,6497461.92893401,21.8503872992196,10.0960385443368,,
6548223.35025381,-88.2935485839844,-99.0236740112305,,6548223.35025381,-86.721061706543,-100.128509521484,,6548223.35025381,3.36204330859252E-06,9.01721426185156E-07,,6548223.35025381,24.6664273382821,12.0185391546883,,
6598984.7715736,-85.1459732055664,-98.1059875488281,,6598984.7715736,-84.7612228393555,-97.7700653076172,,6598984.7715736,3.60002319887505E-06,9.07850388549287E-07,,6598984.7715736,27.5024258734383,14.9317166449227,,
6649746.1928934,-80.7901000976563,-95.5833587646484,,6649746.1928934,-79.5719604492188,-96.7945404052734,,6649746.1928934,3.58693996078183E-06,9.59420758972566E-07,,6649746.1928934,31.0480496527352,19.2769162298836,,
6700507.6142132,-72.5895233154297,-87.7698516845703,,6700507.6142132,-71.9382476806641,-88.0713348388672,,6700507.6142132,3.26472477095362E-06,7.3646288552116E-07,,6700507.6142132,39.4091336371102,22.2536618353524,,
6751269.03553299,-22.3176860809326,-77.925537109375,,6751269.03553299,-22.5121746063232,-82.2029113769531,,6751269.03553299,0.000354141772069888,1.1452805415056E-06,,6751269.03553299,90.0113694311776,33.3453824164071,,
6802030.45685279,-49.9668464660645,-84.2925109863281,,6802030.45685279,-49.9860725402832,-85.0309753417969,,6802030.45685279,1.49339035250047E-05,7.72545701876202E-07,,6802030.45685279,62.3184277655282,26.6505124212899,,
6852791.87817259,-77.8554077148438,-91.8405532836914,,6852791.87817259,-79.2860488891602,-91.97314453125,,6852791.87817259,3.42756515685326E-06,9.51185819637444E-07,,6852791.87817259,34.5175625921883,19.3378979803719,,
6903553.29949239,-82.6413269042969,-94.5532150268555,,6903553.29949239,-83.5722122192383,-96.3134460449219,,6903553.29949239,3.63268039136755E-06,7.78334519144335E-07,,6903553.29949239,29.4412839056649,17.7010113836922,,
6954314.72081218,-86.9810562133789,-98.3291015625,,6954314.72081218,-86.4912567138672,-99.4842987060547,,6954314.72081218,3.31494937031414E-06,9.86131880161886E-07,,6954314.72081218,24.8869092108407,9.95900698916097,,
7005076.14213198,-88.7285308837891,-100.607749938965,,7005076.14213198,-88.1296005249023,-100.261573791504,,7005076.14213198,8.65749823806749E-06,8.93589983410258E-07,,7005076.14213198,22.9053189398446,12.5402447821297,,
7055837.56345178,-91.0739898681641,-101.208618164063,,7055837.56345178,-90.8033218383789,-101.353820800781,,7055837.56345178,3.09021770381521E-06,8.18364322087948E-07,,7055837.56345178,21.3498150946297,7.96401187197347,,
7106598.98477157,-92.2600631713867,-101.924812316895,,7106598.98477157,-91.4461975097656,-102.435737609863,,7106598.98477157,2.79534084400024E-06,8.91244647278967E-07,,7106598.98477157,20.1188428045907,8.66446658388753,,
7157360.40609137,-93.082145690918,-105.494819641113,,7157360.40609137,-93.596565246582,-103.794082641602,,7157360.40609137,3.2346849435429E-06,6.43910741481051E-07,,7157360.40609137,19.6100613714852,6.73626681582113,,
7208121.82741117,-93.2551116943359,-106.531440734863,,7208121.82741117,-93.8359680175781,-103.216995239258,,7208121.82741117,3.69555425194292E-06,8.23515745203101E-07,,7208121.82741117,18.1692959906258,7.85389682070394,,
7258883.24873096,-94.6467590332031,-104.026420593262,,7258883.24873096,-94.3339309692383,-105.51806640625,,7258883.24873096,3.08327408228576E-06,7.80206585134618E-07,,7258883.24873096,17.0771481634774,3.22352572695394,,
7309644.67005076,-93.6454315185547,-104.665565490723,,7309644.67005076,-95.4142532348633,-105.067863464355,,7309644.67005076,3.11834338120108E-06,8.7142912821106E-07,,7309644.67005076,17.2608487250008,2.24896212832113,,
7360406.09137056,-95.482551574707,-107.986129760742,,7360406.09137056,-94.8463745117188,-106.253273010254,,7360406.09137056,3.37245729114953E-06,8.15428891124544E-07,,7360406.09137056,14.9038998724618,4.462310516993,,
7411167.51269036,-96.7387084960938,-110.194038391113,,7411167.51269036,-96.0489349365234,-107.118446350098,,7411167.51269036,2.84628109231922E-06,8.41812044419454E-07,,7411167.51269036,14.1440274359383,3.19472476259847,,
7461928.93401015,-96.0656051635742,-109.35977935791,,7461928.93401015,-96.4488372802734,-109.509994506836,,7461928.93401015,6.21232368017019E-05,9.29759887168499E-07,,7461928.93401015,15.7083584906258,2.58077975527425,,
7512690.35532995,-95.8124160766602,-107.875366210938,,7512690.35532995,-95.436767578125,-109.635459899902,,7512690.35532995,4.40060828561757E-05,7.37683272517184E-07,,7512690.35532995,13.7922665716805,3.98922702089925,,
7563451.77664975,-94.8447952270508,-107.961196899414,,7563451.77664975,-94.4390411376953,-109.337287902832,,7563451.77664975,2.83919470717348E-06,6.9305918936164E-07,,7563451.77664975,13.9719082953133,1.85284396425862,,
7614213.19796954,-81.9602661132813,-104.669151306152,,7614213.19796954,-84.4018936157227,-109.86930847168,,7614213.19796954,2.2241757402439E-05,1.12708368453136E-06,,7614213.19796954,14.2984692694344,2.01261111513753,,
7664974.61928934,-96.9941177368164,-109.168022155762,,7664974.61928934,-96.0737762451172,-108.87296295166,,7664974.61928934,2.70688337654047E-06,6.44598865894006E-07,,7664974.61928934,11.6959302069344,-0.263969695409344,,
7715736.04060914,-95.7822036743164,-108.624702453613,,7715736.04060914,-97.8937606811523,-107.461372375488,,7715736.04060914,2.94978685329436E-06,6.90686053924781E-07,,7715736.04060914,14.25882693545,0.867553436914875,,
7766497.46192893,-98.5543975830078,-110.572868347168,,7766497.46192893,-98.0493698120117,-110.001823425293,,7766497.46192893,3.02775190876797E-06,6.76581257833081E-07,,7766497.46192893,12.3270413519539,0.537955963770344,,
7817258.88324873,-97.2078552246094,-110.065071105957,,7817258.88324873,-96.2896347045898,-108.875640869141,,7817258.88324873,3.089775297459E-06,8.60279801626883E-07,,7817258.88324873,12.2889554144539,-1.734710967382,,
7868020.30456853,-98.0718307495117,-107.853485107422,,7868020.30456853,-97.0321426391602,-110.132095336914,,7868020.30456853,2.98557657828287E-06,7.41739575054862E-07,,7868020.30456853,11.3714520575203,0.661720001856281,,
7918781.72588832,-98.1692962646484,-108.286209106445,,7918781.72588832,-97.3769073486328,-109.122116088867,,7918781.72588832,2.74542320586708E-06,8.11269554431277E-07,,7918781.72588832,12.7260434271493,1.17246981875081,,
7969543.14720812,-97.2180328369141,-108.457817077637,,7969543.14720812,-98.1059646606445,-110.731483459473,,7969543.14720812,3.23719188722601E-06,7.73958434815393E-07,,7969543.14720812,11.2735440375008,1.77098056093831,,
8020304.56852792,-98.5483627319336,-107.734466552734,,8020304.56852792,-96.8186416625977,-111.485885620117,,8020304.56852792,2.82146166013553E-06,6.67602275925137E-07,,8020304.56852792,12.2399670721688,0.913322174707844,,
8071065.98984772,-99.1613922119141,-113.85725402832,,8071065.98984772,-97.8136215209961,-109.784408569336,,8071065.98984772,2.798785342408E-06,8.18301786805907E-07,,8071065.98984772,9.58441897646566,-3.28025082333903,,
8121827.41116751,-99.078254699707,-109.608612060547,,8121827.41116751,-96.878662109375,-109.03165435791,,8121827.41116751,3.02098579513597E-06,7.62123782521076E-07,,8121827.41116751,10.0911252142586,-0.141563689549969,,
8172588.83248731,-98.8038787841797,-109.012115478516,,8172588.83248731,-97.1849212646484,-109.979583740234,,8172588.83248731,2.76989732191223E-06,6.3395884752642E-07,,8172588.83248731,10.8183362127938,-2.36206845029216,,
8223350.25380711,-97.6067581176758,-109.835029602051,,8223350.25380711,-97.3137588500977,-110.248565673828,,8223350.25380711,3.16650239090944E-06,6.44139846028642E-07,,8223350.25380711,10.3789517523446,0.494338715235187,,
8274111.6751269,-99.5957946777344,-109.38623046875,,8274111.6751269,-99.7831497192383,-110.985694885254,,8274111.6751269,2.95265388502351E-06,6.44342996977942E-07,,8274111.6751269,10.3265072943368,-3.6852724908195,,
8324873.0964467,-98.3207931518555,-109.528259277344,,8324873.0964467,-96.4977569580078,-109.374954223633,,8324873.0964467,2.83508780973174E-06,7.0196547350283E-07,,8324873.0964467,9.46574374453206,-2.9704287408195,,
8375634.5177665,-97.6542510986328,-108.437637329102,,8375634.5177665,-99.5151519775391,-109.672622680664,,8375634.5177665,2.72509284491601E-06,7.549931741915E-07,,8375634.5177665,9.64764376894613,-1.47778347714763,,
8426395.93908629,-98.3507232666016,-108.562164306641,,8426395.93908629,-98.6354370117188,-109.864288330078,,8426395.93908629,2.67468116845854E-06,9.0072400543868E-07,,8426395.93908629,10.6563412787118,-1.952484404882,,
8477157.36040609,-99.6905517578125,-110.402206420898,,8477157.36040609,-97.3432769775391,-110.571411132813,,8477157.36040609,2.85685099905433E-06,6.64829104573592E-07,,8477157.36040609,10.6020657660164,-0.432937896092938,,
8527918.78172589,-99.2913055419922,-111.564895629883,,8527918.78172589,-98.6708221435547,-109.457916259766,,8527918.78172589,2.7016172873023E-06,7.90868142458409E-07,,8527918.78172589,10.0839841009774,-0.158310210546063,,
8578680.20304568,-99.2296295166016,-111.19465637207,,8578680.20304568,-98.9700012207031,-110.295257568359,,8578680.20304568,2.55800038675634E-06,7.54682878758058E-07,,8578680.20304568,9.91239901796956,-2.16728237851481,,
8629441.62436548,-96.42138671875,-109.705444335938,,8629441.62436548,-97.3817749023438,-108.643562316895,,8629441.62436548,2.90446459844419E-06,9.41842774510981E-07,,8629441.62436548,8.42592593447347,-1.15857723935466,,
8680203.04568528,-97.0957870483398,-111.185211181641,,8680203.04568528,-98.9607925415039,-111.03685760498,,8680203.04568528,2.51437414757605E-06,7.80657647695738E-07,,8680203.04568528,10.5824811102547,-1.00733975156169,,
8730964.46700508,-99.7519912719727,-112.605209350586,,8730964.46700508,-100.100883483887,-110.841415405273,,8730964.46700508,2.69727579786285E-06,7.2643776168149E-07,,8730964.46700508,8.42414065615316,-3.88645962460856,,
8781725.88832487,-98.8353271484375,-110.052444458008,,8781725.88832487,-98.2323303222656,-110.961761474609,,8781725.88832487,2.93965795099741E-06,6.48798359031867E-07,,8781725.88832487,10.1749341131844,-1.14780453427653,,
8832487.30964467,-98.6877059936523,-111.913108825684,,8832487.30964467,-99.1841812133789,-109.414337158203,,8832487.30964467,2.78478080763489E-06,5.27818459627559E-07,,8832487.30964467,8.19981356875081,-1.56160000546794,,
8883248.73096447,-99.0564193725586,-110.887336730957,,8883248.73096447,-99.5593185424805,-110.05094909668,,8883248.73096447,2.72956302139906E-06,6.96594723353819E-07,,8883248.73096447,8.69747897402425,-1.32062557919841,,
8934010.15228426,-100.697380065918,-112.782287597656,,8934010.15228426,-98.4947662353516,-110.342124938965,,8934010.15228426,2.88867248532873E-06,5.22594013315055E-07,,8934010.15228426,9.11711856142659,-1.71984127744059,,
8984771.57360406,-98.9505996704102,-112.587684631348,,8984771.57360406,-100.042930603027,-109.614433288574,,8984771.57360406,2.59412650750757E-06,7.31449209922147E-07,,8984771.57360406,8.94893618837972,-2.39805630429606,,
9035532.99492386,-97.8249664306641,-113.169967651367,,9035532.99492386,-99.1259841918945,-110.539489746094,,9035532.99492386,2.71956916471092E-06,8.19935740074006E-07,,9035532.99492386,8.47132083193441,-2.98293331845622,,
9086294.41624365,-100.541679382324,-113.00798034668,,9086294.41624365,-99.6972808837891,-112.065216064453,,9086294.41624365,2.53061054169988E-06,8.06662240415749E-07,,9086294.41624365,9.06566592470784,-3.263763701757,,
9137055.83756345,-99.6356582641602,-109.199859619141,,9137055.83756345,-99.5539779663086,-110.649520874023,,9137055.83756345,2.21331664523842E-06,7.59751028591923E-07,,9137055.83756345,9.00405093447347,-6.31776455624919,,
9187817.25888325,-98.7419891357422,-109.168106079102,,9187817.25888325,-99.988655090332,-111.016418457031,,9187817.25888325,3.23540669873699E-06,9.06064320089178E-07,,9187817.25888325,7.99522372500081,-1.79636410458903,,
9238578.68020304,-100.460258483887,-110.782295227051,,9238578.68020304,-100.135948181152,-111.300407409668,,9238578.68020304,2.58795204225341E-06,7.89731087753176E-07,,9238578.68020304,8.41075106875081,-2.24872616513591,,
9289340.10152284,-99.9258117675781,-110.437034606934,,9289340.10152284,-99.579216003418,-110.571762084961,,9289340.10152284,2.60894077085643E-06,6.55665056862724E-07,,9289340.10152284,8.64784213320394,-1.75772122128825,,
9340101.52284264,-99.8069381713867,-113.481300354004,,9340101.52284264,-99.5106582641602,-111.709144592285,,9340101.52284264,2.83733739405384E-06,7.83112890727132E-07,,9340101.52284264,8.94520541445394,-1.54800442441325,,
9390862.94416244,-98.7893753051758,-111.841979980469,,9390862.94416244,-99.4108276367188,-112.754447937012,,9390862.94416244,2.77383181745421E-06,6.96955205358546E-07,,9390862.94416244,8.92244693056722,-3.89806393369059,,
9441624.36548223,-100.184661865234,-110.711280822754,,9441624.36548223,-98.3831024169922,-111.553649902344,,9441624.36548223,2.74907179769617E-06,7.83758369403279E-07,,9441624.36548223,7.68060275332113,-2.98675564511638,,
9492385.78680203,-99.2987670898438,-110.733421325684,,9492385.78680203,-99.741340637207,-110.620704650879,,9492385.78680203,2.89643438654733E-06,8.42306121583554E-07,,9492385.78680203,7.43035861269613,-2.71976498349528,,
9543147.20812183,-100.028945922852,-110.931526184082,,9543147.20812183,-99.9733047485352,-108.79753112793,,9543147.20812183,2.8867219503428E-06,8.37916948708965E-07,,9543147.20812183,7.36523410097738,-3.06853512509684,,
9593908.62944162,-100.25602722168,-111.056602478027,,9593908.62944162,-100.492630004883,-110.279403686523,,9593908.62944162,2.81571049115808E-06,7.08768306514462E-07,,9593908.62944162,7.91654177920003,-3.65458706601481,,
9644670.05076142,-99.34814453125,-113.550140380859,,9644670.05076142,-100.514259338379,-110.481071472168,,9644670.05076142,2.92108446273209E-06,7.02511978632038E-07,,9644670.05076142,8.69274112002034,-3.58413723691325,,
9695431.47208122,-99.7040100097656,-110.934204101563,,9695431.47208122,-100.784858703613,-109.329444885254,,9695431.47208122,2.71997050910454E-06,7.61312203633024E-07,,9695431.47208122,8.76500674502034,-4.72206143124919,,
9746192.89340102,-98.2249145507813,-110.888076782227,,9746192.89340102,-100.954216003418,-112.783096313477,,9746192.89340102,2.59712002708839E-06,8.49129908131299E-07,,9746192.89340102,7.48964663759847,-4.65840939267497,,
9796954.31472081,-100.131118774414,-114.799926757813,,9796954.31472081,-99.9429168701172,-112.397888183594,,9796954.31472081,2.71376585616919E-06,8.01201627558174E-07,,9796954.31472081,8.76236697451253,-3.48791531308513,,
9847715.73604061,-100.000259399414,-112.343170166016,,9847715.73604061,-99.1458587646484,-113.13272857666,,9847715.73604061,2.80539629100643E-06,6.63254853554405E-07,,9847715.73604061,8.01917239443441,-6.56229428037028,,
9898477.1573604,-100.997215270996,-110.610366821289,,9898477.1573604,-99.6866989135742,-113.783065795898,,9898477.1573604,2.33539585847917E-06,6.93819947804805E-07,,9898477.1573604,7.79699679628988,-3.96986416562419,,
9949238.5786802,-99.3106002807617,-109.090141296387,,9949238.5786802,-99.5496673583984,-111.636932373047,,9949238.5786802,2.92519003183118E-06,6.82732578881229E-07,,9949238.5786802,7.71624728457113,-3.52578762753825,,
10000000,-99.4196090698242,-111.412803649902,,10000000,-100.249389648438,-111.283561706543,,10000000,3.04981781408069E-06,7.06035576674001E-07,,10000000,8.31294223086019,-2.75447109921794,,
10050761.4213198,-99.4561309814453,-110.375274658203,,10050761.4213198,-100.360015869141,-109.447906494141,,10050761.4213198,3.04442468965628E-06,6.33437851792565E-07,,10050761.4213198,8.79304476992269,-3.62681606992106,,
10101522.8426396,-100.68318939209,-110.690971374512,,10101522.8426396,-100.465507507324,-112.38166809082,,10101522.8426396,2.62081301448571E-06,7.42433767645736E-07,,10101522.8426396,7.26747866884847,-4.79817227109294,,
10152284.2639594,-99.7297439575195,-112.660865783691,,10152284.2639594,-100.781394958496,-111.952369689941,,10152284.2639594,2.25556156733178E-06,6.47017644101841E-07,,10152284.2639594,8.86029788271566,-3.61418179257731,,
10203045.6852792,-101.286308288574,-111.676528930664,,10203045.6852792,-100.766464233398,-110.494033813477,,10203045.6852792,2.43958377555441E-06,8.07554792117629E-07,,10203045.6852792,7.31051608339925,-4.20434597714763,,
10253807.106599,-99.7603454589844,-111.544189453125,,10253807.106599,-101.779235839844,-112.760284423828,,10253807.106599,2.89156647101497E-06,5.43780043486521E-07,,10253807.106599,7.59157534853597,-4.86205319150309,,
10304568.5279188,-100.276542663574,-112.333686828613,,10304568.5279188,-100.690887451172,-110.177795410156,,10304568.5279188,2.39160139767855E-06,6.90334271752992E-07,,10304568.5279188,7.99104281679769,-2.62170437558513,,
10355329.9492386,-99.8333206176758,-110.919906616211,,10355329.9492386,-99.6981582641602,-112.008743286133,,10355329.9492386,2.55783861781769E-06,6.29055923618248E-07,,10355329.9492386,6.86574527041097,-3.62455776913981,,
10406091.3705584,-99.9040374755859,-112.254829406738,,10406091.3705584,-101.178115844727,-111.286293029785,,10406091.3705584,2.67115711719467E-06,8.19870924267791E-07,,10406091.3705584,8.77454348818441,-5.35056332333903,,
10456852.7918782,-100.190231323242,-110.358009338379,,10456852.7918782,-100.108619689941,-112.916862487793,,10456852.7918782,2.5989661925558E-06,7.78454853128522E-07,,10456852.7918782,7.0849911810555,-3.16799954160075,,
10507614.213198,-100.305320739746,-112.185066223145,,10507614.213198,-100.277671813965,-110.437126159668,,10507614.213198,2.56624615031414E-06,6.0767526090242E-07,,10507614.213198,6.16141482607503,-4.31272915585856,,
10558375.6345178,-99.014030456543,-110.761932373047,,10558375.6345178,-101.145278930664,-113.753623962402,,10558375.6345178,2.27185815222224E-06,7.68111076806206E-07,,10558375.6345178,6.519195282618,-4.51250485165934,,
10609137.0558376,-100.475791931152,-110.663909912109,,10609137.0558376,-100.650207519531,-111.643646240234,,10609137.0558376,2.78098955447267E-06,5.14709677309666E-07,,10609137.0558376,7.49922152773519,-4.79405239804606,,
10659898.4771574,-100.002182006836,-111.993141174316,,10659898.4771574,-98.9388961791992,-111.114875793457,,10659898.4771574,2.39862593952019E-06,6.06163396861638E-07,,10659898.4771574,6.25202151552816,-4.52202633603434,,
10710659.8984772,-99.9496841430664,-112.425712585449,,10710659.8984772,-100.902503967285,-112.625701904297,,10710659.8984772,2.36218075627539E-06,7.01892720483921E-07,,10710659.8984772,7.50650759951253,-3.41201809628825,,
10761421.319797,-100.435974121094,-112.894485473633,,10761421.319797,-100.627197265625,-111.614715576172,,10761421.319797,2.66458163243874E-06,8.25773512261856E-07,,10761421.319797,6.43690463320394,-4.28982571347575,,
10812182.7411168,-100.160247802734,-111.221420288086,,10812182.7411168,-100.464935302734,-111.841552734375,,10812182.7411168,2.4263875050409E-06,6.88080456440758E-07,,10812182.7411168,7.28558322207113,-3.68190029843669,,
10862944.1624365,-100.120323181152,-114.39217376709,,10862944.1624365,-100.861709594727,-110.535629272461,,10862944.1624365,2.97255061823238E-06,7.97722830982002E-07,,10862944.1624365,7.18173953310628,-3.65407589658122,,
10913705.5837563,-99.1463851928711,-111.137435913086,,10913705.5837563,-101.855697631836,-112.250305175781,,10913705.5837563,2.54850484156307E-06,6.91706628704531E-07,,10913705.5837563,6.29354830996175,-4.97598294003825,,
10964467.0050761,-95.4556655883789,-112.785064697266,,10964467.0050761,-96.4657135009766,-110.540710449219,,10964467.0050761,2.56114117938165E-06,6.44173794375155E-07,,10964467.0050761,7.38196536318441,-4.63020352109294,,
11015228.4263959,-100.73796081543,-112.366355895996,,11015228.4263959,-100.788436889648,-112.452102661133,,11015228.4263959,2.84327009210623E-06,6.68515337329347E-07,,11015228.4263959,6.93894931093831,-3.9250185845695,,
11065989.8477157,-102.001808166504,-113.143135070801,,11065989.8477157,-100.568222045898,-112.152275085449,,11065989.8477157,2.653168224298E-06,7.42725978907248E-07,,11065989.8477157,7.48597689882894,-3.63235501035075,,
11116751.2690355,-101.507362365723,-112.488258361816,,11116751.2690355,-100.194473266602,-112.103286743164,,11116751.2690355,2.97062694213208E-06,8.05661687236316E-07,,11116751.2690355,7.16226931826253,-4.03417233212809,,
11167512.6903553,-98.8062210083008,-111.378028869629,,11167512.6903553,-100.380004882813,-112.519401550293,,11167512.6903553,3.28641553390353E-06,7.42319001820978E-07,,11167512.6903553,6.56358310000081,-3.97549465878825,,
11218274.1116751,-100.569557189941,-111.653388977051,,11218274.1116751,-101.512657165527,-111.973487854004,,11218274.1116751,2.58943002488682E-06,7.78169773805881E-07,,11218274.1116751,7.77093478457113,-6.48991421445231,,
11269035.5329949,-100.922843933105,-111.741050720215,,11269035.5329949,-100.10807800293,-112.243362426758,,11269035.5329949,3.09174625725258E-06,9.01123632792162E-07,,11269035.5329949,7.09690066591878,-5.58448818906169,,
11319796.9543147,-99.6020278930664,-113.082122802734,,11319796.9543147,-101.057144165039,-112.286315917969,,11319796.9543147,3.40770739791068E-06,7.41307092438719E-07,,11319796.9543147,7.40631076113363,-5.27005032285075,,
11370558.3756345,-100.241706848145,-113.143333435059,,11370558.3756345,-98.9557189941406,-113.801750183105,,11370558.3756345,3.22998610931183E-06,7.54368735169403E-07,,11370558.3756345,7.19514437929769,-7.82139614804606,,
11421319.7969543,-102.34375,-113.162811279297,,11421319.7969543,-101.064567565918,-113.505912780762,,11421319.7969543,7.91169687616626E-06,6.53278789841766E-07,,11421319.7969543,7.07684298769613,-5.03833798154216,,
11472081.2182741,-101.039886474609,-110.719924926758,,11472081.2182741,-101.287521362305,-111.105712890625,,11472081.2182741,2.80256639238244E-06,7.64677217136263E-07,,11472081.2182741,7.43878146425863,-5.91023281796794,,
11522842.6395939,-100.2822265625,-110.187316894531,,11522842.6395939,-102.006523132324,-112.130493164063,,11522842.6395939,3.16746210194186E-06,7.62998551918568E-07,,11522842.6395939,6.10930606142659,-5.31208828671794,,
11573604.0609137,-98.9991073608398,-112.573776245117,,11573604.0609137,-101.673728942871,-111.059532165527,,11573604.0609137,3.36057593510744E-06,6.98367714543611E-07,,11573604.0609137,7.27138491884847,-6.01425961240153,,
11624365.4822335,-101.354484558105,-110.648620605469,,11624365.4822335,-100.781326293945,-112.890151977539,,11624365.4822335,3.42133274572352E-06,8.76427148343074E-07,,11624365.4822335,6.63085147158284,-6.55600765927653,,
11675126.9035533,-99.8071212768555,-113.374931335449,,11675126.9035533,-100.553863525391,-114.351448059082,,11675126.9035533,3.27317223345072E-06,1.10534204594287E-06,,11675126.9035533,7.04888888613363,-5.35347775204997,,
11725888.3248731,-100.791931152344,-112.377716064453,,11725888.3248731,-100.655876159668,-111.912582397461,,11725888.3248731,3.52995795687027E-06,8.60194418435463E-07,,11725888.3248731,6.03386660830159,-5.26794460996013,,
11776649.7461929,-98.9086608886719,-111.29313659668,,11776649.7461929,-101.409851074219,-113.107971191406,,11776649.7461929,3.49321313060736E-06,8.45654678217594E-07,,11776649.7461929,7.4953915716805,-2.94244412167888,,
11827411.1675127,-101.189064025879,-111.592697143555,,11827411.1675127,-99.9501800537109,-113.030258178711,,11827411.1675127,3.76733753145519E-06,1.06513621947871E-06,,11827411.1675127,5.77351351992269,-4.79723385556559,,
11878172.5888325,-101.766143798828,-113.729759216309,,11878172.5888325,-102.20043182373,-111.738891601563,,11878172.5888325,3.54476637596892E-06,9.46163628081721E-07,,11878172.5888325,6.25764437929769,-6.70579556210856,,
11928934.0101523,-101.912727355957,-113.725593566895,,11928934.0101523,-101.276985168457,-113.208389282227,,11928934.0101523,3.41406192658568E-06,9.76861638537255E-07,,11928934.0101523,7.02607699648519,-4.03597286923747,,
11979695.4314721,-101.681465148926,-112.698921203613,,11979695.4314721,-100.540161132813,-112.075798034668,,11979695.4314721,3.58184583318429E-06,7.18992788846086E-07,,11979695.4314721,5.85499545351644,-4.33240536435466,,
12030456.8527919,-100.115051269531,-113.857681274414,,12030456.8527919,-100.551895141602,-112.23454284668,,12030456.8527919,2.6511112311281E-05,1.34256523089089E-06,,12030456.8527919,7.05256625429769,-6.493011748632,,
12081218.2741117,-101.683090209961,-112.652008056641,,12081218.2741117,-101.330657958984,-114.640960693359,,12081218.2741117,4.22242448437264E-06,9.04059391387219E-07,,12081218.2741117,5.46417971865316,-6.43470028622966,,
12131979.6954315,-101.532150268555,-112.307754516602,,12131979.6954315,-100.941207885742,-113.155502319336,,12131979.6954315,3.7210715090756E-06,1.23660927554598E-06,,12131979.6954315,5.92267581240316,-6.12681606992106,,
12182741.1167513,-101.771011352539,-113.440658569336,,12182741.1167513,-100.086364746094,-114.018280029297,,12182741.1167513,4.06911277928149E-06,1.07674785489177E-06,,12182741.1167513,7.15858432070394,-8.85527065976481,,
12233502.5380711,-101.593910217285,-113.49462890625,,12233502.5380711,-101.773086547852,-112.493148803711,,12233502.5380711,3.97401771670196E-06,1.24788402889515E-06,,12233502.5380711,5.96355410830159,-7.2013857720695,,
12284263.9593909,-101.27197265625,-112.936981201172,,12284263.9593909,-101.999313354492,-112.554634094238,,12284263.9593909,4.19168312803116E-06,9.12014495558064E-07,,12284263.9593909,5.523101532618,-5.75819424374919,,
12335025.3807107,-101.06526184082,-112.612182617188,,12335025.3807107,-100.950172424316,-115.31770324707,,12335025.3807107,4.57489681780205E-06,1.02909744214717E-06,,12335025.3807107,7.51507540957113,-4.93652371152263,,
12385786.8020305,-100.280136108398,-112.190032958984,,12385786.8020305,-100.883781433105,-114.042137145996,,12385786.8020305,5.25146921972836E-06,1.03515431783236E-06,,12385786.8020305,6.55841799990316,-4.90435818417888,,
12436548.2233503,-101.401107788086,-113.605163574219,,12436548.2233503,-101.599617004395,-111.79948425293,,12436548.2233503,4.45582428730636E-06,1.41110023077029E-06,,12436548.2233503,5.71666690127034,-6.05149868710856,,
12487309.6446701,-101.514625549316,-114.455947875977,,12487309.6446701,-101.157371520996,-114.65852355957,,12487309.6446701,4.78355122287119E-06,1.71156226016577E-06,,12487309.6446701,5.20703860537191,-6.05700710996013,,
12538071.0659898,-101.541091918945,-113.805335998535,,12538071.0659898,-100.294219970703,-115.149291992188,,12538071.0659898,4.99489067697422E-06,1.12604961696281E-06,,12538071.0659898,5.89959689394613,-4.32207516415934,,
12588832.4873096,-100.941650390625,-111.257301330566,,12588832.4873096,-101.422828674316,-112.412864685059,,12588832.4873096,6.38106397068187E-06,1.46551813590317E-06,,12588832.4873096,4.24348422304769,-5.98844937070231,,
12639593.9086294,-101.487838745117,-113.419105529785,,12639593.9086294,-102.192810058594,-113.486595153809,,12639593.9086294,5.85431218043729E-06,1.57820702608869E-06,,12639593.9086294,6.78758975283284,-4.41651943906169,,
12690355.3299492,-79.5971069335938,-114.031539916992,,12690355.3299492,-82.4962692260742,-112.270286560059,,12690355.3299492,7.2773038144286E-06,1.70343780019946E-06,,12690355.3299492,11.7507474066414,-3.71192196591716,,
12741116.751269,-101.493103027344,-113.693862915039,,12741116.751269,-99.7134704589844,-112.125122070313,,12741116.751269,6.94649875561939E-06,1.53941932856698E-06,,12741116.751269,7.25068637148519,-5.60801724179606,,
12791878.1725888,-101.74813079834,-113.349815368652,,12791878.1725888,-101.093444824219,-112.428955078125,,12791878.1725888,7.0105352360964E-06,1.20116430710307E-06,,12791878.1725888,5.47400637880941,-5.30219296201091,,
12842639.5939086,-102.00952911377,-114.429214477539,,12842639.5939086,-100.812026977539,-112.572265625,,12842639.5939086,7.00586916254976E-06,1.48113804268877E-06,,12842639.5939086,7.58637973086019,-5.72184017880778,,
12893401.0152284,-102.175796508789,-113.587966918945,,12893401.0152284,-101.829010009766,-110.623565673828,,12893401.0152284,7.53593877084987E-06,2.02802272185045E-06,,12893401.0152284,5.08808871523519,-6.37434414609294,,
12944162.4365482,-101.215148925781,-111.779747009277,,12944162.4365482,-102.099349975586,-112.848114013672,,12944162.4365482,8.32804175590472E-06,2.75730855553278E-06,,12944162.4365482,6.01906558291097,-5.48731259091716,,
12994923.857868,-101.537384033203,-111.067604064941,,12994923.857868,-101.925933837891,-112.075569152832,,12994923.857868,9.58220629853403E-06,2.74315493339965E-06,,12994923.857868,6.40903445498128,-5.43116024716716,,
13045685.2791878,-102.525741577148,-112.142402648926,,13045685.2791878,-100.974113464355,-113.970504760742,,13045685.2791878,9.21851596816919E-06,2.41376292410386E-06,,13045685.2791878,6.15426608339925,-6.11775997861247,,
13096446.7005076,-102.003273010254,-114.278305053711,,13096446.7005076,-100.892875671387,-113.82933807373,,13096446.7005076,1.13031568543778E-05,3.3249925877608E-06,,13096446.7005076,5.47535678164144,-6.27594021542888,,
13147208.1218274,-102.32975769043,-113.67561340332,,13147208.1218274,-101.064346313477,-114.899208068848,,13147208.1218274,1.38585776649659E-05,3.60113644417447E-06,,13147208.1218274,5.58946963564534,-8.44658688290934,,
13197969.5431472,-100.876373291016,-116.37174987793,,13197969.5431472,-100.65731048584,-110.997955322266,,13197969.5431472,1.42541752652184E-05,4.28586497135673E-06,,13197969.5431472,4.73547335878988,-4.15745571835856,,
13248730.964467,-101.336181640625,-112.826057434082,,13248730.964467,-100.250640869141,-113.721817016602,,13248730.964467,1.81048821257841E-05,4.57789555352734E-06,,13248730.964467,4.54435702578206,-5.66980770810466,,
13299492.3857868,-100.644592285156,-112.390083312988,,13299492.3857868,-101.374061584473,-112.777732849121,,13299492.3857868,2.08691024207261E-05,5.41968520183136E-06,,13299492.3857868,7.01875277773519,-4.73977688535075,,
13350253.8071066,-100.830268859863,-112.654716491699,,13350253.8071066,-100.667472839355,-110.810111999512,,13350253.8071066,2.7145835819393E-05,7.78727040633117E-06,,13350253.8071066,5.62296267763753,-4.20524624570231,,
13401015.2284264,-101.521911621094,-114.325645446777,,13401015.2284264,-100.018280029297,-111.154998779297,,13401015.2284264,4.10960456491218E-05,9.08540423604089E-06,,13401015.2284264,6.1623837591805,-6.92486599667888,,
13451776.6497462,-101.127243041992,-113.393768310547,,13451776.6497462,-100.717834472656,-113.111572265625,,13451776.6497462,7.12317027716095E-05,1.29978911550752E-05,,13451776.6497462,5.31025668398519,-5.60156277402263,,
13502538.071066,-95.748291015625,-110.833877563477,,13502538.071066,-91.3807907104492,-109.472595214844,,13502538.071066,0.000339799630241195,2.95894725620108E-05,,13502538.071066,7.13440676943441,-6.6611025689445,,
13553299.4923858,-54.4534454345703,-106.450553894043,,13553299.4923858,-47.7477226257324,-101.824401855469,,13553299.4923858,0.0478555690989155,7.67452868333291E-05,,13553299.4923858,45.5842129828133,-3.1803896783195,,
13604060.9137056,-100.385765075684,-112.953544616699,,13604060.9137056,-96.1665573120117,-110.049819946289,,13604060.9137056,0.000169071957354949,2.41123065196944E-05,,13604060.9137056,6.22778292910238,-5.64861325009684,,
13654822.3350254,-101.842445373535,-113.087104797363,,13654822.3350254,-100.514709472656,-112.703605651855,,13654822.3350254,9.3778873712825E-05,1.45843092890378E-05,,13654822.3350254,5.47513552920003,-7.03320339902263,,
13705583.7563452,-101.158126831055,-112.757537841797,,13705583.7563452,-101.080215454102,-114.551513671875,,13705583.7563452,3.59426323086332E-05,7.59245353339299E-06,,13705583.7563452,5.31379672304769,-7.08134487851481,,
13756345.177665,-101.483833312988,-113.186141967773,,13756345.177665,-100.922729492188,-112.397392272949,,13756345.177665,2.86719570873072E-05,6.76891546419046E-06,,13756345.177665,6.16818209902425,-6.96170071347575,,
13807106.5989848,-101.791954040527,-113.38988494873,,13807106.5989848,-101.296318054199,-114.712921142578,,13807106.5989848,2.08141460853876E-05,5.46051166195796E-06,,13807106.5989848,5.35887881533284,-5.48353604062419,,
13857868.0203046,-101.537750244141,-111.987197875977,,13857868.0203046,-101.547515869141,-112.849243164063,,13857868.0203046,1.58566177739783E-05,4.67066424131244E-06,,13857868.0203046,5.68061038271566,-5.05638149960856,,
13908629.4416244,-102.121292114258,-112.554550170898,,13908629.4416244,-102.258041381836,-113.035980224609,,13908629.4416244,1.45089491081518E-05,3.61849940021588E-06,,13908629.4416244,4.23384829775472,-8.5644228814445,,
13959390.8629442,-102.851112365723,-113.733177185059,,13959390.8629442,-100.096153259277,-111.615089416504,,13959390.8629442,1.35218340084185E-05,3.08821516727165E-06,,13959390.8629442,4.81892367617269,-4.57082394345622,,
14010152.284264,-101.564735412598,-112.827117919922,,14010152.284264,-102.533615112305,-113.245582580566,,14010152.284264,1.19627667812489E-05,3.46285589741118E-06,,14010152.284264,6.259673798243,-5.09851101621013,,
14060913.7055838,-101.77490234375,-114.842262268066,,14060913.7055838,-101.621994018555,-112.36450958252,,14060913.7055838,1.02673368606394E-05,2.29789414544138E-06,,14060913.7055838,7.17785617128988,-7.38612393124919,,
14111675.1269036,-102.496376037598,-114.030899047852,,14111675.1269036,-102.52074432373,-114.046211242676,,14111675.1269036,8.89730358012898E-06,2.52295347719769E-06,,14111675.1269036,5.43876620546956,-4.43798855527263,,
14162436.5482234,-103.430870056152,-113.435394287109,,14162436.5482234,-101.274780273438,-113.108291625977,,14162436.5482234,7.44757017769111E-06,1.8793604032933E-06,,14162436.5482234,5.69897433535238,-8.90528897031169,,
14213197.9695431,-102.771011352539,-113.049575805664,,14213197.9695431,-101.449829101563,-112.434226989746,,14213197.9695431,8.01409260316561E-06,1.74874046135917E-06,,14213197.9695431,5.55538913027425,-8.89953640683513,,
14263959.3908629,-102.009658813477,-114.856262207031,,14263959.3908629,-101.397964477539,-114.079010009766,,14263959.3908629,7.4416065397278E-06,1.93462782123519E-06,,14263959.3908629,6.84043856875081,-7.2812197564445,,
14314720.8121827,-102.607978820801,-111.355712890625,,14314720.8121827,-101.81453704834,-113.586380004883,,14314720.8121827,7.06502089548142E-06,2.01041262826874E-06,,14314720.8121827,5.80075045839925,-5.51122311337809,,
14365482.2335025,-102.19310760498,-115.125282287598,,14365482.2335025,-102.917976379395,-114.446960449219,,14365482.2335025,6.75093021238638E-06,1.32843703447771E-06,,14365482.2335025,4.97788974062581,-5.27087429746013,,
14416243.6548223,-91.0013961791992,-112.161392211914,,14416243.6548223,-89.0253677368164,-110.911582946777,,14416243.6548223,1.16536489351413E-05,1.524366630991E-06,,14416243.6548223,6.59272738711019,-7.24060085996013,,
14467005.0761421,-100.194160461426,-112.828254699707,,14467005.0761421,-103.571578979492,-112.846031188965,,14467005.0761421,5.20021083552584E-06,1.26553098537483E-06,,14467005.0761421,5.52010318056722,-5.34045437558513,,
14517766.4974619,-101.608734130859,-112.592529296875,,14517766.4974619,-101.200180053711,-112.601181030273,,14517766.4974619,5.71267790959359E-06,1.52121131197276E-06,,14517766.4974619,5.0627743841805,-5.00953701718669,,
14568527.9187817,-102.643005371094,-112.909912109375,,14568527.9187817,-101.261589050293,-115.603477478027,,14568527.9187817,4.89785429123271E-06,1.38593567531322E-06,,14568527.9187817,6.19847079531331,-4.39424160703044,,
14619289.3401015,-102.040130615234,-113.896224975586,,14619289.3401015,-101.429084777832,-111.633972167969,,14619289.3401015,5.47479459627014E-06,1.26548874527865E-06,,14619289.3401015,5.27696200625081,-5.2109072564445,,
14670050.7614213,-94.1159286499023,-112.738342285156,,14670050.7614213,-94.2727508544922,-113.96240234375,,14670050.7614213,5.77477234354833E-06,1.40025713969553E-06,,14670050.7614213,12.7415234686532,-8.31988552792888,,
14720812.1827411,-100.807205200195,-116.608024597168,,14720812.1827411,-100.007995605469,-114.778823852539,,14720812.1827411,4.47014845833307E-06,1.48634851238615E-06,,14720812.1827411,5.38449069277425,-8.27848843320231,,
14771573.6040609,-102.542022705078,-112.108901977539,,14771573.6040609,-101.758575439453,-113.208862304688,,14771573.6040609,4.57105680534972E-06,1.25302213151451E-06,,14771573.6040609,4.29846164003988,-4.665863311132,,
14822335.0253807,-102.661613464355,-116.994903564453,,14822335.0253807,-101.836517333984,-115.27734375,,14822335.0253807,3.6498395653261E-06,9.65271009598964E-07,,14822335.0253807,4.70670291201253,-5.17165402158122,,
14873096.4467005,-100.435043334961,-112.74552154541,,14873096.4467005,-103.422584533691,-115.248687744141,,14873096.4467005,4.34112047646926E-06,1.12513310902889E-06,,14873096.4467005,6.03071566836019,-6.836029326757,,
14923857.8680203,-101.726013183594,-113.266761779785,,14923857.8680203,-101.870506286621,-115.208457946777,,14923857.8680203,4.47902313218655E-06,1.06820934658953E-06,,14923857.8680203,4.30623599306722,-5.79451016171794,,
14974619.2893401,-102.330291748047,-115.457679748535,,14974619.2893401,-102.444938659668,-112.309959411621,,14974619.2893401,3.92068228249599E-06,1.08186814449711E-06,,14974619.2893401,5.49963351503988,-5.73683956845622,,
15025380.7106599,-101.791885375977,-113.767372131348,,15025380.7106599,-98.2200088500977,-114.130599975586,,15025380.7106599,4.37522844593256E-06,1.12644828847963E-06,,15025380.7106599,5.10473605410238,-6.03339413388591,,
15076142.1319797,-101.382972717285,-112.595886230469,,15076142.1319797,-101.500106811523,-113.254867553711,,15076142.1319797,3.54715531491177E-06,1.07693797330357E-06,,15076142.1319797,5.13481112734456,-6.40778378232341,,
15126903.5532995,-102.948310852051,-113.549224853516,,15126903.5532995,-103.252098083496,-113.241600036621,,15126903.5532995,3.81747016516733E-06,1.01607096981714E-06,,15126903.5532995,4.62416049257894,-5.44416836484294,,
15177664.9746193,-101.896636962891,-113.154403686523,,15177664.9746193,-102.87117767334,-112.342041015625,,15177664.9746193,4.2251439366926E-06,9.76354666993242E-07,,15177664.9746193,5.81614657656331,-4.17541531308513,,
15228426.3959391,-102.021629333496,-114.005531311035,,15228426.3959391,-101.373199462891,-113.526565551758,,15228426.3959391,3.16741480502046E-06,6.17735771844071E-07,,15228426.3959391,5.71909304873128,-5.4196474908195,,
15279187.8172589,-93.4817504882813,-112.251693725586,,15279187.8172589,-96.0132293701172,-112.470123291016,,15279187.8172589,1.30229296954062E-05,9.88086195609623E-07,,15279187.8172589,5.3181454779305,-7.18350247128825,,
15329949.2385787,-102.155624389648,-115.173301696777,,15329949.2385787,-101.765007019043,-115.190734863281,,15329949.2385787,3.32012757334102E-06,9.22756501884711E-07,,15329949.2385787,4.75469943300863,-5.65710476621013,,
15380710.6598985,-100.680587768555,-112.429077148438,,15380710.6598985,-102.250221252441,-115.308570861816,,15380710.6598985,3.38695303949259E-06,8.4528558979771E-07,,15380710.6598985,6.915191376368,-6.20185879453044,,
15431472.0812183,-101.786270141602,-113.278396606445,,15431472.0812183,-102.931205749512,-113.872329711914,,15431472.0812183,3.45086823438521E-06,6.66401823988459E-07,,15431472.0812183,4.21577426211019,-7.54698971494059,,
15482233.5025381,-101.153129577637,-112.021209716797,,15482233.5025381,-101.710235595703,-113.828163146973,,15482233.5025381,3.23243546485912E-06,5.41424671517816E-07,,15482233.5025381,5.05081912295003,-6.25054959042888,,
15532994.9238579,-101.238586425781,-114.80110168457,,15532994.9238579,-101.747970581055,-112.66716003418,,15532994.9238579,3.38587626572122E-06,8.06525502803239E-07,,15532994.9238579,5.65489169375081,-5.19400051816325,,
15583756.3451777,-102.656951904297,-114.179580688477,,15583756.3451777,-102.619941711426,-113.233940124512,,15583756.3451777,2.71460981045826E-06,7.66587132214577E-07,,15583756.3451777,5.09064456240316,-5.58119229062419,,
15634517.7664975,-102.095184326172,-113.985763549805,,15634517.7664975,-103.035263061523,-113.66283416748,,15634517.7664975,2.94278911905568E-06,9.05940970720794E-07,,15634517.7664975,5.77075167910238,-5.7997744439445,,
15685279.1878173,-102.701042175293,-115.000030517578,,15685279.1878173,-102.701042175293,-115.779106140137,,15685279.1878173,3.15905436564414E-06,7.98146862914268E-07,,15685279.1878173,5.51683017031331,-8.28574398740153,,
15736040.6091371,-101.250717163086,-116.252876281738,,15736040.6091371,-101.642555236816,-114.798324584961,,15736040.6091371,3.1360989481621E-06,7.35777507246432E-07,,15736040.6091371,6.4392392279305,-6.01541165097575,,
15786802.0304569,-101.604248046875,-113.650314331055,,15786802.0304569,-101.683670043945,-114.799026489258,,15786802.0304569,2.74990257745392E-06,8.15176811706248E-07,,15786802.0304569,4.43684359804769,-5.548919951757,,
15837563.4517766,-101.998123168945,-113.94312286377,,15837563.4517766,-102.607032775879,-113.358978271484,,15837563.4517766,3.15882406501299E-06,7.22197392158576E-07,,15837563.4517766,4.59401675478597,-6.14701107724528,,
15888324.8730964,-101.627555847168,-112.389610290527,,15888324.8730964,-102.522132873535,-112.360191345215,,15888324.8730964,2.84104824511746E-06,7.56187807625425E-07,,15888324.8730964,4.77638217226644,-6.24665859921794,,
15939086.2944162,-101.79573059082,-113.369789123535,,15939086.2944162,-102.091651916504,-113.238822937012,,15939086.2944162,2.85982362941322E-06,6.52934589625143E-07,,15939086.2944162,4.76635714785238,-6.73963955624919,,
15989847.715736,-102.018173217773,-113.065483093262,,15989847.715736,-101.515502929688,-114.55615234375,,15989847.715736,2.61782897600069E-06,9.34426578433317E-07,,15989847.715736,5.93678256289144,-4.49424008115153,,
16040609.1370558,-101.869216918945,-114.572479248047,,16040609.1370558,-101.898300170898,-112.541061401367,,16040609.1370558,2.61331223050696E-06,7.73419525925567E-07,,16040609.1370558,5.91564151064534,-6.41005734189372,,
16091370.5583756,-102.740272521973,-111.97428894043,,16091370.5583756,-100.962326049805,-114.84449005127,,16091370.5583756,3.06283798827656E-06,7.16229444964978E-07,,16091370.5583756,4.65257998720784,-6.74784115537028,,
16142131.9796954,-102.32958984375,-112.827629089355,,16142131.9796954,-102.478576660156,-113.214950561523,,16142131.9796954,2.64018451112508E-06,7.371476072545E-07,,16142131.9796954,4.71679660097738,-6.43113735898356,,
16192893.4010152,-102.343727111816,-113.974922180176,,16192893.4010152,-102.993881225586,-112.595397949219,,16192893.4010152,2.917504825133E-06,7.67359173472835E-07,,16192893.4010152,7.78008242861409,-6.25355557187419,,
16243654.822335,-102.612525939941,-112.156326293945,,16243654.822335,-103.063911437988,-115.434143066406,,16243654.822335,2.68643487544441E-06,6.58395376123783E-07,,16243654.822335,4.27072116152425,-6.75532559140544,,
16294416.2436548,-101.197174072266,-113.147766113281,,16294416.2436548,-102.955383300781,-112.161254882813,,16294416.2436548,2.76850843578403E-06,7.48094852744167E-07,,16294416.2436548,4.08613559023519,-8.01037625058513,,
16345177.6649746,-101.840065002441,-114.664978027344,,16345177.6649746,-101.808692932129,-114.095115661621,,16345177.6649746,2.59697859509844E-06,7.3766901761679E-07,,16345177.6649746,5.96118899599691,-5.70585659726481,,
16395939.0862944,-101.714805603027,-114.704399108887,,16395939.0862944,-102.401786804199,-112.350578308105,,16395939.0862944,2.58584794228904E-06,6.95648810281392E-07,,16395939.0862944,5.29985781923909,-7.33790615781169,,
16446700.5076142,-101.136787414551,-112.069305419922,,16446700.5076142,-102.581474304199,-114.127723693848,,16446700.5076142,2.90737951277542E-06,6.61335701272793E-07,,16446700.5076142,4.50844546572347,-7.64680508359294,,
16497461.928934,-101.648536682129,-114.412483215332,,16497461.928934,-101.900535583496,-112.793296813965,,16497461.928934,2.87286529794408E-06,6.7560911022107E-07,,16497461.928934,6.83969851748128,-5.25873593076091,,
16548223.3502538,-103.279823303223,-119.991035461426,,16548223.3502538,-102.301551818848,-115.701591491699,,16548223.3502538,2.84313023928575E-06,7.83314459683163E-07,,16548223.3502538,6.10633059755941,-7.35656765683513,,
16598984.7715736,-100.15283203125,-111.846122741699,,16598984.7715736,-103.279151916504,-112.978729248047,,16598984.7715736,2.53817045226504E-06,5.87895404857761E-07,,16598984.7715736,5.23329898134847,-6.11804226621013,,
16649746.1928934,-102.726898193359,-114.593124389648,,16649746.1928934,-103.918411254883,-112.791290283203,,16649746.1928934,2.35985598243389E-06,4.52491329254177E-07,,16649746.1928934,5.85991641298909,-7.11786679013591,,
16700507.6142132,-101.288154602051,-114.956008911133,,16700507.6142132,-101.444023132324,-113.683143615723,,16700507.6142132,2.20413043281978E-06,7.23122237609493E-07,,16700507.6142132,5.39283725039144,-5.64015225156169,,
16751269.035533,-102.033386230469,-117.861206054688,,16751269.035533,-102.29288482666,-114.627540588379,,16751269.035533,2.50641393802845E-06,5.9542568091088E-07,,16751269.035533,5.60275241152425,-8.32081631406169,,
16802030.4568528,-101.824768066406,-113.694602966309,,16802030.4568528,-101.621490478516,-113.239486694336,,16802030.4568528,2.94793228485081E-06,6.54004498843192E-07,,16802030.4568528,5.09816714541097,-7.34439877255778,,
16852791.8781726,-101.878410339355,-111.366744995117,,16852791.8781726,-101.45726776123,-113.889381408691,,16852791.8781726,2.88849487886789E-06,8.15241256414182E-07,,16852791.8781726,6.26428195253988,-6.19281033261638,,
16903553.2994924,-101.320938110352,-112.78205871582,,16903553.2994924,-102.047393798828,-112.95645904541,,16903553.2994924,2.68025728255503E-06,6.84388527314906E-07,,16903553.2994924,5.50113650576253,-5.46312741025309,,
16954314.7208122,-100.004638671875,-115.028594970703,,16954314.7208122,-102.391952514648,-112.564292907715,,16954314.7208122,2.49884545133365E-06,7.36576745964249E-07,,16954314.7208122,4.07413455263753,-7.36847714169841,,
17005076.142132,-101.974716186523,-113.322448730469,,17005076.142132,-100.7646484375,-114.791885375977,,17005076.142132,3.04098236980193E-06,6.23525674960694E-07,,17005076.142132,3.20881625429769,-7.70063809140544,,
17055837.5634518,-100.731132507324,-113.688827514648,,17055837.5634518,-102.743141174316,-113.943069458008,,17055837.5634518,2.46947385604293E-06,3.72065316912706E-07,,17055837.5634518,4.31014224306722,-7.71836117490153,,
17106598.9847716,-100.58617401123,-113.023162841797,,17106598.9847716,-99.4804382324219,-115.92391204834,,17106598.9847716,2.66891269467303E-06,7.72168504472564E-07,,17106598.9847716,5.5224911810555,-5.38407925351481,,
17157360.4060914,-102.26766204834,-111.500473022461,,17157360.4060914,-101.691116333008,-117.38094329834,,17157360.4060914,2.77259925225706E-06,6.8115242957898E-07,,17157360.4060914,5.19254275576253,-5.55027035458903,,
17208121.8274112,-102.119415283203,-114.629371643066,,17208121.8274112,-100.787887573242,-112.520988464355,,17208121.8274112,2.65913622802044E-06,6.21702367334129E-07,,17208121.8274112,4.20257540957113,-7.34548977597575,,
17258883.248731,-102.56575012207,-115.806449890137,,17258883.248731,-101.47819519043,-113.107887268066,,17258883.248731,2.51229014801834E-06,5.85326325914279E-07,,17258883.248731,4.43585177675863,-8.20878628476481,,
17309644.6700508,-102.684722900391,-113.117897033691,,17309644.6700508,-102.003860473633,-112.42017364502,,17309644.6700508,2.41981297386456E-06,6.5074342924085E-07,,17309644.6700508,4.56346865908284,-7.19185665829997,,
17360406.0913706,-101.694358825684,-111.100860595703,,17360406.0913706,-102.659286499023,-116.278045654297,,17360406.0913706,2.61784047309239E-06,6.13046618587302E-07,,17360406.0913706,4.16290255800863,-6.45549038632731,,
17411167.5126904,-100.721343994141,-111.270980834961,,17411167.5126904,-102.159027099609,-112.816772460938,,17411167.5126904,2.64674628607704E-06,7.0786617153595E-07,,17411167.5126904,5.55070468203206,-6.11225918515544,,
17461928.9340102,-101.817779541016,-114.470764160156,,17461928.9340102,-101.820281982422,-112.35498046875,,17461928.9340102,2.41621932828526E-06,6.13461926983266E-07,,17461928.9340102,5.90349551455159,-6.02451351865153,,
17512690.3553299,-102.496429443359,-114.40202331543,,17512690.3553299,-102.74626159668,-113.854782104492,,17512690.3553299,2.66161789468242E-06,6.6878315483623E-07,,17512690.3553299,5.56986209170003,-6.3996279595695,,
17563451.7766497,-101.256080627441,-114.440216064453,,17563451.7766497,-102.468864440918,-112.917457580566,,17563451.7766497,2.14711347385474E-06,7.2886331037961E-07,,17563451.7766497,3.90179415957113,-7.77738980038981,,
17614213.1979695,-101.467041015625,-113.067756652832,,17614213.1979695,-101.723136901855,-111.152435302734,,17614213.1979695,2.200161268442E-06,4.37648146096667E-07,,17614213.1979695,5.73624392763753,-4.19043759091716,,
17664974.6192893,-102.99446105957,-114.45255279541,,17664974.6192893,-101.648773193359,-114.309066772461,,17664974.6192893,1.9745291440691E-06,5.93630312334457E-07,,17664974.6192893,5.54665347353597,-5.44922665341716,,
17715736.0406091,-102.5771484375,-112.680694580078,,17715736.0406091,-101.386138916016,-111.891860961914,,17715736.0406091,2.39337084348335E-06,4.07636049951257E-07,,17715736.0406091,4.25428744570394,-6.94216946347575,,
17766497.4619289,-97.0770721435547,-112.642272949219,,17766497.4619289,-98.0589141845703,-114.020446777344,,17766497.4619289,3.60375962363316E-06,5.90606475154335E-07,,17766497.4619289,3.83919497744222,-6.043304717382,,
17817258.8832487,-102.83228302002,-114.611785888672,,17817258.8832487,-102.652809143066,-113.185989379883,,17817258.8832487,2.6588045798438E-06,5.46590539963164E-07,,17817258.8832487,4.9663388373055,-7.95333126767497,,
17868020.3045685,-101.53865814209,-112.132942199707,,17868020.3045685,-102.136451721191,-111.38298034668,,17868020.3045685,2.31458603875692E-06,5.35418503895677E-07,,17868020.3045685,5.201568329493,-5.69444302304606,,
17918781.7258883,-102.135963439941,-112.701438903809,,17918781.7258883,-102.257446289063,-113.513107299805,,17918781.7258883,2.86959679513353E-06,5.81968436340929E-07,,17918781.7258883,5.62175723330159,-9.39965847714763,,
17969543.1472081,-101.490760803223,-111.848159790039,,17969543.1472081,-102.515914916992,-114.203948974609,,17969543.1472081,2.09493984094563E-06,5.91339431337716E-07,,17969543.1472081,3.71752902285238,-7.53776577695231,,
18020304.5685279,-101.960906982422,-115.767730712891,,18020304.5685279,-101.426979064941,-113.230354309082,,18020304.5685279,1.90843679705107E-06,5.09793619353835E-07,,18020304.5685279,5.16954776064534,-9.3139346001945,,
18071065.9898477,-100.973007202148,-113.465316772461,,18071065.9898477,-103.2236328125,-115.298477172852,,18071065.9898477,2.13869979403024E-06,5.22641295448846E-07,,18071065.9898477,5.17773410097738,-7.42497280820231,,
18121827.4111675,-100.953437805176,-114.655067443848,,18121827.4111675,-101.838150024414,-114.060523986816,,18121827.4111675,2.09328989890711E-06,4.02404018742589E-07,,18121827.4111675,4.76432772890706,-6.70467404111247,,
18172588.8324873,-101.749656677246,-112.71647644043,,18172588.8324873,-101.542640686035,-111.640342712402,,18172588.8324873,2.15176738335668E-06,6.39323823031556E-07,,18172588.8324873,4.72767611757894,-6.044281279882,,
18223350.2538071,-100.835334777832,-114.882659912109,,18223350.2538071,-99.8913955688477,-113.865821838379,,18223350.2538071,2.05955651527091E-06,5.85627169859346E-07,,18223350.2538071,6.60947390810628,-5.70572689755778,,
18274111.6751269,-102.526565551758,-114.511360168457,,18274111.6751269,-103.562934875488,-114.733734130859,,18274111.6751269,2.11592599744132E-06,5.98990632017472E-07,,18274111.6751269,4.06367465273519,-6.07801846249919,,
18324873.0964467,-101.622093200684,-115.47972869873,,18324873.0964467,-99.6649780273438,-113.573913574219,,18324873.0964467,1.93696578717894E-06,5.68443238252086E-07,,18324873.0964467,4.78410311953206,-6.17649868710856,,
18375634.5177665,-101.596122741699,-112.593849182129,,18375634.5177665,-102.49836730957,-111.940658569336,,18375634.5177665,2.08351083202831E-06,4.97413789487288E-07,,18375634.5177665,4.52780123964925,-6.21472958310466,,
18426395.9390863,-101.866020202637,-115.071876525879,,18426395.9390863,-101.172798156738,-111.838417053223,,18426395.9390863,2.51263000457767E-06,6.49845507887994E-07,,18426395.9390863,4.84611483828206,-4.75972012265544,,
18477157.3604061,-102.613311767578,-113.775352478027,,18477157.3604061,-102.24437713623,-113.117263793945,,18477157.3604061,2.02008990608495E-06,5.51220505100771E-07,,18477157.3604061,5.00579806582113,-6.98258999570231,,
18527918.7817259,-102.165893554688,-113.410064697266,,18527918.7817259,-102.164596557617,-114.573951721191,,18527918.7817259,2.09010589783242E-06,5.26469204098984E-07,,18527918.7817259,5.22200747744222,-7.58402279599528,,
18578680.2030457,-101.319023132324,-112.622444152832,,18578680.2030457,-101.476318359375,-113.33097076416,,18578680.2030457,2.32673890520026E-06,5.5297163170246E-07,,18578680.2030457,5.14537020937581,-6.62674740537028,,
18629441.6243655,-100.424049377441,-113.708854675293,,18629441.6243655,-99.7490005493164,-113.096588134766,,18629441.6243655,2.14811137458104E-06,6.86691769954768E-07,,18629441.6243655,4.15904208437581,-6.94879940732341,,
18680203.0456853,-101.754165649414,-112.474403381348,,18680203.0456853,-102.103614807129,-113.038368225098,,18680203.0456853,2.03888586656137E-06,5.42897130411035E-07,,18680203.0456853,4.71269198671956,-6.55938748105388,,
18730964.4670051,-100.596260070801,-114.582138061523,,18730964.4670051,-100.06714630127,-112.37410736084,,18730964.4670051,2.09442834865111E-06,5.76749301690048E-07,,18730964.4670051,4.7825009466805,-10.2747805474601,,
18781725.8883249,-100.150405883789,-115.151321411133,,18781725.8883249,-101.910949707031,-113.628387451172,,18781725.8883249,1.97234852385412E-06,5.68294965047524E-07,,18781725.8883249,5.05442782656331,-5.34853390439372,,
18832487.3096447,-100.672378540039,-112.03498840332,,18832487.3096447,-101.179534912109,-114.502975463867,,18832487.3096447,2.21809261999553E-06,4.79715044753623E-07,,18832487.3096447,4.25675936953206,-7.31192044003825,,
18883248.7309645,-101.482887268066,-112.761161804199,,18883248.7309645,-101.272956848145,-112.72624206543,,18883248.7309645,2.14357269174208E-06,4.36595347202047E-07,,18883248.7309645,4.53720065371175,-8.53591183408122,,
18934010.1522843,-101.12232208252,-113.303207397461,,18934010.1522843,-101.194770812988,-111.407936096191,,18934010.1522843,2.26501584688593E-06,4.74647271294893E-07,,18934010.1522843,4.79162570253988,-7.77879360898356,,
18984771.5736041,-101.310546875,-113.762672424316,,18984771.5736041,-100.620262145996,-113.266746520996,,18984771.5736041,2.17474546341221E-06,4.29170778335125E-07,,18984771.5736041,6.10260745302816,-5.33007839902263,,
19035532.9949239,-101.9521484375,-113.147758483887,,19035532.9949239,-101.59188079834,-114.022369384766,,19035532.9949239,2.24889476258919E-06,6.14814838408046E-07,,19035532.9949239,4.38529177920003,-5.17517880185466,,
19086294.4162437,-101.445190429688,-110.447479248047,,19086294.4162437,-101.665390014648,-113.808349609375,,19086294.4162437,2.04230395391377E-06,5.55941448497975E-07,,19086294.4162437,5.14347811953206,-8.03779629453044,,
19137055.8375635,-101.176803588867,-112.514610290527,,19137055.8375635,-102.271713256836,-114.038948059082,,19137055.8375635,1.88800216833017E-06,5.93709574222978E-07,,19137055.8375635,4.36446353212972,-6.20639828427653,,
19187817.2588832,-100.68595123291,-112.120704650879,,19187817.2588832,-100.42537689209,-112.648048400879,,19187817.2588832,1.8941514015077E-06,5.51126099328327E-07,,19187817.2588832,4.36515780703206,-5.82160977109294,,
19238578.680203,-100.575248718262,-112.376892089844,,19238578.680203,-101.028587341309,-113.543312072754,,19238578.680203,2.0457511313311E-06,4.26898413422928E-07,,19238578.680203,10.1577298285164,-7.04457119687419,,
19289340.1015228,-93.4186401367188,-112.033226013184,,19289340.1015228,-93.4535980224609,-111.740768432617,,19289340.1015228,1.96446782617145E-06,5.78602365450762E-07,,19289340.1015228,17.5652310492196,-4.70816830380778,,
19340101.5228426,-100.91748046875,-112.970985412598,,19340101.5228426,-100.527351379395,-112.130928039551,,19340101.5228426,1.91128361115018E-06,5.58343788688736E-07,,19340101.5228426,5.53972598330159,-6.98931149228434,,
19390862.9441624,-99.513542175293,-113.627090454102,,19390862.9441624,-100.164924621582,-114.909881591797,,19390862.9441624,2.19881083202573E-06,5.70110850076474E-07,,19390862.9441624,4.74423953310628,-5.92826107724528,,
19441624.3654822,-97.9464797973633,-111.657775878906,,19441624.3654822,-99.4272003173828,-113.352172851563,,19441624.3654822,2.38734286809318E-06,6.65075582898516E-07,,19441624.3654822,4.067779266993,-7.24067715390544,,
19492385.786802,-93.2978591918945,-109.18090057373,,19492385.786802,-98.0574188232422,-110.047317504883,,19492385.786802,3.17971905691881E-06,6.36153836427292E-07,,19492385.786802,6.35566684023519,-9.04328182919841,,
19543147.2081218,-100.834625244141,-111.078659057617,,19543147.2081218,-99.5146865844727,-110.112190246582,,19543147.2081218,2.5247291801334E-06,5.73647167148417E-07,,19543147.2081218,3.51921054140706,-6.08157376035075,,
19593908.6294416,-99.0327682495117,-110.562316894531,,19593908.6294416,-99.455696105957,-110.421028137207,,19593908.6294416,2.06087030112697E-06,4.21672784930555E-07,,19593908.6294416,4.39423342959066,-9.50527218564372,,
19644670.0507614,-99.2078704833984,-112.508842468262,,19644670.0507614,-97.7112426757813,-109.906730651855,,19644670.0507614,2.12761130744977E-06,5.55188968232204E-07,,19644670.0507614,5.27819033877034,-6.90666226132731,,
19695431.4720812,-98.795539855957,-109.504928588867,,19695431.4720812,-99.2425842285156,-110.332778930664,,19695431.4720812,1.9626809977318E-06,5.96071415241676E-07,,19695431.4720812,5.662505829493,-5.55899075253825,,
19746192.893401,-97.8905410766602,-109.82674407959,,19746192.893401,-98.4228897094727,-112.156852722168,,19746192.893401,2.34631800293904E-06,6.2173240259911E-07,,19746192.893401,3.09783145205159,-7.35118130429606,,
19796954.3147208,-98.3318710327148,-109.871162414551,,19796954.3147208,-98.2534408569336,-108.875289916992,,19796954.3147208,1.98308762872318E-06,4.46981865049101E-07,,19796954.3147208,4.54098483339925,-7.20339230283122,,
19847715.7360406,-97.3487777709961,-108.51237487793,,19847715.7360406,-96.9408340454102,-107.80313873291,,19847715.7360406,2.16574597022311E-06,4.44847623461806E-07,,19847715.7360406,5.67713900820394,-6.47816494687419,,
19898477.1573604,-94.6941909790039,-108.59107208252,,19898477.1573604,-95.1138305664063,-107.850845336914,,19898477.1573604,2.58809298265543E-06,4.64220163905925E-07,,19898477.1573604,3.86823245302816,-7.71363857968669,,
19949238.5786802,-94.7748947143555,-107.655296325684,,19949238.5786802,-95.9195709228516,-106.836486816406,,19949238.5786802,1.8950184183947E-06,6.71884352146231E-07,,19949238.5786802,4.10667392031331,-8.80595425351481,,
20000000,-95.5688323974609,-108.624946594238,,20000000,-94.4965972900391,-105.167541503906,,20000000,2.03542165166605E-06,5.72708214299105E-07,,20000000,4.57348605410238,-7.80469540341716,,
20050761.4213198,-93.198356628418,-107.063735961914,,20050761.4213198,-92.85009765625,-105.568916320801,,20050761.4213198,2.05597230052424E-06,4.60699565292778E-07,,20050761.4213198,5.44706698671956,-6.62234524472575,,
20101522.8426396,-90.4765167236328,-102.964218139648,,20101522.8426396,-89.8064270019531,-100.874450683594,,20101522.8426396,2.06970303653671E-06,6.27937469707061E-07,,20101522.8426396,5.27691622988363,-5.97900418027263,,
20152284.2639594,-87.9616775512695,-102.150810241699,,20152284.2639594,-89.1783981323242,-101.681259155273,,20152284.2639594,2.03126201402532E-06,5.22496708210691E-07,,20152284.2639594,6.65360995546956,-9.73513821347575,,
20203045.6852792,-84.9349517822266,-98.0703964233398,,20203045.6852792,-85.2343063354492,-98.207389831543,,20203045.6852792,1.97814512345777E-06,4.77103392431145E-07,,20203045.6852792,5.64117404238363,-7.06298855527263,,
20253807.106599,-78.9415054321289,-93.1928863525391,,20253807.106599,-80.9362945556641,-91.0192260742188,,20253807.106599,2.3176987037673E-06,5.19005308898468E-07,,20253807.106599,5.85224124209066,-5.20025662167888,,
20304568.5279188,-26.472900390625,-86.5697479248047,,20304568.5279188,-26.2428703308105,-85.2669525146484,,20304568.5279188,0.000194896253728173,6.65741297004927E-07,,20304568.5279188,57.2764584662118,-0.176063811620281,,
20355329.9492386,-25.3715629577637,-86.1401443481445,,20355329.9492386,-25.1305313110352,-85.6823196411133,,20355329.9492386,0.000221608678027937,6.70667363941121E-07,,20355329.9492386,58.3934247137703,-1.22470883115153,,
20406091.3705584,-79.4157333374023,-92.917839050293,,20406091.3705584,-77.18994140625,-92.8523406982422,,20406091.3705584,2.08705139339429E-06,5.60548200060512E-07,,20406091.3705584,9.51263400332113,-5.08219937070231,,
20456852.7918782,-83.8558731079102,-96.9633407592773,,20456852.7918782,-84.0697479248047,-97.2811965942383,,20456852.7918782,2.20925525627652E-06,5.20148537748669E-07,,20456852.7918782,4.5210263373055,-7.57208279355388,,
20507614.213198,-88.757568359375,-101.055084228516,,20507614.213198,-87.8428573608398,-99.2731094360352,,20507614.213198,2.01832871561052E-06,5.24299328495177E-07,,20507614.213198,4.75544711367269,-9.46997097714763,,
20558375.6345178,-89.8709869384766,-102.124282836914,,20558375.6345178,-91.9563140869141,-102.076988220215,,20558375.6345178,2.18165231520504E-06,4.98319019227993E-07,,20558375.6345178,4.81287356630941,-7.10413387997966,,
20609137.0558376,-92.953125,-103.975189208984,,20609137.0558376,-93.293701171875,-105.328407287598,,20609137.0558376,2.40049124675506E-06,4.70247663595571E-07,,20609137.0558376,5.75099154726644,-7.40055111630778,,
20659898.4771574,-95.1134185791016,-109.159400939941,,20659898.4771574,-93.8319320678711,-106.276031494141,,20659898.4771574,2.14227204236086E-06,4.96667667694413E-07,,20659898.4771574,4.40860720888753,-9.091888701757,,
20710659.8984772,-96.8090362548828,-106.182151794434,,20710659.8984772,-94.845573425293,-107.864479064941,,20710659.8984772,2.02920588140914E-06,4.3297761155933E-07,,20710659.8984772,3.43710299746175,-6.284515654882,,
20761421.319797,-97.4551391601563,-107.744422912598,,20761421.319797,-97.3472671508789,-108.967071533203,,20761421.319797,1.79541667438273E-06,3.81869761094008E-07,,20761421.319797,4.7969052435555,-9.92832211240153,,
20812182.7411168,-97.2633514404297,-110.59602355957,,20812182.7411168,-95.7339553833008,-108.517593383789,,20812182.7411168,1.84424567188451E-06,5.3530846648327E-07,,20812182.7411168,4.73667117373128,-6.98902157529216,,
20862944.1624365,-97.7861022949219,-109.526977539063,,20862944.1624365,-96.9364318847656,-108.74870300293,,20862944.1624365,2.16803376483525E-06,6.20896871773741E-07,,20862944.1624365,4.33935519472738,-6.21604946835856,,
20913705.5837563,-98.8236541748047,-109.697578430176,,20913705.5837563,-96.8021011352539,-108.101196289063,,20913705.5837563,1.87851540049435E-06,4.47240672505803E-07,,20913705.5837563,4.97749301211019,-7.01606014951091,,
20964467.0050761,-98.8629837036133,-110.601509094238,,20964467.0050761,-99.0461883544922,-110.115623474121,,20964467.0050761,2.23811745912511E-06,4.7810014639751E-07,,20964467.0050761,3.47515841738363,-6.02745083554606,,
21015228.4263959,-99.0612869262695,-110.321243286133,,21015228.4263959,-99.3850479125977,-108.97338104248,,21015228.4263959,1.96748981298236E-06,5.96661245757948E-07,,21015228.4263959,4.56766482607503,-8.82691982968669,,
21065989.8477157,-98.6214065551758,-110.678024291992,,21065989.8477157,-98.2110748291016,-109.214096069336,,21065989.8477157,1.8377482910239E-06,4.48441626322088E-07,,21065989.8477157,5.3147275091805,-7.24188259824138,,
21116751.2690355,-100.779113769531,-112.91960144043,,21116751.2690355,-100.045303344727,-113.185501098633,,21116751.2690355,2.11664166347538E-06,4.44479308905028E-07,,21116751.2690355,4.3010556341805,-9.31622341855388,,
21167512.6903553,-84.4120330810547,-111.704612731934,,21167512.6903553,-91.5047378540039,-109.993942260742,,21167512.6903553,6.79202966873082E-06,5.06739057824686E-07,,21167512.6903553,3.66815158144613,-6.73159054501872,,
21218274.1116751,-84.5153198242188,-111.518257141113,,21218274.1116751,-90.8529357910156,-111.265182495117,,21218274.1116751,7.21966524211769E-06,5.73176239806746E-07,,21218274.1116751,7.01547213808675,-8.13105801328044,,
21269035.5329949,-100.70475769043,-112.672332763672,,21269035.5329949,-99.97412109375,-110.41072845459,,21269035.5329949,1.97873945017725E-06,5.46436447397733E-07,,21269035.5329949,2.89022036806722,-7.61067990048747,,
21319796.9543147,-99.5686111450195,-111.953269958496,,21319796.9543147,-101.00074005127,-110.461433410645,,21319796.9543147,2.02515855858017E-06,4.27588922083359E-07,,21319796.9543147,3.84282656923909,-8.22045925839763,,
21370558.3756345,-100.462753295898,-115.678619384766,,21370558.3756345,-100.661682128906,-113.239471435547,,21370558.3756345,2.03441534309372E-06,4.41160732440885E-07,,21370558.3756345,3.25671359316488,-7.71159390195231,,
21421319.7969543,-100.385566711426,-110.248184204102,,21421319.7969543,-100.688385009766,-112.365158081055,,21421319.7969543,1.9675347461014E-06,4.09466940143642E-07,,21421319.7969543,4.46820040957113,-6.04748562558513,,
21472081.2182741,-99.9949188232422,-112.632095336914,,21472081.2182741,-100.94229888916,-114.679336547852,,21472081.2182741,1.92996543753512E-06,4.40305186305901E-07,,21472081.2182741,5.93428012148519,-7.52050808652263,,
21522842.6395939,-101.083778381348,-114.631286621094,,21522842.6395939,-100.939643859863,-112.684448242188,,21522842.6395939,1.88743177940189E-06,4.68522634999656E-07,,21522842.6395939,4.77721377627034,-7.65825680478434,,
21573604.0609137,-101.760719299316,-115.742568969727,,21573604.0609137,-101.826011657715,-114.878517150879,,21573604.0609137,2.01414385729414E-06,5.17661303563885E-07,,21573604.0609137,3.47599765078206,-7.10251644833903,,
21624365.4822335,-100.729232788086,-114.557388305664,,21624365.4822335,-100.626312255859,-113.27986907959,,21624365.4822335,1.87588051016858E-06,4.28167706323936E-07,,21624365.4822335,4.32611819521566,-7.90055111630778,,
21675126.9035533,-101.77808380127,-112.699501037598,,21675126.9035533,-101.57152557373,-112.422920227051,,21675126.9035533,1.85794741584421E-06,6.02838979552929E-07,,21675126.9035533,4.45239230410238,-8.66683224423747,,
21725888.3248731,-103.195320129395,-112.365180969238,,21725888.3248731,-102.289001464844,-111.75870513916,,21725888.3248731,2.07877629645668E-06,4.68110458750232E-07,,21725888.3248731,3.85633822695394,-7.38372830136638,,
21776649.7461929,-98.4524612426758,-112.627700805664,,21776649.7461929,-97.8313674926758,-110.381217956543,,21776649.7461929,1.92171385929649E-06,4.51598735931189E-07,,21776649.7461929,10.2066037298836,-6.23328427060466,,
21827411.1675127,-100.601142883301,-113.450675964355,,21827411.1675127,-98.7750930786133,-111.51530456543,,21827411.1675127,1.86011428774411E-06,5.78114675157177E-07,,21827411.1675127,4.98300143496175,-5.77299526913981,,
21878172.5888325,-100.776428222656,-113.055244445801,,21878172.5888325,-102.470275878906,-112.497200012207,,21878172.5888325,1.78388161412018E-06,3.93745490557001E-07,,21878172.5888325,5.04136630312581,-7.961029326757,,
21928934.0101523,-102.246276855469,-115.655860900879,,21928934.0101523,-101.605079650879,-113.358322143555,,21928934.0101523,1.79550341334079E-06,5.47958151960889E-07,,21928934.0101523,4.18320437685628,-6.48743466122966,,
21979695.4314721,-102.322532653809,-114.195266723633,,21979695.4314721,-102.079948425293,-113.266273498535,,21979695.4314721,2.05232401711319E-06,5.25432526646703E-07,,21979695.4314721,3.99835177675863,-7.09256008847575,,
22030456.8527919,-94.0231628417969,-114.008079528809,,22030456.8527919,-94.2536544799805,-113.993019104004,,22030456.8527919,2.05921644280381E-06,4.86182392449832E-07,,22030456.8527919,4.48987551943441,-6.56151608212809,,
22081218.2741117,-96.7400436401367,-112.487327575684,,22081218.2741117,-94.9614028930664,-114.393966674805,,22081218.2741117,1.84760520984988E-06,4.99211864462931E-07,,22081218.2741117,4.465972626368,-7.22951534970622,,
22131979.6954315,-102.487083435059,-114.484397888184,,22131979.6954315,-102.099884033203,-112.40828704834,,22131979.6954315,1.79963071546884E-06,4.74604747944779E-07,,22131979.6954315,5.20268222109456,-7.44298580869059,,
22182741.1167513,-101.142944335938,-114.50634765625,,22182741.1167513,-101.097381591797,-118.941551208496,,22182741.1167513,1.69652426410004E-06,5.00177037959974E-07,,22182741.1167513,3.87496920839925,-9.13240841611247,,
22233502.5380711,-102.463180541992,-115.414512634277,,22233502.5380711,-101.406814575195,-110.870727539063,,22233502.5380711,2.08860468817577E-06,5.8688931084656E-07,,22233502.5380711,3.25428744570394,-5.8276064751945,,
22284263.9593909,-102.833206176758,-114.55574798584,,22284263.9593909,-102.121116638184,-113.133163452148,,22284263.9593909,1.49793852222695E-06,3.58480760620961E-07,,22284263.9593909,4.37525149599691,-6.67765072568278,,
22335025.3807107,-101.572189331055,-113.557189941406,,22335025.3807107,-103.759536743164,-116.396255493164,,22335025.3807107,1.64960997061012E-06,5.21741374579346E-07,,22335025.3807107,4.14932986513753,-9.52922848447184,,
22385786.8020305,-102.698348999023,-114.053237915039,,22385786.8020305,-102.944869995117,-113.952880859375,,22385786.8020305,1.62439993785887E-06,4.33138133407264E-07,,22385786.8020305,3.95661898867269,-9.55047634824138,,
22436548.2233503,-101.773796081543,-114.398849487305,,22436548.2233503,-102.641883850098,-111.95671081543,,22436548.2233503,1.71256229921529E-06,5.19306274868905E-07,,22436548.2233503,4.05103274599691,-5.36477688535075,,
22487309.6446701,-102.56559753418,-113.703491210938,,22487309.6446701,-102.460021972656,-114.362854003906,,22487309.6446701,2.41426545634464E-06,5.68892287574326E-07,,22487309.6446701,4.62289401308675,-5.88041714413981,,
22538071.0659898,-102.334136962891,-113.45573425293,,22538071.0659898,-102.568992614746,-113.626983642578,,22538071.0659898,1.70183906744569E-06,4.0247613067837E-07,,22538071.0659898,3.36251040712972,-8.50669125302653,,
22588832.4873096,-103.406288146973,-114.694679260254,,22588832.4873096,-102.727119445801,-113.729156494141,,22588832.4873096,1.8646636123492E-06,5.28582591155604E-07,,22588832.4873096,2.79296084658284,-8.92478207333903,,
22639593.9086294,-101.977760314941,-114.66284942627,,22639593.9086294,-102.840858459473,-114.501991271973,,22639593.9086294,1.74047468501708E-06,4.41843261301643E-07,,22639593.9086294,4.29965182558675,-7.471527373632,,
22690355.3299492,-101.940849304199,-114.39183807373,,22690355.3299492,-102.434967041016,-113.942115783691,,22690355.3299492,1.64241855396761E-06,5.28759514960225E-07,,22690355.3299492,3.30908175722738,-8.05838803037028,,
22741116.751269,-101.543045043945,-114.626434326172,,22741116.751269,-100.307823181152,-115.068557739258,,22741116.751269,2.00259618896251E-06,4.09918564889221E-07,,22741116.751269,4.565582001368,-6.06103543027263,,
22791878.1725888,-101.209747314453,-113.236015319824,,22791878.1725888,-102.22705078125,-112.771224975586,,22791878.1725888,1.97867861906632E-06,4.61317495173785E-07,,22791878.1725888,3.73094912783284,-6.69942501767497,,
22842639.5939086,-101.626068115234,-117.736656188965,,22842639.5939086,-102.775924682617,-113.781387329102,,22842639.5939086,1.744614937126E-06,3.82181159242808E-07,,22842639.5939086,3.29918643252034,-8.98590115292888,,
22893401.0152284,-102.301132202148,-112.979598999023,,22893401.0152284,-102.735420227051,-114.537414550781,,22893401.0152284,1.95304027135165E-06,4.54978246575307E-07,,22893401.0152284,4.16571780459066,-7.71585110410075,,
22944162.4365482,-101.516021728516,-113.024971008301,,22944162.4365482,-101.79182434082,-115.32447052002,,22944162.4365482,1.93617821493822E-06,4.13180283180194E-07,,22944162.4365482,3.52284976259847,-7.83388546689372,,
22994923.857868,-103.37491607666,-114.512184143066,,22994923.857868,-101.827003479004,-115.658363342285,,22994923.857868,1.85172215392245E-06,4.41855680686472E-07,,22994923.857868,4.031890595118,-6.80152920468669,,
23045685.2791878,-102.612358093262,-116.287841796875,,23045685.2791878,-103.124176025391,-114.251083374023,,23045685.2791878,1.67907383959562E-06,4.62437220003309E-07,,23045685.2791878,3.57303591982503,-9.04670742734294,,
23096446.7005076,-102.447166442871,-114.899436950684,,23096446.7005076,-102.750541687012,-113.044998168945,,23096446.7005076,1.67502438925743E-06,4.52223127841236E-07,,23096446.7005076,4.39992495791097,-7.87544277890544,,
23147208.1218274,-102.927284240723,-112.540008544922,,23147208.1218274,-102.601600646973,-114.680648803711,,23147208.1218274,1.69237326627823E-06,5.18722742181166E-07,,23147208.1218274,4.83373996035238,-6.91421536191325,,
23197969.5431472,-102.895835876465,-114.990211486816,,23197969.5431472,-102.701316833496,-114.15062713623,,23197969.5431472,1.74520194939813E-06,4.64934693026236E-07,,23197969.5431472,3.94112368837972,-6.2809756158195,,
23248730.964467,-103.195999145508,-114.141128540039,,23248730.964467,-103.299133300781,-114.326377868652,,23248730.964467,1.82071700515112E-06,5.50989118684366E-07,,23248730.964467,4.07276889101644,-7.72073391660075,,
23299492.3857868,-101.875732421875,-112.958473205566,,23299492.3857868,-101.936721801758,-114.27522277832,,23299492.3857868,1.98204625934842E-06,5.62162528953594E-07,,23299492.3857868,4.61442538515706,-7.18342617734294,,
23350253.8071066,-102.969367980957,-113.996116638184,,23350253.8071066,-103.350357055664,-112.906021118164,,23350253.8071066,1.66548535740365E-06,3.78744416159092E-07,,23350253.8071066,3.30625888125081,-9.42758969052653,,
23401015.2284264,-102.349914550781,-114.99861907959,,23401015.2284264,-102.12752532959,-113.931976318359,,23401015.2284264,1.87322628020794E-06,4.86172570483475E-07,,23401015.2284264,5.07785006777425,-7.01435116513591,,
23451776.6497462,-102.358474731445,-113.853530883789,,23451776.6497462,-103.753303527832,-118.888366699219,,23451776.6497462,1.9794834790434E-06,4.65791452352687E-07,,23451776.6497462,4.10559817568441,-5.86673001035075,,
23502538.071066,-102.131462097168,-114.871734619141,,23502538.071066,-102.687782287598,-114.257354736328,,23502538.071066,1.69324756814584E-06,4.91310315118637E-07,,23502538.071066,5.24142428652425,-9.15054348691325,,
23553299.4923858,-101.622581481934,-114.2890625,,23553299.4923858,-102.789817810059,-112.975303649902,,23553299.4923858,1.72622856419254E-06,4.71453246505963E-07,,23553299.4923858,3.37334414736409,-8.09337643369059,,
23604060.9137056,-103.139007568359,-113.503410339355,,23604060.9137056,-101.081764221191,-113.904998779297,,23604060.9137056,2.0251550009204E-06,3.90586072033045E-07,,23604060.9137056,4.68769046084066,-5.60833004697184,,
23654822.3350254,-103.822532653809,-114.574577331543,,23654822.3350254,-101.71354675293,-115.247116088867,,23654822.3350254,1.61279872426418E-06,4.32009278074031E-07,,23654822.3350254,2.52799197451253,-7.17267636044841,,
23705583.7563452,-100.94287109375,-114.963562011719,,23705583.7563452,-101.983612060547,-112.199028015137,,23705583.7563452,1.5425433125376E-06,5.31300073298437E-07,,23705583.7563452,3.83794375673909,-6.50218991025309,,
23756345.177665,-102.642395019531,-112.73673248291,,23756345.177665,-103.008766174316,-113.92195892334,,23756345.177665,1.82681556685105E-06,5.29432458669229E-07,,23756345.177665,4.239654266993,-6.57063320859294,,
23807106.5989848,-102.865226745605,-116.496162414551,,23807106.5989848,-103.854141235352,-116.409873962402,,23807106.5989848,1.81415750324452E-06,3.7299723612636E-07,,23807106.5989848,4.29057284609456,-9.22037533505778,,
23857868.0203046,-102.123588562012,-116.092788696289,,23857868.0203046,-103.083908081055,-114.169891357422,,23857868.0203046,1.57396804941861E-06,3.96424199421844E-07,,23857868.0203046,3.38770266787191,-7.62976101621013,,
23908629.4416244,-103.17911529541,-113.958854675293,,23908629.4416244,-102.455680847168,-114.916160583496,,23908629.4416244,1.68772980118183E-06,4.20108232728715E-07,,23908629.4416244,6.06108828798909,-9.63337734921794,,
23959390.8629442,-103.757194519043,-114.425018310547,,23959390.8629442,-103.434005737305,-113.339721679688,,23959390.8629442,1.58752782329042E-06,5.14669441649463E-07,,23959390.8629442,5.79081698671956,-8.68581417783122,,
24010152.284264,-102.57576751709,-114.389007568359,,24010152.284264,-102.884696960449,-113.768142700195,,24010152.284264,1.6582742552985E-06,4.44013006868061E-07,,24010152.284264,3.80880709902425,-8.03044155820231,,
24060913.7055838,-101.958427429199,-114.208480834961,,24060913.7055838,-101.991004943848,-113.262634277344,,24060913.7055838,1.84938636120427E-06,5.05727904654453E-07,,24060913.7055838,4.93296786562581,-8.68101528867106,,
24111675.1269036,-103.835014343262,-112.676940917969,,24111675.1269036,-101.872009277344,-113.991569519043,,24111675.1269036,1.56890650150988E-06,4.80676298815909E-07,,24111675.1269036,4.55485507265706,-8.75632504208903,,
24162436.5482234,-103.039810180664,-115.382164001465,,24162436.5482234,-100.519111633301,-115.656227111816,,24162436.5482234,1.99314976983842E-06,4.90797900493899E-07,,24162436.5482234,4.11997195498128,-5.73424557431559,,
24213197.9695431,-101.679946899414,-115.809577941895,,24213197.9695431,-101.84497833252,-114.749649047852,,24213197.9695431,1.50952608973164E-06,5.13681717067663E-07,,24213197.9695431,3.54640933291097,-8.08508328183513,,
24263959.3908629,-103.225845336914,-112.239303588867,,24263959.3908629,-100.841018676758,-114.893280029297,,24263959.3908629,1.64927384564139E-06,4.4643960183466E-07,,24263959.3908629,3.16174289003988,-7.28054836972575,,
24314720.8121827,-102.589363098145,-115.652267456055,,24314720.8121827,-103.312324523926,-113.55583190918,,24314720.8121827,1.74472527423045E-06,4.98232798461019E-07,,24314720.8121827,3.95182772890706,-7.70213345273356,,
24365482.2335025,-101.998954772949,-114.320945739746,,24365482.2335025,-100.953048706055,-115.384948730469,,24365482.2335025,1.84172355701858E-06,4.93504889272412E-07,,24365482.2335025,3.32498904482503,-7.43069485410075,,
24416243.6548223,-101.172485351563,-115.315559387207,,24416243.6548223,-102.084213256836,-115.806213378906,,24416243.6548223,1.45331449607038E-06,4.37999258191503E-07,,24416243.6548223,3.58139773623128,-7.26159695371013,,
24467005.0761421,-102.889579772949,-115.398086547852,,24467005.0761421,-102.16773223877,-114.623245239258,,24467005.0761421,1.54407106160049E-06,4.33537794409788E-07,,24467005.0761421,3.99730654970784,-7.24129513486247,,
24517766.4974619,-101.505546569824,-116.230155944824,,24517766.4974619,-102.726272583008,-113.060035705566,,24517766.4974619,1.75379824469727E-06,4.18401720428247E-07,,24517766.4974619,4.347320282618,-9.53871182187419,,
24568527.9187817,-102.773513793945,-114.831199645996,,24568527.9187817,-102.602264404297,-113.908355712891,,24568527.9187817,1.50867774122508E-06,2.9835108180683E-07,,24568527.9187817,4.75778170839925,-5.07788113339763,,
24619289.3401015,-101.070854187012,-113.800903320313,,24619289.3401015,-102.631271362305,-115.920516967773,,24619289.3401015,1.78137163790324E-06,4.76906469411361E-07,,24619289.3401015,3.23251315371175,-7.32237271054606,,
24670050.7614213,-102.377838134766,-114.971221923828,,24670050.7614213,-102.676643371582,-114.08967590332,,24670050.7614213,1.76951488032232E-06,3.77954801259599E-07,,24670050.7614213,5.00429507509847,-9.73413113339763,,
24720812.1827411,-101.972496032715,-116.003356933594,,24720812.1827411,-100.971298217773,-116.066520690918,,24720812.1827411,1.90263555231286E-06,3.87034311098436E-07,,24720812.1827411,4.47334262148519,-7.63065365537028,,
24771573.6040609,-103.069442749023,-116.39673614502,,24771573.6040609,-103.500183105469,-113.595428466797,,24771573.6040609,1.77131254352238E-06,5.48102081978438E-07,,24771573.6040609,3.92529269472738,-8.98033169492106,,
24822335.0253807,-100.502784729004,-115.046279907227,,24822335.0253807,-105.001953125,-114.224060058594,,24822335.0253807,1.53930034182051E-06,3.98682803941969E-07,,24822335.0253807,4.38446017519613,-8.29811123593669,,
24873096.4467005,-103.034004211426,-113.46898651123,,24873096.4467005,-103.375686645508,-113.454895019531,,24873096.4467005,1.73954238225776E-06,4.34039604890406E-07,,24873096.4467005,4.43171664492269,-6.62004879697184,,
24923857.8680203,-103.220458984375,-113.858993530273,,24923857.8680203,-102.094993591309,-114.118446350098,,24923857.8680203,1.53645011646352E-06,4.8370247508788E-07,,24923857.8680203,3.2737118841805,-6.41829708798747,,
24974619.2893401,-94.7073745727539,-113.90404510498,,24974619.2893401,-95.8812408447266,-114.391799926758,,24974619.2893401,4.75936450137005E-06,4.53743446325262E-07,,24974619.2893401,12.3367688299813,-7.59586361630778,,
25025380.7106599,-97.8884887695313,-113.504043579102,,25025380.7106599,-95.8844146728516,-114.701026916504,,25025380.7106599,3.97904043426126E-06,4.96111752331258E-07,,25025380.7106599,10.4597775580086,-10.6588137505851,,
25076142.1319797,-102.784606933594,-113.851264953613,,25076142.1319797,-103.325706481934,-114.535461425781,,25076142.1319797,1.75303125459763E-06,4.90349330052138E-07,,25076142.1319797,3.98030825869222,-9.93744686826091,,
25126903.5532995,-103.48420715332,-116.669105529785,,25126903.5532995,-103.16423034668,-113.749450683594,,25126903.5532995,1.63584031583125E-06,4.08634809533659E-07,,25126903.5532995,4.78034945742269,-7.84139279111247,,
25177664.9746193,-102.548950195313,-112.786613464355,,25177664.9746193,-103.309577941895,-114.001220703125,,25177664.9746193,1.78161887721363E-06,4.74665198946856E-07,,25177664.9746193,3.44792147890706,-8.85883358701091,,
25228426.3959391,-102.136039733887,-114.973304748535,,25228426.3959391,-102.659912109375,-116.010330200195,,25228426.3959391,1.63401794701163E-06,4.67605400346218E-07,,25228426.3959391,4.34584780947347,-7.87651852353434,,
25279187.8172589,-102.489082336426,-115.491851806641,,25279187.8172589,-102.794258117676,-116.436698913574,,25279187.8172589,1.68407508890127E-06,3.96834249502516E-07,,25279187.8172589,3.98614474550863,-7.42718533261638,,
25329949.2385787,-103.714698791504,-114.84716796875,,25329949.2385787,-103.594825744629,-115.861961364746,,25329949.2385787,1.98401278154375E-06,5.22915891784072E-07,,25329949.2385787,4.29049655214925,-7.10760525449138,,
25380710.6598985,-102.935585021973,-113.757789611816,,25380710.6598985,-101.401924133301,-114.975395202637,,25380710.6598985,1.7121456706123E-06,3.41389099939884E-07,,25380710.6598985,3.06368991152425,-6.198822295507,,
25431472.0812183,-101.968505859375,-115.547470092773,,25431472.0812183,-102.666770935059,-113.657127380371,,25431472.0812183,1.66781007394507E-06,4.6589497516447E-07,,25431472.0812183,4.73406955019613,-7.40258053525309,,
25482233.5025381,-103.123329162598,-117.91276550293,,25482233.5025381,-102.420516967773,-114.718147277832,,25482233.5025381,1.53405515520914E-06,3.99566610149869E-07,,25482233.5025381,3.17345401064534,-7.27623776181559,,
25532994.9238579,-103.288238525391,-115.418601989746,,25532994.9238579,-102.741584777832,-115.244064331055,,25532994.9238579,1.88745498954059E-06,4.21109808157191E-07,,25532994.9238579,3.37702914492269,-6.50804165585856,,
25583756.3451777,-102.882690429688,-113.644836425781,,25583756.3451777,-103.049423217773,-114.687072753906,,25583756.3451777,1.64115672416689E-06,4.43429551337636E-07,,25583756.3451777,2.88819094912191,-9.29766873105388,,
25634517.7664975,-102.784042358398,-115.216705322266,,25634517.7664975,-103.50309753418,-115.622138977051,,25634517.7664975,1.60359856485754E-06,3.77638222291058E-07,,25634517.7664975,3.82023593203206,-7.5126650689445,,
25685279.1878173,-102.643218994141,-114.088485717773,,25685279.1878173,-103.073486328125,-116.869041442871,,25685279.1878173,1.6936491845939E-06,4.2698579113534E-07,,25685279.1878173,3.56999179140706,-7.18495968564372,,
25736040.6091371,-102.537925720215,-115.750785827637,,25736040.6091371,-104.386917114258,-113.317878723145,,25736040.6091371,1.63114706815457E-06,4.28250829877641E-07,,25736040.6091371,3.79685183779378,-9.91798428281169,,
25786802.0304569,-102.335662841797,-115.843521118164,,25786802.0304569,-102.935577392578,-113.724617004395,,25786802.0304569,1.52032301102438E-06,3.90539416249429E-07,,25786802.0304569,4.58026095644613,-7.38084439023356,,
25837563.4517767,-103.488021850586,-113.638748168945,,25837563.4517767,-102.574058532715,-113.581504821777,,25837563.4517767,1.58307886105372E-06,4.71052145856185E-07,,25837563.4517767,4.02005740420003,-9.03347042783122,,
25888324.8730964,-103.357345581055,-111.90950012207,,25888324.8730964,-102.273468017578,-112.97184753418,,25888324.8730964,1.93107951653183E-06,4.72053257451108E-07,,25888324.8730964,3.41979190127034,-6.58535794003825,,
25939086.2944162,-103.00212097168,-115.135208129883,,25939086.2944162,-100.88053894043,-115.620315551758,,25939086.2944162,2.26941494986866E-06,3.4498438655034E-07,,25939086.2944162,3.33128329531331,-7.84133938535075,,
25989847.715736,-102.359321594238,-114.698051452637,,25989847.715736,-102.363243103027,-114.972595214844,,25989847.715736,1.89076867581238E-06,4.6184740331754E-07,,25989847.715736,3.744781220118,-8.57237271054606,,
26040609.1370558,-102.782760620117,-113.257713317871,,26040609.1370558,-102.508834838867,-114.148986816406,,26040609.1370558,1.1962388510258E-05,5.50639802841387E-07,,26040609.1370558,5.05303164736409,-6.42410305722575,,
26091370.5583756,-102.223403930664,-113.743316650391,,26091370.5583756,-102.786201477051,-114.205680847168,,26091370.5583756,4.13621834192612E-06,5.14754889669365E-07,,26091370.5583756,3.60800906435628,-5.30133084042888,,
26142131.9796954,-102.370559692383,-117.079032897949,,26142131.9796954,-101.650917053223,-113.168014526367,,26142131.9796954,1.59140488550782E-06,3.80711298504952E-07,,26142131.9796954,4.07717105166097,-7.36978176816325,,
26192893.4010152,-103.528671264648,-113.200492858887,,26192893.4010152,-102.765686035156,-114.513694763184,,26192893.4010152,1.56842562707199E-06,4.84030584457451E-07,,26192893.4010152,4.81019564882894,-6.77582577451091,,
26243654.822335,-90.999267578125,-114.5302734375,,26243654.822335,-93.317008972168,-113.22395324707,,26243654.822335,1.90610815222009E-06,4.50496945116271E-07,,26243654.822335,3.72948428408284,-9.42690304501872,,
26294416.2436548,-102.53759765625,-115.423187255859,,26294416.2436548,-103.611083984375,-114.193161010742,,26294416.2436548,1.91607925535173E-06,5.29907938579252E-07,,26294416.2436548,4.31878634707113,-6.62495449765544,,
26345177.6649746,-102.81990814209,-113.035934448242,,26345177.6649746,-103.026000976563,-113.437660217285,,26345177.6649746,1.57298123902934E-06,3.42945637191002E-07,,26345177.6649746,3.91236850039144,-6.54810360654216,,
26395939.0862944,-102.756172180176,-114.118431091309,,26395939.0862944,-102.700347900391,-113.593933105469,,26395939.0862944,1.65098995946927E-06,5.12170616509641E-07,,26395939.0862944,4.40806552187581,-8.41490963681559,,
26446700.5076142,-102.722793579102,-114.023651123047,,26446700.5076142,-102.824058532715,-113.485908508301,,26446700.5076142,1.93794261741813E-06,6.0194053568034E-07,,26446700.5076142,4.75170871035238,-8.56646755917888,,
26497461.928934,-101.718597412109,-113.222885131836,,26497461.928934,-101.525634765625,-113.181968688965,,26497461.928934,1.51809719340971E-06,4.65110330909701E-07,,26497461.928934,4.70227023378988,-7.72659329160075,,
26548223.3502538,-101.31324005127,-114.080192565918,,26548223.3502538,-101.216621398926,-114.460578918457,,26548223.3502538,1.54029443402768E-06,3.69826245037439E-07,,26548223.3502538,4.76869174257894,-5.48078182919841,,
26598984.7715736,-104.003707885742,-115.37467956543,,26598984.7715736,-102.93000793457,-113.0126953125,,26598984.7715736,1.66577211177129E-06,4.16248525859339E-07,,26598984.7715736,3.84642764345784,-8.89098385556559,,
26649746.1928934,-103.198066711426,-112.880981445313,,26649746.1928934,-102.674026489258,-113.961708068848,,26649746.1928934,1.54938859984218E-06,5.02883190315033E-07,,26649746.1928934,3.46281405703206,-6.72776058896403,,
26700507.6142132,-102.400482177734,-114.208946228027,,26700507.6142132,-103.52668762207,-115.02710723877,,26700507.6142132,1.98153274178323E-06,3.73369935556542E-07,,26700507.6142132,4.66374179140706,-8.15399960263591,,
26751269.035533,-101.996635437012,-114.410980224609,,26751269.035533,-100.573760986328,-113.943283081055,,26751269.035533,1.88875189490531E-06,4.88014448003869E-07,,26751269.035533,3.89520999209066,-8.30687741025309,,
26802030.4568528,-101.76286315918,-115.453681945801,,26802030.4568528,-102.235733032227,-116.000526428223,,26802030.4568528,1.74072848011422E-06,4.65924031154924E-07,,26802030.4568528,3.50478335634847,-10.4761278985343,,
26852791.8781726,-101.938194274902,-114.25708770752,,26852791.8781726,-100.138236999512,-114.114608764648,,26852791.8781726,1.83734639505579E-06,4.04927104381831E-07,,26852791.8781726,3.76681491152425,-8.98974636777263,,
26903553.2994924,-100.799575805664,-112.465476989746,,26903553.2994924,-100.860801696777,-115.945663452148,,26903553.2994924,1.74044869604177E-06,4.01003585638689E-07,,26903553.2994924,3.92638369814534,-5.84272793515544,,
26954314.7208122,-98.3074951171875,-109.795890808105,,26954314.7208122,-97.7939147949219,-112.893928527832,,26954314.7208122,1.60881442831576E-06,4.89672726779592E-07,,26954314.7208122,3.18157931582113,-6.00947598203044,,
27005076.142132,-96.9617767333984,-108.167045593262,,27005076.142132,-97.0081253051758,-108.713043212891,,27005076.142132,2.01325593650434E-06,6.33826888234465E-07,,27005076.142132,4.59966250673909,-8.47126797421794,,
27055837.5634518,-88.1230773925781,-104.743133544922,,27055837.5634518,-89.5342788696289,-105.361534118652,,27055837.5634518,2.96401452039231E-06,6.90047519969616E-07,,27055837.5634518,3.99903079287191,-8.30515316708903,,
27106598.9847716,-38.2677345275879,-94.9957504272461,,27106598.9847716,-38.3769226074219,-94.340461730957,,27106598.9847716,0.00102529624489674,1.39372790444747E-06,,27106598.9847716,35.0967480780282,-8.88533047421794,,
27157360.4060914,-59.3336334228516,-102.897369384766,,27157360.4060914,-59.5235061645508,-101.17822265625,,27157360.4060914,8.93542105822725E-05,8.85950434327678E-07,,27157360.4060914,14.1034085394539,-7.57145718320231,,
27208121.8274112,-95.9492263793945,-108.15966796875,,27208121.8274112,-93.7683486938477,-106.306243896484,,27208121.8274112,2.29312358585052E-06,6.19882213466813E-07,,27208121.8274112,3.72361727968831,-8.40814999326091,,
27258883.248731,-98.1488494873047,-110.566452026367,,27258883.248731,-98.1753692626953,-110.549705505371,,27258883.248731,1.69488437990974E-06,4.06222403845512E-07,,27258883.248731,5.44428225771566,-9.46104458554606,,
27309644.6700508,-98.8686904907227,-112.322082519531,,27309644.6700508,-100.586738586426,-111.929023742676,,27309644.6700508,1.54155047701466E-06,4.94581955711144E-07,,27309644.6700508,4.21320315615316,-8.67625454648356,,
27360406.0913706,-102.165328979492,-112.176315307617,,27360406.0913706,-101.153755187988,-112.568290710449,,27360406.0913706,1.94136369907639E-06,5.01022160226771E-07,,27360406.0913706,3.79359408632894,-7.917084014257,,
27411167.5126904,-101.726295471191,-114.556915283203,,27411167.5126904,-102.01195526123,-113.732444763184,,27411167.5126904,1.72531601614684E-06,5.15495580890358E-07,,27411167.5126904,4.31999942080159,-8.79541043027263,,
27461928.9340102,-101.532958984375,-111.986190795898,,27461928.9340102,-102.362594604492,-112.340606689453,,27461928.9340102,1.4670623761186E-06,4.00908847467693E-07,,27461928.9340102,4.09588595644613,-6.73892239316325,,
27512690.3553299,-102.997062683105,-113.30086517334,,27512690.3553299,-102.130554199219,-112.897216796875,,27512690.3553299,1.52369462495825E-06,4.05541107777856E-07,,27512690.3553299,4.67378207461019,-8.58719662412028,,
27563451.7766497,-101.887298583984,-114.00407409668,,27563451.7766497,-100.694984436035,-111.979690551758,,27563451.7766497,1.63628580535658E-06,3.6482818319798E-07,,27563451.7766497,4.61200686709066,-7.81893185361247,,
27614213.1979695,-103.306663513184,-113.352905273438,,27614213.1979695,-101.690414428711,-113.77392578125,,27614213.1979695,1.63822725538098E-06,4.87089429808513E-07,,27614213.1979695,3.62001010195394,-5.44438198788981,,
27664974.6192893,-102.987945556641,-113.248039245605,,27664974.6192893,-104.225730895996,-115.238861083984,,27664974.6192893,1.75959847039568E-06,3.30054145112573E-07,,27664974.6192893,3.90292330996175,-7.16032437070231,,
27715736.0406091,-103.297897338867,-117.008743286133,,27715736.0406091,-103.799575805664,-114.12141418457,,27715736.0406091,1.57397910962399E-06,4.41677573537919E-07,,27715736.0406091,4.08107730166097,-6.25415066464763,,
27766497.4619289,-102.375900268555,-113.617515563965,,27766497.4619289,-101.604919433594,-114.946937561035,,27766497.4619289,1.77123164056632E-06,4.04083258156555E-07,,27766497.4619289,2.82227298037191,-9.17646816953044,,
27817258.8832487,-102.148696899414,-115.183769226074,,27817258.8832487,-102.65901184082,-112.727844238281,,27817258.8832487,1.61387146855473E-06,3.32564685803902E-07,,27817258.8832487,4.5012509466805,-6.78822354062419,,
27868020.3045685,-100.796501159668,-116.672874450684,,27868020.3045685,-102.743675231934,-114.478713989258,,27868020.3045685,1.70361137319621E-06,4.1463671650857E-07,,27868020.3045685,4.84702273623128,-8.18164852841716,,
27918781.7258883,-102.911994934082,-115.978324890137,,27918781.7258883,-102.74845123291,-114.500450134277,,27918781.7258883,1.60014571252971E-06,4.60958622464174E-07,,27918781.7258883,4.63904544130941,-7.27823666318278,,
27969543.1472081,-100.118309020996,-116.546676635742,,27969543.1472081,-103.180366516113,-114.079627990723,,27969543.1472081,1.70281996403244E-06,3.37145915944652E-07,,27969543.1472081,3.84652682558675,-7.72473934872966,,
28020304.5685279,-102.283378601074,-114.040267944336,,28020304.5685279,-101.22770690918,-113.189292907715,,28020304.5685279,1.53049928639368E-06,4.75902171547287E-07,,28020304.5685279,3.50015994326253,-7.33741787656169,,
28071065.9898477,-103.259353637695,-114.45002746582,,28071065.9898477,-102.131874084473,-113.010704040527,,28071065.9898477,1.43561664230166E-06,4.90103027854965E-07,,28071065.9898477,2.48095675722738,-6.90128353818278,,
28121827.4111675,-103.186744689941,-115.47770690918,,28121827.4111675,-104.34903717041,-114.587936401367,,28121827.4111675,1.56390793503771E-06,4.74789877392044E-07,,28121827.4111675,4.86813327089925,-6.58216122372966,,
28172588.8324873,-103.063789367676,-114.414855957031,,28172588.8324873,-102.586074829102,-115.291854858398,,28172588.8324873,1.56637013991197E-06,4.74492621302084E-07,,28172588.8324873,4.13408633486409,-7.38706997617106,,
28223350.2538071,-103.538665771484,-116.140037536621,,28223350.2538071,-102.516273498535,-115.281028747559,,28223350.2538071,1.6470024527951E-06,4.54782865726269E-07,,28223350.2538071,3.17200442568441,-7.87271908505778,,
28274111.6751269,-102.160064697266,-115.952041625977,,28274111.6751269,-101.795272827148,-114.322906494141,,28274111.6751269,2.35086055611712E-06,4.31711502699678E-07,,28274111.6751269,2.69496890322347,-9.76968411191325,,
28324873.0964467,-103.948944091797,-118.327949523926,,28324873.0964467,-102.209213256836,-113.492935180664,,28324873.0964467,1.7893364881647E-06,4.30900396436328E-07,,28324873.0964467,4.18109103457113,-7.38916043027263,,
28375634.5177665,-104.298690795898,-116.652824401855,,28375634.5177665,-103.710823059082,-116.276695251465,,28375634.5177665,1.60028486450527E-06,3.73158464074944E-07,,28375634.5177665,4.69099398867269,-6.47047451718669,,
28426395.9390863,-104.122314453125,-115.523239135742,,28426395.9390863,-104.058807373047,-114.928314208984,,28426395.9390863,1.47646968573766E-06,4.46615314046207E-07,,28426395.9390863,3.80381747500081,-8.13718441708903,,
28477157.3604061,-102.772476196289,-114.689086914063,,28477157.3604061,-103.819259643555,-115.429718017578,,28477157.3604061,1.60106237037502E-06,4.09838999631045E-07,,28477157.3604061,4.69354983584066,-9.27136257871013,,
28527918.7817259,-103.071495056152,-114.781700134277,,28527918.7817259,-103.287315368652,-115.838104248047,,28527918.7817259,1.43535690030148E-06,4.3697132991662E-07,,28527918.7817259,3.46894046084066,-5.931976592382,,
28578680.2030457,-102.182060241699,-114.163581848145,,28578680.2030457,-102.498657226563,-114.337409973145,,28578680.2030457,2.32748089730149E-06,4.57631554569315E-07,,28578680.2030457,4.42034884707113,-5.28961971982341,,
28629441.6243655,-102.855422973633,-114.701942443848,,28629441.6243655,-103.652214050293,-113.949317932129,,28629441.6243655,1.56109990082914E-06,4.68976777612047E-07,,28629441.6243655,2.961333954493,-10.0364077447258,,
28680203.0456853,-102.261535644531,-114.15991973877,,28680203.0456853,-103.162979125977,-116.589828491211,,28680203.0456853,1.95930151431667E-06,3.87980208300917E-07,,28680203.0456853,4.07774325625081,-8.19280270322184,,
28730964.4670051,-103.677787780762,-114.855445861816,,28730964.4670051,-103.481788635254,-121.00301361084,,28730964.4670051,1.63585324768844E-06,4.24157943460195E-07,,28730964.4670051,3.51004763857503,-9.42083004697184,,
28781725.8883249,-103.151550292969,-113.401329040527,,28781725.8883249,-102.092338562012,-115.996429443359,,28781725.8883249,1.52529480760233E-06,3.55850524430882E-07,,28781725.8883249,4.29427310244222,-8.26419857724528,,
28832487.3096447,-103.915397644043,-116.37385559082,,28832487.3096447,-102.844451904297,-116.747215270996,,28832487.3096447,1.51379360839142E-06,3.6771690588808E-07,,28832487.3096447,3.37934848086019,-7.28555325253825,,
28883248.7309645,-102.42130279541,-116.251441955566,,28883248.7309645,-103.809463500977,-115.394393920898,,28883248.7309645,1.66571212335588E-06,4.04146086216711E-07,,28883248.7309645,3.39395877138753,-9.14632443173747,,
28934010.1522843,-103.057334899902,-113.743713378906,,28934010.1522843,-104.038932800293,-113.174713134766,,28934010.1522843,1.64515175347853E-06,4.95381507450093E-07,,28934010.1522843,3.19361850039144,-9.79969052060466,,
28984771.5736041,-103.619453430176,-114.45735168457,,28984771.5736041,-103.945526123047,-114.093574523926,,28984771.5736041,1.70732647814404E-06,4.75951918113913E-07,,28984771.5736041,3.91076632753988,-8.62571743710856,,
29035532.9949239,-104.189842224121,-114.029281616211,,29035532.9949239,-101.92357635498,-114.463279724121,,29035532.9949239,1.80128650663052E-06,4.13613478111018E-07,,29035532.9949239,4.18530246035238,-6.59954861386638,,
29086294.4162437,-103.430633544922,-115.356475830078,,29086294.4162437,-102.99348449707,-117.284515380859,,29086294.4162437,1.6638842448347E-06,5.31450364283969E-07,,29086294.4162437,4.39566775576253,-10.0139925835929,,
29137055.8375635,-102.910713195801,-116.536094665527,,29137055.8375635,-103.524429321289,-114.790069580078,,29137055.8375635,1.47791382066204E-06,4.32931976400624E-07,,29137055.8375635,4.53020449892659,-6.49524716122966,,
29187817.2588832,-102.923873901367,-114.623878479004,,29187817.2588832,-102.542778015137,-114.156784057617,,29187817.2588832,1.63983968800679E-06,3.9981587367548E-07,,29187817.2588832,3.47958346621175,-10.065651213964,,
29238578.680203,-103.243698120117,-115.186218261719,,29238578.680203,-103.269630432129,-112.881576538086,,29238578.680203,1.86505510151709E-06,4.68266730397134E-07,,29238578.680203,4.15733310000081,-8.78315762265544,,
29289340.1015228,-102.445220947266,-116.097640991211,,29289340.1015228,-102.38508605957,-114.79216003418,,29289340.1015228,1.35223209793568E-06,4.51432958639064E-07,,29289340.1015228,3.29454776064534,-6.85311154111247,,
29340101.5228426,-101.176414489746,-114.003631591797,,29340101.5228426,-104.112586975098,-114.337547302246,,29340101.5228426,1.57226570503352E-06,3.69230313966505E-07,,29340101.5228426,3.50772830263753,-9.13964108212809,,
29390862.9441624,-103.858009338379,-114.179809570313,,29390862.9441624,-102.815086364746,-113.317489624023,,29390862.9441624,1.36209059812333E-06,4.25524103467681E-07,,29390862.9441624,4.38603183046956,-12.581634795507,,
29441624.3654822,-103.057266235352,-114.696960449219,,29441624.3654822,-103.170585632324,-113.755508422852,,29441624.3654822,1.54307859815208E-06,2.80817971447444E-07,,29441624.3654822,2.98390170351644,-8.08210018857341,,
29492385.786802,-101.911331176758,-114.537887573242,,29492385.786802,-103.294784545898,-114.150871276855,,29492385.786802,1.64240845548054E-06,3.88774034882868E-07,,29492385.786802,3.38099643007894,-8.95603970273356,,
29543147.2081218,-103.682891845703,-117.422180175781,,29543147.2081218,-102.295272827148,-113.781051635742,,29543147.2081218,1.78615193148727E-06,4.44535922792146E-07,,29543147.2081218,2.26278659121175,-8.10644558652263,,
29593908.6294416,-102.664573669434,-115.497924804688,,29593908.6294416,-103.425842285156,-114.502418518066,,29593908.6294416,1.43087180082879E-06,3.80188315701853E-07,,29593908.6294416,3.98846408144613,-7.27510861142497,,
29644670.0507614,-103.512107849121,-114.705123901367,,29644670.0507614,-103.494338989258,-118.511222839355,,29644670.0507614,1.58623013845001E-06,4.07533301447033E-07,,29644670.0507614,2.95221682802816,-9.14382961972575,,
29695431.4720812,-102.878326416016,-112.520538330078,,29695431.4720812,-103.92569732666,-114.023414611816,,29695431.4720812,1.44820201994422E-06,4.07758880925092E-07,,29695431.4720812,3.93984195009847,-10.1959383843742,,
29746192.893401,-103.06568145752,-115.494132995605,,29746192.893401,-103.590934753418,-114.588996887207,,29746192.893401,1.74323018713552E-06,4.28125210469496E-07,,29746192.893401,2.90244265810628,-7.98943356259684,,
29796954.3147208,-103.215484619141,-114.589691162109,,29796954.3147208,-102.997650146484,-115.216667175293,,29796954.3147208,1.53730733011551E-06,4.38160872029214E-07,,29796954.3147208,4.77243014589925,-9.34891537412028,,
29847715.7360406,-104.774627685547,-114.521682739258,,29847715.7360406,-104.148216247559,-115.337966918945,,29847715.7360406,1.63787186983832E-06,4.58521572641905E-07,,29847715.7360406,5.07154055849691,-10.4877016900383,,
29898477.1573604,-103.979949951172,-114.871482849121,,29898477.1573604,-103.745429992676,-113.80046081543,,29898477.1573604,1.41469428538596E-06,3.66323266816643E-07,,29898477.1573604,4.06241580263753,-7.43732479794841,,
29949238.5786802,-102.96907043457,-114.850280761719,,29949238.5786802,-103.00813293457,-114.855751037598,,29949238.5786802,1.36656654535224E-06,3.76618944765114E-07,,29949238.5786802,2.76277133242269,-7.73541287167888,,
30000000,-102.989280700684,-113.706199645996,,30000000,-103.236915588379,-115.49242401123,,30000000,1.47190783407845E-06,3.24423705869501E-07,,30000000,3.90114566103597,-10.4302828667961,,
30050761.4213198,-102.102905273438,-114.540977478027,,30050761.4213198,-104.218933105469,-116.853660583496,,30050761.4213198,1.36520483121336E-06,3.47108116521559E-07,,30050761.4213198,3.88677951113363,-9.43965176328044,,
30101522.8426396,-103.966247558594,-113.985061645508,,30101522.8426396,-102.688400268555,-116.096870422363,,30101522.8426396,1.57515054869102E-06,4.06690454015855E-07,,30101522.8426396,3.583648407618,-8.56880978329997,,
30152284.2639594,-103.162528991699,-114.980407714844,,30152284.2639594,-103.381530761719,-115.830474853516,,30152284.2639594,1.53425459264675E-06,4.20075023231348E-07,,30152284.2639594,3.80274935976644,-8.17893246396403,,
30203045.6852792,-103.685104370117,-115.008888244629,,30203045.6852792,-103.322608947754,-114.126075744629,,30203045.6852792,1.44666619589947E-06,3.3025366244452E-07,,30203045.6852792,3.63290377871175,-8.08181027158122,,
30253807.106599,-103.476806640625,-115.460678100586,,30253807.106599,-102.430358886719,-115.408088684082,,30253807.106599,1.71898847926008E-06,5.11852205078828E-07,,30253807.106599,3.71351596132894,-8.52863339169841,,
30304568.5279188,-104.204772949219,-115.038146972656,,30304568.5279188,-103.691024780273,-114.18293762207,,30304568.5279188,1.58057789645619E-06,4.15072532179028E-07,,30304568.5279188,3.35382052675863,-7.00312832578044,,
30355329.9492386,-104.103424072266,-115.503196716309,,30355329.9492386,-103.441413879395,-115.168197631836,,30355329.9492386,1.30831571042604E-06,3.57516959056792E-07,,30355329.9492386,3.30545779482503,-10.952842986425,,
30406091.3705584,-103.027694702148,-115.833961486816,,30406091.3705584,-101.513900756836,-115.754806518555,,30406091.3705584,1.59244661469332E-06,4.49568005831592E-07,,30406091.3705584,4.37412234560628,-8.73797634824138,,
30456852.7918782,-103.963333129883,-114.420906066895,,30456852.7918782,-104.771713256836,-116.007652282715,,30456852.7918782,1.8074136494257E-06,4.31994479290785E-07,,30456852.7918782,3.37928744570394,-7.33477047665934,,
30507614.213198,-103.769729614258,-118.24488067627,,30507614.213198,-102.247573852539,-116.622329711914,,30507614.213198,1.43023849876807E-06,4.12876265004715E-07,,30507614.213198,4.091460907618,-7.67802456601481,,
30558375.6345178,-103.736938476563,-116.936676025391,,30558375.6345178,-102.877105712891,-113.44499206543,,30558375.6345178,1.61243469186043E-06,3.81383374359366E-07,,30558375.6345178,4.91503115908284,-9.73233059628825,,
30609137.0558376,-103.728530883789,-114.670806884766,,30609137.0558376,-103.603485107422,-114.892906188965,,30609137.0558376,1.58110693744169E-06,3.18180887648901E-07,,30609137.0558376,3.821197235743,-7.21180752499919,,
30659898.4771574,-104.06175994873,-114.899085998535,,30659898.4771574,-103.862258911133,-116.079345703125,,30659898.4771574,1.50904618402239E-06,4.31597757409601E-07,,30659898.4771574,3.06842776552816,-10.0363009332023,,
30710659.8984772,-103.910858154297,-114.747406005859,,30710659.8984772,-102.659126281738,-114.502716064453,,30710659.8984772,1.4970664412088E-06,4.57601407945103E-07,,30710659.8984772,2.89011355654378,-9.76907376035075,,
30761421.319797,-102.728500366211,-115.84496307373,,30761421.319797,-103.703353881836,-113.164474487305,,30761421.319797,1.58845957670267E-06,4.12452899209286E-07,,30761421.319797,4.57936068789144,-8.55973843320231,,
30812182.7411168,-104.639053344727,-114.462242126465,,30812182.7411168,-102.73461151123,-114.250823974609,,30812182.7411168,1.61462295590332E-06,3.67826738960468E-07,,30812182.7411168,3.43382998720784,-8.93692806943278,,
30862944.1624365,-102.346382141113,-116.864822387695,,30862944.1624365,-102.973968505859,-115.539665222168,,30862944.1624365,1.53845958405832E-06,4.8635836737708E-07,,30862944.1624365,4.22211428896566,-8.51895169003825,,
30913705.5837563,-101.585807800293,-115.301414489746,,30913705.5837563,-103.612159729004,-114.531761169434,,30913705.5837563,1.27107887865438E-06,4.12353282917697E-07,,30913705.5837563,3.65871402041097,-7.0876162408195,,
30964467.0050761,-103.889587402344,-113.408874511719,,30964467.0050761,-104.336578369141,-115.702079772949,,30964467.0050761,1.74179604766319E-06,4.90145648226357E-07,,30964467.0050761,2.69540377871175,-8.05800656064372,,
31015228.4263959,-103.654052734375,-115.453575134277,,31015228.4263959,-103.612060546875,-114.506896972656,,31015228.4263959,1.57158776769678E-06,3.8368500316408E-07,,31015228.4263959,2.96479007021566,-7.61431149228434,,
31065989.8477157,-103.884803771973,-115.372764587402,,31065989.8477157,-103.666786193848,-115.904411315918,,31065989.8477157,1.4305211882598E-06,3.65875642130349E-07,,31065989.8477157,4.46401187197347,-7.63669613583903,,
31116751.2690355,-104.260948181152,-113.50390625,,31116751.2690355,-103.204284667969,-116.123443603516,,31116751.2690355,1.49043660631075E-06,4.36439294370839E-07,,31116751.2690355,2.91036959902425,-10.9235842583976,,
31167512.6903553,-103.698348999023,-116.092613220215,,31167512.6903553,-104.362167358398,-115.47322845459,,31167512.6903553,1.5052587020196E-06,4.32024456839882E-07,,31167512.6903553,3.89449282900472,-6.69746426328044,,
31218274.1116751,-104.280090332031,-113.57096862793,,31218274.1116751,-104.001907348633,-118.467109680176,,31218274.1116751,1.73491426001972E-06,3.68878594890451E-07,,31218274.1116751,3.86207553164144,-7.22535732968669,,
31269035.5329949,-102.254196166992,-114.510383605957,,31269035.5329949,-104.499992370605,-114.303070068359,,31269035.5329949,1.45710821798113E-06,3.21970379529605E-07,,31269035.5329949,4.27870150820394,-9.70758846982341,,
31319796.9543147,-102.493515014648,-116.18327331543,,31319796.9543147,-103.12043762207,-116.613418579102,,31319796.9543147,1.40341918786181E-06,4.13118953623356E-07,,31319796.9543147,2.52703830019613,-9.79829434140544,,
31370558.3756345,-104.677101135254,-112.907196044922,,31370558.3756345,-102.874519348145,-116.114303588867,,31370558.3756345,1.61783418288187E-06,4.64592593940571E-07,,31370558.3756345,3.33917971865316,-9.32497433408122,,
31421319.7969543,-103.71997833252,-114.981216430664,,31421319.7969543,-103.697303771973,-113.870651245117,,31421319.7969543,1.48379572861322E-06,3.39660870675173E-07,,31421319.7969543,2.88035556093831,-8.90753201230388,,
31472081.2182741,-102.74503326416,-113.925102233887,,31472081.2182741,-103.382171630859,-116.669128417969,,31472081.2182741,1.71284662745704E-06,4.10959373570944E-07,,31472081.2182741,3.69383212343831,-9.36600521787028,,
31522842.6395939,-103.154373168945,-114.144203186035,,31522842.6395939,-104.078353881836,-114.577041625977,,31522842.6395939,1.48587597524891E-06,3.34714550868355E-07,,31522842.6395939,4.35604830996175,-8.12859371884684,,
31573604.0609137,-103.509696960449,-114.000335693359,,31573604.0609137,-103.991149902344,-116.016746520996,,31573604.0609137,1.65644580894136E-06,4.20934147648029E-07,,31573604.0609137,4.56420871035238,-7.57876614316325,,
31624365.4822335,-104.030982971191,-114.88493347168,,31624365.4822335,-104.379867553711,-115.838478088379,,31624365.4822335,1.86972489888901E-06,3.39294698406554E-07,,31624365.4822335,3.64154788271566,-7.42459896787028,,
31675126.9035533,-103.177764892578,-115.808685302734,,31675126.9035533,-103.755317687988,-114.181549072266,,31675126.9035533,1.47908131840823E-06,3.08635489464109E-07,,31675126.9035533,3.97200747744222,-7.68860653622966,,
31725888.3248731,-102.743110656738,-113.850517272949,,31725888.3248731,-103.940315246582,-115.41667175293,,31725888.3248731,1.68230094189468E-06,4.22119703801918E-07,,31725888.3248731,5.74289675966878,-8.00034359677653,,
31776649.7461929,-103.30086517334,-114.859703063965,,31776649.7461929,-103.24910736084,-114.517356872559,,31776649.7461929,1.41733358410983E-06,4.93377463145799E-07,,31776649.7461929,2.85605593935628,-9.00079373105388,,
31827411.1675127,-102.647674560547,-114.198791503906,,31827411.1675127,-103.67423248291,-114.628898620605,,31827411.1675127,1.41927826577194E-06,4.31573874706519E-07,,31827411.1675127,3.21868106142659,-7.50714138730388,,
31878172.5888325,-103.160675048828,-114.169212341309,,31878172.5888325,-101.936172485352,-113.297500610352,,31878172.5888325,1.69913705198907E-06,3.9191087835584E-07,,31878172.5888325,3.51430484072347,-11.0940096734367,,
31928934.0101523,-102.661109924316,-115.155876159668,,31928934.0101523,-104.341697692871,-114.582618713379,,31928934.0101523,1.60225255888127E-06,4.10919668464745E-07,,31928934.0101523,3.88403292910238,-6.20631436093669,,
31979695.4314721,-102.965705871582,-115.373741149902,,31979695.4314721,-102.99348449707,-116.977058410645,,31979695.4314721,1.50435593153521E-06,4.60800742168018E-07,,31979695.4314721,3.50690432802816,-7.20996884091716,,
32030456.8527919,-104.297714233398,-116.060516357422,,32030456.8527919,-103.449745178223,-116.029266357422,,32030456.8527919,1.52970498804505E-06,4.45585168431825E-07,,32030456.8527919,2.83959933535238,-9.65627316220622,,
32081218.2741117,-103.589370727539,-116.617195129395,,32081218.2741117,-103.346961975098,-113.318534851074,,32081218.2741117,1.4058460369236E-06,4.22911309930626E-07,,32081218.2741117,3.02670260683675,-7.17016628964763,,
32131979.6954315,-101.71467590332,-114.279151916504,,32131979.6954315,-104.039520263672,-116.419883728027,,32131979.6954315,1.46206590980383E-06,4.0538654048411E-07,,32131979.6954315,4.14485903994222,-8.62702206357341,,
32182741.1167513,-103.87393951416,-114.94750213623,,32182741.1167513,-102.463394165039,-114.697769165039,,32182741.1167513,1.50721546045512E-06,3.97380130266336E-07,,32182741.1167513,2.43057986513753,-8.39400509579997,,
32233502.5380711,-103.19539642334,-113.989654541016,,32233502.5380711,-102.207527160645,-115.93278503418,,32233502.5380711,1.30726348426448E-06,4.22295488126495E-07,,32233502.5380711,3.59311648623128,-10.8052370904289,,
32284263.9593909,-103.290550231934,-113.780807495117,,32284263.9593909,-103.703117370605,-115.00415802002,,32284263.9593909,1.42519718468775E-06,3.73143386964315E-07,,32284263.9593909,3.12651797548909,-8.5927431939445,,
32335025.3807107,-103.255340576172,-113.897827148438,,32335025.3807107,-104.489822387695,-113.932052612305,,32335025.3807107,1.48216747706595E-06,3.8185600905572E-07,,32335025.3807107,4.24889346377034,-9.7084658501945,,
32385786.8020305,-102.753524780273,-117.080627441406,,32385786.8020305,-103.261779785156,-113.186790466309,,32385786.8020305,1.36377259852914E-06,4.32478548387531E-07,,32385786.8020305,4.49963351503988,-9.10485867246013,,
32436548.2233503,-103.161247253418,-116.430595397949,,32436548.2233503,-102.416000366211,-112.943664550781,,32436548.2233503,1.88969113164298E-06,3.84879896749505E-07,,32436548.2233503,3.20720645205159,-7.89215115292888,,
32487309.64467,-102.364822387695,-115.78946685791,,32487309.64467,-103.913597106934,-113.711669921875,,32487309.64467,1.56176233956821E-06,4.08243403242903E-07,,32487309.64467,5.17945071474691,-8.63798550351481,,
32538071.0659898,-103.594161987305,-116.10514831543,,32538071.0659898,-103.099098205566,-115.918479919434,,32538071.0659898,1.44133401094718E-06,3.11299313667096E-07,,32538071.0659898,3.13557406679769,-9.56802395566325,,
32588832.4873096,-103.111053466797,-115.272842407227,,32588832.4873096,-101.693374633789,-113.765747070313,,32588832.4873096,1.4499572426637E-06,3.59083312219809E-07,,32588832.4873096,4.41744204775472,-7.14126614316325,,
32639593.9086294,-103.799018859863,-114.860649108887,,32639593.9086294,-103.246643066406,-115.481742858887,,32639593.9086294,1.62255753398347E-06,3.03795752223231E-07,,32639593.9086294,2.97605105654378,-7.02510098203044,,
32690355.3299492,-102.612846374512,-113.548919677734,,32690355.3299492,-103.751052856445,-114.598358154297,,32690355.3299492,1.67691016647979E-06,3.86524370411196E-07,,32690355.3299492,3.56897708193441,-6.54475430234294,,
32741116.751269,-102.609558105469,-115.583213806152,,32741116.751269,-101.482688903809,-114.483528137207,,32741116.751269,1.56139336903308E-06,4.10649414757033E-07,,32741116.751269,3.70872470156331,-9.49001339658122,,
32791878.1725888,-96.6993637084961,-115.631401062012,,32791878.1725888,-96.5558166503906,-114.323989868164,,32791878.1725888,1.42970593794107E-06,3.8646258451892E-07,,32791878.1725888,3.38535281435628,-7.39839199765544,,
32842639.5939086,-103.024833679199,-119.106422424316,,32842639.5939086,-102.638916015625,-114.621620178223,,32842639.5939086,1.40363986144642E-06,2.89566616089684E-07,,32842639.5939086,4.97917910830159,-5.42829159482341,,
32893401.0152284,-103.658836364746,-114.274322509766,,32893401.0152284,-103.120880126953,-116.009979248047,,32893401.0152284,1.59313215057655E-06,3.17547380316082E-07,,32893401.0152284,4.16088076845784,-7.35251644833903,,
32944162.4365482,-103.175315856934,-115.013221740723,,32944162.4365482,-103.792533874512,-113.656089782715,,32944162.4365482,1.38928501977025E-06,3.78148728971984E-07,,32944162.4365482,3.844146454493,-11.2142336724601,,
32994923.857868,-90.9519882202148,-114.986251831055,,32994923.857868,-94.806884765625,-115.974143981934,,32994923.857868,1.71463340869923E-06,2.9283623767404E-07,,32994923.857868,3.497466766993,-10.2273638604484,,
33045685.2791878,-103.818328857422,-117.061584472656,,33045685.2791878,-102.627044677734,-114.095031738281,,33045685.2791878,1.58940862989193E-06,3.87848686113963E-07,,33045685.2791878,3.58196231142659,-11.6857073663078,,
33096446.7005076,-102.780883789063,-112.551246643066,,33096446.7005076,-103.397201538086,-114.971076965332,,33096446.7005076,1.85330540585838E-06,4.5844626457849E-07,,33096446.7005076,3.02545138613363,-7.85115078671794,,
33147208.1218274,-103.213645935059,-113.30126953125,,33147208.1218274,-103.727058410645,-114.121391296387,,33147208.1218274,1.37728423499342E-06,3.2075828925031E-07,,33147208.1218274,3.85865756289144,-7.86850765927653,,
33197969.5431472,-102.828483581543,-114.653045654297,,33197969.5431472,-103.103942871094,-114.695671081543,,33197969.5431472,1.5315038373854E-06,4.56061753451532E-07,,33197969.5431472,4.14276858584066,-7.88589504941325,,
33248730.964467,-103.269332885742,-114.669708251953,,33248730.964467,-102.589981079102,-116.033531188965,,33248730.964467,1.49825828093411E-06,4.09292900710899E-07,,33248730.964467,3.78639193789144,-9.03371456845622,,
33299492.3857868,-102.989379882813,-113.994438171387,,33299492.3857868,-103.50244140625,-113.999366760254,,33299492.3857868,1.75925384151271E-06,4.98352286050272E-07,,33299492.3857868,3.37685366884847,-8.80862454160075,,
33350253.8071066,-102.554336547852,-113.92643737793,,33350253.8071066,-103.117294311523,-114.290786743164,,33350253.8071066,1.51290831007177E-06,3.94336650559045E-07,,33350253.8071066,3.01878329531331,-6.77140835507731,,
33401015.2284264,-101.821403503418,-116.7158203125,,33401015.2284264,-102.385131835938,-113.946701049805,,33401015.2284264,1.58902894059176E-06,3.34235376842093E-07,,33401015.2284264,4.23838778750081,-7.34378079160075,,
33451776.6497462,-100.799179077148,-114.29727935791,,33451776.6497462,-102.495231628418,-115.63451385498,,33451776.6497462,1.66616428438769E-06,4.61268873035957E-07,,33451776.6497462,2.11914798037191,-7.70210293515544,,
33502538.071066,-102.901062011719,-113.480796813965,,33502538.071066,-101.930198669434,-112.209106445313,,33502538.071066,1.43888002450883E-06,3.55228435000403E-07,,33502538.071066,2.37324496523519,-7.31907681210856,,
33553299.4923858,-101.449584960938,-113.603042602539,,33553299.4923858,-100.700881958008,-111.733848571777,,33553299.4923858,1.44800486528257E-06,3.56996361159399E-07,,33553299.4923858,4.50767489687581,-8.88048580869059,,
33604060.9137056,-99.2755279541016,-113.060836791992,,33604060.9137056,-99.9583435058594,-111.557922363281,,33604060.9137056,1.53693603716169E-06,4.45760544350665E-07,,33604060.9137056,3.23302432314534,-8.88742855771403,,
33654822.3350254,-98.2671585083008,-113.482887268066,,33654822.3350254,-99.3242950439453,-112.219215393066,,33654822.3350254,1.50833058610942E-06,3.94660294845736E-07,,33654822.3350254,3.489898407618,-7.38920620663981,,
33705583.7563452,-97.5257797241211,-109.391326904297,,33705583.7563452,-96.9293746948242,-109.173805236816,,33705583.7563452,1.478700708969E-06,3.25606743991329E-07,,33705583.7563452,4.56416293398519,-6.49684933408122,,
33756345.177665,-93.9403228759766,-106.548072814941,,33756345.177665,-93.496826171875,-105.871162414551,,33756345.177665,1.5968601864927E-06,4.95170081090255E-07,,33756345.177665,4.25278445498128,-8.52870205624919,,
33807106.5989848,-80.1724853515625,-98.9691162109375,,33807106.5989848,-84.4225997924805,-101.362915039063,,33807106.5989848,1.91330764515814E-06,2.98617717526159E-07,,33807106.5989848,4.09947940127034,-7.77262142880778,,
33857868.0203046,-36.5556869506836,-92.4951782226563,,33857868.0203046,-36.3095817565918,-88.9810943603516,,33857868.0203046,2.03507841413857E-05,3.00902089105377E-07,,33857868.0203046,41.8540799261727,-6.1549990533195,,
33908629.4416244,-86.7097549438477,-100.110549926758,,33908629.4416244,-87.0472946166992,-102.326347351074,,33908629.4416244,1.4736102407167E-06,3.13703291161581E-07,,33908629.4416244,4.57065554873128,-6.84789303525309,,
33959390.8629442,-93.1577453613281,-106.158760070801,,33959390.8629442,-94.2205047607422,-108.790328979492,,33959390.8629442,1.40372740080312E-06,4.40380222068512E-07,,33959390.8629442,3.32506533877034,-7.038177764257,,
34010152.284264,-95.7916030883789,-109.386817932129,,34010152.284264,-97.8684463500977,-108.619720458984,,34010152.284264,1.54287394805207E-06,3.79307056790649E-07,,34010152.284264,4.220367157618,-6.87400082333903,,
34060913.7055838,-99.9665756225586,-113.581809997559,,34060913.7055838,-99.6089859008789,-109.63419342041,,34060913.7055838,1.65045638157476E-06,4.30821678024565E-07,,34060913.7055838,4.96244021670003,-7.47396115048747,,
34111675.1269035,-100.774887084961,-114.821136474609,,34111675.1269035,-100.637428283691,-112.36304473877,,34111675.1269035,1.52570349154396E-06,3.76938311232489E-07,,34111675.1269035,3.89710971132894,-9.10293606503825,,
34162436.5482233,-100.683708190918,-114.746398925781,,34162436.5482233,-101.929443359375,-113.415901184082,,34162436.5482233,1.47199316627158E-06,3.70498305397024E-07,,34162436.5482233,3.62590762392659,-7.96621731503825,,
34213197.9695431,-101.579147338867,-112.376678466797,,34213197.9695431,-100.935623168945,-112.994338989258,,34213197.9695431,1.79363078380411E-06,4.31999412162206E-07,,34213197.9695431,4.20377322451253,-9.47010830624919,,
34263959.3908629,-101.747566223145,-113.034591674805,,34263959.3908629,-101.949256896973,-114.976097106934,,34263959.3908629,1.68966104910829E-06,3.28139366946029E-07,,34263959.3908629,3.72438784853597,-6.59986904843669,,
34314720.8121827,-102.278144836426,-114.684349060059,,34314720.8121827,-102.667144775391,-112.689880371094,,34314720.8121827,1.4434422077235E-06,4.53719135240791E-07,,34314720.8121827,3.68857547060628,-6.9079287408195,,
34365482.2335025,-103.571723937988,-112.581207275391,,34365482.2335025,-102.99292755127,-115.337341308594,,34365482.2335025,1.52662845933749E-06,3.82425959360128E-07,,34365482.2335025,3.82750674502034,-7.75288418515544,,
34416243.6548223,-103.94319152832,-116.975799560547,,34416243.6548223,-102.474472045898,-115.066764831543,,34416243.6548223,1.63978927547272E-06,3.8598357005454E-07,,34416243.6548223,3.20329257265706,-9.36681393369059,,
34467005.0761421,-101.431976318359,-113.365020751953,,34467005.0761421,-103.424766540527,-115.384788513184,,34467005.0761421,1.32853738776325E-06,4.33107317727179E-07,,34467005.0761421,3.39121218935628,-9.11421993954997,,
34517766.4974619,-103.649711608887,-114.001327514648,,34517766.4974619,-100.933250427246,-115.242393493652,,34517766.4974619,1.48321065489861E-06,3.44151777377442E-07,,34517766.4974619,3.80663272158284,-8.21002224667888,,
34568527.9187817,-104.044799804688,-114.650634765625,,34568527.9187817,-104.263343811035,-115.351623535156,,34568527.9187817,1.43543128762506E-06,3.53860990595003E-07,,34568527.9187817,2.80473300234456,-7.04654721005778,,
34619289.3401015,-102.719528198242,-113.992874145508,,34619289.3401015,-103.477981567383,-114.768783569336,,34619289.3401015,1.45350726681316E-06,4.45813797125253E-07,,34619289.3401015,3.49914523378988,-7.49224880917888,,
34670050.7614213,-103.055526733398,-114.609710693359,,34670050.7614213,-103.258811950684,-114.910369873047,,34670050.7614213,1.44724193895456E-06,3.59184572062645E-07,,34670050.7614213,2.75941439882894,-6.80423763974528,,
34720812.1827411,-90.6041946411133,-113.940368652344,,34720812.1827411,-95.2230606079102,-114.469085693359,,34720812.1827411,1.85572275700777E-06,3.69914937806358E-07,,34720812.1827411,5.28395816103597,-11.337250029882,,
34771573.6040609,-103.623359680176,-118.27123260498,,34771573.6040609,-103.860389709473,-113.107887268066,,34771573.6040609,1.51232902584059E-06,3.45294518119737E-07,,34771573.6040609,3.96359988466878,-5.73638943417888,,
34822335.0253807,-102.396896362305,-117.306259155273,,34822335.0253807,-101.507774353027,-115.167457580566,,34822335.0253807,1.65922858482837E-06,4.39779907544191E-07,,34822335.0253807,4.15106936709066,-7.81957272275309,,
34873096.4467005,-103.522583007813,-115.618423461914,,34873096.4467005,-104.208389282227,-114.628341674805,,34873096.4467005,1.40784791475087E-06,4.11315808354441E-07,,34873096.4467005,2.38851138369222,-8.07757595761638,,
34923857.8680203,-103.63289642334,-117.179077148438,,34923857.8680203,-104.029373168945,-116.283798217773,,34923857.8680203,1.51273290702633E-06,3.30870375447798E-07,,34923857.8680203,4.964507782618,-7.05648068173747,,
34974619.2893401,-101.43431854248,-113.948745727539,,34974619.2893401,-103.350563049316,-113.39030456543,,34974619.2893401,1.41504723350832E-06,3.91788347580015E-07,,34974619.2893401,4.1448056341805,-9.91136196835856,,
35025380.7106599,-103.526153564453,-116.684394836426,,35025380.7106599,-103.393203735352,-114.308708190918,,35025380.7106599,1.66868048040564E-06,4.31188901194264E-07,,35025380.7106599,4.69338198916097,-8.06831387265544,,
35076142.1319797,-103.560775756836,-114.636421203613,,35076142.1319797,-104.329856872559,-115.284187316895,,35076142.1319797,1.4017633945538E-06,4.12720352077181E-07,,35076142.1319797,4.59033175722738,-7.75717953427653,,
35126903.5532995,-104.574554443359,-115.416976928711,,35126903.5532995,-101.393707275391,-113.148345947266,,35126903.5532995,1.32305592754915E-06,2.87498323489474E-07,,35126903.5532995,4.07574435488363,-7.79075649960856,,
35177664.9746193,-104.40259552002,-116.67310333252,,35177664.9746193,-103.618515014648,-113.705757141113,,35177664.9746193,1.33984506892965E-06,4.10606132955124E-07,,35177664.9746193,2.53278323427816,-9.6110537408195,,
35228426.3959391,-104.280426025391,-114.734260559082,,35228426.3959391,-103.542198181152,-114.627944946289,,35228426.3959391,1.3781325381306E-06,4.39753254483975E-07,,35228426.3959391,5.47827121035238,-9.04186276181559,,
35279187.8172589,-103.348983764648,-117.443046569824,,35279187.8172589,-103.841384887695,-114.70825958252,,35279187.8172589,1.65879724730286E-06,3.56023103349981E-07,,35279187.8172589,3.33289309755941,-9.16387203915934,,
35329949.2385787,-102.39998626709,-115.253547668457,,35329949.2385787,-103.41480255127,-115.726005554199,,35329949.2385787,1.36741905701468E-06,3.18373507259559E-07,,35329949.2385787,4.67353030459066,-9.216156279882,,
35380710.6598985,-102.534843444824,-113.478782653809,,35380710.6598985,-103.446060180664,-117.886497497559,,35380710.6598985,1.60478922911169E-06,2.56162489348978E-07,,35380710.6598985,3.19004794375081,-8.8310244439445,,
35431472.0812183,-103.140251159668,-117.314628601074,,35431472.0812183,-103.328033447266,-114.95915222168,,35431472.0812183,1.32113980518723E-06,3.66940612012976E-07,,35431472.0812183,3.38553591982503,-6.19942501767497,,
35482233.5025381,-103.633117675781,-116.304267883301,,35482233.5025381,-103.622695922852,-115.983581542969,,35482233.5025381,1.59455312814223E-06,4.12455072923885E-07,,35482233.5025381,3.10765811220784,-9.86940029843669,,
35532994.9238579,-103.365455627441,-114.829849243164,,35532994.9238579,-104.270179748535,-116.846778869629,,35532994.9238579,1.50257709078148E-06,4.51822115921298E-07,,35532994.9238579,3.98148318545003,-7.45714596494059,,
35583756.3451777,-102.258628845215,-114.240295410156,,35583756.3451777,-100.868453979492,-113.778114318848,,35583756.3451777,1.59327349159195E-06,3.01361003220587E-07,,35583756.3451777,3.94535037295003,-7.769623076757,,
35634517.7664975,-103.666534423828,-116.780258178711,,35634517.7664975,-102.41064453125,-113.817199707031,,35634517.7664975,1.70263002072419E-06,4.10820783332584E-07,,35634517.7664975,3.83599826113363,-8.84690121396403,,
35685279.1878173,-104.067962646484,-114.586799621582,,35685279.1878173,-104.050758361816,-113.40007019043,,35685279.1878173,1.4630808033676E-06,3.13334551332662E-07,,35685279.1878173,3.32121249453206,-9.13095883115153,,
35736040.6091371,-103.032569885254,-113.891036987305,,35736040.6091371,-104.015602111816,-116.011795043945,,35736040.6091371,1.40439337178298E-06,3.05380656060866E-07,,35736040.6091371,3.01610537783284,-11.0987093804679,,
35786802.0304568,-103.22004699707,-114.043395996094,,35786802.0304568,-102.327781677246,-113.126274108887,,35786802.0304568,1.43317994326438E-06,3.21723865375044E-07,,35786802.0304568,3.84971591250081,-7.38702419980388,,
35837563.4517766,-102.729553222656,-115.17578125,,35837563.4517766,-103.054832458496,-114.422348022461,,35837563.4517766,1.42436870388109E-06,4.38818716215919E-07,,35837563.4517766,4.31449099795003,-7.62119320615153,,
35888324.8730964,-103.47639465332,-112.856628417969,,35888324.8730964,-103.318496704102,-118.3349609375,,35888324.8730964,1.29640498906722E-06,3.86364494246144E-07,,35888324.8730964,3.32757540957113,-8.36252621396403,,
35939086.2944162,-102.678787231445,-114.075149536133,,35939086.2944162,-102.738998413086,-114.341659545898,,35939086.2944162,1.63226499213173E-06,3.42612034540589E-07,,35939086.2944162,4.74970217959066,-9.34828213437419,,
35989847.715736,-103.45588684082,-113.841339111328,,35989847.715736,-103.176109313965,-115.568824768066,,35989847.715736,1.33147783188824E-06,3.91926713779637E-07,,35989847.715736,2.75269290224691,-8.601410186132,,
36040609.1370558,-104.843284606934,-116.664916992188,,36040609.1370558,-104.107353210449,-115.516761779785,,36040609.1370558,1.41777685146256E-06,3.22361457499035E-07,,36040609.1370558,5.09712954775472,-8.32371548398356,,
36091370.5583756,-104.48543548584,-113.387336730957,,36091370.5583756,-102.28596496582,-113.82347869873,,36091370.5583756,1.43606815041889E-06,4.24839168241259E-07,,36091370.5583756,1.91415377871175,-11.4058077691398,,
36142131.9796954,-103.831893920898,-115.647705078125,,36142131.9796954,-102.097610473633,-114.587829589844,,36142131.9796954,1.59391178141191E-06,3.10041055173969E-07,,36142131.9796954,3.71025820986409,-7.84322384579997,,
36192893.4010152,-103.487892150879,-112.995269775391,,36192893.4010152,-102.410552978516,-115.707939147949,,36192893.4010152,1.57487247778249E-06,3.29184697059265E-07,,36192893.4010152,5.09379550234456,-6.07838467343669,,
36243654.822335,-103.894393920898,-115.12532043457,,36243654.822335,-103.622749328613,-112.311157226563,,36243654.822335,1.65984518414421E-06,3.79247090820724E-07,,36243654.822335,4.35235568300863,-7.81708554013591,,
36294416.2436548,-103.817260742188,-116.655075073242,,36294416.2436548,-102.653053283691,-116.953216552734,,36294416.2436548,1.4248742451496E-06,5.23850967047659E-07,,36294416.2436548,3.57591220156331,-8.96820095761638,,
36345177.6649746,-102.982788085938,-114.868072509766,,36345177.6649746,-104.080154418945,-117.149108886719,,36345177.6649746,1.47765291554462E-06,4.1368142158105E-07,,36345177.6649746,3.03140994326253,-9.050873076757,,
36395939.0862944,-103.589256286621,-114.554618835449,,36395939.0862944,-103.878105163574,-114.353034973145,,36395939.0862944,1.54626161812077E-06,3.90142381657476E-07,,36395939.0862944,3.21167727724691,-8.13831356747966,,
36446700.5076142,-104.187103271484,-113.332962036133,,36446700.5076142,-104.101936340332,-115.464088439941,,36446700.5076142,1.42121063546969E-06,4.06716889397189E-07,,36446700.5076142,2.18638583437581,-8.16185787900309,,
36497461.928934,-102.675796508789,-114.15242767334,,36497461.928934,-103.367156982422,-113.92578125,,36497461.928934,1.67067504123647E-06,3.66322301519651E-07,,36497461.928934,4.01621218935628,-7.08314541562419,,
36548223.3502538,-103.646270751953,-114.789909362793,,36548223.3502538,-103.82682800293,-114.843795776367,,36548223.3502538,1.35431345778715E-06,4.40369004569512E-07,,36548223.3502538,3.53830691591878,-9.58935574277263,,
36598984.7715736,-102.579193115234,-114.376289367676,,36598984.7715736,-103.956184387207,-114.774505615234,,36598984.7715736,1.47348210367014E-06,4.00999711148105E-07,,36598984.7715736,3.501861298243,-8.07859829648356,,
36649746.1928934,-102.593063354492,-114.579055786133,,36649746.1928934,-103.398132324219,-113.879379272461,,36649746.1928934,1.66005660070738E-06,3.22306530786645E-07,,36649746.1928934,3.57398959414144,-6.50417355283122,,
36700507.6142132,-102.649337768555,-115.502479553223,,36700507.6142132,-103.544746398926,-114.230422973633,,36700507.6142132,1.61140394877048E-06,4.09873560017751E-07,,36700507.6142132,3.63524600283284,-9.92106655820231,,
36751269.035533,-103.858551025391,-115.137878417969,,36751269.035533,-103.952102661133,-116.26424407959,,36751269.035533,1.42997344960227E-06,3.78432161799886E-07,,36751269.035533,4.35620852724691,-7.45278195126872,,
36802030.4568528,-104.881156921387,-114.820297241211,,36802030.4568528,-104.27320098877,-115.770240783691,,36802030.4568528,1.31112962816282E-06,3.42400239020655E-07,,36802030.4568528,3.86014529482503,-9.88056973203044,,
36852791.8781726,-103.310249328613,-114.962226867676,,36852791.8781726,-102.933364868164,-114.902198791504,,36852791.8781726,1.52752715308937E-06,3.96498374182761E-07,,36852791.8781726,3.55490847841878,-7.67827633603434,,
36903553.2994924,-103.289489746094,-114.431838989258,,36903553.2994924,-103.147811889648,-114.67741394043,,36903553.2994924,1.50672702509845E-06,3.34175785179603E-07,,36903553.2994924,3.70854159609456,-6.73738125546794,,
36954314.7208122,-103.762748718262,-116.53849029541,,36954314.7208122,-103.054870605469,-118.763694763184,,36954314.7208122,1.42364324038978E-06,3.4512562404621E-07,,36954314.7208122,3.79482241884847,-6.34459713681559,,
37005076.142132,-103.769477844238,-113.491851806641,,37005076.142132,-104.388710021973,-115.761016845703,,37005076.142132,1.39774785534622E-06,3.02726260475048E-07,,37005076.142132,2.89371463076253,-7.06490353329997,,
37055837.5634518,-103.980995178223,-114.459732055664,,37055837.5634518,-102.8515625,-115.864364624023,,37055837.5634518,1.36675381220198E-06,4.00965546806187E-07,,37055837.5634518,3.90663119570394,-7.98355129941325,,
37106598.9847716,-101.368087768555,-112.210624694824,,37106598.9847716,-102.451583862305,-114.475944519043,,37106598.9847716,1.60705180995717E-06,3.58568622206965E-07,,37106598.9847716,3.38372012392659,-7.96189144833903,,
37157360.4060914,-103.291549682617,-116.488922119141,,37157360.4060914,-104.181030273438,-114.486999511719,,37157360.4060914,1.53597919000271E-06,2.29414501416731E-07,,37157360.4060914,4.02260562197347,-7.85717037900309,,
37208121.8274112,-102.062538146973,-113.974540710449,,37208121.8274112,-103.490142822266,-113.667381286621,,37208121.8274112,1.29012994273239E-06,3.93979356509182E-07,,37208121.8274112,3.130767548243,-7.06769589169841,,
37258883.248731,-104.610481262207,-113.887741088867,,37258883.248731,-103.839630126953,-116.001815795898,,37258883.248731,1.51430029576457E-06,3.80935080560174E-07,,37258883.248731,3.00624057070394,-9.09515408261638,,
37309644.6700508,-104.288177490234,-115.252403259277,,37309644.6700508,-104.270584106445,-115.162338256836,,37309644.6700508,1.38533929751937E-06,4.24021233726318E-07,,37309644.6700508,4.17366000429769,-7.48683956845622,,
37360406.0913706,-104.042579650879,-116.656402587891,,37360406.0913706,-103.809143066406,-115.196701049805,,37360406.0913706,1.33216686064771E-06,2.83168319887595E-07,,37360406.0913706,2.88562747255941,-7.67984799130778,,
37411167.5126904,-102.531295776367,-115.113479614258,,37411167.5126904,-102.204025268555,-114.32112121582,,37411167.5126904,1.4119011511935E-06,4.67827657496508E-07,,37411167.5126904,4.18743106142659,-7.78379086240153,,
37461928.9340101,-103.292877197266,-115.170028686523,,37461928.9340101,-102.495445251465,-116.369987487793,,37461928.9340101,1.59798689448283E-06,3.73926234390731E-07,,37461928.9340101,2.60614749209066,-7.53660610898356,,
37512690.3553299,-103.821846008301,-114.857040405273,,37512690.3553299,-104.335922241211,-115.907157897949,,37512690.3553299,1.58357396480613E-06,3.31303399863057E-07,,37512690.3553299,3.92452975527425,-9.00378445371013,,
37563451.7766497,-104.221488952637,-113.639320373535,,37563451.7766497,-103.059066772461,-115.244583129883,,37563451.7766497,1.43451369332602E-06,4.20790715121663E-07,,37563451.7766497,3.16315432802816,-7.95143917783122,,
37614213.1979695,-103.922424316406,-114.687171936035,,37614213.1979695,-104.032073974609,-114.745666503906,,37614213.1979695,1.59351981877188E-06,4.11576739597669E-07,,37614213.1979695,2.91568728701253,-8.01924923642497,,
37664974.6192893,-99.9721527099609,-114.218536376953,,37664974.6192893,-101.347198486328,-115.66862487793,,37664974.6192893,1.37257665286391E-06,3.31223673865509E-07,,37664974.6192893,3.31687899843831,-9.76794460996013,,
37715736.0406091,-103.701110839844,-114.396759033203,,37715736.0406091,-104.696907043457,-115.965019226074,,37715736.0406091,1.26053865820051E-06,3.52359197753402E-07,,37715736.0406091,3.07384463564534,-8.44639614804606,,
37766497.4619289,-104.179908752441,-113.59058380127,,37766497.4619289,-103.547622680664,-115.21915435791,,37766497.4619289,1.80856341682392E-06,3.69666781520034E-07,,37766497.4619289,2.79804202334066,-9.57917050107341,,
37817258.8832487,-103.756523132324,-117.881629943848,,37817258.8832487,-103.249359130859,-114.948143005371,,37817258.8832487,1.43189899935546E-06,3.38791707216203E-07,,37817258.8832487,3.34973117128988,-7.54148892148356,,
37868020.3045685,-103.78133392334,-114.574844360352,,37868020.3045685,-103.429351806641,-115.671417236328,,37868020.3045685,1.40909744144595E-06,4.30784216139536E-07,,37868020.3045685,3.20379611269613,-8.10736111386638,,
37918781.7258883,-103.776000976563,-114.868026733398,,37918781.7258883,-103.909744262695,-115.042846679688,,37918781.7258883,1.52317141514078E-06,4.03477132368693E-07,,37918781.7258883,3.16291781679769,-7.46882656796794,,
37969543.1472081,-102.928161621094,-115.962371826172,,37969543.1472081,-103.565124511719,-115.386856079102,,37969543.1472081,1.38950225040599E-06,3.24947605305624E-07,,37969543.1472081,3.98895236269613,-8.84188107236247,,
38020304.5685279,-103.917266845703,-115.066337585449,,38020304.5685279,-104.09065246582,-114.92911529541,,38020304.5685279,1.50789079437198E-06,4.49793146910149E-07,,38020304.5685279,3.24016543642659,-8.653412139257,,
38071065.9898477,-105.082405090332,-116.130989074707,,38071065.9898477,-102.545593261719,-114.139175415039,,38071065.9898477,1.49350054306702E-06,2.71383260005886E-07,,38071065.9898477,3.22409793154378,-8.83711270078044,,
38121827.4111675,-104.099868774414,-115.52783203125,,38121827.4111675,-103.189880371094,-116.733627319336,,38121827.4111675,1.34457738291304E-06,3.30220014443116E-07,,38121827.4111675,3.18642398134847,-7.793548858007,,
38172588.8324873,-104.362716674805,-115.378173828125,,38172588.8324873,-104.344985961914,-118.488510131836,,38172588.8324873,1.46829094363935E-06,3.88538139589998E-07,,38172588.8324873,2.98104068056722,-6.75481442197184,,
38223350.2538071,-103.645492553711,-120.849655151367,,38223350.2538071,-104.132621765137,-115.41333770752,,38223350.2538071,1.54129052204475E-06,3.86469034232748E-07,,38223350.2538071,3.50934573427816,-8.42393521054606,,
38274111.6751269,-103.255630493164,-114.744064331055,,38274111.6751269,-102.466323852539,-116.413368225098,,38274111.6751269,1.36259438187892E-06,3.380375789821E-07,,38274111.6751269,3.37523623720784,-7.93338040097575,,
38324873.0964467,-102.063011169434,-114.31844329834,,38324873.0964467,-103.781578063965,-116.394721984863,,38324873.0964467,1.34185314414475E-06,3.22982156102981E-07,,38324873.0964467,2.64043399111409,-8.71209744199138,,
38375634.5177665,-104.232643127441,-115.94344329834,,38375634.5177665,-104.218360900879,-114.99959564209,,38375634.5177665,1.46578333587666E-06,4.03440630737611E-07,,38375634.5177665,3.88281222597738,-8.49683407529216,,
38426395.9390863,-103.382125854492,-114.12419128418,,38426395.9390863,-103.354797363281,-114.821090698242,,38426395.9390863,1.49189702314189E-06,4.09010783282143E-07,,38426395.9390863,2.64397403017659,-8.4267275689445,,
38477157.3604061,-104.227691650391,-116.751922607422,,38477157.3604061,-103.336860656738,-115.144836425781,,38477157.3604061,1.3580825352262E-06,3.47351502549137E-07,,38477157.3604061,4.04791232363363,-9.46885708554606,,
38527918.7817259,-102.480186462402,-114.31615447998,,38527918.7817259,-103.770797729492,-113.837730407715,,38527918.7817259,2.26906015630703E-06,3.34845995587795E-07,,38527918.7817259,4.8528134466805,-8.08247402890544,,
38578680.2030457,-103.391426086426,-114.931350708008,,38578680.2030457,-103.417404174805,-117.343482971191,,38578680.2030457,1.61146198134894E-06,3.2412548684502E-07,,38578680.2030457,2.37157412783284,-9.06256893857341,,
38629441.6243655,-103.841743469238,-118.940742492676,,38629441.6243655,-104.386749267578,-118.48657989502,,38629441.6243655,1.4234406769548E-06,3.63561713659504E-07,,38629441.6243655,2.54703494326253,-7.70809200986247,,
38680203.0456853,-101.825057983398,-114.664794921875,,38680203.0456853,-103.322479248047,-114.029022216797,,38680203.0456853,1.50428061499646E-06,3.66587532049302E-07,,38680203.0456853,3.3181454779305,-9.94126919492106,,
38730964.4670051,-104.053634643555,-114.993515014648,,38730964.4670051,-102.604530334473,-113.932182312012,,38730964.4670051,1.50925164983051E-06,3.45430117665501E-07,,38730964.4670051,3.49939700380941,-7.89534786923747,,
38781725.8883249,-102.829223632813,-116.994277954102,,38781725.8883249,-103.884918212891,-115.392272949219,,38781725.8883249,1.55494569668833E-06,3.47693079442983E-07,,38781725.8883249,2.19071170107503,-11.3025973199211,,
38832487.3096447,-104.150421142578,-116.479362487793,,38832487.3096447,-103.532936096191,-117.918563842773,,38832487.3096447,1.46930499595028E-06,5.0011860931824E-07,,38832487.3096447,1.92121859804769,-8.85990933163981,,
38883248.7309645,-104.226921081543,-115.889465332031,,38883248.7309645,-103.545349121094,-117.002571105957,,38883248.7309645,1.35695690982734E-06,3.86320378712915E-07,,38883248.7309645,5.34906741396566,-8.2297060845695,,
38934010.1522843,-102.75065612793,-115.969482421875,,38934010.1522843,-103.233520507813,-115.371444702148,,38934010.1522843,1.57951063372541E-06,2.86027079561472E-07,,38934010.1522843,2.33782931582113,-7.36766079648356,,
38984771.5736041,-104.176124572754,-116.093658447266,,38984771.5736041,-104.096084594727,-113.739074707031,,38984771.5736041,1.69821346721085E-06,4.4758100243037E-07,,38984771.5736041,2.74730654970784,-8.67874935849528,,
39035532.9949239,-104.646530151367,-115.511268615723,,39035532.9949239,-104.347183227539,-114.373985290527,,39035532.9949239,1.35637419319166E-06,3.76049721460797E-07,,39035532.9949239,3.43548556582113,-9.20904568417888,,
39086294.4162437,-104.341461181641,-114.787261962891,,39086294.4162437,-104.730850219727,-115.130920410156,,39086294.4162437,1.53842444984392E-06,2.17267004133554E-07,,39086294.4162437,4.1809384466805,-7.99467495663981,,
39137055.8375634,-103.073738098145,-117.244049072266,,39137055.8375634,-103.267486572266,-114.472831726074,,39137055.8375634,1.80464862925943E-06,4.30174688844566E-07,,39137055.8375634,3.90363284365316,-10.2680895684562,,
39187817.2588832,-103.83122253418,-119.07014465332,,39187817.2588832,-103.982498168945,-114.598205566406,,39187817.2588832,1.44736652278338E-06,3.505221655873E-07,,39187817.2588832,3.94258853212972,-7.19619015439372,,
39238578.680203,-104.26676940918,-115.731880187988,,39238578.680203,-103.569320678711,-114.843002319336,,39238578.680203,1.58129304643847E-06,3.04202427610376E-07,,39238578.680203,3.63411685244222,-7.64106777890544,,
39289340.1015228,-104.145690917969,-115.508941650391,,39289340.1015228,-104.196090698242,-115.925468444824,,39289340.1015228,1.49520297020751E-06,3.87598031598705E-07,,39289340.1015228,2.85272952334066,-7.70094326718669,,
39340101.5228426,-103.979965209961,-115.128845214844,,39340101.5228426,-103.97380065918,-115.573791503906,,39340101.5228426,1.33842886038168E-06,4.00536803040655E-07,,39340101.5228426,3.31970950380941,-9.04148129208903,,
39390862.9441624,-103.715156555176,-113.105018615723,,39390862.9441624,-103.460426330566,-114.700988769531,,39390862.9441624,1.25237183822871E-06,4.61787773487711E-07,,39390862.9441624,3.12874575869222,-7.04246548398356,,
39441624.3654822,-100.778579711914,-115.052734375,,39441624.3654822,-100.242477416992,-113.292709350586,,39441624.3654822,1.41169653851885E-06,4.17508523209597E-07,,39441624.3654822,3.32589694277425,-8.23164395078044,,
39492385.786802,-103.8369140625,-115.575881958008,,39492385.786802,-104.481430053711,-117.010940551758,,39492385.786802,1.67727254929387E-06,4.28661794954173E-07,,39492385.786802,3.23067446962972,-7.90028408749919,,
39543147.2081218,-103.247543334961,-115.215446472168,,39543147.2081218,-103.633972167969,-114.988243103027,,39543147.2081218,1.67688365373836E-06,3.92781052474788E-07,,39543147.2081218,2.67941256777425,-9.31291989072184,,
39593908.6294416,-103.114799499512,-114.687919616699,,39593908.6294416,-103.603645324707,-114.209953308105,,39593908.6294416,1.89892574216334E-06,3.90461897640036E-07,,39593908.6294416,3.26751681582113,-9.17825344785075,,
39644670.0507614,-104.829734802246,-118.068946838379,,39644670.0507614,-103.456657409668,-113.055816650391,,39644670.0507614,1.34795227591357E-06,3.78484020085911E-07,,39644670.0507614,3.89098330752034,-8.04714230283122,,
39695431.4720812,-103.832138061523,-114.558212280273,,39695431.4720812,-103.332138061523,-113.887435913086,,39695431.4720812,1.51864267068817E-06,4.55719778408615E-07,,39695431.4720812,3.86752291933675,-6.69848660214763,,
39746192.893401,-102.906188964844,-116.537544250488,,39746192.893401,-104.061363220215,-116.427139282227,,39746192.893401,1.53758281992749E-06,4.48058922702748E-07,,39746192.893401,5.33961459414144,-7.0924990533195,,
39796954.3147208,-102.636299133301,-116.953201293945,,39796954.3147208,-103.783714294434,-115.668304443359,,39796954.3147208,1.63529583374284E-06,4.08633373811663E-07,,39796954.3147208,3.81185122744222,-9.13002041562419,,
39847715.7360406,-105.29460144043,-115.902717590332,,39847715.7360406,-103.721435546875,-116.300422668457,,39847715.7360406,1.3912242105604E-06,4.22830708377303E-07,,39847715.7360406,2.37783023134847,-8.85535458310466,,
39898477.1573604,-104.730247497559,-114.214134216309,,39898477.1573604,-104.37996673584,-115.053497314453,,39898477.1573604,1.30523150294756E-06,3.96371623841991E-07,,39898477.1573604,2.75096102968831,-7.89482144101481,,
39949238.5786802,-100.449066162109,-114.300262451172,,39949238.5786802,-103.440567016602,-116.327285766602,,39949238.5786802,1.57697652119993E-06,3.90496539010539E-07,,39949238.5786802,4.27567263857503,-7.71001461728434,,
40000000,-103.730995178223,-115.295021057129,,40000000,-104.103790283203,-116.151237487793,,40000000,1.50927418649244E-06,4.26539714787281E-07,,40000000,3.85337039248128,-7.34599331601481,,
40050761.4213198,-103.841552734375,-115.312721252441,,40050761.4213198,-103.876457214355,-117.820953369141,,40050761.4213198,1.55132096500477E-06,4.00340888281765E-07,,40050761.4213198,3.70746585146566,-7.42467526181559,,
40101522.8426396,-103.958129882813,-117.458305358887,,40101522.8426396,-104.021293640137,-116.022384643555,,40101522.8426396,1.34519993071608E-06,3.30712022480097E-07,,40101522.8426396,2.65212222353597,-8.25218991025309,,
40152284.2639594,-103.251670837402,-115.246299743652,,40152284.2639594,-103.338409423828,-115.967849731445,,40152284.2639594,1.57113505185619E-06,3.44400350629736E-07,,40152284.2639594,4.00391360537191,-10.8750841973625,,
40203045.6852792,-103.336242675781,-117.202102661133,,40203045.6852792,-103.41374206543,-114.893997192383,,40203045.6852792,1.44961595967568E-06,3.58594449419829E-07,,40203045.6852792,3.57094546572347,-9.76171139462809,,
40253807.106599,-103.346954345703,-114.819358825684,,40253807.106599,-102.704788208008,-113.254508972168,,40253807.106599,1.47768795982254E-06,3.83198323885436E-07,,40253807.106599,3.06242343203206,-8.10054043515544,,
40304568.5279188,-102.913856506348,-115.130973815918,,40304568.5279188,-103.015121459961,-116.519104003906,,40304568.5279188,2.06691979821267E-06,4.29381178726754E-07,,40304568.5279188,2.71131869570394,-6.89145687802653,,
40355329.9492386,-102.922721862793,-113.166862487793,,40355329.9492386,-102.640022277832,-114.577697753906,,40355329.9492386,1.4259084103202E-06,4.67431694284539E-07,,40355329.9492386,3.38433047548909,-7.65641049130778,,
40406091.3705584,-102.782928466797,-115.054969787598,,40406091.3705584,-101.813941955566,-113.163124084473,,40406091.3705584,1.48164811546026E-06,3.63557242920944E-07,,40406091.3705584,2.8581845404305,-7.91835812314372,,
40456852.7918782,-102.0048828125,-116.283386230469,,40456852.7918782,-103.013092041016,-115.790451049805,,40456852.7918782,1.74655911717026E-06,4.80557250351625E-07,,40456852.7918782,2.67012759462972,-8.21694973691325,,
40507614.213198,-101.281921386719,-111.619354248047,,40507614.213198,-101.774681091309,-114.849678039551,,40507614.213198,1.67077483183652E-06,4.14266851318809E-07,,40507614.213198,4.28157778994222,-8.01419857724528,,
40558375.6345178,-98.3378601074219,-112.907867431641,,40558375.6345178,-98.7011108398438,-112.912170410156,,40558375.6345178,1.36250222698588E-06,3.00522262302522E-07,,40558375.6345178,5.31523104921956,-8.85895565732341,,
40609137.0558376,-47.5116691589355,-104.745048522949,,40609137.0558376,-47.386661529541,-104.892372131348,,40609137.0558376,0.00010597664733811,3.84759564207203E-07,,40609137.0558376,28.7350384833016,-8.56909207089763,,
40659898.4771574,-44.5849075317383,-101.927185058594,,40659898.4771574,-44.4347267150879,-104.105049133301,,40659898.4771574,0.000147892347700895,4.86240474219702E-07,,40659898.4771574,31.4926755072274,-7.60181454404216,,
40710659.8984772,-96.9035949707031,-109.426910400391,,40710659.8984772,-96.9035949707031,-108.595916748047,,40710659.8984772,1.79331099287919E-06,4.50675045954862E-07,,40710659.8984772,4.027007782618,-7.51772335751872,,
40761421.319797,-101.3125,-112.757301330566,,40761421.319797,-101.011367797852,-112.361106872559,,40761421.319797,1.76627096102218E-06,3.89234288870155E-07,,40761421.319797,4.38457461611409,-8.67900875790934,,
40812182.7411167,-103.384704589844,-112.736907958984,,40812182.7411167,-102.651565551758,-114.019165039063,,40812182.7411167,1.83285566818809E-06,3.46324525134772E-07,,40812182.7411167,3.52421542421956,-7.55081204160075,,
40862944.1624365,-102.842971801758,-115.880294799805,,40862944.1624365,-104.433609008789,-114.348236083984,,40862944.1624365,1.47347433814664E-06,5.00291279081253E-07,,40862944.1624365,4.36842318789144,-12.530853545507,,
40913705.5837563,-103.226829528809,-115.381492614746,,40913705.5837563,-102.354759216309,-113.727722167969,,40913705.5837563,1.29146895450895E-06,4.06390140178735E-07,,40913705.5837563,3.00326510683675,-9.46266201718669,,
40964467.0050761,-103.464645385742,-114.743804931641,,40964467.0050761,-104.212783813477,-114.55485534668,,40964467.0050761,1.361627664298E-06,4.3502089557133E-07,,40964467.0050761,3.57960482851644,-6.62506893857341,,
41015228.4263959,-103.4306640625,-115.252532958984,,41015228.4263959,-102.97274017334,-114.560752868652,,41015228.4263959,1.54236176415918E-06,3.93389768755469E-07,,41015228.4263959,3.33606692568441,-7.04978207333903,,
41065989.8477157,-102.998092651367,-115.191566467285,,41065989.8477157,-104.275955200195,-118.06510925293,,41065989.8477157,1.4793411763305E-06,3.71547031219875E-07,,41065989.8477157,2.40830203310628,-7.67153195126872,,
41116751.2690355,-103.698616027832,-114.815155029297,,41116751.2690355,-103.924629211426,-115.539863586426,,41116751.2690355,1.57634916701975E-06,4.2578694219198E-07,,41116751.2690355,2.86916323916097,-9.399750029882,,
41167512.6903553,-104.609504699707,-115.081954956055,,41167512.6903553,-103.708236694336,-116.19229888916,,41167512.6903553,1.47732847096153E-06,4.46038233471211E-07,,41167512.6903553,3.50305148378988,-7.25910977109294,,
41218274.1116751,-103.767196655273,-115.759078979492,,41218274.1116751,-103.623016357422,-114.821899414063,,41218274.1116751,1.45540442131112E-06,3.96306175249049E-07,,41218274.1116751,2.98493167177816,-10.0111773370109,,
41269035.5329949,-103.20076751709,-113.281890869141,,41269035.5329949,-103.94352722168,-114.28311920166,,41269035.5329949,1.54427858337098E-06,3.91457086888309E-07,,41269035.5329949,3.21240206972738,-6.70088986142497,,
41319796.9543147,-104.85954284668,-115.139373779297,,41319796.9543147,-103.080154418945,-113.404441833496,,41319796.9543147,1.6333908558533E-06,4.02833699710278E-07,,41319796.9543147,2.86159487978597,-8.65659359677653,,
41370558.3756345,-103.843048095703,-114.395874023438,,41370558.3756345,-103.663520812988,-117.578010559082,,41370558.3756345,1.65759563138024E-06,3.4373758531952E-07,,41370558.3756345,3.28877993837972,-6.24453762753825,,
41421319.7969543,-102.52123260498,-113.758331298828,,41421319.7969543,-102.942810058594,-114.535217285156,,41421319.7969543,1.42426611591921E-06,4.43831691037618E-07,,41421319.7969543,4.30151339785238,-7.72483853085856,,
41472081.2182741,-95.2858428955078,-114.126434326172,,41472081.2182741,-98.3713226318359,-116.041213989258,,41472081.2182741,1.50956586777044E-06,3.61677395753591E-07,,41472081.2182741,4.11785861269613,-8.62870815976481,,
41522842.6395939,-92.7403564453125,-113.231758117676,,41522842.6395939,-95.531494140625,-114.6669921875,,41522842.6395939,1.39590746566539E-06,2.93728596126458E-07,,41522842.6395939,2.27672549502034,-7.85668209775309,,
41573604.0609137,-102.955810546875,-114.736267089844,,41573604.0609137,-103.372230529785,-116.298728942871,,41573604.0609137,1.58661333987108E-06,4.13822067315551E-07,,41573604.0609137,3.88576480166097,-8.47583035214763,,
41624365.4822335,-102.827850341797,-118.229713439941,,41624365.4822335,-103.426055908203,-117.186454772949,,41624365.4822335,1.48513092505737E-06,5.27562141099238E-07,,41624365.4822335,2.19307681337972,-7.23985317929606,,
41675126.9035533,-104.456108093262,-114.892631530762,,41675126.9035533,-103.259864807129,-114.590621948242,,41675126.9035533,1.56760889184259E-06,4.7152489276157E-07,,41675126.9035533,3.59332247988363,-8.26232174619059,,
41725888.3248731,-103.625564575195,-115.313064575195,,41725888.3248731,-104.783920288086,-115.438461303711,,41725888.3248731,1.4395411772414E-06,4.21829856675945E-07,,41725888.3248731,3.00778933779378,-5.59663418515544,,
41776649.7461929,-103.881942749023,-114.091201782227,,41776649.7461929,-103.663177490234,-114.259963989258,,41776649.7461929,1.47261261938368E-06,3.51370186691814E-07,,41776649.7461929,3.72136660830159,-7.05525234921794,,
41827411.1675127,-103.384315490723,-116.276893615723,,41827411.1675127,-103.879600524902,-116.213905334473,,41827411.1675127,1.5763519362468E-06,4.37973867151551E-07,,41827411.1675127,3.82256289736409,-8.63957241757731,,
41878172.5888325,-100.329200744629,-115.337829589844,,41878172.5888325,-99.9824523925781,-117.482711791992,,41878172.5888325,1.43210276645623E-06,4.74919177247944E-07,,41878172.5888325,3.77321597353597,-9.69633511288981,,
41928934.0101523,-103.011322021484,-116.489448547363,,41928934.0101523,-103.044326782227,-114.614959716797,,41928934.0101523,1.43401480869834E-06,3.87756374638187E-07,,41928934.0101523,3.16341372744222,-8.93956021054606,,
41979695.4314721,-103.999298095703,-114.343322753906,,41979695.4314721,-104.434387207031,-114.741851806641,,41979695.4314721,1.29815752196521E-06,4.06972043395209E-07,,41979695.4314721,3.95916720644613,-8.52268246396403,,
42030456.8527919,-103.385673522949,-118.632194519043,,42030456.8527919,-103.294464111328,-115.95703125,,42030456.8527919,1.53710209528772E-06,3.5705343612499E-07,,42030456.8527919,2.38999911562581,-10.1925051568351,,
42081218.2741117,-104.663444519043,-115.921257019043,,42081218.2741117,-103.886123657227,-116.000465393066,,42081218.2741117,1.56128639759782E-06,3.61835319821051E-07,,42081218.2741117,3.12431308046956,-8.01349667294841,,
42131979.6954315,-102.564819335938,-114.52946472168,,42131979.6954315,-103.324256896973,-114.893516540527,,42131979.6954315,1.41810939295113E-06,3.97253098050805E-07,,42131979.6954315,2.86795779482503,-6.89204434140544,,
42182741.1167513,-103.74454498291,-115.467727661133,,42182741.1167513,-103.596549987793,-116.924499511719,,42182741.1167513,1.62129102556533E-06,4.19246374953139E-07,,42182741.1167513,1.88233157412191,-8.74688748105388,,
42233502.5380711,-103.722885131836,-114.038696289063,,42233502.5380711,-102.873947143555,-116.039367675781,,42233502.5380711,1.39206031294959E-06,4.42755850097641E-07,,42233502.5380711,2.94420596377034,-10.8804018853508,,
42284263.9593909,-103.545272827148,-116.891929626465,,42284263.9593909,-102.983329772949,-115.515296936035,,42284263.9593909,1.55344402882311E-06,2.97172043971057E-07,,42284263.9593909,3.48622866884847,-6.54857662900309,,
42335025.3807107,-102.574119567871,-115.1533203125,,42335025.3807107,-103.026512145996,-116.046913146973,,42335025.3807107,1.63431363868929E-06,3.56628102194115E-07,,42335025.3807107,3.47663089052816,-7.88977078183513,,
42385786.8020305,-101.980079650879,-118.45662689209,,42385786.8020305,-101.097259521484,-113.41455078125,,42385786.8020305,1.43044831184611E-06,4.22402329540887E-07,,42385786.8020305,2.72811099306722,-11.327614104589,,
42436548.2233502,-103.93970489502,-117.360626220703,,42436548.2233502,-103.716743469238,-116.541885375977,,42436548.2233502,1.67479488447185E-06,3.74791699767715E-07,,42436548.2233502,2.16468783632894,-9.41787747128825,,
42487309.64467,-103.290817260742,-113.782455444336,,42487309.64467,-103.33056640625,-114.706558227539,,42487309.64467,1.32064902815104E-06,3.75520607953611E-07,,42487309.64467,3.26280185000081,-8.40062741025309,,
42538071.0659898,-103.809341430664,-114.904487609863,,42538071.0659898,-104.388877868652,-115.741508483887,,42538071.0659898,1.45945483662488E-06,3.40320259473321E-07,,42538071.0659898,3.69211550966878,-7.288177764257,,
42588832.4873096,-103.871879577637,-120.634185791016,,42588832.4873096,-102.874771118164,-115.046508789063,,42588832.4873096,1.45478198412128E-06,2.90703477766928E-07,,42588832.4873096,4.09838076845784,-8.94862393124919,,
42639593.9086294,-103.913551330566,-113.332145690918,,42639593.9086294,-102.468154907227,-115.202018737793,,42639593.9086294,1.41697135334651E-06,4.7485368872717E-07,,42639593.9086294,3.71383639589925,-8.77137020810466,,
42690355.3299492,-103.527542114258,-114.403816223145,,42690355.3299492,-103.566909790039,-115.080841064453,,42690355.3299492,1.35690446699878E-06,3.88807501960145E-07,,42690355.3299492,4.24888583437581,-10.2590487359367,,
42741116.751269,-102.441253662109,-114.055435180664,,42741116.751269,-103.725387573242,-116.108032226563,,42741116.751269,1.53512136853144E-06,4.09264500471442E-07,,42741116.751269,3.86547061220784,-8.15166500790934,,
42791878.1725888,-103.758888244629,-114.278923034668,,42791878.1725888,-103.262496948242,-116.359962463379,,42791878.1725888,1.65109147478984E-06,3.40183677743883E-07,,42791878.1725888,2.39131137148519,-8.79170254453044,,
42842639.5939086,-103.762573242188,-117.23836517334,,42842639.5939086,-104.125679016113,-116.899597167969,,42842639.5939086,1.68535363315984E-06,3.65952136878154E-07,,42842639.5939086,4.36669131533284,-10.7656710503898,,
42893401.0152284,-103.534706115723,-113.609802246094,,42893401.0152284,-102.308349609375,-113.759643554688,,42893401.0152284,1.6761149665528E-06,3.96016312280716E-07,,42893401.0152284,2.60885592714925,-9.07770565732341,,
42944162.4365482,-103.24486541748,-116.387580871582,,42944162.4365482,-103.747543334961,-115.273406982422,,42944162.4365482,1.4936645321762E-06,3.45664736518664E-07,,42944162.4365482,3.02546664492269,-9.38566616757731,,
42994923.857868,-103.197830200195,-115.777526855469,,42994923.857868,-103.872924804688,-114.186950683594,,42994923.857868,1.53627603227108E-06,4.35396287290114E-07,,42994923.857868,3.99004336611409,-8.02605465634684,,
43045685.2791878,-104.020088195801,-115.342529296875,,43045685.2791878,-104.180038452148,-117.227066040039,,43045685.2791878,1.58646422868067E-06,4.44462911746514E-07,,43045685.2791878,4.11141177431722,-9.64498165829997,,
43096446.7005076,-104.467529296875,-117.39835357666,,43096446.7005076,-102.612007141113,-117.384010314941,,43096446.7005076,1.68947999352554E-06,3.48361941446817E-07,,43096446.7005076,2.48068972841878,-8.08333615048747,,
43147208.1218274,-104.577445983887,-116.965026855469,,43147208.1218274,-104.552871704102,-113.858108520508,,43147208.1218274,1.25076790568468E-06,4.1178249317191E-07,,43147208.1218274,2.62009402529378,-7.86805752499919,,
43197969.5431472,-102.910171508789,-117.508102416992,,43197969.5431472,-103.854553222656,-115.361633300781,,43197969.5431472,1.42709373951542E-06,3.23535554542959E-07,,43197969.5431472,2.92307254091878,-8.79119900449138,,
43248730.964467,-103.852233886719,-115.516983032227,,43248730.964467,-103.142730712891,-114.235198974609,,43248730.964467,1.57660395627364E-06,4.36484915840404E-07,,43248730.964467,2.52169009462972,-9.6679385064445,,
43299492.3857868,-103.078323364258,-115.564033508301,,43299492.3857868,-102.357002258301,-116.054016113281,,43299492.3857868,1.306317663264E-06,3.72764365143706E-07,,43299492.3857868,4.66668673769613,-7.63275173886638,,
43350253.8071066,-102.205368041992,-118.666915893555,,43350253.8071066,-102.761947631836,-115.156173706055,,43350253.8071066,1.54728874653024E-06,4.04321843673725E-07,,43350253.8071066,2.83051272646566,-9.57563809140544,,
43401015.2284264,-104.694862365723,-115.921211242676,,43401015.2284264,-103.006881713867,-118.634468078613,,43401015.2284264,1.71267211352342E-06,4.71249962953244E-07,,43401015.2284264,2.71901675478597,-7.69289425595622,,
43451776.6497462,-104.428779602051,-116.03768157959,,43451776.6497462,-104.49836730957,-115.319816589355,,43451776.6497462,1.47503344002696E-06,4.15121754181646E-07,,43451776.6497462,4.05610629336019,-9.91637448056559,,
43502538.071066,-103.37158203125,-114.174102783203,,43502538.071066,-104.214569091797,-115.590087890625,,43502538.071066,1.28012869629705E-06,3.19084887996414E-07,,43502538.071066,3.43830844179769,-8.76502255185466,,
43553299.4923858,-103.072151184082,-114.956253051758,,43553299.4923858,-102.359222412109,-114.184707641602,,43553299.4923858,1.61474776503061E-06,4.24654491966607E-07,,43553299.4923858,2.76366397158284,-8.41526821835856,,
43604060.9137056,-103.334526062012,-115.44132232666,,43604060.9137056,-103.602874755859,-113.282646179199,,43604060.9137056,1.58481100968305E-06,2.58662030716996E-07,,43604060.9137056,2.82223483339925,-10.1926653741203,,
43654822.3350254,-103.971717834473,-116.816345214844,,43654822.3350254,-103.505958557129,-114.376457214355,,43654822.3350254,1.52229667801105E-06,4.12714914317001E-07,,43654822.3350254,2.45970889345784,-7.58457211240153,,
43705583.7563452,-103.437377929688,-116.133666992188,,43705583.7563452,-103.121238708496,-114.660270690918,,43705583.7563452,1.69947139705672E-06,3.43733056435629E-07,,43705583.7563452,5.36181613222738,-8.37670162900309,,
43756345.177665,-103.367935180664,-115.883819580078,,43756345.177665,-103.779602050781,-114.814056396484,,43756345.177665,1.48341390602296E-06,4.47499236746378E-07,,43756345.177665,2.48323794619222,-7.90381649716716,,
43807106.5989848,-103.828277587891,-118.524993896484,,43807106.5989848,-104.167022705078,-115.747077941895,,43807106.5989848,1.57268697424812E-06,3.86353634570581E-07,,43807106.5989848,3.96070834414144,-7.77381161435466,,
43857868.0203046,-103.353652954102,-117.767875671387,,43857868.0203046,-103.227905273438,-116.241798400879,,43857868.0203046,1.48671019615809E-06,3.77989993078716E-07,,43857868.0203046,2.98164340273519,-7.89424160703044,,
43908629.4416244,-104.291198730469,-114.29426574707,,43908629.4416244,-103.73250579834,-116.464988708496,,43908629.4416244,1.69463429177775E-06,4.12549278228071E-07,,43908629.4416244,3.25391360537191,-8.74034908994059,,
43959390.8629442,-103.952995300293,-116.530311584473,,43959390.8629442,-103.943855285645,-114.967247009277,,43959390.8629442,1.55059757804894E-06,3.74899694391862E-07,,43959390.8629442,2.94413729921956,-9.53092221005778,,
44010152.284264,-103.266540527344,-114.478103637695,,44010152.284264,-103.892913818359,-115.418319702148,,44010152.284264,1.67239873372957E-06,3.57199300968783E-07,,44010152.284264,2.95600863711019,-8.51519039853434,,
44060913.7055838,-103.379249572754,-115.597763061523,,44060913.7055838,-104.732231140137,-114.957817077637,,44060913.7055838,1.37996646254923E-06,3.38491876015709E-07,,44060913.7055838,3.13258334414144,-10.022178923925,,
44111675.1269035,-104.840301513672,-115.727577209473,,44111675.1269035,-103.20198059082,-114.582527160645,,44111675.1269035,1.63856112903479E-06,4.04592553045547E-07,,44111675.1269035,3.68784304873128,-8.31877163632731,,
44162436.5482233,-104.583190917969,-115.073608398438,,44162436.5482233,-101.988670349121,-114.819633483887,,44162436.5482233,1.54000357873879E-06,4.64121089906908E-07,,44162436.5482233,2.71986361757894,-9.80927304013591,,
44213197.9695431,-104.026901245117,-117.543884277344,,44213197.9695431,-103.818832397461,-114.836318969727,,44213197.9695431,1.51161718219245E-06,4.09574493218033E-07,,44213197.9695431,3.26944705263753,-6.60334805234294,,
44263959.3908629,-102.854705810547,-116.259948730469,,44263959.3908629,-104.773452758789,-115.364929199219,,44263959.3908629,1.55969092508445E-06,4.17868803011625E-07,,44263959.3908629,3.43082400576253,-8.34967831357341,,
44314720.8121827,-104.012939453125,-115.314750671387,,44314720.8121827,-103.328681945801,-115.970161437988,,44314720.8121827,1.45207932784418E-06,3.93613051193677E-07,,44314720.8121827,2.53181430117269,-9.12242153867106,,
44365482.2335025,-103.184524536133,-114.833076477051,,44365482.2335025,-103.237686157227,-112.589965820313,,44365482.2335025,1.36794764099561E-06,4.61953701426317E-07,,44365482.2335025,1.848785126368,-9.984466826757,,
44416243.6548223,-103.460090637207,-118.476409912109,,44416243.6548223,-103.884887695313,-116.759986877441,,44416243.6548223,1.47909171184866E-06,4.51825687724136E-07,,44416243.6548223,3.33605929628988,-8.34023312314372,,
44467005.0761421,-104.497703552246,-115.283088684082,,44467005.0761421,-103.915863037109,-120.701797485352,,44467005.0761421,1.41515288651035E-06,3.73085706252009E-07,,44467005.0761421,3.60901614443441,-7.47490719540934,,
44517766.4974619,-103.734924316406,-116.609634399414,,44517766.4974619,-104.43376159668,-115.592391967773,,44517766.4974619,1.59589126427164E-06,3.9373891940767E-07,,44517766.4974619,3.55426760927816,-11.1314928887687,,
44568527.9187817,-103.754959106445,-114.64079284668,,44568527.9187817,-103.101272583008,-116.213996887207,,44568527.9187817,1.47293473451445E-06,4.16658952321665E-07,,44568527.9187817,1.93471499697347,-8.49348477109294,,
44619289.3401015,-103.948348999023,-116.709686279297,,44619289.3401015,-102.540534973145,-116.023101806641,,44619289.3401015,1.27660848178902E-06,4.19147326874314E-07,,44619289.3401015,3.50586673037191,-7.74721554501872,,
44670050.7614213,-103.337821960449,-114.826606750488,,44670050.7614213,-103.099914550781,-114.944564819336,,44670050.7614213,1.22354986977972E-06,3.95913710572255E-07,,44670050.7614213,3.10109683291097,-10.2574618218742,,
44720812.1827411,-103.916320800781,-115.371200561523,,44720812.1827411,-104.021583557129,-117.292411804199,,44720812.1827411,1.58705796949746E-06,2.88212097149131E-07,,44720812.1827411,2.83717318789144,-8.97791317685466,,
44771573.6040609,-104.524627685547,-115.813842773438,,44771573.6040609,-104.017684936523,-115.349258422852,,44771573.6040609,1.61693348713574E-06,4.05683261963259E-07,,44771573.6040609,2.64832278505941,-7.16153744443278,,
44822335.0253807,-102.149795532227,-113.5439453125,,44822335.0253807,-103.922264099121,-113.27262878418,,44822335.0253807,1.47889814600737E-06,3.9657465284433E-07,,44822335.0253807,3.37992831484456,-10.117035186132,,
44873096.4467005,-104.100761413574,-115.12183380127,,44873096.4467005,-103.610054016113,-116.193214416504,,44873096.4467005,1.53297891024521E-06,4.36121226791453E-07,,44873096.4467005,3.40311404482503,-7.41810635312419,,
44923857.8680203,-104.471603393555,-114.557487487793,,44923857.8680203,-103.675392150879,-114.583335876465,,44923857.8680203,1.36069031670543E-06,3.44079839545239E-07,,44923857.8680203,3.98307772890706,-10.457123076757,,
44974619.2893401,-102.986175537109,-114.318946838379,,44974619.2893401,-102.339469909668,-117.232475280762,,44974619.2893401,1.63607454197516E-06,2.90364833415165E-07,,44974619.2893401,2.73931857363363,-8.93194607480388,,
45025380.7106599,-104.72216796875,-114.274566650391,,45025380.7106599,-103.18522644043,-115.640182495117,,45025380.7106599,1.48396777636098E-06,4.21650562521101E-07,,45025380.7106599,3.70699282900472,-7.98181942685466,,
45076142.1319797,-102.796310424805,-115.968467712402,,45076142.1319797,-103.423217773438,-114.063110351563,,45076142.1319797,1.37145226519414E-06,3.61133927228757E-07,,45076142.1319797,4.05592318789144,-11.3890688775383,,
45126903.5532995,-103.371086120605,-115.75927734375,,45126903.5532995,-103.687026977539,-114.748085021973,,45126903.5532995,1.50892821952285E-06,4.24606750358342E-07,,45126903.5532995,2.72917910830159,-10.4378893731437,,
45177664.9746193,-104.520454406738,-115.137046813965,,45177664.9746193,-104.520454406738,-115.37181854248,,45177664.9746193,1.52140640691757E-06,4.03406967112132E-07,,45177664.9746193,3.36308261171956,-7.20744351132731,,
45228426.3959391,-102.977416992188,-114.781181335449,,45228426.3959391,-103.862846374512,-115.417953491211,,45228426.3959391,1.32425811376237E-06,3.95564021207574E-07,,45228426.3959391,2.44308444277425,-7.585052764257,,
45279187.8172589,-98.4882659912109,-113.839782714844,,45279187.8172589,-100.622283935547,-116.672576904297,,45279187.8172589,1.49420516777194E-06,3.74874009923628E-07,,45279187.8172589,4.57987185732503,-8.77126339658122,,
45329949.2385787,-103.898948669434,-113.727241516113,,45329949.2385787,-104.144287109375,-115.067741394043,,45329949.2385787,1.25174717051074E-06,3.41087868841987E-07,,45329949.2385787,2.77294894472738,-8.6996767876945,,
45380710.6598985,-103.804908752441,-116.162879943848,,45380710.6598985,-104.143424987793,-115.500152587891,,45380710.6598985,1.40328482820535E-06,3.4080845640026E-07,,45380710.6598985,2.69667025820394,-10.16011837705,,
45431472.0812183,-102.164352416992,-119.513404846191,,45431472.0812183,-103.747482299805,-116.207122802734,,45431472.0812183,1.33819022854782E-06,3.57656730131722E-07,,45431472.0812183,2.75392123476644,-7.88850430234294,,
45482233.5025381,-101.596046447754,-115.937705993652,,45482233.5025381,-103.358909606934,-116.028846740723,,45482233.5025381,1.24968182981655E-06,3.69464546940059E-07,,45482233.5025381,2.77565737978597,-7.99914578183513,,
45532994.9238579,-103.400894165039,-114.785369873047,,45532994.9238579,-103.722183227539,-117.066345214844,,45532994.9238579,1.57494717857678E-06,3.08743946546587E-07,,45532994.9238579,3.87377139345784,-9.16442898496013,,
45583756.3451777,-103.418739318848,-113.623580932617,,45583756.3451777,-103.087646484375,-113.154930114746,,45583756.3451777,1.4267565847977E-06,4.32861631620953E-07,,45583756.3451777,3.58201571718831,-10.2700121758781,,
45634517.7664975,-103.400863647461,-116.816749572754,,45634517.7664975,-103.038925170898,-116.228637695313,,45634517.7664975,1.62933279003558E-06,3.5376464962314E-07,,45634517.7664975,3.47570010439534,-11.020599639257,,
45685279.1878173,-103.377342224121,-114.278648376465,,45685279.1878173,-102.413948059082,-115.373123168945,,45685279.1878173,1.30869959308745E-06,3.84200646896065E-07,,45685279.1878173,1.36914798037191,-8.44455746396403,,
45736040.6091371,-102.953163146973,-115.35684967041,,45736040.6091371,-103.975875854492,-114.160354614258,,45736040.6091371,1.2788868125798E-06,3.97512440493485E-07,,45736040.6091371,2.22737094179769,-8.36989620908122,,
45786802.0304568,-103.412948608398,-115.750595092773,,45786802.0304568,-103.753845214844,-116.627059936523,,45786802.0304568,1.23347306608698E-06,3.97984088255E-07,,45786802.0304568,2.73136874453206,-7.42549160703044,,
45837563.4517766,-103.096641540527,-115.651344299316,,45837563.4517766,-102.22208404541,-114.896064758301,,45837563.4517766,1.33808562012545E-06,4.25136684471538E-07,,45837563.4517766,2.85517092959066,-10.4403307793937,,
45888324.8730964,-104.277267456055,-113.833908081055,,45888324.8730964,-105.231956481934,-115.313850402832,,45888324.8730964,1.71526005102723E-06,3.82315460886412E-07,,45888324.8730964,3.47516604677816,-8.97537258847575,,
45939086.2944162,-103.733680725098,-114.247261047363,,45939086.2944162,-102.698295593262,-113.896461486816,,45939086.2944162,1.51982765803924E-06,2.86398899966807E-07,,45939086.2944162,2.67282840029378,-7.93380001767497,,
45989847.715736,-104.439506530762,-116.44221496582,,45989847.715736,-104.011436462402,-116.1279296875,,45989847.715736,1.38784215295721E-06,4.19749709050844E-07,,45989847.715736,3.26017733828206,-7.87434414609294,,
46040609.1370558,-104.042785644531,-114.979598999023,,46040609.1370558,-102.350326538086,-117.561706542969,,46040609.1370558,1.40031125805604E-06,3.69390238123934E-07,,46040609.1370558,3.94540377871175,-8.10138729794841,,
46091370.5583756,-103.663459777832,-117.261871337891,,46091370.5583756,-104.156303405762,-115.282974243164,,46091370.5583756,1.35616809774763E-06,3.4923203631792E-07,,46091370.5583756,2.44119998232503,-6.58207730038981,,
46142131.9796954,-102.881843566895,-115.36808013916,,46142131.9796954,-102.69450378418,-116.830406188965,,46142131.9796954,1.39731821417663E-06,3.09704638341962E-07,,46142131.9796954,1.97116061464925,-8.36970547421794,,
46192893.4010152,-103.504676818848,-116.83780670166,,46192893.4010152,-103.626724243164,-114.799728393555,,46192893.4010152,1.4334329959112E-06,4.37476346109405E-07,,46192893.4010152,2.85662814394613,-6.49936703427653,,
46243654.822335,-101.159065246582,-115.774620056152,,46243654.822335,-102.01847076416,-117.579063415527,,46243654.822335,1.52060347106028E-06,4.59074075486765E-07,,46243654.822335,2.47724124209066,-11.2752230523429,,
46294416.2436548,-102.857116699219,-116.144470214844,,46294416.2436548,-103.679489135742,-118.542846679688,,46294416.2436548,1.46917078089795E-06,3.40316373458585E-07,,46294416.2436548,3.74548312441488,-9.45780209287028,,
46345177.6649746,-103.764488220215,-114.297698974609,,46345177.6649746,-103.061019897461,-116.543647766113,,46345177.6649746,1.89309520902849E-06,3.29977328298999E-07,,46345177.6649746,4.04540225283284,-7.42797878964763,,
46395939.0862944,-103.185958862305,-117.840232849121,,46395939.0862944,-103.411323547363,-115.332069396973,,46395939.0862944,1.39876970412132E-06,4.55694160633357E-07,,46395939.0862944,2.10857363955159,-7.73938778622966,,
46446700.5076142,-103.647789001465,-114.958183288574,,46446700.5076142,-103.89013671875,-115.276664733887,,46446700.5076142,1.4479450882047E-06,3.33696503120297E-07,,46446700.5076142,3.11518832461019,-7.465667998632,,
46497461.928934,-105.371635437012,-117.73706817627,,46497461.928934,-104.626747131348,-115.625411987305,,46497461.928934,1.3904997504361E-06,4.29973719051518E-07,,46497461.928934,3.91394778505941,-9.03960446103434,,
46548223.3502538,-95.5363311767578,-114.497619628906,,46548223.3502538,-97.9170379638672,-116.822616577148,,46548223.3502538,1.40949603849841E-06,4.02784873352736E-07,,46548223.3502538,3.25703402773519,-10.939674651464,,
46598984.7715736,-102.850601196289,-116.94441986084,,46598984.7715736,-103.501602172852,-114.710494995117,,46598984.7715736,1.34778889434987E-06,3.80126207064598E-07,,46598984.7715736,3.15753909365316,-7.25226620419841,,
46649746.1928934,-103.850807189941,-115.471717834473,,46649746.1928934,-102.768775939941,-116.515525817871,,46649746.1928934,1.37508060665594E-06,3.750676746745E-07,,46649746.1928934,1.96945163027425,-8.63423184140544,,
46700507.6142132,-103.862014770508,-117.412055969238,,46700507.6142132,-103.059051513672,-114.859825134277,,46700507.6142132,1.57078456272456E-06,4.7281929596741E-07,,46700507.6142132,3.636382782618,-9.72208431943278,,
46751269.035533,-103.699020385742,-114.956970214844,,46751269.035533,-102.706817626953,-114.759857177734,,46751269.035533,1.56236330344492E-06,3.66461974254509E-07,,46751269.035533,3.35044833437581,-8.57051876767497,,
46802030.4568528,-104.189422607422,-115.973983764648,,46802030.4568528,-103.285202026367,-116.257186889648,,46802030.4568528,1.30086046316056E-06,3.90559655941675E-07,,46802030.4568528,3.31829806582113,-8.23009518369059,,
46852791.8781726,-103.107833862305,-115.282241821289,,46852791.8781726,-103.406196594238,-115.282241821289,,46852791.8781726,1.52642867245497E-06,2.45273978436311E-07,,46852791.8781726,3.25134249941488,-8.44895962460856,,
46903553.2994924,-104.008697509766,-116.642402648926,,46903553.2994924,-105.237098693848,-118.849617004395,,46903553.2994924,1.35291879484883E-06,4.06328033974069E-07,,46903553.2994924,3.76850863711019,-6.80712155087809,,
46954314.7208122,-103.573043823242,-114.965156555176,,46954314.7208122,-104.891181945801,-114.948997497559,,46954314.7208122,1.43974856111771E-06,3.78656267170088E-07,,46954314.7208122,2.50872775332113,-9.91617611630778,,
47005076.142132,-104.371864318848,-116.533309936523,,47005076.142132,-102.495986938477,-115.880401611328,,47005076.142132,1.62278985824568E-06,4.3540699567223E-07,,47005076.142132,3.84226962343831,-9.44145230038981,,
47055837.5634518,-103.342254638672,-116.161117553711,,47055837.5634518,-102.325180053711,-115.102386474609,,47055837.5634518,1.46815682121658E-06,4.34115860758497E-07,,47055837.5634518,3.897857391993,-7.04332760556559,,
47106598.9847716,-104.47093963623,-115.947937011719,,47106598.9847716,-104.078956604004,-114.500175476074,,47106598.9847716,1.43035784973891E-06,3.32594774874132E-07,,47106598.9847716,2.89775058046956,-9.57415798886638,,
47157360.4060914,-102.514770507813,-114.807678222656,,47157360.4060914,-102.682197570801,-114.434700012207,,47157360.4060914,1.30289250613781E-06,3.36838073385985E-07,,47157360.4060914,4.30072757021566,-10.3637621758781,,
47208121.8274112,-103.894561767578,-114.220062255859,,47208121.8274112,-104.432167053223,-114.005104064941,,47208121.8274112,1.52557082475465E-06,3.98094919242366E-07,,47208121.8274112,4.22066470400472,-7.81513241513591,,
47258883.248731,-102.847633361816,-116.257202148438,,47258883.248731,-103.910339355469,-113.847999572754,,47258883.248731,1.419717153182E-06,3.81236340175932E-07,,47258883.248731,2.95056887880941,-9.17549160703044,,
47309644.6700508,-101.601455688477,-114.330963134766,,47309644.6700508,-101.410369873047,-113.289001464844,,47309644.6700508,1.52356748584213E-06,3.94515419074873E-07,,47309644.6700508,2.79364749209066,-7.57154110654216,,
47360406.0913706,-97.2036743164063,-114.493453979492,,47360406.0913706,-97.6698532104492,-110.595436096191,,47360406.0913706,1.32884082752422E-06,4.44704635880548E-07,,47360406.0913706,3.0517880560555,-10.2800600884758,,
47411167.5126904,-45.8471717834473,-102.23747253418,,47411167.5126904,-46.1682929992676,-105.704711914063,,47411167.5126904,5.96097070682922E-06,5.17482638737324E-07,,47411167.5126904,31.129188263575,-8.15383175595622,,
47461928.9340101,-61.3837738037109,-107.085876464844,,47461928.9340101,-61.6987838745117,-108.240127563477,,47461928.9340101,1.25581860239443E-06,3.76343811834902E-07,,47461928.9340101,15.6272503973641,-7.50041989072184,,
47512690.3553299,-96.9049606323242,-109.987411499023,,47512690.3553299,-100.263656616211,-113.918075561523,,47512690.3553299,1.48492091713599E-06,3.09536023066764E-07,,47512690.3553299,3.24681063906331,-7.74937466367106,,
47563451.7766497,-97.7465209960938,-114.053512573242,,47563451.7766497,-99.4069061279297,-114.205169677734,,47563451.7766497,1.41727507321524E-06,3.38629860578276E-07,,47563451.7766497,3.61439486757894,-6.97645596249919,,
47614213.1979695,-102.572624206543,-112.216499328613,,47614213.1979695,-102.767463684082,-115.900756835938,,47614213.1979695,1.26982346677948E-06,3.38100829047657E-07,,47614213.1979695,4.79270907656331,-7.34767178281169,,
47664974.6192893,-103.428756713867,-114.589981079102,,47664974.6192893,-103.087379455566,-114.631340026855,,47664974.6192893,1.35731333637405E-06,4.08599635796836E-07,,47664974.6192893,2.07386752382894,-8.06794003232341,,
47715736.0406091,-103.272491455078,-116.925956726074,,47715736.0406091,-103.778861999512,-116.338844299316,,47715736.0406091,1.30550668514412E-06,4.47968019576777E-07,,47715736.0406091,3.40567752138753,-12.0791018365226,,
47766497.4619289,-103.881164550781,-116.005424499512,,47766497.4619289,-103.116256713867,-114.643112182617,,47766497.4619289,1.31544042412302E-06,3.05397018903754E-07,,47766497.4619289,3.69950076357503,-7.4062197564445,,
47817258.8832487,-104.027359008789,-115.167785644531,,47817258.8832487,-102.087631225586,-113.874649047852,,47817258.8832487,1.32687670010254E-06,3.64589844159067E-07,,47817258.8832487,2.57390567080159,-8.00360897763591,,
47868020.3045685,-104.141906738281,-119.601791381836,,47868020.3045685,-104.123344421387,-114.313621520996,,47868020.3045685,1.468530846987E-06,4.00690577066555E-07,,47868020.3045685,3.67082186953206,-7.61604336484294,,
47918781.7258883,-103.832305908203,-115.517791748047,,47918781.7258883,-102.659957885742,-114.151031494141,,47918781.7258883,1.5524564497962E-06,3.83347461637266E-07,,47918781.7258883,3.771636688868,-9.88822201474528,,
47969543.1472081,-102.976806640625,-115.56623840332,,47969543.1472081,-103.154357910156,-116.501892089844,,47969543.1472081,1.29670450668518E-06,4.02633124859175E-07,,47969543.1472081,3.00228854433675,-8.46594265683513,,
48020304.5685279,-103.062393188477,-118.095794677734,,48020304.5685279,-103.031051635742,-115.05729675293,,48020304.5685279,1.36310793039746E-06,3.386477075162E-07,,48020304.5685279,3.83972140566488,-8.48919705136638,,
48071065.9898477,-103.291450500488,-116.126091003418,,48071065.9898477,-103.808311462402,-114.10718536377,,48071065.9898477,1.31789802446946E-06,4.36043469645583E-07,,48071065.9898477,3.51619693056722,-7.30037716611247,,
48121827.4111675,-103.593154907227,-114.870849609375,,48121827.4111675,-103.671867370605,-114.450607299805,,48121827.4111675,1.31176434218979E-06,3.27816135970731E-07,,48121827.4111675,3.27387210146566,-8.35793331845622,,
48172588.8324873,-104.037506103516,-115.268646240234,,48172588.8324873,-104.246154785156,-117.317443847656,,48172588.8324873,1.3321762217266E-06,3.83125627650157E-07,,48172588.8324873,3.05087252871175,-9.11296108945231,,
48223350.2538071,-104.178405761719,-115.022605895996,,48223350.2538071,-104.303451538086,-113.544174194336,,48223350.2538071,1.31477505970021E-06,3.86595334527419E-07,,48223350.2538071,2.38726016298909,-9.80328396542888,,
48274111.6751269,-100.727508544922,-113.382286071777,,48274111.6751269,-103.737487792969,-114.317359924316,,48274111.6751269,1.43883073465632E-06,3.78797980848398E-07,,48274111.6751269,2.67281314150472,-9.87888363583903,,
48324873.0964467,-103.586250305176,-114.373199462891,,48324873.0964467,-104.033843994141,-116.545341491699,,48324873.0964467,1.58489453457853E-06,3.76259195992155E-07,,48324873.0964467,3.18303653017659,-9.83882168515544,,
48375634.5177665,-103.687644958496,-116.867767333984,,48375634.5177665,-102.583518981934,-114.353958129883,,48375634.5177665,1.57498453030265E-06,4.27789152977377E-07,,48375634.5177665,2.60007449404378,-9.09122494443278,,
48426395.9390863,-104.009552001953,-114.743827819824,,48426395.9390863,-104.147575378418,-116.969459533691,,48426395.9390863,1.70423847816346E-06,4.78308065436676E-07,,48426395.9390863,3.07605716005941,-8.88257626279216,,
48477157.3604061,-104.339057922363,-115.396797180176,,48477157.3604061,-103.44637298584,-116.11417388916,,48477157.3604061,1.23958032686425E-06,3.91920861483263E-07,,48477157.3604061,2.43958255068441,-8.415375029882,,
48527918.7817259,-103.793327331543,-116.207420349121,,48527918.7817259,-104.624145507813,-114.834915161133,,48527918.7817259,1.44992158247367E-06,3.70112867563289E-07,,48527918.7817259,1.74573489443441,-9.92400387509684,,
48578680.2030457,-102.75626373291,-114.730567932129,,48578680.2030457,-102.405319213867,-116.006149291992,,48578680.2030457,1.50733593903961E-06,4.06860885218305E-07,,48578680.2030457,2.62922641054769,-7.94554928525309,,
48629441.6243655,-104.360473632813,-116.122741699219,,48629441.6243655,-103.949142456055,-114.082092285156,,48629441.6243655,1.37784325769049E-06,3.36266942540794E-07,,48629441.6243655,3.42800112978597,-10.1058733819328,,
48680203.0456853,-103.270401000977,-115.816215515137,,48680203.0456853,-104.205909729004,-113.703338623047,,48680203.0456853,1.22560754742214E-06,4.00530118552303E-07,,48680203.0456853,2.28460665957113,-9.49808529599528,,
48730964.4670051,-103.693328857422,-114.891220092773,,48730964.4670051,-104.692947387695,-115.716949462891,,48730964.4670051,1.45813503940413E-06,2.88174885641208E-07,,48730964.4670051,2.95052310244222,-8.00828579648356,,
48781725.8883249,-103.642974853516,-116.211479187012,,48781725.8883249,-104.898498535156,-116.894340515137,,48781725.8883249,1.59381798157765E-06,4.09210221952478E-07,,48781725.8883249,4.02109500185628,-10.1293490289054,,
48832487.3096447,-104.614334106445,-116.521293640137,,48832487.3096447,-103.392372131348,-116.06485748291,,48832487.3096447,1.36282180373612E-06,4.08671422148999E-07,,48832487.3096447,3.82392855898519,-10.1161196587883,,
48883248.7309645,-103.508651733398,-114.631546020508,,48883248.7309645,-101.447631835938,-114.528869628906,,48883248.7309645,1.57326450360871E-06,4.52898106637593E-07,,48883248.7309645,3.1406552435555,-9.85454586728434,,
48934010.1522843,-103.403915405273,-114.194320678711,,48934010.1522843,-102.820068359375,-113.828948974609,,48934010.1522843,1.374820948854E-06,2.48808076050483E-07,,48934010.1522843,2.156890595118,-11.0492709039054,,
48984771.5736041,-104.673110961914,-114.035026550293,,48984771.5736041,-105.203285217285,-115.956344604492,,48984771.5736041,1.40696772621821E-06,3.68897063957132E-07,,48984771.5736041,2.46366854921956,-7.84563473447184,,
49035532.9949239,-101.957695007324,-115.914283752441,,49035532.9949239,-102.990364074707,-114.749198913574,,49035532.9949239,1.41999152673013E-06,3.79415685962949E-07,,49035532.9949239,2.52611514345784,-8.53142575009684,,
49086294.4162437,-103.511291503906,-115.476654052734,,49086294.4162437,-103.955093383789,-115.352157592773,,49086294.4162437,1.52254808003766E-06,4.41989599351025E-07,,49086294.4162437,2.99400302187581,-8.85993221982341,,
49137055.8375634,-104.218383789063,-114.187400817871,,49137055.8375634,-102.655830383301,-115.392272949219,,49137055.8375634,1.69670458426318E-06,3.41794757905206E-07,,49137055.8375634,4.0483700873055,-9.40583065732341,,
49187817.2588832,-103.791656494141,-116.190399169922,,49187817.2588832,-103.888671875,-115.916374206543,,49187817.2588832,1.24663619583306E-06,4.79976362591484E-07,,49187817.2588832,2.14238711611409,-8.27989224179606,,
49238578.680203,-103.747947692871,-115.703918457031,,49238578.680203,-103.421882629395,-114.580711364746,,49238578.680203,1.31288130882424E-06,3.71282125873146E-07,,49238578.680203,2.45922061220784,-7.053558623632,,
49289340.1015228,-104.882781982422,-117.291748046875,,49289340.1015228,-103.52271270752,-116.727661132813,,49289340.1015228,1.41441472349497E-06,2.7962838511936E-07,,49289340.1015228,2.61547824160238,-7.57251003964763,,
49340101.5228426,-103.929885864258,-115.22737121582,,49340101.5228426,-104.400756835938,-115.079177856445,,49340101.5228426,1.26786415875363E-06,3.26415416347171E-07,,49340101.5228426,2.84027072207113,-8.99192074521403,,
49390862.9441624,-103.71760559082,-114.220420837402,,49390862.9441624,-103.773696899414,-115.6884765625,,49390862.9441624,1.3793956738414E-06,3.33147378247543E-07,,49390862.9441624,3.79253360048909,-8.40280941708903,,
49441624.3654822,-104.140319824219,-115.550193786621,,49441624.3654822,-103.883155822754,-114.733833312988,,49441624.3654822,1.41407311176235E-06,4.20968164592453E-07,,49441624.3654822,3.11849185244222,-7.14558438046794,,
49492385.786802,-103.577461242676,-114.27124786377,,49492385.786802,-104.833564758301,-115.385879516602,,49492385.786802,1.56711740305968E-06,3.53364649228549E-07,,49492385.786802,3.57630893007894,-10.1600191949211,,
49543147.2081218,-102.872337341309,-115.465843200684,,49543147.2081218,-105.025352478027,-115.076530456543,,49543147.2081218,1.38056416529858E-06,4.10140421086397E-07,,49543147.2081218,2.1716611029305,-9.50242642148356,,
49593908.6294416,-102.935989379883,-115.767486572266,,49593908.6294416,-103.873260498047,-114.793640136719,,49593908.6294416,1.41473280713279E-06,3.39295890509043E-07,,49593908.6294416,3.97449466005941,-9.14463070615153,,
49644670.0507614,-104.12922668457,-116.196678161621,,49644670.0507614,-103.124183654785,-117.735877990723,,49644670.0507614,1.43288414233861E-06,3.69292588569368E-07,,49644670.0507614,2.31897708193441,-7.61412075742106,,
49695431.4720812,-105.447807312012,-114.373756408691,,49695431.4720812,-101.55362701416,-115.792465209961,,49695431.4720812,1.50056704083403E-06,3.54752298685104E-07,,49695431.4720812,3.8447568060555,-11.2344591973625,,
49746192.893401,-103.827575683594,-114.738021850586,,49746192.893401,-102.816612243652,-115.199806213379,,49746192.893401,1.23678090644995E-06,4.4252917832757E-07,,49746192.893401,4.06880923525472,-11.1636736749015,,
49796954.3147208,-97.8330230712891,-116.367431640625,,49796954.3147208,-99.0270690917969,-115.244735717773,,49796954.3147208,1.45004767064865E-06,4.29736604861017E-07,,49796954.3147208,2.85765048281331,-9.73772457822184,,
49847715.7360406,-103.81706237793,-116.387069702148,,49847715.7360406,-103.266815185547,-116.199462890625,,49847715.7360406,1.30086160579333E-06,3.66672549433544E-07,,49847715.7360406,3.05924197451253,-9.18582943662028,,
49898477.1573604,-104.06665802002,-115.257225036621,,49898477.1573604,-103.801422119141,-117.078277587891,,49898477.1573604,1.37178599044376E-06,2.60851914938973E-07,,49898477.1573604,3.25624057070394,-7.06755093320231,,
49949238.5786802,-104.461807250977,-115.186065673828,,49949238.5786802,-104.213958740234,-115.784149169922,,49949238.5786802,1.33791520818714E-06,3.77366985246747E-07,,49949238.5786802,2.77648135439534,-8.30741146787028,,
50000000,-103.790893554688,-116.238693237305,,50000000,-103.690673828125,-115.001541137695,,50000000,1.36482355470228E-06,2.93319433213314E-07,,50000000,3.10323306337972,-8.40535763486247,,
50050761.4213198,-103.394287109375,-115.432647705078,,50050761.4213198,-104.013397216797,-117.086776733398,,50050761.4213198,1.4945490718024E-06,2.88057713442345E-07,,50050761.4213198,3.95618411318441,-10.2380373833976,,
50101522.8426396,-104.530601501465,-115.467010498047,,50101522.8426396,-104.290260314941,-114.742080688477,,50101522.8426396,1.33396773789563E-06,3.90563772617615E-07,,50101522.8426396,3.662505829493,-9.24536160214763,,
50152284.2639594,-103.751914978027,-115.110939025879,,50152284.2639594,-104.104217529297,-113.699043273926,,50152284.2639594,1.28116245745083E-06,3.28541400950697E-07,,50152284.2639594,4.28752108828206,-8.16226223691325,,
50203045.6852792,-103.623359680176,-116.441101074219,,50203045.6852792,-104.063148498535,-115.094902038574,,50203045.6852792,1.44087831597227E-06,3.95285464283717E-07,,50203045.6852792,3.07897921816488,-7.68354061826091,,
50253807.106599,-103.291404724121,-115.833686828613,,50253807.106599,-102.762191772461,-114.960136413574,,50253807.106599,1.48182772369638E-06,3.82770086096203E-07,,50253807.106599,2.91919680849691,-8.19093350156169,,
50304568.5279188,-104.880950927734,-115.128280639648,,50304568.5279188,-104.527046203613,-118.283515930176,,50304568.5279188,1.4290229427722E-06,4.59007143308131E-07,,50304568.5279188,2.47655459658284,-8.88041714413981,,
50355329.9492386,-104.667198181152,-116.872215270996,,50355329.9492386,-104.27774810791,-117.129890441895,,50355329.9492386,1.56871633869617E-06,4.10491458240955E-07,,50355329.9492386,2.62780734316488,-9.72258023007731,,
50406091.3705584,-103.783081054688,-115.646965026855,,50406091.3705584,-103.888832092285,-114.511817932129,,50406091.3705584,1.35967120590225E-06,3.82227823714442E-07,,50406091.3705584,4.68506594912191,-10.8664934991203,,
50456852.7918782,-104.346046447754,-115.57218170166,,50456852.7918782,-104.177108764648,-114.285995483398,,50456852.7918782,1.45686250269084E-06,3.16219978747782E-07,,50456852.7918782,3.20378085390706,-8.48339108212809,,
50507614.213198,-104.446449279785,-115.71166229248,,50507614.213198,-104.457641601563,-115.503746032715,,50507614.213198,1.46930757712914E-06,3.79200457176203E-07,,50507614.213198,2.32936831728597,-7.50723294003825,,
50558375.6345178,-103.350883483887,-113.591011047363,,50558375.6345178,-102.611442565918,-115.069961547852,,50558375.6345178,1.71396183010981E-06,4.52174272709632E-07,,50558375.6345178,3.25289126650472,-7.68048886044841,,
50609137.0558376,-104.399291992188,-114.983856201172,,50609137.0558376,-103.185195922852,-114.999992370605,,50609137.0558376,1.46070141072471E-06,2.80192642854434E-07,,50609137.0558376,2.26833316103597,-8.72572354062419,,
50659898.4771574,-104.144378662109,-115.794845581055,,50659898.4771574,-103.525077819824,-118.356788635254,,50659898.4771574,1.28369018872934E-06,3.30170128889102E-07,,50659898.4771574,2.80181857363363,-10.3924410699211,,
50710659.8984772,-103.868301391602,-117.693626403809,,50710659.8984772,-103.944869995117,-115.27970123291,,50710659.8984772,1.48433670354072E-06,4.0813619970888E-07,,50710659.8984772,2.87402316347738,-9.37051419003825,,
50761421.319797,-104.267784118652,-115.363838195801,,50761421.319797,-103.259696960449,-114.203994750977,,50761421.319797,1.32883032268227E-06,4.19367547359916E-07,,50761421.319797,3.93505069033284,-8.02180508359294,,
50812182.7411167,-101.904182434082,-115.884773254395,,50812182.7411167,-103.10669708252,-117.65763092041,,50812182.7411167,1.34452659950737E-06,3.24135736242036E-07,,50812182.7411167,2.67325564638753,-9.63883999570231,,
50862944.1624365,-104.312355041504,-114.883926391602,,50862944.1624365,-103.364082336426,-116.729652404785,,50862944.1624365,1.53015383018407E-06,3.31120989454956E-07,,50862944.1624365,3.36299105898519,-6.57566860898356,,
50913705.5837563,-104.002128601074,-115.951240539551,,50913705.5837563,-104.249984741211,-116.503005981445,,50913705.5837563,1.39565490813261E-06,3.58347277421827E-07,,50913705.5837563,2.91659518496175,-6.98626736386638,,
50964467.0050761,-104.157104492188,-119.051315307617,,50964467.0050761,-103.673347473145,-115.506629943848,,50964467.0050761,1.48106388856843E-06,3.09356630261254E-07,,50964467.0050761,3.98088046328206,-7.87572506650309,,
51015228.4263959,-103.190521240234,-118.983238220215,,51015228.4263959,-103.324241638184,-117.571617126465,,51015228.4263959,1.64817612160134E-06,2.96351729530692E-07,,51015228.4263959,2.12317630068441,-9.46291378720622,,
51065989.8477157,-103.631713867188,-118.264770507813,,51065989.8477157,-104.596611022949,-115.467414855957,,51065989.8477157,1.41174241878176E-06,3.17079692297929E-07,,51065989.8477157,1.65342685000081,-8.78850582822184,,
51116751.2690355,-104.569351196289,-116.208541870117,,51116751.2690355,-102.747917175293,-113.631248474121,,51116751.2690355,1.42093477826092E-06,3.44802015087909E-07,,51116751.2690355,2.16011019961019,-9.27716854794841,,
51167512.6903553,-103.868202209473,-115.40015411377,,51167512.6903553,-103.551300048828,-116.03734588623,,51167512.6903553,1.41688423261252E-06,4.14746720405275E-07,,51167512.6903553,2.63720675722738,-9.14497402890544,,
51218274.1116751,-104.002532958984,-115.983245849609,,51218274.1116751,-104.276931762695,-116.43480682373,,51218274.1116751,1.38110510927904E-06,3.09549617669038E-07,,51218274.1116751,3.29968234316488,-9.32243374570231,,
51269035.5329949,-104.786804199219,-114.192474365234,,51269035.5329949,-102.671722412109,-116.409759521484,,51269035.5329949,1.27537673458828E-06,2.60821443282086E-07,,51269035.5329949,3.61775943056722,-12.1449129937492,,
51319796.9543147,-102.554382324219,-117.92057800293,,51319796.9543147,-103.941177368164,-117.465637207031,,51319796.9543147,1.48667754960554E-06,3.67484749240853E-07,,51319796.9543147,2.359283173243,-8.77209500058513,,
51370558.3756345,-104.231033325195,-116.905380249023,,51370558.3756345,-105.012893676758,-117.905838012695,,51370558.3756345,1.34722786500637E-06,3.64223669592826E-07,,51370558.3756345,2.5386044623055,-7.19679287656169,,
51421319.7969543,-103.752548217773,-116.792510986328,,51421319.7969543,-102.38459777832,-115.752563476563,,51421319.7969543,1.42711504936733E-06,2.95265129151238E-07,,51421319.7969543,4.26347323671956,-7.41497067197184,,
51472081.2182741,-103.257209777832,-114.559364318848,,51472081.2182741,-104.134078979492,-116.468200683594,,51472081.2182741,1.53971818811042E-06,2.64779731030868E-07,,51472081.2182741,3.0417782904305,-13.4925082085929,,
51522842.6395939,-103.556419372559,-116.474899291992,,51522842.6395939,-103.69295501709,-116.701019287109,,51522842.6395939,1.31760518484592E-06,3.36457507342072E-07,,51522842.6395939,4.05441256777425,-12.4709170220695,,
51573604.0609137,-104.556045532227,-115.567726135254,,51573604.0609137,-102.932624816895,-113.65714263916,,51573604.0609137,1.5331108746231E-06,3.97639555640641E-07,,51573604.0609137,4.13046237246175,-9.85844448788981,,
51624365.4822335,-103.255393981934,-115.257705688477,,51624365.4822335,-102.793243408203,-114.872802734375,,51624365.4822335,1.61322801978823E-06,3.41428084583233E-07,,51624365.4822335,1.80921908632894,-9.02967861874919,,
51675126.9035533,-102.20548248291,-117.685035705566,,51675126.9035533,-103.244583129883,-116.708534240723,,51675126.9035533,1.54523517154447E-06,3.86621142890719E-07,,51675126.9035533,3.99435397402425,-9.87950161679606,,
51725888.3248731,-103.510269165039,-114.388763427734,,51725888.3248731,-105.412712097168,-113.72289276123,,51725888.3248731,1.41606058420472E-06,3.24669722098906E-07,,51725888.3248731,3.68947573916097,-9.44144467099528,,
51776649.7461929,-105.012046813965,-115.247581481934,,51776649.7461929,-103.487686157227,-115.039726257324,,51776649.7461929,1.32959856229991E-06,3.67113409958768E-07,,51776649.7461929,3.83504458681722,-9.66483334287028,,
51827411.1675127,-103.700736999512,-115.563583374023,,51827411.1675127,-103.678787231445,-114.470016479492,,51827411.1675127,1.34553199527078E-06,3.45873082827059E-07,,51827411.1675127,4.07847567812581,-9.14913204892497,,
51878172.5888325,-103.841354370117,-116.035758972168,,51878172.5888325,-104.600105285645,-116.989387512207,,51878172.5888325,1.33349796388866E-06,3.99549764140494E-07,,51878172.5888325,3.10820742861409,-9.37145260556559,,
51928934.0101523,-104.322219848633,-113.60424041748,,51928934.0101523,-103.172813415527,-115.248542785645,,51928934.0101523,1.33269937654391E-06,3.54587187775854E-07,,51928934.0101523,3.01885958925863,-7.694427764257,,
51979695.4314721,-103.739868164063,-113.119041442871,,51979695.4314721,-105.104103088379,-115.530166625977,,51979695.4314721,1.46573956170075E-06,3.13623392863633E-07,,51979695.4314721,5.06529208437581,-8.97036007626872,,
52030456.8527919,-104.125289916992,-115.057556152344,,52030456.8527919,-104.063980102539,-115.276908874512,,52030456.8527919,1.51687225125106E-06,3.76284314334664E-07,,52030456.8527919,2.30973025576253,-8.02429989560466,,
52081218.2741117,-98.8648376464844,-114.301208496094,,52081218.2741117,-101.590377807617,-116.446594238281,,52081218.2741117,1.31332651600717E-06,3.55546838787868E-07,,52081218.2741117,3.88354464785238,-10.7256014703117,,
52131979.6954315,-102.571067810059,-116.104293823242,,52131979.6954315,-103.327072143555,-115.905029296875,,52131979.6954315,1.3627128759002E-06,3.4404871144811E-07,,52131979.6954315,1.81842013613362,-9.22021511777263,,
52182741.1167513,-104.07105255127,-115.322418212891,,52182741.1167513,-103.203414916992,-114.640922546387,,52182741.1167513,1.37714270030633E-06,4.19933727724581E-07,,52182741.1167513,4.66493197695394,-9.22685269101481,,
52233502.5380711,-104.135803222656,-114.818511962891,,52233502.5380711,-102.469429016113,-116.321395874023,,52233502.5380711,1.31218266105591E-06,3.8846170063916E-07,,52233502.5380711,4.93846102968831,-8.75389126523356,,
52284263.9593909,-104.322891235352,-117.443176269531,,52284263.9593909,-104.099250793457,-115.583709716797,,52284263.9593909,1.61195746648854E-06,3.90444749583961E-07,,52284263.9593909,2.88291903750081,-8.46015194638591,,
52335025.3807107,-103.655731201172,-115.043251037598,,52335025.3807107,-103.977767944336,-116.563331604004,,52335025.3807107,1.52427558493387E-06,4.13147258441401E-07,,52335025.3807107,3.78928347841878,-8.35699490292888,,
52385786.8020305,-103.50154876709,-116.518692016602,,52385786.8020305,-102.827133178711,-115.741065979004,,52385786.8020305,1.27983525574813E-06,3.19521852999355E-07,,52385786.8020305,1.84334536806722,-8.95453671201091,,
52436548.2233502,-104.739540100098,-117.726570129395,,52436548.2233502,-104.223747253418,-116.461555480957,,52436548.2233502,1.37564115155952E-06,4.03381455498742E-07,,52436548.2233502,3.16100283877034,-7.66590908749919,,
52487309.64467,-104.015090942383,-114.489379882813,,52487309.64467,-102.76838684082,-115.602264404297,,52487309.64467,1.43299993798149E-06,3.67423102229826E-07,,52487309.64467,3.09825106875081,-9.39459255917888,,
52538071.0659898,-104.646614074707,-114.632850646973,,52538071.0659898,-102.596809387207,-117.573989868164,,52538071.0659898,1.34708468607549E-06,3.02513877229125E-07,,52538071.0659898,2.73437472597738,-11.7552874444328,,
52588832.4873096,-104.062927246094,-115.801116943359,,52588832.4873096,-103.940147399902,-114.622871398926,,52588832.4873096,1.49129827572708E-06,3.85865603891082E-07,,52588832.4873096,3.18881961123128,-7.70388821347575,,
52639593.9086294,-104.207931518555,-115.164901733398,,52639593.9086294,-104.317276000977,-114.789520263672,,52639593.9086294,1.55139182329851E-06,4.13055819093877E-07,,52639593.9086294,2.69540377871175,-8.85269955380778,,
52690355.3299492,-103.873321533203,-113.738265991211,,52690355.3299492,-104.584136962891,-115.264434814453,,52690355.3299492,1.25534326963687E-06,3.59382758016742E-07,,52690355.3299492,3.01714297548909,-8.73885372861247,,
52741116.751269,-104.471725463867,-117.510414123535,,52741116.751269,-104.449356079102,-114.628974914551,,52741116.751269,1.51833589895995E-06,4.13025343808858E-07,,52741116.751269,3.58684512392659,-9.49981716855388,,
52791878.1725888,-103.511260986328,-116.630836486816,,52791878.1725888,-104.333961486816,-116.250091552734,,52791878.1725888,1.38401965977752E-06,3.39391868500266E-07,,52791878.1725888,2.55570956484456,-9.50013760312419,,
52842639.5939086,-104.856727600098,-117.207740783691,,52842639.5939086,-104.518890380859,-114.251579284668,,52842639.5939086,1.43038423392921E-06,3.34388367630329E-07,,52842639.5939086,3.34308596865316,-10.4424441216789,,
52893401.0152284,-104.248420715332,-117.432769775391,,52893401.0152284,-104.08317565918,-115.343658447266,,52893401.0152284,1.41211571633124E-06,4.33940492286978E-07,,52893401.0152284,2.92751284853597,-7.51190212949138,,
52944162.4365482,-103.998252868652,-117.497352600098,,52944162.4365482,-102.727966308594,-115.299346923828,,52944162.4365482,1.48143079257687E-06,4.47897592174859E-07,,52944162.4365482,2.34071322695394,-8.20790127499919,,
52994923.857868,-104.190017700195,-115.892578125,,52994923.857868,-102.506057739258,-114.452110290527,,52994923.857868,1.41999526855405E-06,3.47825343640227E-07,,52994923.857868,4.63425418154378,-8.37831143124919,,
53045685.2791878,-101.903968811035,-116.226890563965,,53045685.2791878,-101.875450134277,-114.528465270996,,53045685.2791878,1.56640316058962E-06,4.01456454299318E-07,,53045685.2791878,3.27020999209066,-6.80646542294841,,
53096446.7005076,-104.138168334961,-118.316856384277,,53096446.7005076,-104.238800048828,-116.896186828613,,53096446.7005076,1.35527260163169E-06,2.84677114978573E-07,,53096446.7005076,3.09441348330159,-8.01453427060466,,
53147208.1218274,-103.141983032227,-114.610954284668,,53147208.1218274,-104.964645385742,-116.371109008789,,53147208.1218274,1.28860894312271E-06,4.75774275678568E-07,,53147208.1218274,3.07267733828206,-9.32820919736247,,
53197969.5431472,-103.623374938965,-114.793045043945,,53197969.5431472,-104.398155212402,-114.524337768555,,53197969.5431472,1.40531762128188E-06,3.93428816758116E-07,,53197969.5431472,3.12123843447347,-6.88903073056559,,
53248730.964467,-104.987319946289,-114.930908203125,,53248730.964467,-104.995811462402,-118.023612976074,,53248730.964467,1.50580221150717E-06,3.06099569097321E-07,,53248730.964467,3.12091799990316,-6.28848294003825,,
53299492.3857868,-104.171829223633,-115.549934387207,,53299492.3857868,-103.814659118652,-114.925895690918,,53299492.3857868,1.40122297472971E-06,3.58974513375433E-07,,53299492.3857868,3.43473788515706,-8.02130917294841,,
53350253.8071066,-93.5898666381836,-115.235397338867,,53350253.8071066,-98.9123840332031,-112.688438415527,,53350253.8071066,1.72870184031504E-06,4.4452303761854E-07,,53350253.8071066,2.76264926211019,-10.1528780816398,,
53401015.2284264,-104.049743652344,-114.910568237305,,53401015.2284264,-103.284713745117,-113.94979095459,,53401015.2284264,1.40585838545854E-06,3.36248630371029E-07,,53401015.2284264,3.60575839296956,-8.91210964902263,,
53451776.6497462,-103.06330871582,-115.017921447754,,53451776.6497462,-103.038871765137,-116.167770385742,,53451776.6497462,1.55272237959068E-06,3.15533276779987E-07,,53451776.6497462,3.64710971132894,-6.01076534970622,,
53502538.071066,-103.644172668457,-116.168090820313,,53502538.071066,-103.504295349121,-116.733169555664,,53502538.071066,1.54468421296663E-06,3.27992692382487E-07,,53502538.071066,2.75215884462972,-10.3670885918937,,
53553299.4923858,-103.35147857666,-115.748428344727,,53553299.4923858,-103.761573791504,-114.270874023438,,53553299.4923858,1.51793985496789E-06,3.58409290555442E-07,,53553299.4923858,5.19202395693441,-9.40131405576091,,
53604060.9137056,-104.903442382813,-116.437156677246,,53604060.9137056,-104.789916992188,-114.997367858887,,53604060.9137056,1.49892828482302E-06,4.08526785544358E-07,,53604060.9137056,4.09317752138753,-6.51409176572184,,
53654822.3350254,-103.937843322754,-118.359848022461,,53654822.3350254,-103.868957519531,-115.926582336426,,53654822.3350254,1.4228081644039E-06,4.22478025230399E-07,,53654822.3350254,3.1335751654305,-7.81188992246013,,
53705583.7563452,-102.241760253906,-113.638381958008,,53705583.7563452,-104.086776733398,-114.371215820313,,53705583.7563452,1.43622204875261E-06,4.29694330721571E-07,,53705583.7563452,2.46002932802816,-8.6857607720695,,
53756345.177665,-103.447448730469,-116.444465637207,,53756345.177665,-102.86629486084,-115.879531860352,,53756345.177665,1.3920297448064E-06,4.24940307856629E-07,,53756345.177665,3.22669955507894,-8.88397244199138,,
53807106.5989848,-103.330627441406,-112.720199584961,,53807106.5989848,-103.618515014648,-115.399909973145,,53807106.5989848,1.59596135468243E-06,2.96749221959079E-07,,53807106.5989848,3.95465823427816,-8.58618954404216,,
53857868.0203046,-104.504409790039,-119.803512573242,,53857868.0203046,-103.924102783203,-115.467994689941,,53857868.0203046,1.43830760799786E-06,4.62562343252222E-07,,53857868.0203046,3.85136386171956,-8.19123867734294,,
53908629.4416244,-104.588577270508,-116.01831817627,,53908629.4416244,-103.814056396484,-114.802787780762,,53908629.4416244,1.44523609150562E-06,4.55813055287812E-07,,53908629.4416244,3.25877352968831,-7.69104031308513,,
53959390.8629442,-104.036529541016,-114.77165222168,,53959390.8629442,-103.83366394043,-115.686798095703,,53959390.8629442,1.56910495684912E-06,4.27121955998382E-07,,53959390.8629442,4.50180789248128,-8.0309756158195,,
54010152.284264,-103.30810546875,-114.229400634766,,54010152.284264,-102.599639892578,-115.588836669922,,54010152.284264,1.57453360201412E-06,2.76260069537363E-07,,54010152.284264,3.62779971377034,-10.6779177544914,,
54060913.7055838,-102.930892944336,-112.676467895508,,54060913.7055838,-102.239059448242,-113.562881469727,,54060913.7055838,1.37052861922048E-06,3.61269083098678E-07,,54060913.7055838,3.20519992128988,-6.84638241513591,,
54111675.1269035,-100.577194213867,-113.916259765625,,54111675.1269035,-98.9857482910156,-112.717979431152,,54111675.1269035,1.40089439304471E-06,3.77461133480932E-07,,54111675.1269035,2.72923251406331,-7.35022762997966,,
54162436.5482233,-89.3700180053711,-108.051452636719,,54162436.5482233,-90.4365768432617,-110.426422119141,,54162436.5482233,1.75186293290067E-06,3.64732700743709E-07,,54162436.5482233,3.24518557802816,-8.44889096005778,,
54213197.9695431,-45.0390625,-100.485443115234,,54213197.9695431,-44.6720390319824,-96.3954696655273,,54213197.9695431,8.31193493094165E-05,5.27758192721202E-07,,54213197.9695431,39.2741391302743,-5.45444515927653,,
54263959.3908629,-94.1405334472656,-108.467315673828,,54263959.3908629,-92.6486053466797,-107.790596008301,,54263959.3908629,1.67046667420159E-06,3.89135836899026E-07,,54263959.3908629,3.53234835878988,-8.55397061093669,,
54314720.8121827,-99.0304870605469,-112.620697021484,,54314720.8121827,-101.151245117188,-114.089920043945,,54314720.8121827,1.45677548846213E-06,3.44750229482579E-07,,54314720.8121827,4.88070651308675,-7.34134701474528,,
54365482.2335025,-102.898078918457,-112.815101623535,,54365482.2335025,-102.748718261719,-114.037208557129,,54365482.2335025,1.48414114767717E-06,4.15529609680706E-07,,54365482.2335025,4.23822757021566,-7.39769009335856,,
54416243.6548223,-102.345748901367,-116.706192016602,,54416243.6548223,-102.83861541748,-115.398124694824,,54416243.6548223,1.3995869833743E-06,4.27478515882109E-07,,54416243.6548223,2.75910159365316,-7.23603085263591,,
54467005.0761421,-102.823059082031,-115.563026428223,,54467005.0761421,-103.386810302734,-114.759162902832,,54467005.0761421,1.49798983692787E-06,3.26516641505619E-07,,54467005.0761421,2.79362460390706,-10.0760653374992,,
54517766.4974619,-103.875885009766,-113.511306762695,,54517766.4974619,-103.553718566895,-116.992515563965,,54517766.4974619,1.42490678612829E-06,4.16231707736002E-07,,54517766.4974619,3.58862277285238,-6.46462277158122,,
54568527.9187817,-103.788627624512,-114.859619140625,,54568527.9187817,-102.447372436523,-115.546493530273,,54568527.9187817,1.52305234644984E-06,3.95778803713195E-07,,54568527.9187817,5.96326419130941,-8.99896267636638,,
54619289.3401015,-103.515632629395,-116.138320922852,,54619289.3401015,-103.404708862305,-115.627243041992,,54619289.3401015,1.45869740891685E-06,3.09035342398183E-07,,54619289.3401015,3.82974978701253,-7.70080593808513,,
54670050.7614213,-103.72745513916,-117.465347290039,,54670050.7614213,-105.09700012207,-115.155815124512,,54670050.7614213,1.42549765927094E-06,4.08958334484879E-07,,54670050.7614213,4.98471041933675,-9.59053829892497,,
54720812.1827411,-102.979339599609,-113.83048248291,,54720812.1827411,-103.946067810059,-116.212730407715,,54720812.1827411,1.47229574754806E-06,3.34182242875966E-07,,54720812.1827411,2.98890658632894,-7.46661404355388,,
54771573.6040609,-104.058387756348,-116.662803649902,,54771573.6040609,-103.45384979248,-117.055114746094,,54771573.6040609,1.40495846146208E-06,3.75037696206286E-07,,54771573.6040609,4.637115204493,-7.67008999570231,,
54822335.0253807,-104.232574462891,-117.001190185547,,54822335.0253807,-103.369331359863,-114.141624450684,,54822335.0253807,1.45897931576205E-06,3.93712635906977E-07,,54822335.0253807,3.29636355654378,-9.19310787900309,,
54873096.4467005,-103.858757019043,-115.463066101074,,54873096.4467005,-103.869186401367,-115.384155273438,,54873096.4467005,1.47686658481931E-06,4.09894801701353E-07,,54873096.4467005,2.83676882998128,-6.91407803281169,,
54923857.8680203,-104.603080749512,-115.554458618164,,54923857.8680203,-103.413696289063,-113.692115783691,,54923857.8680203,1.4224945124746E-06,3.37371944727663E-07,,54923857.8680203,2.44084140078206,-7.739837920507,,
54974619.2893401,-103.829681396484,-113.78995513916,,54974619.2893401,-105.31095123291,-116.140563964844,,54974619.2893401,1.40475115325786E-06,4.7140645454047E-07,,54974619.2893401,3.8708798529305,-9.69830349667888,,
55025380.7106599,-104.616706848145,-116.795417785645,,55025380.7106599,-103.594383239746,-115.846015930176,,55025380.7106599,1.39373647390118E-06,3.92408967653183E-07,,55025380.7106599,2.53022738711019,-12.2485812066398,,
55076142.1319797,-92.0576629638672,-114.654014587402,,55076142.1319797,-97.0502395629883,-114.196891784668,,55076142.1319797,1.60072067118993E-06,4.33502380984018E-07,,55076142.1319797,3.16859408632894,-9.063812529882,,
55126903.5532995,-104.666213989258,-114.974807739258,,55126903.5532995,-103.524559020996,-117.043769836426,,55126903.5532995,1.40085870903652E-06,3.09170552222558E-07,,55126903.5532995,2.23477908388753,-10.3414233086906,,
55177664.9746193,-102.95938873291,-115.561782836914,,55177664.9746193,-100.569648742676,-114.884620666504,,55177664.9746193,1.54405207407299E-06,4.27491657982481E-07,,55177664.9746193,2.76698275820394,-10.1084063409172,,
55228426.3959391,-102.900863647461,-116.902954101563,,55228426.3959391,-102.746307373047,-117.160629272461,,55228426.3959391,1.37609313639574E-06,3.56977233679405E-07,,55228426.3959391,1.43168612734456,-8.77877072079997,,
55279187.8172589,-104.049407958984,-115.358703613281,,55279187.8172589,-103.712249755859,-114.691467285156,,55279187.8172589,1.54493388413489E-06,3.74151943704961E-07,,55279187.8172589,3.16277285830159,-7.48559597714763,,
55329949.2385787,-104.975036621094,-114.466842651367,,55329949.2385787,-102.975112915039,-117.058639526367,,55329949.2385787,1.70205583282245E-06,3.74885534787878E-07,,55329949.2385787,2.62384768740316,-7.89244106992106,,
55380710.6598985,-102.807708740234,-116.492858886719,,55380710.6598985,-102.586410522461,-117.363510131836,,55380710.6598985,1.34455612450982E-06,4.07003502024842E-07,,55380710.6598985,3.72904177920003,-8.02894619687419,,
55431472.0812183,-104.546493530273,-116.248138427734,,55431472.0812183,-102.995941162109,-115.270629882813,,55431472.0812183,1.36094611029247E-06,3.62404035651436E-07,,55431472.0812183,3.28356906191488,-8.01829556210856,,
55482233.5025381,-100.659652709961,-114.352493286133,,55482233.5025381,-100.543075561523,-114.677230834961,,55482233.5025381,1.42366074722497E-06,3.79327380742586E-07,,55482233.5025381,3.03954287783284,-8.16236904843669,,
55532994.9238579,-104.58748626709,-115.813781738281,,55532994.9238579,-103.966239929199,-114.786804199219,,55532994.9238579,1.56133576811879E-06,3.4892848213358E-07,,55532994.9238579,4.09462710634847,-9.33686856015544,,
55583756.3451777,-105.248191833496,-116.551681518555,,55583756.3451777,-103.918487548828,-115.22191619873,,55583756.3451777,1.22979594056144E-06,4.65220649071422E-07,,55583756.3451777,3.78008242861409,-8.57397488339763,,
55634517.7664975,-103.45076751709,-115.333023071289,,55634517.7664975,-104.530067443848,-113.921127319336,,55634517.7664975,1.28254736157004E-06,3.56622776980813E-07,,55634517.7664975,3.51789828554769,-10.1392367242179,,
55685279.1878173,-104.668090820313,-117.528984069824,,55685279.1878173,-104.16527557373,-115.200561523438,,55685279.1878173,1.48570762125131E-06,3.51131078438186E-07,,55685279.1878173,4.54014560000081,-7.71811703427653,,
55736040.6091371,-103.031608581543,-115.565299987793,,55736040.6091371,-103.499801635742,-114.050659179688,,55736040.6091371,1.49511497927073E-06,4.02665309155467E-07,,55736040.6091371,3.20519229189534,-6.7048037408195,,
55786802.0304568,-103.309524536133,-115.108367919922,,55786802.0304568,-102.96590423584,-114.424415588379,,55786802.0304568,1.3214995921047E-06,4.51954291433362E-07,,55786802.0304568,4.91976138369222,-8.10317257626872,,
55837563.4517766,-104.342155456543,-115.163177490234,,55837563.4517766,-103.647277832031,-117.268325805664,,55837563.4517766,1.56049256948384E-06,3.94169734540349E-07,,55837563.4517766,3.18041964785238,-8.23738888486247,,
55888324.8730964,-104.18970489502,-116.20775604248,,55888324.8730964,-103.453788757324,-114.862655639648,,55888324.8730964,1.37717778019775E-06,3.90420057706247E-07,,55888324.8730964,3.0920712591805,-8.3451846001945,,
55939086.2944162,-104.053573608398,-114.335464477539,,55939086.2944162,-104.653381347656,-115.881408691406,,55939086.2944162,1.25288456248298E-06,3.90156774818989E-07,,55939086.2944162,3.49852725283284,-9.98852566464763,,
55989847.715736,-103.916557312012,-113.479972839355,,55989847.715736,-103.570190429688,-116.239273071289,,55989847.715736,1.31109853391808E-06,4.01595412948867E-07,,55989847.715736,3.91318484560628,-8.39720181210856,,
56040609.1370558,-104.138282775879,-115.142623901367,,56040609.1370558,-103.593566894531,-114.42601776123,,56040609.1370558,1.45544916524625E-06,4.27224014326216E-07,,56040609.1370558,3.61930819765706,-8.94094113095622,,
56091370.5583756,-102.861106872559,-117.360954284668,,56091370.5583756,-103.470695495605,-116.013977050781,,56091370.5583756,1.5226136118545E-06,4.19490597116871E-07,,56091370.5583756,2.91356631533284,-7.75783566220622,,
56142131.9796954,-104.949745178223,-115.924346923828,,56142131.9796954,-104.250228881836,-115.358558654785,,56142131.9796954,1.52853243852731E-06,4.2146653191869E-07,,56142131.9796954,2.16073580996175,-9.58011654599528,,
56192893.4010152,-104.677833557129,-116.160499572754,,56192893.4010152,-103.418876647949,-116.352630615234,,56192893.4010152,1.42715892359381E-06,4.26678735629468E-07,,56192893.4010152,4.22936984316488,-8.60709408505778,,
56243654.822335,-104.838134765625,-113.849479675293,,56243654.822335,-104.583885192871,-115.432167053223,,56243654.822335,1.38926915594225E-06,3.7762429094787E-07,,56243654.822335,2.99164553896566,-9.31586483701091,,
56294416.2436548,-103.605270385742,-114.483024597168,,56294416.2436548,-103.930465698242,-119.214637756348,,56294416.2436548,1.50222606142983E-06,2.730642135183E-07,,56294416.2436548,2.1189267279305,-7.15311459287028,,
56345177.6649746,-103.764465332031,-116.34107208252,,56345177.6649746,-103.383155822754,-116.297378540039,,56345177.6649746,1.40036660854274E-06,3.51709536808643E-07,,56345177.6649746,1.95676394716878,-9.99108914121013,,
56395939.0862944,-102.522415161133,-116.404197692871,,56395939.0862944,-103.206504821777,-114.631446838379,,56395939.0862944,1.26864729605504E-06,4.79631621613892E-07,,56395939.0862944,4.156890595118,-7.223480498632,,
56446700.5076142,-104.30207824707,-115.101676940918,,56446700.5076142,-102.627906799316,-114.719581604004,,56446700.5076142,1.40872617916496E-06,4.22120074577889E-07,,56446700.5076142,3.04879733339925,-7.68592861874919,,
56497461.928934,-103.412315368652,-114.898239135742,,56497461.928934,-104.450744628906,-115.587303161621,,56497461.928934,1.45446894902184E-06,3.8800747236441E-07,,56497461.928934,3.92246218935628,-8.79875210507731,,
56548223.3502538,-104.238800048828,-116.095581054688,,56548223.3502538,-103.292022705078,-115.547554016113,,56548223.3502538,1.45541081321763E-06,3.34983376638356E-07,,56548223.3502538,3.03588839785238,-7.33009365781169,,
56598984.7715736,-98.3020172119141,-115.90340423584,,56598984.7715736,-104.332817077637,-115.043159484863,,56598984.7715736,1.49218796749496E-06,4.59153923017704E-07,,56598984.7715736,5.60921450869222,-6.9008486626945,,
56649746.1928934,-104.662750244141,-116.520004272461,,56649746.1928934,-102.701751708984,-115.762100219727,,56649746.1928934,1.33336444237981E-06,3.92444126475323E-07,,56649746.1928934,5.09172030703206,-9.54405239804606,,
56700507.6142132,-103.668701171875,-115.027648925781,,56700507.6142132,-103.468856811523,-113.880584716797,,56700507.6142132,1.49605951066019E-06,4.2726792191631E-07,,56700507.6142132,4.31535311953206,-8.40168789609294,,
56751269.035533,-102.953216552734,-115.976043701172,,56751269.035533,-104.196685791016,-114.695587158203,,56751269.035533,1.51043726971098E-06,3.29708175808962E-07,,56751269.035533,2.35329409853597,-8.19829586728434,,
56802030.4568528,-103.559501647949,-115.815895080566,,56802030.4568528,-101.981384277344,-117.177436828613,,56802030.4568528,1.47181345726274E-06,3.65776030090931E-07,,56802030.4568528,2.94017001406331,-7.65657833798747,,
56852791.8781726,-103.988128662109,-115.595275878906,,56852791.8781726,-103.792701721191,-116.134063720703,,56852791.8781726,1.5419255934739E-06,3.82931165730595E-07,,56852791.8781726,3.29994937197347,-8.21572140439372,,
56903553.2994924,-103.865608215332,-114.32169342041,,56903553.2994924,-103.715187072754,-114.73804473877,,56903553.2994924,1.63193813512958E-06,3.85902549184681E-07,,56903553.2994924,3.28622409121175,-7.92400387509684,,
56954314.7208122,-103.904693603516,-116.496406555176,,56954314.7208122,-103.406723022461,-116.82740020752,,56954314.7208122,1.4684160496347E-06,3.96835643768618E-07,,56954314.7208122,3.63934298769613,-7.44985989316325,,
57005076.142132,-103.728996276855,-113.719108581543,,57005076.142132,-103.949951171875,-114.287704467773,,57005076.142132,1.68754598797155E-06,3.95079278003046E-07,,57005076.142132,4.24830600039144,-7.95178250058513,,
57055837.5634518,-104.419311523438,-115.476829528809,,57055837.5634518,-104.083465576172,-115.078430175781,,57055837.5634518,1.65713269551547E-06,3.8859650266283E-07,,57055837.5634518,2.96490451113363,-10.7644808648429,,
57106598.9847716,-103.789878845215,-116.775604248047,,57106598.9847716,-104.560272216797,-116.166259765625,,57106598.9847716,1.43317616669758E-06,4.60477863293683E-07,,57106598.9847716,2.97849246279378,-9.90013912900309,,
57157360.4060914,-103.953918457031,-115.93074798584,,57157360.4060914,-104.399368286133,-114.849563598633,,57157360.4060914,1.38337064074217E-06,4.21902485086195E-07,,57157360.4060914,3.19622775332113,-6.90436581357341,,
57208121.8274112,-104.720260620117,-117.03653717041,,57208121.8274112,-104.548034667969,-117.424491882324,,57208121.8274112,1.49799510007351E-06,3.59449686240835E-07,,57208121.8274112,2.75734683291097,-8.05146054013591,,
57258883.248731,-104.801368713379,-116.015312194824,,57258883.248731,-103.04256439209,-113.230659484863,,57258883.248731,1.33625570902095E-06,3.52968821525218E-07,,57258883.248731,2.77759524599691,-9.02822903378825,,
57309644.6700508,-103.652206420898,-115.461463928223,,57309644.6700508,-103.584274291992,-116.916076660156,,57309644.6700508,1.85482158328531E-06,3.82057643398814E-07,,57309644.6700508,2.88094302431722,-8.90637997372966,,
57360406.0913706,-104.013999938965,-115.266212463379,,57360406.0913706,-104.515274047852,-117.146583557129,,57360406.0913706,1.64408276674621E-06,3.49958262921359E-07,,57360406.0913706,2.41065188662191,-10.3483431695304,,
57411167.5126904,-103.516082763672,-118.838226318359,,57411167.5126904,-104.333229064941,-116.310325622559,,57411167.5126904,1.34953976479133E-06,3.27063168026351E-07,,57411167.5126904,3.62643405214925,-7.54039791806559,,
57461928.9340101,-103.466552734375,-115.992538452148,,57461928.9340101,-103.786224365234,-117.699569702148,,57461928.9340101,1.53055037214004E-06,4.44939065844033E-07,,57461928.9340101,1.94798251406331,-8.01466397031169,,
57512690.3553299,-103.98023223877,-115.395195007324,,57512690.3553299,-103.786544799805,-114.867622375488,,57512690.3553299,1.54665961736687E-06,3.42707144443171E-07,,57512690.3553299,3.52491732851644,-8.8351748345695,,
57563451.7766497,-104.593826293945,-115.070823669434,,57563451.7766497,-104.785087585449,-115.933311462402,,57563451.7766497,1.29094837762607E-06,2.80522134066602E-07,,57563451.7766497,2.83550997988363,-9.3241885064445,,
57614213.1979695,-103.446235656738,-113.396171569824,,57614213.1979695,-103.68465423584,-115.868263244629,,57614213.1979695,1.36625089074139E-06,4.10820422481527E-07,,57614213.1979695,4.10050936953206,-9.84909847958903,,
57664974.6192893,-103.534843444824,-115.213050842285,,57664974.6192893,-104.331695556641,-116.029930114746,,57664974.6192893,1.53131955310428E-06,3.28246316450532E-07,,57664974.6192893,3.13257571474691,-11.5131762383781,,
57715736.0406091,-104.554458618164,-114.991134643555,,57715736.0406091,-104.32103729248,-113.45043182373,,57715736.0406091,1.46536753398272E-06,4.25212496672591E-07,,57715736.0406091,2.54738589541097,-8.16531399472575,,
57766497.4619289,-104.812858581543,-116.688201904297,,57766497.4619289,-103.894889831543,-117.12174987793,,57766497.4619289,1.47600547514447E-06,3.31205927258303E-07,,57766497.4619289,2.84363528505941,-7.81640652402263,,
57817258.8832487,-104.390892028809,-114.273101806641,,57817258.8832487,-104.537414550781,-116.269378662109,,57817258.8832487,1.65547126816425E-06,3.58793255218807E-07,,57817258.8832487,3.78429385439534,-10.3154986260734,,
57868020.3045685,-104.685134887695,-117.400360107422,,57868020.3045685,-103.649925231934,-114.754547119141,,57868020.3045685,1.32671470770876E-06,3.84886658121096E-07,,57868020.3045685,3.564605438868,-7.43000820859294,,
57918781.7258883,-104.125595092773,-116.031532287598,,57918781.7258883,-104.372604370117,-116.413803100586,,57918781.7258883,1.66280746776123E-06,3.9655793297798E-07,,57918781.7258883,2.32099887148519,-10.0908816216789,,
57969543.1472081,-102.809539794922,-115.78214263916,,57969543.1472081,-104.487129211426,-115.292182922363,,57969543.1472081,1.38603671983302E-06,3.79140175034804E-07,,57969543.1472081,2.22863742128988,-6.86145046933513,,
58020304.5685279,-102.329788208008,-115.198837280273,,58020304.5685279,-103.616149902344,-115.776596069336,,58020304.5685279,1.34968913226322E-06,3.70176266468179E-07,,58020304.5685279,3.00970431582113,-6.84262875302653,,
58071065.9898477,-103.853652954102,-115.155426025391,,58071065.9898477,-103.750381469727,-116.670623779297,,58071065.9898477,1.71582362208088E-06,3.3511021730099E-07,,58071065.9898477,3.13304873720784,-9.5988467095695,,
58121827.4111675,-103.772720336914,-113.493423461914,,58121827.4111675,-105.562576293945,-119.252334594727,,58121827.4111675,1.66455082240639E-06,3.29380216994013E-07,,58121827.4111675,3.59468814150472,-7.05619076474528,,
58172588.8324873,-103.451171875,-116.908157348633,,58172588.8324873,-104.687049865723,-115.438690185547,,58172588.8324873,1.3980130712431E-06,3.78835580465199E-07,,58172588.8324873,3.24386569277425,-8.14039639218669,,
58223350.2538071,-103.932144165039,-116.210159301758,,58223350.2538071,-102.104866027832,-117.799942016602,,58223350.2538071,1.20954422272245E-06,3.609246306573E-07,,58223350.2538071,3.43888064638753,-8.761810576757,,
58274111.6751269,-103.816429138184,-116.763259887695,,58274111.6751269,-103.736999511719,-114.158531188965,,58274111.6751269,1.39641762410481E-06,3.60662546922595E-07,,58274111.6751269,2.79013797060628,-10.1628878472648,,
58324873.0964467,-103.779884338379,-120.291969299316,,58324873.0964467,-102.406753540039,-114.455497741699,,58324873.0964467,1.60689089783861E-06,3.58909565146659E-07,,58324873.0964467,3.20541354433675,-8.94924954160075,,
58375634.5177665,-103.260467529297,-113.268356323242,,58375634.5177665,-104.876586914063,-116.378936767578,,58375634.5177665,1.36648972534949E-06,4.47874774497996E-07,,58375634.5177665,2.42565127627034,-11.834450042089,,
58426395.9390863,-103.601402282715,-114.506576538086,,58426395.9390863,-103.93342590332,-114.257247924805,,58426395.9390863,1.30654257805764E-06,3.3552079194164E-07,,58426395.9390863,3.46535464541097,-7.80986813290934,,
58477157.3604061,-103.953231811523,-113.199089050293,,58477157.3604061,-104.73811340332,-115.267730712891,,58477157.3604061,1.2470983729538E-06,3.97639555640641E-07,,58477157.3604061,2.60078402773519,-9.75373867734294,,
58527918.7817259,-104.095802307129,-117.243598937988,,58527918.7817259,-103.628021240234,-116.150741577148,,58527918.7817259,1.43318875529228E-06,4.18997510511241E-07,,58527918.7817259,2.76484652773519,-8.32774380429606,,
58578680.2030457,-103.595153808594,-117.831802368164,,58578680.2030457,-103.911949157715,-119.639335632324,,58578680.2030457,1.26887464123073E-06,3.49897404673558E-07,,58578680.2030457,3.78793307558675,-10.0051730035148,,
58629441.6243655,-103.612777709961,-116.91771697998,,58629441.6243655,-104.47533416748,-113.864524841309,,58629441.6243655,1.66542976788234E-06,4.12754430338974E-07,,58629441.6243655,3.14921542421956,-8.64595059140544,,
58680203.0456853,-104.118148803711,-113.200370788574,,58680203.0456853,-104.608955383301,-119.168907165527,,58680203.0456853,1.46309879517464E-06,3.60059559167804E-07,,58680203.0456853,2.07312747255941,-9.49827603085856,,
58730964.4670051,-103.978881835938,-117.039375305176,,58730964.4670051,-103.505859375,-116.188774108887,,58730964.4670051,1.44590016479515E-06,2.77054213798881E-07,,58730964.4670051,3.84160586611409,-9.05598477109294,,
58781725.8883249,-103.490509033203,-113.665802001953,,58781725.8883249,-105.085243225098,-115.03002166748,,58781725.8883249,1.33751335702046E-06,3.99291196859103E-07,,58781725.8883249,3.20553561464925,-8.58830288632731,,
58832487.3096447,-103.480880737305,-115.995178222656,,58832487.3096447,-104.014213562012,-116.945747375488,,58832487.3096447,1.35634798278437E-06,3.53808155200738E-07,,58832487.3096447,2.50458499209066,-15.1826556084953,,
58883248.7309645,-95.1322402954102,-113.184265136719,,58883248.7309645,-99.5098190307617,-115.579429626465,,58883248.7309645,1.3006445235882E-06,3.60006430692713E-07,,58883248.7309645,2.65442630068441,-11.8972933648429,,
58934010.1522843,-103.162033081055,-115.770660400391,,58934010.1522843,-104.317764282227,-116.141090393066,,58934010.1522843,1.42928907119827E-06,4.17631761163281E-07,,58934010.1522843,2.74170657412191,-7.99662808163981,,
58984771.5736041,-103.713706970215,-116.761192321777,,58984771.5736041,-103.671485900879,-116.03825378418,,58984771.5736041,1.30800087280238E-06,3.71904561272515E-07,,58984771.5736041,3.14999362246175,-8.97171047910075,,
59035532.9949239,-103.938766479492,-114.86141204834,,59035532.9949239,-104.257591247559,-114.081100463867,,59035532.9949239,1.23268024186851E-06,2.25817431383886E-07,,59035532.9949239,3.16477938906331,-9.11977413876872,,
59086294.4162437,-104.166717529297,-115.535057067871,,59086294.4162437,-103.209693908691,-114.42015838623,,59086294.4162437,1.28206979472778E-06,3.58959694055448E-07,,59086294.4162437,2.91645022646566,-10.8527529595695,,
59137055.8375634,-104.142471313477,-114.490852355957,,59137055.8375634,-102.805068969727,-116.209777832031,,59137055.8375634,1.44969617942385E-06,2.99825665614166E-07,,59137055.8375634,4.34357424990316,-7.57204464658122,,
59187817.2588832,-103.732521057129,-117.02197265625,,59187817.2588832,-104.283447265625,-117.110221862793,,59187817.2588832,1.47547660861713E-06,3.07763526291674E-07,,59187817.2588832,1.86904116884847,-11.2488024590812,,
59238578.680203,-102.762435913086,-115.484939575195,,59238578.680203,-103.801856994629,-114.346351623535,,59238578.680203,1.46200812060834E-06,2.95084416828016E-07,,59238578.680203,3.3486630560555,-9.71854428037028,,
59289340.1015228,-104.128112792969,-114.461578369141,,59289340.1015228,-103.877685546875,-115.784606933594,,59289340.1015228,1.50939482964027E-06,3.49468316579133E-07,,59289340.1015228,3.89791842714925,-8.67957333310466,,
59340101.5228426,-102.972229003906,-115.412322998047,,59340101.5228426,-104.163696289063,-116.704635620117,,59340101.5228426,1.42265820266302E-06,3.69573278906461E-07,,59340101.5228426,3.29912539736409,-7.72001675351481,,
59390862.9441624,-102.801406860352,-116.724502563477,,59390862.9441624,-103.378463745117,-119.635330200195,,59390862.9441624,1.42186117144055E-06,3.23613145748454E-07,,59390862.9441624,2.01368685976644,-10.9308016656242,,
59441624.3654822,-103.68017578125,-116.659805297852,,59441624.3654822,-102.8583984375,-114.985977172852,,59441624.3654822,1.19729951373905E-06,3.9363587046546E-07,,59441624.3654822,1.95112582461019,-9.56166104062419,,
59492385.786802,-104.001770019531,-115.692672729492,,59492385.786802,-104.805526733398,-114.723220825195,,59492385.786802,1.23649305801741E-06,4.105087655793E-07,,59492385.786802,2.66338320986409,-9.96293667538981,,
59543147.2081218,-103.502426147461,-114.959945678711,,59543147.2081218,-103.400505065918,-115.669845581055,,59543147.2081218,1.35788214378454E-06,4.20178719360336E-07,,59543147.2081218,2.19682284609456,-8.64583615048747,,
59593908.6294416,-103.600120544434,-115.798240661621,,59593908.6294416,-103.26815032959,-115.566757202148,,59593908.6294416,1.294509271075E-06,3.10404283238704E-07,,59593908.6294416,3.33607455507894,-10.5726092217765,,
59644670.0507614,-104.476951599121,-114.781379699707,,59644670.0507614,-105.119789123535,-115.062362670898,,59644670.0507614,1.13727892347056E-06,3.67008303007896E-07,,59644670.0507614,3.67517062441488,-8.02295712216716,,
59695431.4720812,-104.690116882324,-115.209403991699,,59695431.4720812,-103.930946350098,-115.2919921875,,59695431.4720812,1.41931192562633E-06,3.26520943553182E-07,,59695431.4720812,2.35296603457113,-7.35500363095622,,
59746192.893401,-104.321319580078,-114.632034301758,,59746192.893401,-103.868675231934,-115.659576416016,,59746192.893401,1.42273568092218E-06,3.43889790508596E-07,,59746192.893401,4.05171939150472,-9.6357119439445,,
59796954.3147208,-103.996147155762,-115.823013305664,,59796954.3147208,-104.131309509277,-116.140426635742,,59796954.3147208,1.35837601890869E-06,3.508289551477E-07,,59796954.3147208,2.17664309755941,-10.2569582818351,,
59847715.7360406,-103.633460998535,-118.050025939941,,59847715.7360406,-104.070625305176,-118.088104248047,,59847715.7360406,1.29029880161453E-06,3.48333485589187E-07,,59847715.7360406,2.28382846132894,-8.00238827451091,,
59898477.1573604,-104.869514465332,-115.156051635742,,59898477.1573604,-104.926345825195,-115.847213745117,,59898477.1573604,1.28677661617587E-06,3.65947958180715E-07,,59898477.1573604,3.04998751894613,-7.53021267636638,,
59949238.5786802,-105.019401550293,-116.008224487305,,59949238.5786802,-103.543525695801,-114.628196716309,,59949238.5786802,1.29392836707074E-06,3.95228526680828E-07,,59949238.5786802,3.55148288027425,-7.99757412656169,,
60000000,-105.019401550293,-116.008224487305,,60000000,-103.543525695801,-114.628196716309,,60000000,1.29392836707074E-06,3.95228526680828E-07,,60000000,3.55148288027425,-7.99757412656169,,
